# Transformed from MOVE4D into Theia3D coordinates (Z-up, metres)
# by transform_obj_to_theia.py. p_theia = T @ [p_m4d, 1]
# T rows: 0.999168503 0.000000000 -0.040771355 -0.386515710 | -0.040771355 0.000000000 -0.999168503 0.227162467 | 0.000000000 1.000000000 0.000000000 0.029751811 | 0.000000000 0.000000000 0.000000000 1.000000000
# Created by Open3D 
# object name: both_feet
# number of vertices: 5104
# number of triangles: 9533
v -0.027905 0.332081 0.106543
vn 0.514059 0.808162 0.287432
v -0.028584 0.334434 0.101693
vn 0.502697 0.807831 0.307742
v -0.033698 0.335794 0.106041
vn 0.436734 0.850286 0.293730
v -0.033686 0.337779 0.100396
vn 0.412379 0.861758 0.295494
v -0.038981 0.339172 0.102858
vn 0.297182 0.911077 0.285694
v -0.028939 0.336479 0.096825
vn 0.483373 0.828186 0.283652
v -0.033994 0.339511 0.095612
vn 0.387764 0.882780 0.265214
v -0.038836 0.340512 0.098230
vn 0.265805 0.927705 0.262127
v -0.031435 0.333141 0.109987
vn 0.485800 0.827997 0.280033
v -0.027044 0.330085 0.111025
vn 0.516031 0.818174 0.253582
v -0.039644 0.338049 0.107041
vn 0.292501 0.909143 0.296482
v -0.037180 0.335683 0.111567
vn 0.360495 0.882350 0.302493
v -0.023032 0.328733 0.107067
vn 0.576728 0.779495 0.244485
v -0.022194 0.326878 0.111735
vn 0.597322 0.776036 0.202423
v -0.018173 0.324650 0.107068
vn 0.661548 0.722162 0.202082
v -0.017301 0.322743 0.111745
vn 0.672949 0.721831 0.161553
v -0.023613 0.330731 0.102529
vn 0.576827 0.766045 0.283628
v -0.023926 0.332863 0.097653
vn 0.576992 0.763545 0.289964
v -0.018772 0.326695 0.102548
vn 0.655491 0.714929 0.243326
v -0.019268 0.328738 0.098023
vn 0.657815 0.708269 0.256193
v -0.029999 0.340072 0.087014
vn 0.451596 0.855098 0.254691
v -0.033936 0.341581 0.088152
vn 0.351649 0.904150 0.242603
v -0.030055 0.338665 0.091605
vn 0.458784 0.851639 0.253433
v -0.034997 0.340987 0.091750
vn 0.353905 0.901481 0.249165
v -0.038562 0.342794 0.089247
vn 0.221167 0.949493 0.222593
v -0.038894 0.341721 0.093749
vn 0.229521 0.941632 0.246270
v -0.025416 0.337315 0.087042
vn 0.554920 0.800924 0.224908
v -0.024327 0.335025 0.092700
vn 0.562784 0.789370 0.245292
v -0.020118 0.332869 0.087848
vn 0.656193 0.729032 0.194737
v -0.019512 0.330727 0.093320
vn 0.664914 0.709163 0.234471
v -0.028627 0.340429 0.083205
vn 0.475075 0.858388 0.193584
v -0.025084 0.338355 0.082199
vn 0.579061 0.799801 0.158134
v -0.027607 0.340607 0.078696
vn 0.509018 0.854515 0.103461
v -0.021484 0.335437 0.082480
vn 0.643154 0.749196 0.158295
v -0.023664 0.337795 0.078124
vn 0.609317 0.787422 0.093269
v -0.032983 0.342298 0.083985
vn 0.339290 0.921349 0.189735
v -0.037737 0.343541 0.084695
vn 0.225072 0.959165 0.171302
v -0.031969 0.342687 0.079452
vn 0.358252 0.925503 0.122878
v -0.036872 0.344014 0.079990
vn 0.219126 0.967903 0.123073
v -0.049561 0.343514 0.091427
vn 0.005462 0.978366 0.206809
v -0.050251 0.342503 0.096219
vn -0.013898 0.973330 0.228990
v -0.044198 0.342240 0.095323
vn 0.120743 0.966630 0.225935
v -0.043696 0.343313 0.090501
vn 0.109120 0.968843 0.222344
v -0.050777 0.341292 0.100907
vn -0.046793 0.961932 0.269254
v -0.044542 0.341236 0.100010
vn 0.127358 0.959997 0.249369
v -0.048606 0.344501 0.086545
vn 0.008701 0.982123 0.188041
v -0.042962 0.344316 0.085631
vn 0.119664 0.976374 0.179927
v -0.047663 0.345402 0.081367
vn 0.028721 0.991868 0.123990
v -0.042157 0.344858 0.080889
vn 0.138332 0.984094 0.111459
v -0.054682 0.344183 0.086723
vn -0.131116 0.976943 0.168499
v -0.055860 0.343083 0.091677
vn -0.155666 0.966088 0.206014
v -0.061088 0.342830 0.086543
vn -0.347788 0.926595 0.143060
v -0.053573 0.345120 0.081699
vn -0.108643 0.984497 0.137702
v -0.059753 0.343858 0.081563
vn -0.304242 0.945415 0.116735
v -0.056663 0.341749 0.096561
vn -0.193351 0.947554 0.254475
v -0.062218 0.341429 0.091756
vn -0.395801 0.896250 0.200192
v -0.062983 0.339775 0.096741
vn -0.452437 0.844017 0.287986
v -0.057191 0.340213 0.101337
vn -0.250989 0.921804 0.295436
v -0.051077 0.338239 0.110095
vn -0.112257 0.920592 0.374044
v -0.044484 0.338512 0.109092
vn 0.116989 0.937471 0.327813
v -0.051087 0.339889 0.105574
vn -0.062191 0.948848 0.309548
v -0.044836 0.340028 0.104538
vn 0.118527 0.950923 0.285827
v -0.057682 0.338725 0.105988
vn -0.313103 0.882824 0.350127
v -0.057453 0.336622 0.110353
vn -0.383874 0.828470 0.407772
v -0.063325 0.335362 0.105864
vn -0.559141 0.744481 0.364842
v -0.063356 0.337466 0.101287
vn -0.517191 0.783986 0.343335
v -0.063311 0.333286 0.110298
vn -0.597888 0.718789 0.354785
v -0.026080 0.340410 0.068009
vn 0.529501 0.848023 0.022024
v -0.025421 0.339938 0.062180
vn 0.526590 0.848930 -0.044943
v -0.029756 0.342326 0.062781
vn 0.421376 0.905496 -0.050201
v -0.030393 0.342801 0.068661
vn 0.412207 0.911051 0.008446
v -0.034379 0.344086 0.063303
vn 0.284046 0.957428 -0.051477
v -0.025002 0.339179 0.056500
vn 0.552463 0.827879 -0.096958
v -0.029278 0.341558 0.057044
vn 0.427076 0.900237 -0.084736
v -0.033761 0.343485 0.057566
vn 0.307349 0.947348 -0.089829
v -0.026821 0.340574 0.073686
vn 0.533320 0.843509 0.063730
v -0.031218 0.342868 0.074348
vn 0.390896 0.918010 0.066771
v -0.035162 0.344521 0.069225
vn 0.264638 0.964296 0.010003
v -0.036054 0.344431 0.074895
vn 0.234531 0.968797 0.080177
v -0.022654 0.337566 0.073077
vn 0.603772 0.792879 0.082478
v -0.021770 0.337500 0.067434
vn 0.609903 0.792020 0.026890
v -0.018589 0.334415 0.072186
vn 0.663400 0.744571 0.074258
v -0.019583 0.334510 0.077537
vn 0.650517 0.751066 0.112814
v -0.021231 0.336934 0.061731
vn 0.634247 0.771001 -0.057347
v -0.017755 0.333954 0.066942
vn 0.702794 0.711393 -0.000891
v -0.017516 0.333407 0.061307
vn 0.723295 0.685995 -0.079087
v -0.021124 0.336088 0.056062
vn 0.659580 0.740609 -0.128267
v -0.024535 0.336777 0.045983
vn 0.609102 0.766689 -0.202936
v -0.028421 0.339524 0.046351
vn 0.504841 0.839113 -0.202544
v -0.024879 0.338188 0.051003
vn 0.590048 0.791515 -0.159207
v -0.028796 0.340868 0.051443
vn 0.456883 0.880545 -0.126090
v -0.032552 0.341802 0.047022
vn 0.361157 0.918052 -0.163546
v -0.033208 0.342645 0.052390
vn 0.321102 0.940995 -0.106871
v -0.021272 0.335049 0.050643
vn 0.675600 0.718072 -0.167146
v -0.020995 0.333527 0.045786
vn 0.689042 0.695776 -0.202771
v -0.017939 0.331570 0.050351
vn 0.742132 0.648987 -0.167502
v -0.017658 0.332509 0.055720
vn 0.736885 0.660496 -0.144034
v -0.023755 0.334730 0.041471
vn 0.628264 0.732930 -0.260955
v -0.020314 0.331435 0.041417
vn 0.703426 0.665272 -0.250209
v -0.023081 0.332398 0.037192
vn 0.622550 0.675676 -0.394833
v -0.017777 0.329973 0.045655
vn 0.745077 0.635892 -0.201252
v -0.017316 0.327982 0.041647
vn 0.751805 0.610514 -0.249120
v -0.019786 0.329035 0.037226
vn 0.695917 0.609400 -0.379910
v -0.027460 0.337656 0.041709
vn 0.537167 0.802087 -0.260976
v -0.032157 0.340358 0.041609
vn 0.417474 0.872740 -0.253061
v -0.026533 0.335351 0.037555
vn 0.547895 0.738861 -0.392295
v -0.030095 0.337862 0.037723
vn 0.481064 0.792039 -0.375834
v -0.042133 0.344230 0.048662
vn 0.106011 0.986557 -0.124367
v -0.043107 0.344839 0.054060
vn 0.071352 0.993929 -0.083755
v -0.037953 0.344087 0.053037
vn 0.197270 0.974904 -0.103185
v -0.037241 0.343313 0.047896
vn 0.224505 0.965352 -0.133017
v -0.044074 0.345288 0.059166
vn 0.043709 0.996222 -0.075045
v -0.038656 0.344692 0.058382
vn 0.164908 0.983095 -0.079557
v -0.041210 0.343335 0.043782
vn 0.127661 0.973024 -0.192163
v -0.036601 0.342368 0.042935
vn 0.254482 0.943102 -0.214003
v -0.040428 0.342156 0.039451
vn 0.142594 0.941397 -0.305677
v -0.036257 0.340989 0.038572
vn 0.269890 0.904704 -0.329651
v -0.046149 0.343920 0.044643
vn 0.035115 0.983855 -0.175486
v -0.047451 0.344637 0.049757
vn -0.010919 0.995295 -0.096272
v -0.051568 0.344025 0.045644
vn -0.078547 0.988067 -0.132492
v -0.044913 0.342827 0.040179
vn 0.061799 0.958263 -0.279129
v -0.049745 0.343130 0.040905
vn -0.026178 0.966814 -0.254136
v -0.048709 0.344989 0.055077
vn -0.050892 0.995868 -0.075215
v -0.053312 0.344258 0.051154
vn -0.135681 0.988502 -0.066738
v -0.054747 0.344405 0.056627
vn -0.177944 0.981253 -0.074021
v -0.049926 0.345365 0.060634
vn -0.070490 0.994408 -0.078637
v -0.045977 0.345900 0.070441
vn 0.036489 0.999319 0.005551
v -0.040318 0.345508 0.069585
vn 0.126210 0.991875 0.016002
v -0.045003 0.345720 0.064802
vn 0.031879 0.998265 -0.049495
v -0.039406 0.345237 0.063766
vn 0.144343 0.988186 -0.051521
v -0.050872 0.345729 0.066207
vn -0.078637 0.995287 -0.056738
v -0.051845 0.345868 0.071713
vn -0.073988 0.997226 -0.008116
v -0.056990 0.344938 0.068076
vn -0.224803 0.972408 -0.062346
v -0.055978 0.344676 0.062336
vn -0.204982 0.975119 -0.084411
v -0.046936 0.345776 0.076217
vn 0.045975 0.997351 0.056368
v -0.052641 0.345666 0.076836
vn -0.075978 0.995351 0.059199
v -0.057653 0.345074 0.073231
vn -0.237683 0.971326 -0.005771
v -0.057529 0.344908 0.077712
vn -0.230894 0.969842 0.078070
v -0.041366 0.345277 0.075357
vn 0.127920 0.988959 0.074811
v -0.071842 0.323415 0.109648
vn -0.812903 0.498645 0.300902
v -0.072277 0.325461 0.105054
vn -0.793531 0.504132 0.340822
v -0.075683 0.319743 0.104641
vn -0.844121 0.437614 0.309765
v -0.075257 0.317657 0.109186
vn -0.862671 0.437918 0.253035
v -0.078703 0.313770 0.104316
vn -0.878676 0.391471 0.273275
v -0.072861 0.327932 0.100584
vn -0.772396 0.518225 0.367217
v -0.076420 0.321973 0.100163
vn -0.827225 0.421998 0.370968
v -0.079375 0.315743 0.099694
vn -0.869791 0.355765 0.341898
v -0.075169 0.316067 0.113881
vn -0.884707 0.436214 0.164351
v -0.078213 0.311789 0.108851
vn -0.889236 0.399797 0.222308
v -0.078141 0.310179 0.113424
vn -0.908438 0.389575 0.151562
v -0.067923 0.328723 0.109981
vn -0.740222 0.584959 0.331503
v -0.068286 0.330812 0.105483
vn -0.706509 0.613628 0.352570
v -0.068559 0.333069 0.101015
vn -0.675044 0.645941 0.356476
v -0.073241 0.332897 0.090825
vn -0.737401 0.636214 0.226876
v -0.077494 0.327122 0.090375
vn -0.819040 0.521628 0.238910
v -0.073282 0.330429 0.095931
vn -0.757791 0.569403 0.318644
v -0.077226 0.324547 0.095491
vn -0.818882 0.464786 0.336758
v -0.081279 0.320796 0.090022
vn -0.873391 0.419389 0.247589
v -0.080480 0.318238 0.095185
vn -0.865021 0.355556 0.354005
v -0.068571 0.335533 0.096396
vn -0.650495 0.695485 0.305216
v -0.067962 0.337764 0.091390
vn -0.612843 0.763069 0.205304
v -0.072449 0.335168 0.085431
vn -0.698208 0.699989 0.150067
v -0.067008 0.339619 0.086096
vn -0.567730 0.811599 0.137802
v -0.071485 0.336912 0.079776
vn -0.660007 0.747550 0.074569
v -0.065909 0.341093 0.080694
vn -0.519981 0.849548 0.088814
v -0.077188 0.329643 0.084814
vn -0.806691 0.566390 0.168677
v -0.081119 0.323329 0.084276
vn -0.871363 0.464411 0.158268
v -0.076622 0.331871 0.079090
vn -0.774834 0.627594 0.075886
v -0.080737 0.325775 0.078393
vn -0.867023 0.493103 0.071555
v -0.085776 0.307015 0.089170
vn -0.949079 0.214852 0.230408
v -0.084853 0.304900 0.094276
vn -0.936475 0.233411 0.261791
v -0.082879 0.311650 0.094713
vn -0.906128 0.274344 0.321973
v -0.083903 0.314223 0.089608
vn -0.924497 0.284382 0.253834
v -0.084047 0.303022 0.099134
vn -0.936306 0.261426 0.234494
v -0.081943 0.309352 0.099304
vn -0.906283 0.316210 0.280466
v -0.086346 0.309388 0.083699
vn -0.965670 0.224668 0.130406
v -0.084315 0.316559 0.084048
vn -0.931111 0.335480 0.143128
v -0.086302 0.311800 0.077709
vn -0.970196 0.241721 0.017040
v -0.084079 0.319007 0.077950
vn -0.928996 0.367428 0.044314
v -0.087882 0.302068 0.083319
vn -0.984035 0.146364 0.101255
v -0.087283 0.299891 0.088837
vn -0.970621 0.151328 0.187068
v -0.088580 0.294659 0.083106
vn -0.998465 0.031405 0.045618
v -0.087769 0.304359 0.077348
vn -0.988114 0.153529 -0.007753
v -0.088531 0.297025 0.077251
vn -0.998136 0.018146 -0.058269
v -0.086383 0.298225 0.094014
vn -0.962920 0.170174 0.209344
v -0.088117 0.292864 0.088759
vn -0.990113 0.056566 0.128358
v -0.087302 0.291476 0.093861
vn -0.984713 0.105981 0.138231
v -0.085706 0.296621 0.098899
vn -0.961807 0.204816 0.181600
v -0.083015 0.299896 0.108255
vn -0.940472 0.310324 0.138604
v -0.080779 0.305934 0.108522
vn -0.918751 0.346573 0.189168
v -0.083322 0.301537 0.103741
vn -0.937051 0.282692 0.204988
v -0.081344 0.307683 0.103988
vn -0.910542 0.334562 0.242862
v -0.085189 0.295214 0.103558
vn -0.959676 0.237095 0.151025
v -0.084950 0.293888 0.108015
vn -0.961683 0.261508 0.082333
v -0.086500 0.288930 0.103403
vn -0.979932 0.176783 0.092091
v -0.086906 0.290170 0.098733
vn -0.981213 0.150622 0.120555
v -0.083100 0.298474 0.112675
vn -0.949758 0.302817 0.079130
v -0.085158 0.292580 0.112550
vn -0.967107 0.252753 0.028634
v -0.086565 0.287714 0.107993
vn -0.976742 0.214363 0.004817
v -0.086917 0.286558 0.112678
vn -0.976889 0.212715 -0.020977
v -0.080777 0.304352 0.112975
vn -0.932594 0.340018 0.121065
v -0.067065 0.340656 0.066903
vn -0.543091 0.837931 -0.054076
v -0.066783 0.340281 0.061222
vn -0.534579 0.840120 -0.091784
v -0.072573 0.336278 0.065083
vn -0.700944 0.710748 -0.059285
v -0.070868 0.336813 0.058369
vn -0.650161 0.754174 -0.092262
v -0.075460 0.331870 0.056926
vn -0.774901 0.630701 -0.041765
v -0.065571 0.340372 0.055147
vn -0.508485 0.857773 -0.075285
v -0.070200 0.336846 0.052133
vn -0.633889 0.773065 -0.023558
v -0.069051 0.339466 0.073025
vn -0.605919 0.795346 0.016915
v -0.075151 0.333732 0.072685
vn -0.741971 0.670395 -0.007097
v -0.077665 0.329788 0.065039
vn -0.817011 0.572737 -0.066825
v -0.079528 0.327970 0.071974
vn -0.843308 0.536459 -0.032293
v -0.062850 0.343155 0.070393
vn -0.418259 0.907839 -0.029788
v -0.062802 0.343209 0.075924
vn -0.429048 0.902287 0.042382
v -0.061985 0.343143 0.064418
vn -0.374563 0.923699 -0.080510
v -0.060811 0.343003 0.058573
vn -0.353676 0.931676 -0.083018
v -0.061627 0.341715 0.042917
vn -0.349172 0.930947 -0.106846
v -0.066064 0.339333 0.038825
vn -0.440296 0.891626 -0.105555
v -0.068608 0.338252 0.045166
vn -0.561365 0.827568 -0.001031
v -0.063942 0.340862 0.048935
vn -0.457256 0.888704 -0.033482
v -0.066064 0.339333 0.038825
vn -0.407144 0.783880 -0.468793
v -0.068370 0.335446 0.034755
vn -0.481708 0.612642 -0.626599
v -0.072810 0.335127 0.040400
vn -0.629224 0.651782 -0.423387
v -0.072810 0.335127 0.040400
vn -0.652106 0.757782 0.022878
v -0.074535 0.332801 0.047959
vn -0.725542 0.687327 0.034219
v -0.057555 0.343315 0.047076
vn -0.248390 0.965429 -0.079048
v -0.059310 0.343131 0.052666
vn -0.318756 0.945863 -0.061139
v -0.055423 0.342970 0.041831
vn -0.148358 0.965936 -0.212031
v -0.059013 0.341231 0.037924
vn -0.218084 0.943185 -0.250682
v -0.052988 0.341851 0.037464
vn -0.079160 0.948917 -0.305434
v -0.061492 0.338001 0.033790
vn -0.286410 0.714200 -0.638661
v -0.059013 0.341231 0.037924
vn -0.223285 0.847751 -0.481105
v -0.055514 0.339738 0.033960
vn -0.152731 0.821025 -0.550083
v -0.056644 0.337062 0.031149
vn -0.202372 0.481491 -0.852767
v -0.059029 0.334409 0.031147
vn -0.142631 0.192519 -0.970872
v -0.076234 0.324254 0.034802
vn -0.647737 0.217137 -0.730266
v -0.080983 0.322598 0.041321
vn -0.812674 0.223370 -0.538207
v -0.078292 0.329255 0.041156
vn -0.764441 0.420359 -0.488803
v -0.073645 0.330529 0.035233
vn -0.600306 0.418686 -0.681421
v -0.080983 0.322598 0.041321
vn -0.941074 0.337315 -0.024464
v -0.082153 0.320194 0.049520
vn -0.946600 0.320694 -0.033211
v -0.079222 0.326730 0.049788
vn -0.862599 0.505569 0.017977
v -0.078292 0.329255 0.041156
vn -0.821406 0.567932 0.052392
v -0.069522 0.324759 0.031719
vn -0.277718 0.100841 -0.955355
v -0.067161 0.330276 0.031702
vn -0.294253 0.190988 -0.936450
v -0.062674 0.325294 0.031152
vn -0.080227 0.014543 -0.996671
v -0.063659 0.333943 0.031526
vn -0.243155 0.356057 -0.902274
v -0.060934 0.330151 0.031105
vn -0.082900 0.030521 -0.996090
v -0.071101 0.318555 0.031840
vn -0.272005 0.028691 -0.961868
v -0.077886 0.317330 0.035036
vn -0.657764 0.089662 -0.747868
v -0.072042 0.311899 0.032093
vn -0.283639 -0.014536 -0.958821
v -0.064003 0.319786 0.031235
vn -0.078206 -0.001990 -0.996935
v -0.064826 0.313754 0.031342
vn -0.083152 -0.017007 -0.996392
v -0.082664 0.315351 0.041390
vn -0.978549 0.178971 -0.102037
v -0.078673 0.310082 0.035481
vn -0.667025 -0.009499 -0.744975
v -0.082664 0.315351 0.041390
vn -0.817965 0.078246 -0.569922
v -0.083242 0.307861 0.042213
vn -0.988109 0.037542 -0.149099
v -0.083999 0.313260 0.049820
vn -0.984733 0.154851 -0.079517
v -0.084156 0.316156 0.064380
vn -0.953369 0.285621 -0.097512
v -0.081537 0.323289 0.064519
vn -0.900188 0.428338 -0.078665
v -0.082865 0.318123 0.057204
vn -0.951785 0.303012 -0.047840
v -0.080191 0.324796 0.057371
vn -0.881381 0.471305 -0.032226
v -0.084612 0.310938 0.057417
vn -0.983979 0.155808 -0.086662
v -0.085948 0.308775 0.064333
vn -0.981179 0.146453 -0.125855
v -0.085252 0.303450 0.057566
vn -0.991979 0.003420 -0.126353
v -0.084528 0.305758 0.050159
vn -0.993091 0.017998 -0.115957
v -0.085418 0.314090 0.071213
vn -0.962364 0.263302 -0.067281
v -0.086999 0.306626 0.071037
vn -0.983164 0.153119 -0.099710
v -0.086380 0.301393 0.064494
vn -0.983215 0.001765 -0.182443
v -0.087869 0.299443 0.070882
vn -0.986978 0.017687 -0.159879
v -0.083049 0.321242 0.071476
vn -0.918416 0.392811 -0.047029
v -0.011211 0.322767 0.088506
vn 0.785947 0.597439 0.159231
v -0.010726 0.320862 0.093602
vn 0.771863 0.615148 0.160687
v -0.007184 0.317158 0.088790
vn 0.823294 0.557286 0.107793
v -0.006575 0.315310 0.094008
vn 0.811909 0.571931 0.117045
v -0.003458 0.311216 0.089157
vn 0.858755 0.508501 0.062980
v -0.010238 0.318945 0.098454
vn 0.757988 0.627307 0.178716
v -0.006082 0.313507 0.098922
vn 0.801134 0.581665 0.140888
v -0.002862 0.309549 0.094511
vn 0.850619 0.519759 0.079358
v -0.007766 0.319196 0.083006
vn 0.840026 0.533326 0.099597
v -0.011854 0.325382 0.082575
vn 0.788275 0.598120 0.144482
v -0.008797 0.322062 0.076242
vn 0.849554 0.522635 0.071487
v -0.003954 0.312796 0.083615
vn 0.869609 0.491062 0.051363
v -0.004829 0.314840 0.077276
vn 0.885052 0.465343 0.011782
v -0.015506 0.328212 0.087965
vn 0.728072 0.659994 0.185253
v -0.016586 0.330941 0.081794
vn 0.708201 0.688263 0.157306
v -0.012872 0.327933 0.076797
vn 0.780802 0.616831 0.099332
v -0.016118 0.331613 0.076246
vn 0.702570 0.703237 0.108871
v -0.015012 0.326054 0.093345
vn 0.728479 0.653760 0.204736
v -0.014653 0.324073 0.098162
vn 0.715945 0.663693 0.216643
v -0.009215 0.315112 0.107699
vn 0.752756 0.645873 0.127303
v -0.005050 0.309892 0.108218
vn 0.796133 0.598876 0.086714
v -0.005654 0.311692 0.103631
vn 0.794505 0.590329 0.142384
v -0.009769 0.316984 0.103172
vn 0.751217 0.635213 0.179380
v -0.001221 0.304330 0.108763
vn 0.841470 0.538741 0.041064
v -0.001874 0.306105 0.104207
vn 0.841909 0.530112 0.100848
v -0.002338 0.307846 0.099497
vn 0.844580 0.525236 0.103977
v -0.013603 0.320011 0.107474
vn 0.712097 0.682262 0.165641
v -0.014217 0.322032 0.102805
vn 0.710695 0.670923 0.211600
v -0.012680 0.318235 0.111982
vn 0.718925 0.685442 0.115394
v -0.008248 0.313411 0.112352
vn 0.760081 0.645521 0.074696
v -0.004050 0.308231 0.112801
vn 0.805003 0.592246 0.034855
v -0.000283 0.302856 0.113450
vn 0.844483 0.535476 -0.010641
v 0.004814 0.292937 0.110544
vn 0.916372 0.390084 -0.089984
v 0.004176 0.294302 0.105860
vn 0.924798 0.380281 0.011601
v 0.002072 0.298744 0.109582
vn 0.883160 0.468878 -0.013498
v 0.001409 0.300226 0.104904
vn 0.884944 0.462661 0.053097
v 0.003679 0.295900 0.101055
vn 0.921494 0.385735 0.045362
v 0.000923 0.301951 0.100182
vn 0.886590 0.456614 0.073899
v 0.003102 0.297393 0.114253
vn 0.880159 0.466603 -0.087186
v 0.006155 0.291819 0.115062
vn 0.905465 0.385867 -0.176748
v 0.007215 0.287075 0.111533
vn 0.935445 0.315881 -0.158622
v 0.008574 0.285983 0.115928
vn 0.933475 0.290881 -0.209791
v 0.009034 0.281370 0.112427
vn 0.951718 0.251273 -0.176335
v 0.010270 0.280244 0.116652
vn 0.951856 0.227168 -0.205829
v 0.006267 0.288282 0.106914
vn 0.949196 0.312279 -0.038855
v 0.005929 0.289652 0.102156
vn 0.950558 0.309187 0.029021
v 0.008121 0.282421 0.107960
vn 0.958845 0.272877 -0.078452
v 0.007633 0.283604 0.103269
vn 0.961229 0.275701 0.005345
v 0.002831 0.298868 0.090720
vn 0.917908 0.396594 0.012568
v -0.000064 0.305082 0.089903
vn 0.889343 0.456342 0.028647
v 0.000490 0.303546 0.095185
vn 0.887666 0.457238 0.054618
v 0.003283 0.297448 0.096016
vn 0.919535 0.390968 0.039986
v 0.005340 0.292521 0.091571
vn 0.941877 0.335624 0.014959
v 0.005632 0.291209 0.096974
vn 0.946909 0.319699 0.034003
v 0.007233 0.286264 0.092650
vn 0.958961 0.282044 0.029074
v 0.007427 0.284976 0.098131
vn 0.961720 0.272043 0.032989
v 0.004762 0.293967 0.085926
vn 0.937337 0.347388 -0.026856
v 0.002193 0.300308 0.085032
vn 0.917408 0.397566 -0.017433
v 0.004054 0.295177 0.079864
vn 0.935902 0.343912 -0.076235
v 0.007011 0.287563 0.086899
vn 0.954021 0.299236 -0.017347
v 0.006235 0.288820 0.080747
vn 0.948574 0.306297 -0.079935
v -0.000749 0.306637 0.084165
vn 0.897324 0.441240 0.010803
v 0.001448 0.301501 0.079064
vn 0.921576 0.382926 -0.063764
v -0.001517 0.308339 0.077681
vn 0.906848 0.419652 -0.038977
v -0.005306 0.303596 0.042601
vn 0.943736 0.205571 -0.259042
v -0.006322 0.308532 0.042931
vn 0.932601 0.247258 -0.262904
v -0.004471 0.304605 0.047275
vn 0.956796 0.214174 -0.196649
v -0.005513 0.309362 0.047786
vn 0.948147 0.263614 -0.177552
v -0.003956 0.305634 0.051838
vn 0.956095 0.241749 -0.165651
v -0.007798 0.313767 0.043294
vn 0.906725 0.343458 -0.244716
v -0.006925 0.314157 0.048436
vn 0.915279 0.370325 -0.158508
v -0.004899 0.310125 0.052773
vn 0.947495 0.284320 -0.146340
v -0.003884 0.300379 0.046412
vn 0.955747 0.200993 -0.214824
v -0.004367 0.298867 0.042442
vn 0.948794 0.183622 -0.257045
v -0.002381 0.294912 0.047460
vn 0.947530 0.210408 -0.240657
v -0.002461 0.300220 0.052182
vn 0.950453 0.236695 -0.201532
v -0.006415 0.302516 0.038353
vn 0.931759 0.205407 -0.299388
v -0.006415 0.302516 0.038353
vn 0.856719 0.192392 -0.478558
v -0.005438 0.297601 0.038372
vn 0.875124 0.183717 -0.447668
v -0.008427 0.301380 0.034395
vn 0.772588 0.180171 -0.608807
v -0.003789 0.294710 0.042248
vn 0.945657 0.179492 -0.271136
v -0.005438 0.297601 0.038372
vn 0.942012 0.172935 -0.287588
v -0.004241 0.292359 0.038990
vn 0.900437 0.169755 -0.400495
v -0.006938 0.295921 0.034547
vn 0.793418 0.170267 -0.584378
v -0.007742 0.307863 0.038392
vn 0.919217 0.236392 -0.314895
v -0.009186 0.313221 0.038692
vn 0.898026 0.308583 -0.313570
v -0.009694 0.306860 0.034307
vn 0.763166 0.199089 -0.614769
v -0.007742 0.307863 0.038392
vn 0.853283 0.239790 -0.463043
v -0.011168 0.312235 0.034469
vn 0.762651 0.254198 -0.594767
v -0.012208 0.322516 0.045025
vn 0.812119 0.553615 -0.184318
v -0.011870 0.323426 0.049714
vn 0.823930 0.546168 -0.151127
v -0.009151 0.318919 0.049088
vn 0.863641 0.483887 -0.141343
v -0.009853 0.318562 0.043875
vn 0.858619 0.468357 -0.208364
v -0.011340 0.324077 0.055109
vn 0.830095 0.541750 -0.132094
v -0.008552 0.319289 0.054648
vn 0.870381 0.478159 -0.117476
v -0.006382 0.314751 0.053713
vn 0.910662 0.395926 -0.118053
v -0.013171 0.322172 0.040512
vn 0.792253 0.541062 -0.282110
v -0.011151 0.318098 0.039258
vn 0.841673 0.444441 -0.306690
v -0.014943 0.321878 0.036119
vn 0.756544 0.540049 -0.368767
v -0.011151 0.318098 0.039258
vn 0.813188 0.421484 -0.401343
v -0.009186 0.313221 0.038692
vn 0.838125 0.319047 -0.442443
v -0.012943 0.317357 0.034850
vn 0.752379 0.380311 -0.537856
v -0.014763 0.324892 0.042147
vn 0.772128 0.588048 -0.240869
v -0.014851 0.326358 0.045520
vn 0.780687 0.593662 -0.195175
v -0.016472 0.325398 0.038355
vn 0.746729 0.572514 -0.338562
v -0.014827 0.327642 0.050111
vn 0.785042 0.598528 -0.159600
v -0.014446 0.328429 0.055437
vn 0.789562 0.596472 -0.144263
v -0.010840 0.325699 0.065977
vn 0.821889 0.566761 -0.057277
v -0.007996 0.320754 0.065719
vn 0.883702 0.460815 -0.081976
v -0.010897 0.324666 0.060653
vn 0.836436 0.534447 -0.121418
v -0.008038 0.319671 0.060362
vn 0.879974 0.463224 -0.105214
v -0.005486 0.315242 0.065155
vn 0.915780 0.394011 -0.078116
v -0.005881 0.314845 0.059273
vn 0.913786 0.395957 -0.090628
v -0.014073 0.329350 0.061019
vn 0.784333 0.610797 -0.108390
v -0.014134 0.329886 0.066614
vn 0.767850 0.640273 -0.021357
v -0.011357 0.326295 0.071538
vn 0.802978 0.595066 0.033494
v -0.014800 0.330658 0.071844
vn 0.748074 0.662670 0.035415
v -0.008564 0.322438 0.070309
vn 0.862602 0.505819 0.008048
v -0.006157 0.317488 0.070902
vn 0.902558 0.430290 -0.015471
v -0.001261 0.303785 0.065281
vn 0.933125 0.330907 -0.140637
v -0.002851 0.305404 0.057616
vn 0.949237 0.278264 -0.146689
v -0.003651 0.309843 0.062892
vn 0.937295 0.333978 -0.099686
v -0.004553 0.310971 0.057384
vn 0.941465 0.320814 -0.103549
v -0.003059 0.310353 0.070367
vn 0.919672 0.384031 -0.081994
v 0.000140 0.302954 0.072098
vn 0.923635 0.364035 -0.119907
v 0.001313 0.297523 0.066616
vn 0.929554 0.324594 -0.174839
v 0.002915 0.296203 0.073522
vn 0.932190 0.337216 -0.131561
v 0.003695 0.291028 0.068006
vn 0.936887 0.298388 -0.182227
v 0.005151 0.289937 0.074385
vn 0.943111 0.303400 -0.135977
v -0.000502 0.298565 0.059807
vn 0.939655 0.284844 -0.189508
v 0.001847 0.292414 0.061547
vn 0.932220 0.280889 -0.228183
v -0.000345 0.293809 0.054588
vn 0.942017 0.241908 -0.232562
v -0.017404 0.296754 0.028450
vn 0.133467 0.032791 -0.990511
v -0.024387 0.293238 0.028819
vn -0.057954 -0.008876 -0.998280
v -0.025523 0.299089 0.028859
vn -0.057985 -0.005973 -0.998300
v -0.018691 0.302459 0.028499
vn 0.132498 0.038833 -0.990422
v -0.026725 0.304885 0.028891
vn -0.056995 -0.007814 -0.998344
v -0.032120 0.289430 0.029373
vn -0.069269 -0.012890 -0.997515
v -0.033101 0.295406 0.029384
vn -0.068260 -0.010201 -0.997615
v -0.034134 0.301364 0.029387
vn -0.066087 -0.010117 -0.997763
v -0.011703 0.299568 0.030736
vn 0.503931 0.123597 -0.854855
v -0.013140 0.305115 0.030747
vn 0.497968 0.129936 -0.857406
v -0.020067 0.308097 0.028534
vn 0.136587 0.040445 -0.989802
v -0.014639 0.310636 0.030800
vn 0.500380 0.148529 -0.852971
v -0.010363 0.293982 0.030777
vn 0.511621 0.097136 -0.853703
v -0.016271 0.291016 0.028451
vn 0.139029 0.015890 -0.990161
v -0.009258 0.288374 0.030898
vn 0.518263 0.065081 -0.852741
v -0.005642 0.290420 0.034892
vn 0.810737 0.145392 -0.567069
v -0.023393 0.287400 0.028836
vn -0.053515 -0.017880 -0.998407
v -0.015347 0.285322 0.028560
vn 0.147216 -0.002236 -0.989102
v -0.022556 0.281653 0.028919
vn -0.047227 -0.023870 -0.998599
v -0.031226 0.283510 0.029397
vn -0.066341 -0.016991 -0.997652
v -0.047644 0.281914 0.030648
vn -0.077875 -0.014379 -0.996859
v -0.048438 0.288070 0.030613
vn -0.076666 -0.015906 -0.996930
v -0.039929 0.285631 0.030007
vn -0.074633 -0.013922 -0.997114
v -0.040796 0.291698 0.029978
vn -0.073491 -0.014230 -0.997194
v -0.049212 0.294269 0.030569
vn -0.075733 -0.016742 -0.996988
v -0.041671 0.297778 0.029956
vn -0.071581 -0.013914 -0.997338
v -0.039112 0.279645 0.030012
vn -0.073034 -0.014470 -0.997224
v -0.046890 0.275864 0.030667
vn -0.078512 -0.014320 -0.996810
v -0.038393 0.273849 0.030053
vn -0.070215 -0.016343 -0.997398
v -0.030451 0.277735 0.029462
vn -0.061424 -0.019795 -0.997915
v -0.055217 0.278247 0.031309
vn -0.082662 -0.016049 -0.996448
v -0.054480 0.272117 0.031336
vn -0.083631 -0.015043 -0.996383
v -0.062561 0.274651 0.031999
vn -0.095879 -0.018166 -0.995227
v -0.046209 0.270024 0.030700
vn -0.077433 -0.015218 -0.996881
v -0.053820 0.266229 0.031370
vn -0.083487 -0.015824 -0.996383
v -0.061796 0.268434 0.032033
vn -0.095588 -0.015776 -0.995296
v -0.055973 0.284527 0.031257
vn -0.081387 -0.017011 -0.996537
v -0.056686 0.290887 0.031214
vn -0.081207 -0.017505 -0.996544
v -0.063374 0.281061 0.031953
vn -0.095648 -0.019138 -0.995231
v -0.064105 0.287591 0.031894
vn -0.096507 -0.018054 -0.995169
v -0.050459 0.306650 0.030431
vn -0.069740 -0.017262 -0.997416
v -0.043256 0.309777 0.029908
vn -0.065798 -0.011396 -0.997768
v -0.042505 0.303834 0.029932
vn -0.068699 -0.013631 -0.997544
v -0.049896 0.300485 0.030517
vn -0.072919 -0.018476 -0.997167
v -0.036162 0.312945 0.029408
vn -0.064768 -0.008226 -0.997866
v -0.035158 0.307245 0.029403
vn -0.065043 -0.010359 -0.997829
v -0.057729 0.303642 0.031020
vn -0.077118 -0.022703 -0.996763
v -0.057306 0.297271 0.031136
vn -0.080114 -0.021245 -0.996559
v -0.065052 0.300792 0.031707
vn -0.096260 -0.026718 -0.994998
v -0.064685 0.294185 0.031834
vn -0.096932 -0.021073 -0.995068
v -0.057908 0.309897 0.030909
vn -0.073143 -0.017856 -0.997162
v -0.050838 0.312621 0.030367
vn -0.067434 -0.012068 -0.997651
v -0.057784 0.315866 0.030820
vn -0.070695 -0.009899 -0.997449
v -0.065131 0.307367 0.031523
vn -0.091480 -0.027234 -0.995434
v -0.043902 0.315461 0.029900
vn -0.064319 -0.008012 -0.997897
v -0.050992 0.318217 0.030322
vn -0.066300 -0.005754 -0.997783
v -0.044436 0.320731 0.029896
vn -0.063608 -0.000865 -0.997975
v -0.037125 0.318346 0.029438
vn -0.063535 -0.003172 -0.997975
v -0.023034 0.318864 0.028654
vn 0.170920 0.096125 -0.980585
v -0.021486 0.313610 0.028548
vn 0.143275 0.051712 -0.988331
v -0.029243 0.316039 0.028948
vn -0.057016 -0.001681 -0.998372
v -0.027967 0.310574 0.028905
vn -0.057564 -0.008759 -0.998303
v -0.030561 0.321200 0.029029
vn -0.047986 0.017855 -0.998688
v -0.024344 0.324824 0.028973
vn 0.287437 0.283543 -0.914868
v -0.031731 0.327089 0.029229
vn 0.026914 0.128130 -0.991392
v -0.038112 0.323316 0.029503
vn -0.059356 0.008853 -0.998198
v -0.018125 0.320881 0.031488
vn 0.579917 0.352881 -0.734283
v -0.019241 0.325550 0.033639
vn 0.603505 0.456775 -0.653558
v -0.014943 0.321878 0.036119
vn 0.723114 0.452834 -0.521582
v -0.026696 0.329082 0.030655
vn 0.294226 0.479803 -0.826571
v -0.023034 0.328953 0.032963
vn 0.501601 0.518203 -0.692721
v -0.019241 0.325550 0.033639
vn 0.694902 0.571571 -0.436368
v -0.023034 0.328953 0.032963
vn 0.614615 0.613867 -0.495395
v -0.016143 0.315994 0.030901
vn 0.520711 0.222833 -0.824139
v -0.032806 0.334478 0.031386
vn 0.386126 0.512039 -0.767283
v -0.036479 0.334195 0.029598
vn 0.188244 0.291153 -0.937973
v -0.035630 0.336673 0.031689
vn 0.307376 0.666843 -0.678852
v -0.039052 0.335647 0.029822
vn 0.114100 0.393069 -0.912402
v -0.038902 0.338170 0.032171
vn 0.204572 0.766687 -0.608557
v -0.040259 0.332472 0.029730
vn -0.055307 0.022809 -0.998209
v -0.042400 0.335048 0.029929
vn -0.054098 0.046072 -0.997472
v -0.041739 0.337073 0.030091
vn 0.127866 0.587555 -0.799018
v -0.032657 0.337379 0.034341
vn 0.391797 0.675399 -0.624765
v -0.029452 0.335049 0.034081
vn 0.498328 0.721037 -0.481429
v -0.032657 0.337379 0.034341
vn 0.437470 0.778058 -0.450828
v -0.035800 0.339152 0.034844
vn 0.258486 0.786780 -0.560501
v -0.035800 0.339152 0.034844
vn 0.304850 0.859015 -0.411290
v -0.033288 0.339365 0.037461
vn 0.385721 0.844841 -0.370759
v -0.029452 0.335049 0.034081
vn 0.419460 0.597888 -0.683069
v -0.029959 0.331754 0.031040
vn 0.315504 0.440339 -0.840571
v -0.026014 0.332280 0.033672
vn 0.414239 0.578012 -0.703071
v -0.026014 0.332280 0.033672
vn 0.547334 0.676874 -0.492206
v -0.034892 0.331306 0.029464
vn 0.116248 0.151125 -0.981656
v -0.039055 0.328351 0.029608
vn -0.055505 0.012541 -0.998380
v -0.050178 0.327953 0.030288
vn -0.066014 0.011310 -0.997755
v -0.049736 0.331862 0.030334
vn -0.067662 0.025626 -0.997379
v -0.044873 0.329919 0.029991
vn -0.062739 0.013627 -0.997937
v -0.045173 0.333433 0.030075
vn -0.067084 0.026044 -0.997407
v -0.049070 0.335069 0.030405
vn -0.072629 0.065104 -0.995232
v -0.045390 0.335894 0.030178
vn -0.077494 0.072245 -0.994372
v -0.044897 0.325435 0.029950
vn -0.062631 0.006875 -0.998013
v -0.050909 0.323307 0.030319
vn -0.065807 0.002989 -0.997828
v -0.056413 0.326335 0.030711
vn -0.070912 0.010368 -0.997429
v -0.057269 0.321386 0.030745
vn -0.070299 -0.000420 -0.997526
v -0.055297 0.330656 0.030702
vn -0.074303 0.026103 -0.996894
v -0.054000 0.334377 0.030717
vn -0.076306 0.056122 -0.995504
v -0.046101 0.339816 0.033116
vn 0.027980 0.850788 -0.524764
v -0.042309 0.339145 0.032637
vn 0.118254 0.837064 -0.534172
v -0.044520 0.337789 0.030339
vn 0.017732 0.654371 -0.755965
v -0.047980 0.337794 0.030591
vn -0.063120 0.553692 -0.830326
v -0.043459 0.336363 0.030039
vn -0.057311 0.104202 -0.992903
v -0.050294 0.340105 0.033597
vn -0.057563 0.838948 -0.541159
v -0.052394 0.337603 0.030893
vn -0.097018 0.507523 -0.856159
v -0.048024 0.341805 0.036865
vn 0.000105 0.892830 -0.450393
v -0.043713 0.341239 0.036172
vn 0.091010 0.929090 -0.358482
v -0.048024 0.341805 0.036865
vn 0.014512 0.945179 -0.326230
v -0.052988 0.341851 0.037464
vn -0.091359 0.888964 -0.448773
v -0.043713 0.341239 0.036172
vn 0.078119 0.879858 -0.468773
v -0.039573 0.340399 0.035494
vn 0.148610 0.848695 -0.507575
v -0.039573 0.340399 0.035494
vn 0.173220 0.906578 -0.384851
v -0.042986 0.200238 0.032043
vn -0.081301 0.008758 -0.996651
v -0.043063 0.205634 0.031813
vn -0.068797 -0.029122 -0.997206
v -0.035392 0.204160 0.031458
vn -0.080015 0.002575 -0.996790
v -0.035562 0.209540 0.031169
vn -0.065514 -0.036089 -0.997199
v -0.027626 0.207998 0.030840
vn -0.078780 -0.001745 -0.996891
v -0.043169 0.210911 0.031754
vn -0.081558 -0.013063 -0.996583
v -0.035709 0.214781 0.031098
vn -0.077242 -0.015509 -0.996892
v -0.027847 0.213358 0.030533
vn -0.062160 -0.037002 -0.997380
v -0.035279 0.198167 0.031136
vn -0.089939 0.025803 -0.995613
v -0.042978 0.194268 0.031739
vn -0.086561 0.033109 -0.995696
v -0.035069 0.192032 0.031108
vn -0.075606 0.005265 -0.997124
v -0.027415 0.202018 0.030532
vn -0.091154 0.024862 -0.995526
v -0.027068 0.195892 0.030496
vn -0.079661 0.001307 -0.996821
v -0.050369 0.196359 0.032587
vn -0.087230 0.022700 -0.995929
v -0.050523 0.190405 0.032198
vn -0.092323 0.036518 -0.995059
v -0.057530 0.192620 0.033140
vn -0.272597 0.053322 -0.960650
v -0.042925 0.188139 0.031635
vn -0.070600 0.008548 -0.997468
v -0.050603 0.184372 0.032151
vn -0.081106 0.005439 -0.996691
v -0.057915 0.186834 0.032868
vn -0.253490 0.043808 -0.966346
v -0.050325 0.201742 0.032422
vn -0.080211 -0.017462 -0.996625
v -0.050368 0.207015 0.032401
vn -0.092178 -0.009312 -0.995699
v -0.057250 0.198006 0.033086
vn -0.286661 0.010208 -0.957978
v -0.057123 0.203215 0.033134
vn -0.304205 0.003849 -0.952599
v -0.043357 0.220951 0.031609
vn -0.082119 -0.020296 -0.996416
v -0.035873 0.224780 0.030931
vn -0.075235 -0.020144 -0.996962
v -0.035806 0.219839 0.031019
vn -0.076774 -0.017824 -0.996889
v -0.043274 0.216002 0.031696
vn -0.082619 -0.015698 -0.996458
v -0.028151 0.228542 0.030310
vn -0.065914 -0.017939 -0.997664
v -0.028103 0.223618 0.030392
vn -0.069180 -0.016047 -0.997475
v -0.028015 0.218571 0.030469
vn -0.071442 -0.015171 -0.997329
v -0.050544 0.217114 0.032294
vn -0.093652 -0.017416 -0.995453
v -0.050450 0.212141 0.032352
vn -0.093232 -0.011486 -0.995578
v -0.057291 0.213347 0.033056
vn -0.326236 -0.016768 -0.945140
v -0.057264 0.208329 0.033088
vn -0.319397 -0.004366 -0.947611
v -0.050612 0.221983 0.032198
vn -0.093147 -0.022575 -0.995396
v -0.043423 0.225814 0.031506
vn -0.080754 -0.023540 -0.996456
v -0.050690 0.226762 0.032086
vn -0.091321 -0.026953 -0.995457
v -0.057418 0.218207 0.032986
vn -0.326104 -0.021997 -0.945078
v -0.057425 0.223000 0.032882
vn -0.320375 -0.031474 -0.946768
v -0.035925 0.229628 0.030828
vn -0.073110 -0.023220 -0.997054
v -0.043498 0.230578 0.031392
vn -0.079494 -0.026118 -0.996493
v -0.035977 0.234388 0.030711
vn -0.071235 -0.024222 -0.997165
v -0.028168 0.233370 0.030215
vn -0.062429 -0.020355 -0.997842
v -0.012800 0.235499 0.029372
vn -0.035118 -0.007958 -0.999351
v -0.012775 0.230591 0.029396
vn -0.040683 -0.004725 -0.999161
v -0.020372 0.232150 0.029780
vn -0.055218 -0.013221 -0.998387
v -0.020355 0.227241 0.029836
vn -0.059723 -0.011010 -0.998154
v -0.012681 0.225556 0.029418
vn -0.046854 -0.003487 -0.998896
v -0.020269 0.222199 0.029882
vn -0.063205 -0.011189 -0.997938
v -0.020356 0.236968 0.029704
vn -0.050966 -0.016971 -0.998556
v -0.012805 0.240321 0.029316
vn -0.028550 -0.008530 -0.999556
v -0.020352 0.241722 0.029613
vn -0.047289 -0.016691 -0.998742
v -0.028188 0.238123 0.030117
vn -0.060178 -0.021062 -0.997965
v -0.005636 0.238496 0.029214
vn 0.139176 0.022191 -0.990019
v -0.005740 0.243327 0.029235
vn 0.183332 0.084899 -0.979378
v 0.000998 0.240969 0.031567
vn 0.492907 0.136082 -0.859374
v -0.012817 0.245087 0.029287
vn 0.003931 0.022127 -0.999747
v -0.005776 0.248067 0.030075
vn 0.242179 0.127210 -0.961856
v 0.000700 0.245726 0.032236
vn 0.540570 0.190848 -0.819366
v -0.005542 0.233601 0.029205
vn 0.097716 0.022384 -0.994963
v -0.005371 0.228575 0.029181
vn 0.058127 0.022698 -0.998051
v 0.001288 0.236116 0.031044
vn 0.417173 0.119086 -0.900991
v 0.001555 0.231117 0.030513
vn 0.336393 0.104088 -0.935951
v -0.012185 0.214991 0.029663
vn -0.070197 0.004168 -0.997524
v -0.019837 0.211636 0.030223
vn -0.076323 0.000247 -0.997083
v -0.020100 0.216981 0.029934
vn -0.057252 -0.032890 -0.997818
v -0.012490 0.220338 0.029440
vn -0.048976 -0.021022 -0.998579
v -0.005353 0.218001 0.029193
vn -0.034997 -0.001112 -0.999387
v -0.005111 0.223353 0.029111
vn 0.003623 0.029807 -0.999549
v 0.001781 0.220863 0.028992
vn 0.223553 0.069654 -0.972200
v 0.001440 0.226243 0.029995
vn 0.266392 0.135209 -0.954334
v -0.005000 0.212411 0.028891
vn -0.043424 0.043467 -0.998111
v -0.011829 0.209047 0.029293
vn -0.082917 0.029892 -0.996108
v -0.004642 0.206428 0.028798
vn -0.043489 0.010175 -0.999002
v 0.000508 0.216105 0.029193
vn 0.137106 0.037330 -0.989853
v 0.002250 0.210997 0.028750
vn 0.163229 0.076271 -0.983636
v -0.019558 0.205675 0.029897
vn -0.090529 0.025936 -0.995556
v -0.011968 0.203080 0.029294
vn -0.074909 0.003705 -0.997184
v -0.019104 0.199558 0.029842
vn -0.080463 0.001969 -0.996756
v -0.012918 0.254526 0.029204
vn 0.086654 -0.003232 -0.996233
v -0.020405 0.251121 0.029445
vn -0.038789 -0.018686 -0.999073
v -0.020513 0.255854 0.029359
vn -0.036912 -0.019333 -0.999131
v -0.013059 0.259295 0.029124
vn 0.104941 -0.005841 -0.994461
v -0.020701 0.260674 0.029272
vn -0.036814 -0.019386 -0.999134
v -0.028296 0.247471 0.029930
vn -0.057307 -0.021459 -0.998126
v -0.028431 0.252173 0.029830
vn -0.055976 -0.022035 -0.998189
v -0.028644 0.256943 0.029738
vn -0.055487 -0.020494 -0.998249
v -0.006143 0.257443 0.030752
vn 0.361833 0.056518 -0.930528
v -0.006413 0.262191 0.030885
vn 0.410533 0.060823 -0.909815
v -0.000867 0.259509 0.034217
vn 0.681281 0.162567 -0.713742
v -0.013278 0.264161 0.029034
vn 0.120615 -0.003346 -0.992694
v -0.006754 0.267065 0.031029
vn 0.455936 0.061081 -0.887914
v -0.001533 0.264192 0.034737
vn 0.730340 0.165264 -0.662790
v -0.005918 0.252748 0.030545
vn 0.309516 0.081243 -0.947417
v -0.012837 0.249807 0.029265
vn 0.056017 0.008073 -0.998397
v -0.000234 0.254921 0.033810
vn 0.631837 0.162654 -0.757843
v 0.000303 0.250353 0.033156
vn 0.581489 0.194465 -0.789971
v -0.020360 0.246423 0.029532
vn -0.042765 -0.016264 -0.998953
v -0.028221 0.242808 0.030020
vn -0.058879 -0.020393 -0.998057
v -0.043792 0.239939 0.031165
vn -0.077795 -0.025712 -0.996638
v -0.044039 0.244631 0.031065
vn -0.076864 -0.025642 -0.996712
v -0.036160 0.243746 0.030507
vn -0.068427 -0.023038 -0.997390
v -0.036347 0.248429 0.030408
vn -0.067104 -0.024187 -0.997453
v -0.044359 0.249378 0.030962
vn -0.075990 -0.026027 -0.996769
v -0.036595 0.253186 0.030310
vn -0.066579 -0.023045 -0.997515
v -0.036046 0.239078 0.030605
vn -0.069784 -0.023293 -0.997290
v -0.043617 0.235268 0.031275
vn -0.078857 -0.026020 -0.996546
v -0.051049 0.236096 0.031865
vn -0.090237 -0.027279 -0.995547
v -0.050828 0.231448 0.031968
vn -0.090171 -0.027171 -0.995556
v -0.057765 0.232321 0.032636
vn -0.321343 -0.040819 -0.946083
v -0.057520 0.227686 0.032742
vn -0.319904 -0.032852 -0.946880
v -0.051385 0.240775 0.031760
vn -0.090349 -0.027219 -0.995538
v -0.051784 0.245533 0.031670
vn -0.090041 -0.028122 -0.995541
v -0.058163 0.236992 0.032550
vn -0.316813 -0.053256 -0.946992
v -0.058702 0.241754 0.032473
vn -0.305505 -0.056515 -0.950512
v -0.045145 0.259261 0.030794
vn -0.075707 -0.019079 -0.996948
v -0.037309 0.263088 0.030154
vn -0.067254 -0.017650 -0.997580
v -0.036910 0.258054 0.030224
vn -0.066630 -0.020390 -0.997569
v -0.044725 0.254238 0.030869
vn -0.075211 -0.023443 -0.996892
v -0.029321 0.266921 0.029593
vn -0.057225 -0.017560 -0.998207
v -0.028937 0.261842 0.029661
vn -0.055986 -0.018718 -0.998256
v -0.052700 0.255430 0.031467
vn -0.084917 -0.023486 -0.996111
v -0.052220 0.250401 0.031564
vn -0.087151 -0.029993 -0.995743
v -0.059828 0.251670 0.032231
vn -0.241026 -0.065161 -0.968329
v -0.059231 0.246640 0.032382
vn -0.275218 -0.073536 -0.958565
v -0.053222 0.260684 0.031414
vn -0.083845 -0.018649 -0.996304
v -0.045637 0.264507 0.030740
vn -0.076643 -0.016415 -0.996923
v -0.060510 0.256924 0.032144
vn -0.200707 -0.059172 -0.977863
v -0.061139 0.262495 0.032068
vn -0.133019 -0.059132 -0.989348
v -0.037795 0.268346 0.030101
vn -0.068444 -0.016313 -0.997522
v -0.029817 0.272211 0.029529
vn -0.058700 -0.018037 -0.998113
v -0.014060 0.274382 0.028837
vn 0.144611 0.000007 -0.989489
v -0.013599 0.269177 0.028944
vn 0.134549 -0.002174 -0.990905
v -0.021373 0.270771 0.029106
vn -0.039965 -0.018893 -0.999022
v -0.020981 0.265635 0.029185
vn -0.037940 -0.018730 -0.999104
v -0.021887 0.276109 0.029028
vn -0.042802 -0.021944 -0.998843
v -0.014637 0.279760 0.028712
vn 0.150679 -0.004261 -0.988574
v -0.007871 0.277398 0.031153
vn 0.505667 0.052887 -0.861106
v -0.008539 0.282809 0.031078
vn 0.512669 0.050487 -0.857101
v -0.003628 0.279511 0.035173
vn 0.799068 0.113391 -0.590451
v -0.004590 0.284970 0.035088
vn 0.812949 0.126811 -0.568359
v -0.007193 0.272165 0.031111
vn 0.490613 0.064310 -0.869001
v -0.003032 0.274124 0.035282
vn 0.784349 0.110253 -0.610443
v -0.002292 0.269011 0.035059
vn 0.768314 0.144855 -0.623467
v -0.089390 0.275796 0.108954
vn -0.965773 0.242490 -0.092091
v -0.088741 0.276449 0.103839
vn -0.972717 0.227318 -0.046348
v -0.090330 0.270630 0.105059
vn -0.972635 0.218290 -0.079561
v -0.090884 0.270369 0.110141
vn -0.976020 0.199936 -0.086087
v -0.091576 0.265199 0.107339
vn -0.987777 0.138445 -0.071621
v -0.088598 0.277343 0.098940
vn -0.985376 0.170220 0.007676
v -0.089937 0.270962 0.100018
vn -0.978624 0.196415 -0.060966
v -0.091203 0.265115 0.102242
vn -0.985861 0.147384 -0.079728
v -0.091881 0.265491 0.112530
vn -0.989612 0.128026 -0.065404
v -0.087924 0.281499 0.108276
vn -0.974288 0.217753 -0.057847
v -0.087394 0.282634 0.103544
vn -0.984191 0.175853 0.021071
v -0.087752 0.283662 0.098686
vn -0.989240 0.124403 0.076991
v -0.088333 0.278890 0.088722
vn -0.998016 0.040586 -0.048142
v -0.088820 0.272216 0.089017
vn -0.989659 0.083039 -0.116959
v -0.088529 0.277987 0.093884
vn -0.994306 0.105685 -0.013609
v -0.089466 0.271324 0.094837
vn -0.986243 0.140791 -0.086615
v -0.089689 0.264550 0.090310
vn -0.981891 0.072946 -0.174842
v -0.090676 0.265093 0.096787
vn -0.983870 0.126853 -0.126128
v -0.087990 0.284645 0.093793
vn -0.994983 0.084011 0.054316
v -0.088181 0.285994 0.088710
vn -0.999024 0.014975 0.041560
v -0.087966 0.280311 0.083130
vn -0.995453 -0.034422 -0.088815
v -0.088382 0.287437 0.082965
vn -0.998755 -0.045078 -0.021370
v -0.087381 0.282089 0.077236
vn -0.984696 -0.085847 -0.151669
v -0.088137 0.289619 0.077213
vn -0.990128 -0.075212 -0.118281
v -0.087907 0.273458 0.083330
vn -0.986532 0.021541 -0.162145
v -0.088339 0.266556 0.083691
vn -0.976359 0.025049 -0.214699
v -0.086847 0.275113 0.077483
vn -0.981891 -0.043735 -0.184329
v -0.086804 0.268159 0.077769
vn -0.973710 -0.007292 -0.227674
v -0.089690 0.252914 0.089351
vn -0.972545 -0.051130 -0.227030
v -0.090650 0.253290 0.094230
vn -0.982201 -0.046360 -0.182024
v -0.090067 0.258096 0.090277
vn -0.977149 -0.026339 -0.210919
v -0.090067 0.258096 0.090277
vn -0.972316 0.058169 -0.226315
v -0.090878 0.259097 0.094873
vn -0.983518 0.075309 -0.164380
v -0.091535 0.253772 0.098853
vn -0.989805 -0.035229 -0.138006
v -0.090878 0.259097 0.094873
vn -0.985805 -0.008431 -0.167680
v -0.091662 0.259400 0.100097
vn -0.989070 0.101118 -0.107313
v -0.088609 0.258489 0.084968
vn -0.962801 -0.018833 -0.269554
v -0.088524 0.252257 0.084925
vn -0.963028 -0.049551 -0.264806
v -0.086881 0.253174 0.079333
vn -0.960659 -0.037206 -0.275226
v -0.088609 0.258489 0.084968
vn -0.970831 0.011590 -0.239484
v -0.086798 0.261216 0.078262
vn -0.967535 -0.014920 -0.252297
v -0.089064 0.247580 0.088771
vn -0.969212 -0.100567 -0.224756
v -0.087783 0.247198 0.083732
vn -0.964107 -0.080172 -0.253119
v -0.088352 0.242468 0.088186
vn -0.971201 -0.120739 -0.205403
v -0.086301 0.246035 0.078513
vn -0.961696 -0.065337 -0.266219
v -0.087191 0.241677 0.083452
vn -0.968009 -0.098334 -0.230845
v -0.090154 0.247992 0.093526
vn -0.977199 -0.102021 -0.186209
v -0.091063 0.248422 0.098371
vn -0.983735 -0.103130 -0.147067
v -0.089440 0.242860 0.093168
vn -0.973696 -0.148202 -0.173067
v -0.090251 0.243390 0.097952
vn -0.975843 -0.166676 -0.141242
v -0.092329 0.254668 0.109032
vn -0.998538 -0.012166 -0.052661
v -0.092245 0.260109 0.110642
vn -0.998460 0.029332 -0.047082
v -0.092001 0.259579 0.105146
vn -0.998049 0.024593 -0.057380
v -0.092033 0.254060 0.103707
vn -0.997045 -0.022552 -0.073441
v -0.091662 0.259400 0.100097
vn -0.994161 0.011406 -0.107298
v -0.092245 0.260109 0.110642
vn -0.993974 0.092889 -0.058199
v -0.092001 0.259579 0.105146
vn -0.992604 0.102006 -0.065813
v -0.092003 0.249461 0.108038
vn -0.993393 -0.102808 -0.051008
v -0.091636 0.248914 0.103202
vn -0.991805 -0.099868 -0.079687
v -0.091260 0.244760 0.107475
vn -0.985292 -0.167685 -0.032891
v -0.090999 0.244034 0.102658
vn -0.983136 -0.165075 -0.078699
v -0.092342 0.250306 0.113237
vn -0.993549 -0.102711 -0.048072
v -0.091534 0.245468 0.112267
vn -0.985063 -0.168917 -0.033442
v -0.078407 0.295637 0.036363
vn -0.696687 -0.072304 -0.713722
v -0.078071 0.288463 0.036511
vn -0.728794 -0.093525 -0.678316
v -0.082359 0.293177 0.043258
vn -0.861570 -0.127502 -0.491366
v -0.082359 0.293177 0.043258
vn -0.976202 -0.176615 -0.125843
v -0.080945 0.286027 0.043534
vn -0.970445 -0.229516 -0.074550
v -0.082789 0.291081 0.051144
vn -0.968707 -0.218266 -0.118179
v -0.077235 0.281399 0.036691
vn -0.762623 -0.151753 -0.628790
v -0.080945 0.286027 0.043534
vn -0.901725 -0.182598 -0.391854
v -0.079274 0.278956 0.043981
vn -0.970971 -0.229063 -0.068894
v -0.080885 0.283901 0.051410
vn -0.964483 -0.228221 -0.132997
v -0.083217 0.300510 0.042670
vn -0.827453 -0.082548 -0.555435
v -0.078710 0.302848 0.035925
vn -0.676691 -0.050720 -0.734518
v -0.083242 0.307861 0.042213
vn -0.825062 -0.022107 -0.564610
v -0.084250 0.298199 0.050694
vn -0.985420 -0.117049 -0.123482
v -0.083217 0.300510 0.042670
vn -0.985841 -0.062553 -0.155576
v -0.072078 0.298165 0.032554
vn -0.311608 -0.038603 -0.949426
v -0.072212 0.305075 0.032363
vn -0.296440 -0.034961 -0.954411
v -0.071725 0.291293 0.032667
vn -0.318886 -0.032884 -0.947223
v -0.071122 0.284484 0.032721
vn -0.322798 -0.045422 -0.945377
v -0.074680 0.267976 0.037395
vn -0.822940 -0.171913 -0.541494
v -0.076799 0.265532 0.045521
vn -0.936723 -0.170184 -0.305920
v -0.077605 0.272122 0.044662
vn -0.937473 -0.198416 -0.285964
v -0.075900 0.274657 0.037047
vn -0.796278 -0.183028 -0.576578
v -0.079274 0.278956 0.043981
vn -0.919849 -0.230946 -0.317083
v -0.076799 0.265532 0.045521
vn -0.978072 -0.109876 -0.176927
v -0.078179 0.263415 0.053165
vn -0.954544 -0.066771 -0.290496
v -0.078344 0.270034 0.052612
vn -0.973152 -0.077750 -0.216634
v -0.077605 0.272122 0.044662
vn -0.972855 -0.205094 -0.107191
v -0.078344 0.270034 0.052612
vn -0.957185 -0.140688 -0.252991
v -0.079374 0.276769 0.051826
vn -0.964682 -0.196207 -0.175762
v -0.069292 0.271230 0.032789
vn -0.370485 -0.065004 -0.926561
v -0.070260 0.277780 0.032753
vn -0.340520 -0.064872 -0.937997
v -0.068506 0.264878 0.032782
vn -0.409436 -0.140775 -0.901413
v -0.073659 0.261685 0.038364
vn -0.817914 -0.218770 -0.532124
v -0.067768 0.258904 0.034106
vn -0.465114 -0.197224 -0.863002
v -0.075938 0.259172 0.046175
vn -0.957625 -0.121264 -0.261247
v -0.072648 0.255713 0.039489
vn -0.811451 -0.216625 -0.542790
v -0.075938 0.259172 0.046175
vn -0.922200 -0.180368 -0.342074
v -0.075291 0.253095 0.047286
vn -0.934983 -0.122418 -0.332897
v -0.077962 0.256860 0.053838
vn -0.935575 -0.077620 -0.344493
v -0.083262 0.258443 0.066360
vn -0.938791 -0.045887 -0.341418
v -0.083283 0.265151 0.065631
vn -0.930582 -0.036360 -0.364273
v -0.080713 0.260905 0.059922
vn -0.924296 -0.040359 -0.379537
v -0.080692 0.267580 0.059410
vn -0.930527 -0.034704 -0.364575
v -0.083283 0.265151 0.065631
vn -0.939840 -0.041030 -0.339142
v -0.083541 0.272135 0.065390
vn -0.936581 -0.066842 -0.344018
v -0.080692 0.267580 0.059410
vn -0.924034 -0.067482 -0.376308
v -0.081039 0.274513 0.058830
vn -0.934762 -0.121620 -0.333809
v -0.080672 0.254279 0.060484
vn -0.920092 -0.049702 -0.388537
v -0.083096 0.251868 0.066830
vn -0.941578 -0.050615 -0.332969
v -0.080513 0.247996 0.060898
vn -0.913513 -0.082811 -0.398291
v -0.077674 0.250581 0.054335
vn -0.917202 -0.090286 -0.388057
v -0.085063 0.256247 0.072572
vn -0.959125 -0.045199 -0.279351
v -0.084888 0.249150 0.073068
vn -0.956429 -0.051525 -0.287381
v -0.082822 0.245498 0.067174
vn -0.935435 -0.092148 -0.341278
v -0.084587 0.241916 0.073574
vn -0.950220 -0.089083 -0.298574
v -0.085319 0.263066 0.072001
vn -0.956720 -0.051589 -0.286401
v -0.085319 0.263066 0.072001
vn -0.965355 -0.024201 -0.259817
v -0.085416 0.269967 0.071645
vn -0.964238 -0.038747 -0.262189
v -0.086798 0.261216 0.078262
vn -0.964075 -0.034994 -0.263315
v -0.084848 0.286670 0.064690
vn -0.952534 -0.135955 -0.272388
v -0.083386 0.288714 0.058034
vn -0.958358 -0.189159 -0.213935
v -0.082037 0.281466 0.058339
vn -0.946331 -0.170050 -0.274847
v -0.084044 0.279344 0.064993
vn -0.943028 -0.108205 -0.314628
v -0.086410 0.284356 0.071188
vn -0.966488 -0.104953 -0.234277
v -0.085760 0.277059 0.071342
vn -0.966199 -0.077160 -0.245978
v -0.087269 0.291864 0.071030
vn -0.973709 -0.097912 -0.205680
v -0.085892 0.293959 0.064602
vn -0.965877 -0.112779 -0.233157
v -0.084706 0.296011 0.057844
vn -0.978462 -0.131283 -0.159303
v 0.011507 0.270982 0.114529
vn 0.981385 0.111503 -0.156369
v 0.011993 0.266741 0.116016
vn 0.986313 0.043343 -0.159086
v 0.011594 0.266547 0.112219
vn 0.994392 0.061285 -0.086194
v 0.010871 0.271728 0.110155
vn 0.984487 0.157817 -0.076676
v 0.011350 0.267405 0.107477
vn 0.996608 0.078197 -0.025649
v 0.012176 0.261402 0.115932
vn 0.986748 -0.010742 -0.161904
v 0.011605 0.261653 0.110751
vn 0.997569 -0.012872 -0.068480
v 0.010491 0.275924 0.113172
vn 0.965603 0.197163 -0.169521
v 0.009622 0.276923 0.108854
vn 0.968454 0.235541 -0.081345
v 0.010536 0.272921 0.105596
vn 0.981315 0.192295 -0.006527
v 0.009153 0.278328 0.104479
vn 0.964513 0.263950 -0.006657
v 0.011545 0.275022 0.117543
vn 0.968254 0.159662 -0.192333
v 0.012365 0.269955 0.118398
vn 0.978554 0.070315 -0.193620
v 0.012746 0.264924 0.119524
vn 0.980011 0.038152 -0.195252
v 0.013285 0.259745 0.121028
vn 0.975516 -0.020357 -0.218984
v 0.011053 0.250765 0.113177
vn 0.987483 -0.130846 -0.088068
v 0.010883 0.251309 0.108923
vn 0.995891 -0.090501 -0.003278
v 0.011311 0.256439 0.109335
vn 0.997052 -0.060971 -0.046574
v 0.011642 0.255885 0.114348
vn 0.989464 -0.073020 -0.125015
v 0.011100 0.251780 0.104334
vn 0.995312 -0.030711 0.091714
v 0.011255 0.257026 0.104803
vn 0.999337 -0.029127 0.021845
v 0.011435 0.262434 0.105623
vn 0.999797 0.000162 -0.020141
v 0.011574 0.250096 0.117620
vn 0.971927 -0.162673 -0.169984
v 0.012471 0.255042 0.119217
vn 0.976680 -0.087837 -0.195912
v 0.012423 0.249248 0.122620
vn 0.964974 -0.176757 -0.193862
v 0.010407 0.245226 0.117062
vn 0.965753 -0.230089 -0.119919
v 0.010230 0.245760 0.112950
vn 0.985454 -0.168745 -0.020148
v 0.009145 0.240364 0.116885
vn 0.965752 -0.257617 -0.030919
v 0.010969 0.244512 0.121344
vn 0.951702 -0.248441 -0.180388
v 0.009401 0.239881 0.120809
vn 0.945715 -0.299904 -0.125223
v 0.010382 0.246192 0.108786
vn 0.992395 -0.093883 0.079618
v 0.009331 0.240680 0.112963
vn 0.982166 -0.168417 0.083575
v 0.009884 0.240823 0.108955
vn 0.979661 -0.073608 0.186671
v 0.010965 0.246422 0.104372
vn 0.983412 -0.010272 0.181097
v 0.012612 0.252619 0.094255
vn 0.981362 0.099213 0.164579
v 0.012095 0.258222 0.094509
vn 0.990091 0.083465 0.112931
v 0.011759 0.252185 0.099529
vn 0.987245 0.038381 0.154511
v 0.011593 0.257631 0.099768
vn 0.996020 0.029969 0.083946
v 0.011547 0.263601 0.094794
vn 0.995469 0.073564 0.060249
v 0.011398 0.262971 0.100211
vn 0.999380 0.028161 0.021139
v 0.012064 0.246596 0.099593
vn 0.971974 0.060249 0.227239
v 0.013289 0.246832 0.094388
vn 0.970575 0.106137 0.216147
v 0.012291 0.240694 0.100123
vn 0.959132 0.055194 0.277525
v 0.010918 0.240836 0.104662
vn 0.964081 0.007552 0.265500
v 0.013435 0.252977 0.088868
vn 0.981147 0.145616 0.127068
v 0.014495 0.246913 0.088645
vn 0.980244 0.131289 0.147933
v 0.013837 0.253585 0.083049
vn 0.984392 0.172336 0.035678
v 0.013703 0.240581 0.095031
vn 0.966706 0.075862 0.244384
v 0.014995 0.240283 0.089577
vn 0.980578 0.086227 0.176158
v 0.015197 0.246795 0.081649
vn 0.987726 0.153924 0.026537
v 0.012637 0.258674 0.089139
vn 0.988430 0.119329 0.093627
v 0.011974 0.263905 0.089686
vn 0.990772 0.115434 0.071032
v 0.012940 0.258868 0.083928
vn 0.988991 0.144137 0.033478
v 0.012217 0.263970 0.084744
vn 0.989098 0.145991 0.019256
v 0.010305 0.274614 0.096892
vn 0.976840 0.212673 0.023541
v 0.010216 0.274689 0.101414
vn 0.974384 0.224560 0.012176
v 0.011151 0.269030 0.101523
vn 0.994943 0.100418 0.002065
v 0.011220 0.269102 0.095781
vn 0.994220 0.105298 0.020975
v 0.010354 0.275090 0.091100
vn 0.977973 0.208228 0.014494
v 0.011324 0.269341 0.090085
vn 0.990343 0.136285 0.025432
v 0.010295 0.275116 0.084413
vn 0.976144 0.214530 -0.033466
v 0.011525 0.268629 0.085629
vn 0.987242 0.159217 -0.001886
v 0.008837 0.280360 0.094324
vn 0.963890 0.263892 0.035733
v 0.008839 0.281162 0.088443
vn 0.965383 0.260816 0.003239
v 0.008324 0.282383 0.081912
vn 0.960851 0.269519 -0.064224
v 0.008857 0.279430 0.099696
vn 0.962888 0.268783 0.024546
v -0.081729 0.219334 0.107401
vn -0.878560 -0.462700 0.118492
v -0.083820 0.223250 0.106911
vn -0.890814 -0.449431 0.066798
v -0.083276 0.221601 0.102475
vn -0.910282 -0.410189 0.055969
v -0.081384 0.217462 0.102966
vn -0.897519 -0.427878 0.106675
v -0.082869 0.219939 0.097952
vn -0.926499 -0.372219 0.055248
v -0.085757 0.227229 0.106620
vn -0.910800 -0.411676 0.031081
v -0.085195 0.225810 0.102099
vn -0.917696 -0.397132 0.010977
v -0.084648 0.224446 0.097518
vn -0.930658 -0.365781 0.008892
v -0.079498 0.215417 0.108007
vn -0.860690 -0.481491 0.165468
v -0.079209 0.213328 0.103646
vn -0.877826 -0.450764 0.161970
v -0.077041 0.211541 0.108859
vn -0.839803 -0.502877 0.204560
v -0.080963 0.215553 0.098474
vn -0.914459 -0.390628 0.105708
v -0.078986 0.211179 0.099237
vn -0.896321 -0.410952 0.166512
v -0.076776 0.209183 0.104577
vn -0.854375 -0.472876 0.215479
v -0.079855 0.217540 0.112342
vn -0.847442 -0.504000 0.166810
v -0.082149 0.221248 0.111782
vn -0.858966 -0.494745 0.131926
v -0.080309 0.219686 0.116684
vn -0.837748 -0.521178 0.162947
v -0.077450 0.213832 0.113114
vn -0.831241 -0.519925 0.196765
v -0.077873 0.216103 0.117362
vn -0.824400 -0.535227 0.184110
v -0.084318 0.224935 0.111294
vn -0.879009 -0.467044 0.095984
v -0.082548 0.223146 0.116109
vn -0.852557 -0.504252 0.137389
v -0.084651 0.226624 0.115776
vn -0.878926 -0.465197 0.105266
v -0.086188 0.228720 0.111144
vn -0.903543 -0.423591 0.064663
v -0.089021 0.235617 0.106782
vn -0.951812 -0.306450 -0.011929
v -0.088540 0.234517 0.102121
vn -0.951059 -0.304737 -0.051215
v -0.087506 0.231341 0.106593
vn -0.930661 -0.365864 0.003807
v -0.086954 0.230096 0.102012
vn -0.934574 -0.355083 -0.022097
v -0.087900 0.233528 0.097401
vn -0.957487 -0.280369 -0.067914
v -0.086396 0.228920 0.097336
vn -0.940951 -0.337214 -0.029962
v -0.087935 0.232591 0.111183
vn -0.928531 -0.370234 0.027509
v -0.089375 0.236757 0.111427
vn -0.955522 -0.294917 0.001025
v -0.086462 0.230149 0.115647
vn -0.898496 -0.431214 0.082216
v -0.090349 0.240140 0.107071
vn -0.971086 -0.237951 -0.019256
v -0.090620 0.241071 0.111768
vn -0.974762 -0.222728 -0.015229
v -0.089968 0.239261 0.102407
vn -0.967483 -0.241874 -0.073987
v -0.089221 0.238349 0.097680
vn -0.967953 -0.224691 -0.112162
v -0.086524 0.231876 0.087774
vn -0.967751 -0.215335 -0.130724
v -0.085407 0.226836 0.087723
vn -0.964702 -0.253763 -0.070392
v -0.085840 0.227847 0.092628
vn -0.951651 -0.304519 -0.040350
v -0.087356 0.232680 0.092587
vn -0.962262 -0.255149 -0.094612
v -0.083871 0.221828 0.087931
vn -0.957796 -0.286635 -0.021627
v -0.084211 0.223129 0.092810
vn -0.945434 -0.325523 0.013755
v -0.087623 0.237070 0.087912
vn -0.971873 -0.159639 -0.173142
v -0.088484 0.237655 0.092894
vn -0.972431 -0.189743 -0.135555
v -0.086569 0.236433 0.083164
vn -0.967469 -0.139754 -0.210883
v -0.085637 0.231367 0.082751
vn -0.969269 -0.168466 -0.179266
v -0.085243 0.236184 0.078005
vn -0.960287 -0.116947 -0.253322
v -0.086018 0.240742 0.079162
vn -0.963003 -0.092467 -0.253129
v -0.084654 0.226141 0.082561
vn -0.967705 -0.212927 -0.134938
v -0.084402 0.230603 0.077455
vn -0.961882 -0.133773 -0.238512
v -0.083380 0.224740 0.076567
vn -0.971481 -0.137021 -0.193521
v -0.083355 0.220984 0.082814
vn -0.974350 -0.217123 -0.059163
v -0.080883 0.211880 0.089241
vn -0.949262 -0.294030 0.111574
v -0.080797 0.213703 0.093957
vn -0.932041 -0.340887 0.122867
v -0.082425 0.216900 0.088556
vn -0.959698 -0.277940 0.041572
v -0.082583 0.218392 0.093256
vn -0.941242 -0.331826 0.062884
v -0.082227 0.215603 0.083413
vn -0.975063 -0.221128 0.018841
v -0.080908 0.210281 0.084272
vn -0.965322 -0.246632 0.085589
v -0.081764 0.213085 0.078343
vn -0.983981 -0.177727 -0.013984
v -0.082686 0.218634 0.077660
vn -0.985022 -0.146426 -0.091050
v -0.079084 0.206868 0.090102
vn -0.932530 -0.315309 0.175977
v -0.079332 0.204823 0.085175
vn -0.952809 -0.257379 0.160970
v -0.077093 0.201940 0.091151
vn -0.912498 -0.324989 0.248454
v -0.080671 0.207572 0.079157
vn -0.978837 -0.197642 0.053064
v -0.079478 0.201906 0.079882
vn -0.971195 -0.209986 0.112632
v -0.077542 0.199295 0.086485
vn -0.933858 -0.267163 0.237767
v -0.078903 0.209020 0.094718
vn -0.914168 -0.360371 0.185551
v -0.076837 0.204468 0.095730
vn -0.893188 -0.375691 0.247126
v -0.076655 0.206897 0.100180
vn -0.874732 -0.426217 0.230614
v -0.070778 0.244744 0.041267
vn -0.798487 -0.202764 -0.566838
v -0.069849 0.239655 0.041823
vn -0.801478 -0.165220 -0.574748
v -0.073966 0.241805 0.048285
vn -0.863596 -0.170338 -0.474539
v -0.073966 0.241805 0.048285
vn -0.905924 -0.142525 -0.398733
v -0.073197 0.236546 0.048706
vn -0.897953 -0.131938 -0.419848
v -0.076569 0.239007 0.055143
vn -0.899708 -0.129074 -0.416971
v -0.069087 0.234667 0.041981
vn -0.809060 -0.124645 -0.574357
v -0.073197 0.236546 0.048706
vn -0.859868 -0.141161 -0.490612
v -0.072564 0.231436 0.048757
vn -0.898675 -0.066666 -0.433519
v -0.075950 0.233632 0.055300
vn -0.898130 -0.092175 -0.429961
v -0.074601 0.247235 0.047843
vn -0.887116 -0.167908 -0.429922
v -0.071755 0.250084 0.040518
vn -0.809914 -0.203818 -0.549997
v -0.075291 0.253095 0.047286
vn -0.907300 -0.173588 -0.382981
v -0.077237 0.244669 0.054866
vn -0.905275 -0.119369 -0.407711
v -0.074601 0.247235 0.047843
vn -0.916730 -0.127531 -0.378606
v -0.066225 0.248020 0.035440
vn -0.566594 -0.172537 -0.805731
v -0.066969 0.253313 0.034889
vn -0.525285 -0.169365 -0.833901
v -0.065271 0.242975 0.036019
vn -0.603931 -0.152877 -0.782238
v -0.064685 0.238026 0.036289
vn -0.632216 -0.111139 -0.766780
v -0.068519 0.224997 0.041938
vn -0.807109 0.014808 -0.590217
v -0.072449 0.221655 0.048439
vn -0.859013 0.027399 -0.511220
v -0.072338 0.226514 0.048559
vn -0.860860 0.011060 -0.508722
v -0.068548 0.229763 0.042179
vn -0.812283 -0.044000 -0.581602
v -0.072564 0.231436 0.048757
vn -0.860124 -0.082403 -0.503384
v -0.072449 0.221655 0.048439
vn -0.895934 0.043836 -0.442020
v -0.075816 0.218403 0.054815
vn -0.908753 0.030191 -0.416241
v -0.075511 0.223335 0.054926
vn -0.904734 0.033047 -0.424694
v -0.072338 0.226514 0.048559
vn -0.900579 0.007548 -0.434626
v -0.075537 0.228375 0.055160
vn -0.900891 -0.023939 -0.433384
v -0.063573 0.228590 0.036413
vn -0.648207 -0.029338 -0.760899
v -0.063930 0.233233 0.036365
vn -0.645784 -0.086096 -0.758650
v -0.063483 0.223929 0.036474
vn -0.630280 -0.027654 -0.775875
v -0.068521 0.220316 0.041829
vn -0.791863 -0.000311 -0.610699
v -0.063328 0.219296 0.036656
vn -0.621280 -0.029858 -0.783020
v -0.072527 0.216811 0.048220
vn -0.889901 -0.003610 -0.456139
v -0.068427 0.215583 0.041787
vn -0.779425 -0.039478 -0.625250
v -0.072527 0.216811 0.048220
vn -0.849497 -0.007369 -0.527542
v -0.072272 0.212080 0.048246
vn -0.879154 -0.076666 -0.470330
v -0.075834 0.213511 0.054808
vn -0.904302 -0.030268 -0.425820
v -0.080211 0.212637 0.066910
vn -0.966707 -0.055589 -0.249774
v -0.080378 0.217902 0.066665
vn -0.954962 -0.025853 -0.295601
v -0.078342 0.215441 0.060970
vn -0.936999 -0.003115 -0.349317
v -0.078277 0.220529 0.060911
vn -0.928405 0.015480 -0.371247
v -0.080238 0.223029 0.066246
vn -0.943342 -0.022012 -0.331091
v -0.078222 0.225653 0.060860
vn -0.918265 -0.012508 -0.395768
v -0.078379 0.210410 0.061026
vn -0.938026 -0.049000 -0.343084
v -0.079910 0.207498 0.067099
vn -0.971743 -0.111340 -0.208132
v -0.077909 0.205537 0.060904
vn -0.930424 -0.119575 -0.346430
v -0.075486 0.208719 0.054869
vn -0.890129 -0.098560 -0.444923
v -0.081116 0.210088 0.072962
vn -0.986609 -0.133495 -0.093716
v -0.080356 0.205038 0.073542
vn -0.984734 -0.168747 -0.042705
v -0.079234 0.202590 0.067356
vn -0.972152 -0.146843 -0.182642
v -0.079400 0.199634 0.073921
vn -0.984709 -0.174184 -0.002887
v -0.081669 0.215476 0.072464
vn -0.981800 -0.097290 -0.163104
v -0.081920 0.220872 0.071827
vn -0.969326 -0.068225 -0.236120
v -0.081143 0.233524 0.066794
vn -0.924516 -0.094678 -0.369196
v -0.079169 0.236380 0.061396
vn -0.907615 -0.107735 -0.405743
v -0.078508 0.230888 0.061103
vn -0.910473 -0.062796 -0.408773
v -0.080503 0.228148 0.066339
vn -0.932234 -0.059597 -0.356915
v -0.082643 0.229978 0.071818
vn -0.944940 -0.105235 -0.309862
v -0.081880 0.225572 0.070744
vn -0.952767 -0.068407 -0.295898
v -0.083588 0.235646 0.072531
vn -0.941879 -0.107820 -0.318179
v -0.081998 0.239559 0.067249
vn -0.924972 -0.114874 -0.362259
v -0.079913 0.241977 0.061317
vn -0.907130 -0.124524 -0.402006
v -0.078454 0.218282 0.121449
vn -0.820638 -0.544439 0.173608
v 0.004513 0.260697 0.045435
vn 0.922958 0.235381 -0.304539
v 0.003360 0.265550 0.045919
vn 0.921168 0.202417 -0.332382
v 0.006400 0.260603 0.051641
vn 0.933108 0.198241 -0.300016
v 0.005691 0.265701 0.052281
vn 0.932936 0.180799 -0.311354
v 0.008365 0.260425 0.057678
vn 0.941923 0.188394 -0.278009
v 0.002462 0.270687 0.046131
vn 0.923599 0.180939 -0.337972
v 0.004876 0.271898 0.053577
vn 0.929320 0.197477 -0.312036
v 0.008161 0.265455 0.060345
vn 0.946979 0.168023 -0.273859
v 0.007317 0.255664 0.051145
vn 0.935493 0.227464 -0.270393
v 0.005499 0.256092 0.044900
vn 0.923351 0.244071 -0.296400
v 0.008238 0.251381 0.050072
vn 0.934193 0.253305 -0.251237
v 0.009106 0.255541 0.056755
vn 0.938783 0.198344 -0.281686
v 0.009948 0.250888 0.056163
vn 0.941863 0.220514 -0.253511
v 0.002372 0.260427 0.039478
vn 0.910465 0.243237 -0.334498
v 0.002372 0.260427 0.039478
vn 0.821758 0.226270 -0.522987
v 0.003357 0.255974 0.038850
vn 0.786977 0.217221 -0.577479
v 0.006491 0.251606 0.044305
vn 0.916532 0.264980 -0.299591
v 0.003357 0.255974 0.038850
vn 0.912075 0.241413 -0.331419
v 0.004280 0.251446 0.038246
vn 0.750893 0.231179 -0.618640
v 0.001310 0.265077 0.040027
vn 0.912577 0.232027 -0.336699
v 0.000337 0.270076 0.040342
vn 0.920704 0.174552 -0.349049
v 0.001310 0.265077 0.040027
vn 0.851779 0.204257 -0.482444
v -0.000214 0.283678 0.046324
vn 0.934893 0.200985 -0.292542
v 0.001590 0.283947 0.052398
vn 0.930011 0.235329 -0.282311
v 0.002741 0.278949 0.052385
vn 0.927087 0.218643 -0.304475
v 0.001291 0.276595 0.046289
vn 0.927295 0.200926 -0.315836
v 0.003753 0.282034 0.057613
vn 0.924829 0.250337 -0.286398
v 0.005532 0.276371 0.058766
vn 0.930532 0.226171 -0.288023
v -0.001690 0.281063 0.040330
vn 0.931221 0.185593 -0.313660
v -0.001690 0.281063 0.040330
vn 0.905853 0.164011 -0.390551
v -0.000552 0.275344 0.040245
vn 0.886508 0.138522 -0.441492
v -0.000552 0.275344 0.040245
vn 0.926190 0.178210 -0.332286
v 0.000337 0.270076 0.040342
vn 0.869228 0.160801 -0.467532
v -0.002898 0.286856 0.039771
vn 0.938458 0.183456 -0.292644
v -0.002238 0.290083 0.044118
vn 0.940840 0.202682 -0.271552
v -0.004241 0.292359 0.038990
vn 0.941755 0.192239 -0.275939
v -0.002898 0.286856 0.039771
vn 0.906948 0.159148 -0.390022
v -0.000314 0.288939 0.050174
vn 0.939993 0.223690 -0.257634
v 0.001738 0.287638 0.056516
vn 0.929756 0.256675 -0.263956
v 0.007820 0.278986 0.070147
vn 0.951666 0.252623 -0.174680
v 0.009658 0.272613 0.072169
vn 0.965994 0.205686 -0.156681
v 0.007765 0.274555 0.065416
vn 0.949707 0.216498 -0.226240
v 0.006006 0.280252 0.063612
vn 0.938065 0.251637 -0.238145
v 0.011335 0.266066 0.074793
vn 0.974232 0.183432 -0.131246
v 0.009567 0.267982 0.067035
vn 0.960288 0.178686 -0.214285
v 0.007429 0.271115 0.060770
vn 0.943563 0.188910 -0.272032
v 0.005767 0.284988 0.069079
vn 0.940270 0.287917 -0.181647
v 0.004035 0.286128 0.062688
vn 0.930377 0.279137 -0.237658
v 0.007216 0.283778 0.075551
vn 0.950203 0.284613 -0.126925
v 0.009299 0.277177 0.077284
vn 0.966138 0.236213 -0.103829
v 0.011110 0.269729 0.079801
vn 0.978659 0.192471 -0.071988
v 0.011996 0.256911 0.070074
vn 0.966310 0.175690 -0.188091
v 0.010306 0.259054 0.063878
vn 0.955335 0.186382 -0.229339
v 0.010397 0.262350 0.066711
vn 0.959285 0.158977 -0.233449
v 0.011794 0.261473 0.072191
vn 0.972532 0.161817 -0.167324
v 0.013467 0.254776 0.076481
vn 0.980708 0.174213 -0.088670
v 0.012727 0.259878 0.078206
vn 0.985200 0.160310 -0.060676
v 0.012225 0.263923 0.080095
vn 0.985617 0.163593 -0.042384
v 0.013952 0.250304 0.073172
vn 0.972546 0.192661 -0.130525
v 0.012053 0.253342 0.066588
vn 0.960143 0.194948 -0.200302
v 0.013563 0.247385 0.068069
vn 0.962603 0.190935 -0.192196
v 0.015548 0.243510 0.075297
vn 0.984184 0.159648 -0.076769
v 0.010399 0.255832 0.061428
vn 0.949858 0.194583 -0.244758
v 0.011426 0.251063 0.061812
vn 0.952318 0.194841 -0.234793
v 0.007528 0.230049 0.113885
vn 0.932899 -0.136206 0.333389
v 0.006275 0.224569 0.114741
vn 0.892754 -0.162357 0.420275
v 0.008851 0.229435 0.110206
vn 0.923231 -0.059752 0.379570
v 0.007898 0.223658 0.111215
vn 0.882585 -0.101361 0.459096
v 0.010512 0.228679 0.106436
vn 0.920602 -0.007596 0.390428
v 0.004638 0.219166 0.115648
vn 0.848459 -0.207490 0.486894
v 0.006434 0.217834 0.112255
vn 0.842784 -0.178355 0.507843
v 0.009730 0.222535 0.107644
vn 0.896606 -0.083357 0.434914
v 0.009407 0.235228 0.109464
vn 0.955833 -0.052837 0.289123
v 0.008433 0.235454 0.113256
vn 0.966067 -0.146775 0.212538
v 0.010780 0.234812 0.105380
vn 0.942892 0.014677 0.332774
v 0.006402 0.230510 0.117459
vn 0.939841 -0.243775 0.239315
v 0.007827 0.235488 0.117003
vn 0.960779 -0.261162 0.093261
v 0.005786 0.230600 0.121193
vn 0.936337 -0.331675 0.115172
v 0.007635 0.235225 0.120879
vn 0.944192 -0.328895 -0.018133
v 0.004875 0.225421 0.118185
vn 0.902023 -0.234446 0.362476
v 0.003119 0.220350 0.119029
vn 0.857624 -0.260986 0.443133
v 0.003854 0.225972 0.121685
vn 0.913645 -0.311945 0.260660
v 0.001877 0.221393 0.122369
vn 0.871523 -0.308883 0.380839
v -0.000132 0.208858 0.117474
vn 0.738408 -0.346859 0.578310
v 0.001438 0.206588 0.114214
vn 0.742313 -0.327076 0.584801
v 0.004242 0.212145 0.113195
vn 0.798947 -0.259681 0.542448
v 0.002583 0.213938 0.116542
vn 0.799003 -0.278052 0.533181
v 0.003009 0.204170 0.110824
vn 0.753447 -0.313676 0.577862
v 0.005902 0.210069 0.109789
vn 0.811405 -0.250876 0.527904
v 0.008192 0.216285 0.108751
vn 0.860544 -0.178284 0.477158
v -0.001682 0.210824 0.120727
vn 0.739522 -0.381127 0.554841
v 0.000978 0.215453 0.119893
vn 0.805066 -0.313333 0.503678
v -0.003105 0.212530 0.123956
vn 0.751483 -0.397116 0.526851
v -0.000440 0.216876 0.123179
vn 0.815634 -0.338702 0.469066
v -0.004922 0.206465 0.121546
vn 0.669015 -0.439241 0.599571
v -0.003527 0.204038 0.118366
vn 0.667953 -0.403125 0.625563
v -0.008645 0.202449 0.122299
vn 0.585239 -0.489665 0.646315
v -0.006264 0.208563 0.124689
vn 0.670855 -0.463586 0.578828
v -0.009855 0.204902 0.125513
vn 0.585467 -0.533470 0.610441
v -0.001994 0.201437 0.115142
vn 0.678009 -0.375566 0.631866
v -0.007269 0.199668 0.119193
vn 0.593524 -0.434148 0.677675
v -0.005799 0.196692 0.116069
vn 0.610871 -0.419548 0.671428
v -0.000402 0.198583 0.111780
vn 0.691411 -0.368659 0.621322
v 0.006098 0.199308 0.103966
vn 0.789494 -0.289022 0.541447
v 0.008918 0.205898 0.102870
vn 0.853721 -0.228875 0.467736
v 0.004617 0.201697 0.107389
vn 0.770149 -0.306365 0.559474
v 0.007528 0.207949 0.106258
vn 0.831662 -0.239591 0.500934
v 0.011115 0.212936 0.101436
vn 0.904672 -0.165150 0.392803
v 0.009790 0.214516 0.105020
vn 0.883501 -0.171545 0.435887
v 0.001077 0.195823 0.108433
vn 0.702590 -0.352917 0.617913
v 0.002615 0.192855 0.105145
vn 0.713884 -0.315962 0.624930
v -0.003033 0.190404 0.109546
vn 0.621729 -0.386090 0.681460
v -0.004390 0.193688 0.112784
vn 0.620852 -0.422791 0.660144
v 0.007431 0.197007 0.100731
vn 0.802730 -0.249645 0.541573
v 0.004034 0.190019 0.102234
vn 0.732587 -0.322846 0.599239
v 0.008746 0.195030 0.098037
vn 0.820131 -0.252358 0.513518
v -0.001757 0.186690 0.106429
vn 0.632430 -0.373585 0.678577
v -0.000283 0.182946 0.102707
vn 0.651962 -0.394215 0.647719
v 0.005594 0.186566 0.098043
vn 0.745070 -0.297017 0.597203
v 0.010123 0.204131 0.099672
vn 0.868130 -0.213508 0.448068
v 0.011937 0.210824 0.098442
vn 0.917036 -0.151108 0.369067
v 0.010987 0.202094 0.096971
vn 0.870480 -0.180126 0.458060
v 0.012750 0.208645 0.095567
vn 0.918947 -0.130775 0.372068
v 0.013396 0.226852 0.098157
vn 0.957341 -0.001266 0.288959
v 0.012119 0.227795 0.102384
vn 0.943328 -0.005598 0.331815
v 0.011319 0.221217 0.103746
vn 0.922576 -0.082533 0.376884
v 0.012714 0.219876 0.099867
vn 0.938662 -0.077162 0.336095
v 0.014548 0.224946 0.094283
vn 0.966379 -0.006907 0.257028
v 0.013583 0.217804 0.096544
vn 0.950158 -0.089216 0.298732
v 0.015263 0.222144 0.091154
vn 0.972432 -0.025233 0.231817
v 0.014219 0.215395 0.093677
vn 0.951515 -0.083039 0.296183
v 0.015054 0.232475 0.091554
vn 0.975008 0.043073 0.217953
v 0.013763 0.233953 0.096418
vn 0.964284 0.042611 0.261421
v 0.015960 0.229126 0.087871
vn 0.982096 0.032495 0.185557
v 0.016187 0.237853 0.083426
vn 0.990738 0.096253 0.095778
v 0.012335 0.234385 0.101062
vn 0.949393 0.043291 0.311094
v -0.016189 0.192519 0.120602
vn 0.387615 -0.513982 0.765230
v -0.021256 0.189884 0.120980
vn 0.285635 -0.540646 0.791274
v -0.015140 0.188829 0.117638
vn 0.408662 -0.508898 0.757640
v -0.020518 0.185989 0.118082
vn 0.293381 -0.534347 0.792718
v -0.014246 0.185096 0.114694
vn 0.421801 -0.492645 0.761173
v -0.026634 0.187945 0.121226
vn 0.178565 -0.553876 0.813226
v -0.026334 0.183776 0.118362
vn 0.185951 -0.537812 0.822302
v -0.019988 0.181956 0.115165
vn 0.307611 -0.518511 0.797823
v -0.010140 0.192462 0.116978
vn 0.518905 -0.477965 0.708722
v -0.011455 0.195777 0.120042
vn 0.496158 -0.472033 0.728706
v -0.009086 0.189086 0.113739
vn 0.535188 -0.457823 0.709910
v -0.017330 0.196014 0.123522
vn 0.383501 -0.539092 0.749871
v -0.012802 0.198936 0.122973
vn 0.485430 -0.515677 0.705999
v -0.018367 0.199167 0.126525
vn 0.388246 -0.610757 0.690102
v -0.013939 0.201766 0.126098
vn 0.482419 -0.586929 0.650221
v -0.022073 0.193662 0.123907
vn 0.286832 -0.562971 0.775107
v -0.026607 0.191727 0.123773
vn 0.189337 -0.581215 0.791417
v -0.022532 0.196917 0.126542
vn 0.302202 -0.622412 0.721995
v -0.026744 0.195032 0.126395
vn 0.212522 -0.634857 0.742827
v -0.037879 0.185282 0.120139
vn -0.083280 -0.575736 0.813383
v -0.037750 0.181074 0.117312
vn -0.101184 -0.547729 0.830515
v -0.032301 0.182277 0.118267
vn 0.054971 -0.539208 0.840377
v -0.032402 0.186647 0.121107
vn 0.063168 -0.563743 0.823531
v -0.038025 0.176676 0.114344
vn -0.120603 -0.554408 0.823460
v -0.032233 0.177691 0.115396
vn 0.043906 -0.541175 0.839763
v -0.026005 0.179379 0.115520
vn 0.198805 -0.523241 0.828671
v -0.037406 0.189503 0.123282
vn -0.023792 -0.622562 0.782209
v -0.031767 0.190440 0.123703
vn 0.087991 -0.596490 0.797783
v -0.035497 0.193333 0.126341
vn 0.048134 -0.678782 0.732761
v -0.030694 0.193492 0.126023
vn 0.127446 -0.646589 0.752117
v -0.042902 0.188013 0.121274
vn -0.182359 -0.637741 0.748352
v -0.043081 0.183767 0.117924
vn -0.229675 -0.567708 0.790543
v -0.048253 0.186345 0.118046
vn -0.331282 -0.595618 0.731773
v -0.042252 0.192807 0.125934
vn -0.073252 -0.725755 0.684043
v -0.047983 0.190464 0.121927
vn -0.264239 -0.698085 0.665474
v -0.042287 0.179750 0.115492
vn -0.230624 -0.540990 0.808791
v -0.048062 0.180996 0.114176
vn -0.352841 -0.524534 0.774833
v -0.043998 0.176407 0.112703
vn -0.253561 -0.537361 0.804332
v -0.039432 0.166948 0.107205
vn -0.148489 -0.570712 0.807613
v -0.032566 0.168051 0.108778
vn 0.017067 -0.580713 0.813930
v -0.038996 0.172044 0.111049
vn -0.140611 -0.571244 0.808646
v -0.032376 0.172940 0.112293
vn 0.028896 -0.568249 0.822349
v -0.025618 0.170277 0.109383
vn 0.187155 -0.563668 0.804519
v -0.025831 0.174884 0.112629
vn 0.198651 -0.539515 0.818206
v -0.045015 0.171387 0.109004
vn -0.260936 -0.556252 0.788984
v -0.045794 0.166338 0.105074
vn -0.259973 -0.531822 0.805965
v -0.051085 0.171212 0.106374
vn -0.384331 -0.516619 0.765111
v -0.049886 0.175853 0.110108
vn -0.378613 -0.504294 0.776106
v -0.039833 0.161845 0.103718
vn -0.123840 -0.565142 0.815646
v -0.046761 0.160990 0.101635
vn -0.253880 -0.510187 0.821738
v -0.040118 0.156762 0.100133
vn -0.095092 -0.526157 0.845054
v -0.052096 0.166134 0.102505
vn -0.403115 -0.485349 0.775844
v -0.053428 0.161139 0.098827
vn -0.446481 -0.458277 0.768529
v -0.048039 0.155064 0.097586
vn -0.271627 -0.485314 0.831077
v -0.032525 0.163011 0.105290
vn 0.014623 -0.592183 0.805671
v -0.025367 0.165455 0.105908
vn 0.162037 -0.553710 0.816792
v -0.032563 0.158415 0.101483
vn 0.014391 -0.574157 0.818618
v -0.025296 0.160602 0.102466
vn 0.134443 -0.577868 0.804981
v -0.012677 0.176962 0.108619
vn 0.432432 -0.509731 0.743759
v -0.013371 0.181182 0.111679
vn 0.416553 -0.481511 0.771123
v -0.019493 0.177669 0.112256
vn 0.319854 -0.508021 0.799755
v -0.018999 0.173217 0.109236
vn 0.330534 -0.525148 0.784198
v -0.012141 0.172707 0.105184
vn 0.442938 -0.486121 0.753321
v -0.018612 0.168698 0.106078
vn 0.325946 -0.496074 0.804779
v -0.011755 0.167783 0.102044
vn 0.427910 -0.436069 0.791667
v -0.018361 0.163545 0.103181
vn 0.295301 -0.516602 0.803691
v -0.005886 0.177272 0.104040
vn 0.540525 -0.457242 0.706231
v -0.006894 0.181268 0.107776
vn 0.544704 -0.446837 0.709672
v -0.005213 0.172470 0.100752
vn 0.503146 -0.398628 0.766772
v 0.000446 0.178174 0.099394
vn 0.620723 -0.339170 0.706871
v -0.007933 0.185384 0.110698
vn 0.533085 -0.419228 0.734894
v -0.057367 0.191023 0.116353
vn -0.539332 -0.633606 0.554675
v -0.061361 0.193752 0.115068
vn -0.628118 -0.620779 0.469149
v -0.061519 0.190384 0.111004
vn -0.655990 -0.527220 0.540108
v -0.057678 0.187418 0.112456
vn -0.580717 -0.526045 0.621325
v -0.062136 0.186666 0.107214
vn -0.683949 -0.439140 0.582555
v -0.065060 0.196803 0.113685
vn -0.700735 -0.596349 0.391584
v -0.065047 0.193758 0.109719
vn -0.722327 -0.516474 0.459890
v -0.065538 0.190278 0.105673
vn -0.747834 -0.434851 0.501645
v -0.053029 0.188852 0.117587
vn -0.437608 -0.622049 0.649272
v -0.053386 0.184424 0.113631
vn -0.476034 -0.525719 0.704990
v -0.058383 0.183379 0.108859
vn -0.612315 -0.438183 0.658078
v -0.054224 0.179993 0.110134
vn -0.500425 -0.461935 0.732250
v -0.052961 0.192300 0.121494
vn -0.378714 -0.727501 0.572117
v -0.057522 0.194200 0.120390
vn -0.497795 -0.716714 0.488387
v -0.053469 0.195204 0.125337
vn -0.344267 -0.799186 0.492729
v -0.048341 0.193997 0.126205
vn -0.199516 -0.791796 0.577281
v -0.061699 0.196653 0.119076
vn -0.600995 -0.687566 0.407502
v -0.058144 0.197008 0.124272
vn -0.475524 -0.773006 0.419928
v -0.062388 0.199387 0.123048
vn -0.584979 -0.731774 0.349722
v -0.065471 0.199569 0.117772
vn -0.685653 -0.645367 0.336723
v -0.071503 0.203805 0.111082
vn -0.794582 -0.537837 0.281727
v -0.071329 0.201180 0.106863
vn -0.806073 -0.498687 0.318680
v -0.068431 0.200208 0.112305
vn -0.755917 -0.567213 0.326893
v -0.068301 0.197328 0.108225
vn -0.774479 -0.504206 0.382046
v -0.071509 0.198404 0.102639
vn -0.827970 -0.437880 0.350324
v -0.068569 0.194220 0.104167
vn -0.798891 -0.430519 0.420031
v -0.068841 0.202900 0.116522
vn -0.749909 -0.597294 0.284389
v -0.071868 0.206424 0.115280
vn -0.790084 -0.559779 0.249830
v -0.069476 0.205457 0.120605
vn -0.752272 -0.614697 0.237138
v -0.066133 0.202215 0.121898
vn -0.678947 -0.676514 0.285237
v -0.074358 0.207686 0.109944
vn -0.820801 -0.516317 0.244342
v -0.074768 0.210109 0.114133
vn -0.810671 -0.541708 0.222182
v -0.072496 0.208983 0.119356
vn -0.790037 -0.574134 0.214968
v -0.075270 0.212525 0.118297
vn -0.809454 -0.550867 0.203300
v -0.074125 0.205093 0.105710
vn -0.834590 -0.483336 0.264283
v -0.074207 0.202585 0.101341
vn -0.852034 -0.435730 0.290135
v -0.072381 0.192518 0.094566
vn -0.866554 -0.332973 0.371770
v -0.069695 0.187909 0.096466
vn -0.842077 -0.340353 0.418409
v -0.069129 0.191068 0.100223
vn -0.823467 -0.370872 0.429367
v -0.071865 0.195526 0.098543
vn -0.850571 -0.374955 0.368697
v -0.066718 0.183149 0.098428
vn -0.805430 -0.337921 0.486921
v -0.066202 0.186819 0.101968
vn -0.777053 -0.379311 0.502306
v -0.074837 0.197131 0.092728
vn -0.889938 -0.326737 0.318204
v -0.074420 0.199958 0.097002
vn -0.870691 -0.385026 0.306026
v -0.075339 0.194204 0.088571
vn -0.907260 -0.284763 0.309499
v -0.072782 0.189380 0.090883
vn -0.874959 -0.309404 0.372446
v -0.075556 0.190535 0.084897
vn -0.917891 -0.251746 0.306757
v -0.077982 0.195816 0.080936
vn -0.958614 -0.218729 0.182257
v -0.070030 0.184482 0.092972
vn -0.856926 -0.297746 0.420744
v -0.073048 0.186071 0.087640
vn -0.882433 -0.262288 0.390535
v -0.070599 0.181143 0.089789
vn -0.860609 -0.253192 0.441866
v -0.067453 0.179526 0.094846
vn -0.824129 -0.302240 0.479022
v -0.060286 0.174486 0.101505
vn -0.663342 -0.396028 0.634932
v -0.059284 0.178962 0.105331
vn -0.639108 -0.404276 0.654295
v -0.063586 0.178528 0.100068
vn -0.745730 -0.353323 0.564845
v -0.062844 0.182676 0.103642
vn -0.717679 -0.382888 0.581664
v -0.064480 0.175072 0.096742
vn -0.766270 -0.333360 0.549273
v -0.061305 0.170787 0.098068
vn -0.681837 -0.389877 0.618946
v -0.065565 0.172145 0.093513
vn -0.776150 -0.313315 0.547198
v -0.068158 0.176521 0.091627
vn -0.829962 -0.270467 0.487864
v -0.056489 0.170786 0.102724
vn -0.546699 -0.453961 0.703590
v -0.057601 0.166192 0.098785
vn -0.581809 -0.435083 0.687169
v -0.062574 0.167509 0.094551
vn -0.700504 -0.376581 0.606202
v -0.059212 0.162639 0.095055
vn -0.629286 -0.399493 0.666636
v -0.055417 0.175247 0.106327
vn -0.527261 -0.454600 0.717868
v -0.011051 0.207039 0.128617
vn 0.586480 -0.543804 0.600265
v -0.040416 0.198836 0.133990
vn 0.074869 -0.845807 0.528210
v -0.034596 0.199361 0.133534
vn 0.102111 -0.821948 0.560335
v -0.045807 0.198450 0.134014
vn -0.027069 -0.878346 0.477258
v -0.051039 0.198703 0.133720
vn -0.184092 -0.893171 0.410311
v -0.044235 0.196293 0.130165
vn -0.022697 -0.828719 0.559204
v -0.038314 0.196399 0.129867
vn 0.067745 -0.786782 0.613502
v -0.049597 0.196587 0.129828
vn -0.168130 -0.862696 0.476957
v -0.031713 0.196618 0.129151
vn 0.118515 -0.727401 0.675901
v -0.018942 0.201767 0.129445
vn 0.402524 -0.646876 0.647708
v -0.023275 0.199645 0.129590
vn 0.324352 -0.667825 0.669930
v -0.026750 0.197756 0.128998
vn 0.233562 -0.678037 0.696932
v -0.015014 0.204168 0.129257
vn 0.497153 -0.604398 0.622528
v -0.075864 0.214790 0.122344
vn -0.811121 -0.554041 0.187405
v -0.073189 0.211319 0.123399
vn -0.797083 -0.571057 0.196348
v -0.070329 0.207870 0.124587
vn -0.766314 -0.607381 0.209406
v -0.067078 0.204623 0.125916
vn -0.680256 -0.696103 0.229546
v -0.060627 0.201462 0.132167
vn -0.483701 -0.838403 0.251224
v -0.064726 0.203876 0.131055
vn -0.583395 -0.785969 0.204701
v -0.063329 0.201808 0.127093
vn -0.581406 -0.771369 0.258759
v -0.059178 0.199448 0.128112
vn -0.464164 -0.825122 0.322065
v -0.056021 0.199709 0.133022
vn -0.340983 -0.881323 0.327108
v -0.054590 0.197679 0.129109
vn -0.325890 -0.857620 0.397848
v 0.014016 0.222922 0.038900
vn 0.906980 0.273862 -0.319979
v 0.011948 0.229344 0.038680
vn 0.881649 0.302166 -0.362478
v 0.015503 0.227139 0.046942
vn 0.925156 0.295404 -0.238374
v 0.017467 0.220987 0.046987
vn 0.926674 0.285131 -0.244898
v 0.017422 0.224427 0.054288
vn 0.949702 0.293383 -0.109511
v 0.010488 0.234299 0.039467
vn 0.847534 0.280070 -0.450830
v 0.013336 0.233361 0.046687
vn 0.921772 0.304025 -0.240635
v 0.015696 0.230319 0.054309
vn 0.947607 0.294895 -0.122792
v 0.015858 0.216367 0.038921
vn 0.904902 0.258051 -0.338469
v 0.019184 0.214958 0.046566
vn 0.924232 0.274978 -0.264920
v 0.017419 0.210133 0.038671
vn 0.887094 0.280971 -0.366224
v 0.019271 0.218685 0.054001
vn 0.951919 0.288447 -0.103195
v 0.020869 0.212767 0.052781
vn 0.960156 0.259359 -0.104084
v 0.020678 0.208572 0.045046
vn 0.920628 0.277206 -0.274955
v 0.014016 0.222922 0.038900
vn 0.727685 0.185101 -0.660464
v 0.015858 0.216367 0.038921
vn 0.712387 0.212687 -0.668782
v 0.008660 0.217533 0.031718
vn 0.540562 0.150109 -0.827804
v 0.008220 0.224254 0.032685
vn 0.599207 0.197934 -0.775740
v 0.017419 0.210133 0.038671
vn 0.685644 0.258271 -0.680579
v 0.010679 0.210422 0.031390
vn 0.521066 0.162884 -0.837830
v 0.011948 0.229344 0.038680
vn 0.716161 0.219823 -0.662414
v 0.006582 0.228794 0.032960
vn 0.576006 0.194595 -0.793946
v 0.006928 0.233094 0.034259
vn 0.590538 0.176309 -0.787515
v 0.008814 0.243035 0.042450
vn 0.892956 0.310608 -0.325810
v 0.009650 0.243800 0.047371
vn 0.923714 0.316671 -0.215573
v 0.011533 0.239440 0.047801
vn 0.921738 0.328302 -0.206437
v 0.010113 0.238443 0.041543
vn 0.882126 0.292506 -0.369180
v 0.011631 0.242365 0.053884
vn 0.938015 0.288248 -0.192462
v 0.013890 0.236075 0.054604
vn 0.943188 0.298821 -0.145268
v 0.006104 0.242395 0.036521
vn 0.854329 0.265805 -0.446621
v 0.006104 0.242395 0.036521
vn 0.666738 0.218077 -0.712673
v 0.006838 0.237654 0.035528
vn 0.606330 0.200604 -0.769495
v 0.006838 0.237654 0.035528
vn 0.819837 0.243062 -0.518447
v 0.005265 0.247001 0.037419
vn 0.879685 0.274366 -0.388430
v 0.007582 0.247341 0.043239
vn 0.907041 0.294390 -0.301017
v 0.004280 0.251446 0.038246
vn 0.898307 0.269054 -0.347355
v 0.005265 0.247001 0.037419
vn 0.710701 0.243055 -0.660173
v 0.009050 0.247310 0.048835
vn 0.934017 0.267336 -0.236945
v 0.010311 0.247259 0.054174
vn 0.941759 0.248602 -0.226466
v 0.015916 0.235414 0.068481
vn 0.973106 0.192673 -0.126261
v 0.017052 0.229806 0.067763
vn 0.978119 0.196586 -0.068101
v 0.015559 0.232824 0.061586
vn 0.959839 0.258888 -0.108102
v 0.014051 0.238884 0.061514
vn 0.957372 0.238067 -0.163592
v 0.018038 0.224346 0.066949
vn 0.978664 0.205446 0.002920
v 0.017118 0.227314 0.060976
vn 0.961973 0.264822 -0.066907
v 0.014859 0.241258 0.068389
vn 0.968439 0.184369 -0.167733
v 0.012339 0.245429 0.060685
vn 0.952382 0.217745 -0.213439
v 0.016450 0.237180 0.075375
vn 0.989494 0.137455 -0.044810
v 0.017222 0.231262 0.074276
vn 0.992620 0.120428 -0.014262
v 0.016906 0.231475 0.081036
vn 0.993617 0.067382 0.090467
v 0.017735 0.225769 0.073091
vn 0.992207 0.118934 0.037147
v 0.017278 0.226082 0.079272
vn 0.993635 0.049076 0.101395
v 0.017769 0.221137 0.077617
vn 0.986090 0.089001 0.140377
v 0.018570 0.220424 0.071949
vn 0.983608 0.155831 0.090729
v 0.020674 0.212958 0.065509
vn 0.976628 0.191505 0.097588
v 0.020336 0.215943 0.060125
vn 0.968021 0.250849 0.003188
v 0.019314 0.218746 0.066098
vn 0.973795 0.219430 0.059780
v 0.018701 0.221753 0.060391
vn 0.961983 0.271895 -0.025712
v 0.019552 0.215080 0.070938
vn 0.977499 0.156548 0.141381
v 0.020643 0.209520 0.069447
vn 0.975271 0.130030 0.178713
v 0.019276 0.211046 0.075172
vn 0.973116 0.097352 0.208730
v 0.018525 0.216228 0.076282
vn 0.978487 0.106631 0.176615
v 0.021860 0.207085 0.063637
vn 0.979009 0.166402 0.117693
v 0.021705 0.203575 0.067921
vn 0.969018 0.138361 0.204600
v 0.023135 0.200890 0.062289
vn 0.974990 0.183226 0.125792
v 0.020138 0.205669 0.073352
vn 0.968636 0.093843 0.230082
v 0.021037 0.200198 0.071947
vn 0.956015 0.078704 0.282563
v 0.022978 0.197637 0.066607
vn 0.959642 0.151302 0.237053
v 0.021776 0.210032 0.058488
vn 0.977072 0.212102 0.018538
v 0.023073 0.203790 0.057142
vn 0.980153 0.196691 0.024760
v 0.022307 0.206548 0.051490
vn 0.967967 0.229817 -0.101118
v 0.020278 0.196382 0.034821
vn 0.895668 0.251712 -0.366633
v 0.023586 0.195274 0.042126
vn 0.934070 0.236833 -0.267251
v 0.021667 0.189272 0.034001
vn 0.894522 0.223695 -0.387029
v 0.024962 0.188498 0.041019
vn 0.939169 0.213738 -0.268847
v 0.022983 0.182123 0.033207
vn 0.898052 0.175142 -0.403519
v 0.024931 0.193359 0.048846
vn 0.974840 0.203510 -0.090945
v 0.026098 0.186679 0.047719
vn 0.982107 0.173290 -0.073732
v 0.026267 0.181481 0.040220
vn 0.944438 0.174009 -0.278850
v 0.020278 0.196382 0.034821
vn 0.601069 0.229894 -0.765418
v 0.021667 0.189272 0.034001
vn 0.592302 0.190025 -0.782987
v 0.015630 0.188948 0.029270
vn 0.380022 0.146682 -0.913273
v 0.014266 0.196200 0.029994
vn 0.403720 0.193798 -0.894121
v 0.007220 0.188878 0.027859
vn 0.055765 0.061086 -0.996574
v 0.022983 0.182123 0.033207
vn 0.583600 0.117111 -0.803552
v 0.017000 0.181600 0.028725
vn 0.367049 0.099302 -0.924886
v 0.008522 0.181559 0.027548
vn 0.033927 0.042722 -0.998511
v 0.018848 0.203283 0.036381
vn 0.605222 0.308059 -0.734034
v 0.012134 0.203481 0.030832
vn 0.445160 0.217672 -0.868592
v 0.005629 0.195998 0.028175
vn 0.083053 0.084678 -0.992941
v 0.002568 0.203465 0.028586
vn 0.109077 0.062890 -0.992042
v 0.018848 0.203283 0.036381
vn 0.886965 0.284012 -0.364185
v 0.022111 0.202082 0.043555
vn 0.928563 0.257463 -0.267364
v 0.023609 0.199984 0.050013
vn 0.971563 0.217094 -0.094529
v 0.025700 0.188449 0.059838
vn 0.984516 0.131833 0.115539
v 0.026553 0.181983 0.058720
vn 0.985619 0.136265 0.099938
v 0.026561 0.184429 0.053535
vn 0.989654 0.142050 0.020164
v 0.025702 0.191104 0.054689
vn 0.986042 0.166210 0.009796
v 0.027582 0.175557 0.057993
vn 0.986118 0.115976 0.118830
v 0.027650 0.177729 0.052774
vn 0.986458 0.160676 0.032906
v 0.027229 0.179787 0.046957
vn 0.982926 0.172775 -0.063290
v 0.024559 0.194681 0.061004
vn 0.976186 0.177411 0.124844
v 0.024393 0.197459 0.055850
vn 0.979332 0.201700 0.015002
v 0.024134 0.191906 0.065764
vn 0.957948 0.136149 0.252586
v 0.025271 0.185681 0.064399
vn 0.964289 0.118936 0.236646
v 0.023008 0.189085 0.069802
vn 0.920661 0.095051 0.378615
v 0.021928 0.194702 0.070774
vn 0.929903 0.097174 0.354737
v 0.026334 0.179447 0.063437
vn 0.967842 0.111749 0.225374
v 0.024177 0.183062 0.068443
vn 0.917427 0.087738 0.388110
v 0.025187 0.177001 0.067432
vn 0.912676 0.033253 0.407328
v 0.027044 0.173308 0.062556
vn 0.966302 0.028671 0.255811
v 0.028391 0.162698 0.056186
vn 0.979207 0.010998 0.202567
v 0.029148 0.164479 0.051360
vn 0.994433 0.040815 0.097147
v 0.028188 0.169135 0.057171
vn 0.985361 0.032213 0.167408
v 0.028733 0.171113 0.052127
vn 0.992441 0.105366 0.062917
v 0.029379 0.166006 0.045556
vn 0.994310 0.090338 -0.056448
v 0.028499 0.172884 0.046146
vn 0.985117 0.156429 -0.071238
v 0.027210 0.166944 0.061361
vn 0.956386 -0.032481 0.290294
v 0.027279 0.160649 0.060305
vn 0.949300 -0.013344 0.314088
v 0.025722 0.164778 0.064880
vn 0.906140 -0.070207 0.417110
v 0.025573 0.170871 0.066268
vn 0.909177 -0.044800 0.413993
v 0.028745 0.156264 0.055422
vn 0.978857 0.005778 0.204464
v 0.027611 0.154492 0.059604
vn 0.942868 -0.015287 0.332815
v 0.028825 0.150712 0.054714
vn 0.983029 0.003154 0.183421
v 0.025822 0.158639 0.063768
vn 0.899391 -0.041286 0.435191
v 0.025990 0.152706 0.062914
vn 0.888009 -0.062339 0.455581
v 0.027732 0.149206 0.058673
vn 0.930432 -0.009860 0.366333
v 0.029502 0.157926 0.050529
vn 0.994908 0.004791 0.100672
v 0.029771 0.158857 0.044650
vn 0.999273 0.019697 -0.032652
v 0.029266 0.152547 0.050824
vn 0.995561 -0.013043 0.093208
v 0.029554 0.152035 0.045534
vn 0.999779 -0.021026 0.000630
v 0.024542 0.167258 0.032456
vn 0.860450 0.125727 -0.493780
v 0.023715 0.174813 0.032942
vn 0.878663 0.139112 -0.456726
v 0.027366 0.174271 0.039363
vn 0.935027 0.160879 -0.315977
v 0.028305 0.167001 0.038850
vn 0.933383 0.124615 -0.336552
v 0.025247 0.159455 0.032000
vn 0.855466 0.112905 -0.505402
v 0.028944 0.159465 0.038220
vn 0.948454 0.070274 -0.309026
v 0.026805 0.151476 0.032779
vn 0.910083 0.041895 -0.412303
v 0.029163 0.151773 0.039014
vn 0.980362 -0.017646 -0.196416
v 0.024542 0.167258 0.032456
vn 0.507101 0.084646 -0.857720
v 0.025247 0.159455 0.032000
vn 0.515526 0.083485 -0.852797
v 0.019511 0.159699 0.028924
vn 0.353494 0.056038 -0.933757
v 0.018562 0.166684 0.028714
vn 0.388437 0.053048 -0.919947
v 0.013233 0.160059 0.027194
vn 0.097826 0.004879 -0.995192
v 0.026805 0.151476 0.032779
vn 0.670069 -0.004491 -0.742285
v 0.021080 0.150945 0.028562
vn 0.396039 0.063192 -0.916057
v 0.012916 0.151150 0.027246
vn 0.022920 0.008909 -0.999698
v 0.023715 0.174813 0.032942
vn 0.558940 0.084517 -0.824890
v 0.017870 0.174216 0.028733
vn 0.375930 0.050869 -0.925251
v 0.011020 0.166527 0.027206
vn 0.038449 0.018606 -0.999087
v 0.009695 0.174120 0.027401
vn 0.034204 0.021959 -0.999174
v 0.016294 0.214756 0.086345
vn 0.964382 0.010955 0.264285
v 0.015485 0.209202 0.088789
vn 0.936896 -0.040434 0.347263
v 0.016923 0.211068 0.084486
vn 0.958702 0.020538 0.283669
v 0.016149 0.205995 0.086741
vn 0.932598 -0.035040 0.359212
v 0.017500 0.207143 0.082802
vn 0.952451 0.017058 0.304213
v 0.014268 0.203767 0.090561
vn 0.902667 -0.082325 0.422391
v 0.015217 0.201013 0.088225
vn 0.902696 -0.096526 0.419311
v 0.016642 0.202789 0.084943
vn 0.936293 -0.040921 0.348827
v 0.017491 0.216112 0.081430
vn 0.974095 0.062136 0.217433
v 0.016845 0.220622 0.083192
vn 0.982192 0.030275 0.185423
v 0.018107 0.211767 0.079862
vn 0.968492 0.063134 0.240908
v 0.015753 0.218528 0.088567
vn 0.972310 -0.020973 0.232753
v 0.016481 0.224830 0.085297
vn 0.985753 0.009429 0.167936
v 0.014819 0.212596 0.091062
vn 0.946068 -0.058335 0.318672
v 0.013529 0.206409 0.093009
vn 0.912118 -0.109473 0.395039
v 0.012082 0.192075 0.090709
vn 0.857399 -0.201261 0.473667
v 0.013672 0.190933 0.087178
vn 0.878510 -0.130047 0.459683
v 0.014454 0.196217 0.087675
vn 0.890730 -0.200185 0.408076
v 0.013122 0.197716 0.091786
vn 0.874300 -0.177032 0.451951
v 0.015418 0.193477 0.084415
vn 0.895566 -0.120228 0.428378
v 0.015889 0.197029 0.084735
vn 0.911464 -0.202911 0.357855
v 0.015991 0.199260 0.086493
vn 0.916149 -0.151944 0.370923
v 0.010183 0.192978 0.094349
vn 0.823339 -0.241170 0.513761
v 0.011951 0.199916 0.094366
vn 0.868445 -0.164828 0.467585
v 0.009207 0.186610 0.093211
vn 0.790255 -0.204592 0.577615
v 0.011933 0.186732 0.089270
vn 0.831775 -0.132713 0.539015
v 0.010224 0.181342 0.090389
vn 0.769611 -0.156490 0.619040
v 0.005917 0.178803 0.094511
vn 0.692606 -0.244031 0.678782
v 0.013788 0.186888 0.086280
vn 0.854240 -0.069312 0.515237
v 0.015251 0.189171 0.083960
vn 0.871378 -0.050076 0.488049
v 0.013237 0.182472 0.086554
vn 0.817362 -0.097871 0.567750
v 0.015379 0.184267 0.083451
vn 0.844925 -0.041240 0.533293
v 0.018243 0.198681 0.079534
vn 0.916257 -0.097158 0.388630
v 0.017981 0.203036 0.081578
vn 0.937238 -0.032361 0.347184
v 0.017023 0.199473 0.083052
vn 0.933290 -0.129975 0.334777
v 0.016830 0.195918 0.081998
vn 0.903385 -0.107804 0.415060
v 0.018415 0.194288 0.078612
vn 0.892027 -0.021860 0.451454
v 0.016841 0.191601 0.081230
vn 0.876786 -0.040043 0.479211
v 0.018934 0.189271 0.077612
vn 0.867536 0.014646 0.497158
v 0.017158 0.186726 0.080610
vn 0.854938 -0.005209 0.518704
v 0.019834 0.197155 0.075570
vn 0.927126 -0.000746 0.374749
v 0.019470 0.201998 0.077654
vn 0.954184 0.011057 0.299015
v 0.020622 0.191860 0.074360
vn 0.898588 0.050706 0.435853
v 0.018783 0.206983 0.078595
vn 0.962180 0.068028 0.263785
v -0.011379 0.156487 0.095850
vn 0.333023 -0.428414 0.839975
v -0.017879 0.153101 0.096181
vn 0.229465 -0.444858 0.865706
v -0.011243 0.150770 0.093000
vn 0.326757 -0.379739 0.865464
v -0.017270 0.147456 0.093421
vn 0.214741 -0.370041 0.903856
v -0.010641 0.144858 0.090545
vn 0.332371 -0.297231 0.895088
v -0.024339 0.149943 0.095913
vn 0.115065 -0.450589 0.885285
v -0.023437 0.144350 0.093221
vn 0.090866 -0.369176 0.924907
v -0.016366 0.141545 0.091153
vn 0.209409 -0.278413 0.937355
v -0.005444 0.154109 0.091935
vn 0.426821 -0.390055 0.815893
v -0.005266 0.160181 0.094897
vn 0.428698 -0.399615 0.810263
v -0.000111 0.157265 0.090334
vn 0.513209 -0.379835 0.769637
v -0.005307 0.148131 0.089218
vn 0.440251 -0.318767 0.839385
v -0.000299 0.151264 0.087520
vn 0.511785 -0.342976 0.787682
v -0.011512 0.162293 0.098867
vn 0.381872 -0.448870 0.807892
v -0.005049 0.166552 0.097811
vn 0.460197 -0.382914 0.800997
v 0.000345 0.163590 0.093192
vn 0.527434 -0.356658 0.771108
v 0.001159 0.171176 0.095819
vn 0.571307 -0.315449 0.757694
v -0.018166 0.158600 0.099348
vn 0.255568 -0.514925 0.818253
v -0.025005 0.155540 0.099108
vn 0.127859 -0.508083 0.851765
v -0.037446 0.144431 0.093672
vn -0.043493 -0.382936 0.922750
v -0.035814 0.136656 0.091496
vn -0.037901 -0.245139 0.968747
v -0.029635 0.141025 0.092041
vn 0.041614 -0.301911 0.952428
v -0.031109 0.147344 0.094988
vn 0.029257 -0.447546 0.893782
v -0.032793 0.130072 0.089852
vn 0.007905 -0.176777 0.984219
v -0.027738 0.134646 0.090671
vn 0.046376 -0.199268 0.978847
v -0.022157 0.138437 0.091194
vn 0.090004 -0.244452 0.965475
v -0.039419 0.151039 0.097048
vn -0.078285 -0.472710 0.877734
v -0.031983 0.153069 0.098192
vn 0.024035 -0.496441 0.867738
v -0.045533 0.147674 0.094237
vn -0.235828 -0.454431 0.858998
v -0.043425 0.141182 0.091665
vn -0.224662 -0.341327 0.912701
v -0.050525 0.143745 0.090031
vn -0.397870 -0.381726 0.834257
v -0.052409 0.150933 0.093202
vn -0.432835 -0.460718 0.774850
v -0.042166 0.135167 0.090070
vn -0.227657 -0.241262 0.943380
v -0.039211 0.130669 0.089767
vn -0.143692 -0.170323 0.974855
v -0.047493 0.136773 0.088780
vn -0.338418 -0.259956 0.904376
v -0.045136 0.130562 0.088199
vn -0.304168 -0.161003 0.938914
v -0.029386 0.120480 0.088724
vn 0.065878 -0.084991 0.994201
v -0.023342 0.121458 0.088464
vn 0.079516 -0.111853 0.990538
v -0.026281 0.127350 0.089256
vn 0.048709 -0.137393 0.989318
v -0.032049 0.124988 0.089242
vn 0.030704 -0.091117 0.995367
v -0.018924 0.126377 0.088701
vn 0.131329 -0.128870 0.982927
v -0.020742 0.132083 0.089703
vn 0.111065 -0.176080 0.978090
v -0.035038 0.119972 0.089022
vn -0.006978 -0.049107 0.998769
v -0.037129 0.125206 0.089284
vn -0.076566 -0.085636 0.993380
v -0.040633 0.119663 0.088576
vn -0.172328 -0.031420 0.984538
v -0.042918 0.125241 0.088283
vn -0.255374 -0.073574 0.964039
v -0.032818 0.115128 0.088752
vn 0.060146 -0.003398 0.998184
v -0.027065 0.116008 0.088061
vn 0.096628 -0.053337 0.993890
v -0.030824 0.110787 0.088713
vn 0.131194 0.045086 0.990331
v -0.038400 0.114518 0.088731
vn -0.091349 0.020144 0.995615
v -0.036312 0.109838 0.089145
vn -0.010544 0.106894 0.994215
v -0.020950 0.116325 0.087730
vn 0.085698 -0.067091 0.994060
v -0.016812 0.120945 0.087611
vn 0.143781 -0.090939 0.985422
v -0.024793 0.111325 0.087711
vn 0.106867 -0.010851 0.994214
v -0.018373 0.111790 0.087326
vn 0.050870 0.005764 0.998689
v -0.014664 0.115839 0.087038
vn 0.103836 -0.008559 0.994558
v -0.008628 0.133477 0.087132
vn 0.329299 -0.130599 0.935150
v -0.009779 0.139042 0.088568
vn 0.338495 -0.208660 0.917541
v -0.015150 0.135824 0.089533
vn 0.216861 -0.197166 0.956084
v -0.013731 0.130347 0.088189
vn 0.226376 -0.137150 0.964336
v -0.007289 0.128282 0.086128
vn 0.288453 -0.035985 0.956818
v -0.012169 0.125080 0.087169
vn 0.199168 -0.079880 0.976704
v -0.005579 0.122720 0.085873
vn 0.203986 0.044192 0.977976
v -0.010317 0.119940 0.086504
vn 0.137433 -0.014354 0.990407
v -0.002522 0.131242 0.084523
vn 0.391090 -0.016223 0.920210
v -0.003802 0.136745 0.085514
vn 0.436082 -0.116048 0.892393
v 0.001762 0.134302 0.082347
vn 0.449987 0.019503 0.892822
v -0.001151 0.126196 0.084182
vn 0.309654 0.120824 0.943142
v 0.003075 0.129193 0.082130
vn 0.365574 0.120602 0.922936
v -0.004729 0.142309 0.087062
vn 0.449892 -0.221733 0.865120
v 0.000686 0.139725 0.083352
vn 0.512786 -0.128349 0.848868
v -0.000013 0.145450 0.085113
vn 0.519078 -0.247770 0.818027
v 0.009224 0.168829 0.087893
vn 0.691162 -0.260390 0.674160
v 0.008861 0.162664 0.085518
vn 0.650648 -0.300294 0.697482
v 0.012592 0.165197 0.082848
vn 0.709766 -0.234866 0.664131
v 0.012726 0.171155 0.084753
vn 0.752227 -0.189668 0.631015
v 0.015771 0.167514 0.079888
vn 0.768408 -0.165140 0.618286
v 0.008653 0.156514 0.083075
vn 0.613983 -0.303720 0.728546
v 0.012578 0.159158 0.080732
vn 0.663169 -0.257770 0.702682
v 0.015894 0.161497 0.078139
vn 0.728266 -0.196008 0.656665
v 0.009405 0.175101 0.089792
vn 0.729135 -0.190598 0.657293
v 0.012651 0.177012 0.086284
vn 0.783268 -0.133833 0.607108
v 0.015674 0.173303 0.081586
vn 0.797892 -0.131089 0.588375
v 0.015314 0.179042 0.083023
vn 0.818461 -0.079614 0.569019
v 0.006124 0.171943 0.092049
vn 0.646714 -0.255573 0.718640
v 0.005128 0.166295 0.090689
vn 0.615924 -0.315460 0.721888
v 0.004661 0.159998 0.088072
vn 0.594561 -0.344511 0.726505
v 0.004350 0.153998 0.085471
vn 0.569058 -0.336654 0.750224
v 0.009021 0.145282 0.078892
vn 0.562925 -0.170659 0.808697
v 0.012849 0.147639 0.076666
vn 0.603548 -0.181004 0.776509
v 0.008645 0.150858 0.080830
vn 0.585864 -0.269870 0.764155
v 0.012584 0.153273 0.078560
vn 0.628300 -0.245500 0.738220
v 0.016246 0.149845 0.074437
vn 0.658382 -0.168513 0.733578
v 0.016002 0.155578 0.076120
vn 0.693150 -0.202104 0.691879
v 0.004429 0.148330 0.083015
vn 0.555494 -0.271696 0.785880
v 0.004942 0.142623 0.081101
vn 0.539611 -0.156131 0.827311
v 0.009738 0.139653 0.077740
vn 0.506609 -0.001050 0.862175
v 0.005812 0.137064 0.079928
vn 0.487488 0.036235 0.872378
v 0.010666 0.134186 0.077935
vn 0.462481 0.155241 0.872933
v 0.007006 0.131278 0.080533
vn 0.412833 0.144315 0.899301
v 0.013348 0.142099 0.075482
vn 0.566825 -0.006637 0.823812
v 0.016582 0.144365 0.073054
vn 0.626552 -0.037627 0.778471
v 0.014076 0.136515 0.075783
vn 0.527266 0.120923 0.841052
v 0.017137 0.138706 0.073292
vn 0.611633 0.099270 0.784889
v 0.021844 0.154214 0.069554
vn 0.771936 -0.110138 0.626087
v 0.021580 0.160181 0.070814
vn 0.796376 -0.113516 0.594053
v 0.019002 0.157891 0.073518
vn 0.745427 -0.156190 0.648030
v 0.019211 0.152040 0.071977
vn 0.716004 -0.138459 0.684227
v 0.021397 0.166137 0.072424
vn 0.803652 -0.114953 0.583892
v 0.018822 0.163877 0.075257
vn 0.774118 -0.139501 0.617480
v 0.021982 0.148578 0.068360
vn 0.765911 -0.078281 0.638163
v 0.019503 0.146416 0.070780
vn 0.693412 -0.059811 0.718054
v 0.022107 0.143029 0.068057
vn 0.767393 0.022962 0.640766
v 0.019776 0.140907 0.070731
vn 0.690871 0.061462 0.720361
v 0.024127 0.150703 0.065875
vn 0.836433 -0.087161 0.541095
v 0.024036 0.156553 0.066888
vn 0.843825 -0.068513 0.532227
v 0.024018 0.145543 0.065262
vn 0.833327 0.002374 0.552775
v 0.025892 0.147506 0.062109
vn 0.875449 -0.017796 0.482982
v 0.023791 0.162512 0.067962
vn 0.851007 -0.091434 0.517133
v 0.023672 0.168479 0.069504
vn 0.854231 -0.083940 0.513072
v 0.020537 0.177973 0.075322
vn 0.836415 -0.031119 0.547213
v 0.018213 0.175584 0.078349
vn 0.814423 -0.088961 0.573412
v 0.021051 0.172063 0.073868
vn 0.812219 -0.086807 0.576858
v 0.018439 0.169831 0.076783
vn 0.793692 -0.120993 0.596166
v 0.023243 0.174509 0.070813
vn 0.857930 -0.033628 0.512665
v 0.022527 0.180423 0.072039
vn 0.870075 0.029756 0.492020
v 0.019685 0.183803 0.076615
vn 0.852596 0.015601 0.522337
v 0.021473 0.186389 0.073367
vn 0.881579 0.051818 0.469183
v 0.017650 0.181339 0.079762
vn 0.834056 -0.031556 0.550777
v -0.069554 0.185635 0.041055
vn -0.805037 0.164490 -0.569964
v -0.073223 0.182573 0.047076
vn -0.872786 0.181705 -0.453020
v -0.072424 0.187708 0.047607
vn -0.879504 0.172692 -0.443452
v -0.068716 0.190945 0.041481
vn -0.813691 0.160853 -0.558600
v -0.071764 0.192836 0.048159
vn -0.879077 0.152242 -0.451714
v -0.073223 0.182573 0.047076
vn -0.923653 0.181437 -0.337557
v -0.075791 0.179820 0.052665
vn -0.946083 0.159177 -0.282116
v -0.075153 0.184816 0.053432
vn -0.940352 0.151725 -0.304496
v -0.072424 0.187708 0.047607
vn -0.920941 0.160852 -0.354957
v -0.074619 0.189717 0.054049
vn -0.934099 0.115856 -0.337694
v -0.064088 0.189057 0.035971
vn -0.589744 0.122575 -0.798234
v -0.063421 0.194433 0.036295
vn -0.622201 0.090259 -0.777637
v -0.067998 0.196127 0.041941
vn -0.826496 0.125605 -0.548751
v -0.063169 0.199641 0.036461
vn -0.651812 0.052652 -0.756551
v -0.064804 0.183555 0.035637
vn -0.555300 0.085848 -0.827207
v -0.070238 0.180343 0.040524
vn -0.784143 0.142560 -0.603984
v -0.065129 0.177990 0.035534
vn -0.510334 0.049732 -0.858537
v -0.058084 0.180981 0.032833
vn -0.230266 0.013442 -0.973035
v -0.074056 0.177344 0.046322
vn -0.932922 0.139841 -0.331814
v -0.070669 0.174831 0.039838
vn -0.754564 0.097977 -0.648871
v -0.074056 0.177344 0.046322
vn -0.863374 0.142082 -0.484147
v -0.074191 0.171903 0.045516
vn -0.945888 0.038883 -0.322154
v -0.076307 0.174764 0.051787
vn -0.961328 0.059548 -0.268893
v -0.077520 0.174815 0.061842
vn -0.999943 0.006612 -0.008334
v -0.077351 0.179647 0.063138
vn -0.999289 0.033690 -0.016909
v -0.077257 0.177311 0.057492
vn -0.988423 0.072349 -0.133366
v -0.076820 0.182168 0.058498
vn -0.980033 0.104892 -0.168917
v -0.077355 0.184073 0.064426
vn -0.998483 0.002927 -0.054974
v -0.076526 0.186851 0.059394
vn -0.973626 0.069703 -0.217242
v -0.077145 0.172290 0.056443
vn -0.990912 -0.006165 -0.134374
v -0.077461 0.169933 0.060624
vn -0.999527 -0.022251 -0.021223
v -0.076958 0.166857 0.055594
vn -0.989324 -0.002272 -0.145716
v -0.076023 0.169324 0.050987
vn -0.967046 0.010606 -0.254379
v -0.077299 0.172404 0.065891
vn -0.993173 -0.042113 0.108785
v -0.077189 0.167547 0.064433
vn -0.991378 -0.065507 0.113485
v -0.076464 0.169588 0.069417
vn -0.972101 -0.095404 0.214282
v -0.077276 0.164563 0.059630
vn -0.999642 -0.021251 -0.016242
v -0.076934 0.162432 0.063367
vn -0.988013 -0.061497 0.141594
v -0.076283 0.164863 0.067981
vn -0.965473 -0.117173 0.232662
v -0.077257 0.177006 0.067397
vn -0.995161 -0.019329 0.096337
v -0.077182 0.181356 0.068945
vn -0.996222 -0.035354 0.079316
v -0.076481 0.173920 0.070983
vn -0.976473 -0.077630 0.201180
v -0.076511 0.178191 0.072621
vn -0.979463 -0.075062 0.187131
v -0.077970 0.193110 0.066675
vn -0.987000 -0.080607 -0.139048
v -0.076746 0.196239 0.060800
vn -0.948962 -0.042765 -0.312477
v -0.076554 0.191484 0.060283
vn -0.963487 0.020639 -0.266960
v -0.077560 0.188534 0.065628
vn -0.994157 -0.043873 -0.098621
v -0.074279 0.199419 0.054822
vn -0.902901 -0.037065 -0.428248
v -0.074340 0.194677 0.054655
vn -0.921414 0.064969 -0.383113
v -0.077874 0.189950 0.072020
vn -0.989333 -0.142366 0.030843
v -0.077322 0.185589 0.070477
vn -0.993805 -0.095527 0.056799
v -0.076814 0.186338 0.076222
vn -0.971157 -0.172807 0.164290
v -0.076517 0.182256 0.074348
vn -0.978945 -0.106644 0.174052
v -0.078597 0.194589 0.073442
vn -0.987619 -0.155350 0.021812
v -0.078545 0.197765 0.067214
vn -0.978842 -0.120508 -0.165368
v -0.077345 0.190700 0.078442
vn -0.963698 -0.201237 0.175471
v -0.077244 0.200882 0.060971
vn -0.933493 -0.112966 -0.340337
v -0.074769 0.204060 0.054824
vn -0.885851 -0.116327 -0.449150
v -0.067774 0.205987 0.042152
vn -0.806231 -0.061553 -0.588390
v -0.067479 0.201177 0.042243
vn -0.830534 0.024698 -0.556420
v -0.071221 0.202753 0.048512
vn -0.858249 -0.059534 -0.509769
v -0.071221 0.202753 0.048512
vn -0.884683 -0.070502 -0.460831
v -0.071186 0.197870 0.048513
vn -0.902429 0.052075 -0.427679
v -0.071186 0.197870 0.048513
vn -0.874682 0.082935 -0.477548
v -0.071764 0.192836 0.048159
vn -0.914264 0.129900 -0.383728
v -0.071785 0.207415 0.048436
vn -0.846162 -0.101909 -0.523092
v -0.068168 0.210787 0.042005
vn -0.783635 -0.074777 -0.616705
v -0.072272 0.212080 0.048246
vn -0.842715 -0.075615 -0.533023
v -0.071785 0.207415 0.048436
vn -0.872520 -0.117834 -0.474156
v -0.063040 0.209563 0.036764
vn -0.641743 -0.013909 -0.766794
v -0.063202 0.214424 0.036713
vn -0.624489 -0.034353 -0.780278
v -0.063059 0.204591 0.036568
vn -0.656356 0.007298 -0.754416
v -0.073596 0.178575 0.082475
vn -0.905390 -0.178914 0.385044
v -0.073824 0.174903 0.080329
vn -0.911755 -0.161777 0.377533
v -0.071660 0.174727 0.084706
vn -0.865523 -0.199771 0.459306
v -0.072132 0.171453 0.082464
vn -0.869859 -0.201126 0.450438
v -0.069716 0.170812 0.086429
vn -0.824172 -0.249218 0.508557
v -0.073992 0.171519 0.078464
vn -0.916681 -0.165296 0.363831
v -0.072432 0.168541 0.080527
vn -0.873878 -0.217529 0.434763
v -0.070402 0.168114 0.083873
vn -0.821542 -0.267605 0.503444
v -0.071175 0.177850 0.087032
vn -0.859641 -0.223460 0.459438
v -0.073356 0.182272 0.084878
vn -0.894696 -0.213556 0.392318
v -0.068942 0.173706 0.088977
vn -0.827618 -0.243776 0.505590
v -0.075317 0.182417 0.079599
vn -0.944635 -0.169216 0.281124
v -0.075445 0.186320 0.081983
vn -0.929224 -0.219969 0.296911
v -0.075357 0.178632 0.077670
vn -0.951408 -0.125628 0.281142
v -0.075424 0.174868 0.075767
vn -0.953083 -0.119446 0.278146
v -0.073683 0.164233 0.075433
vn -0.901839 -0.210079 0.377563
v -0.071847 0.162322 0.078182
vn -0.853807 -0.254405 0.454193
v -0.072366 0.165409 0.078948
vn -0.870009 -0.240124 0.430609
v -0.073954 0.167890 0.076737
vn -0.913262 -0.187589 0.361612
v -0.069700 0.161084 0.081101
vn -0.807885 -0.270538 0.523575
v -0.070761 0.163669 0.080821
vn -0.822157 -0.278233 0.496633
v -0.071018 0.166002 0.081741
vn -0.826538 -0.271426 0.493116
v -0.075235 0.166687 0.072558
vn -0.941586 -0.154156 0.299418
v -0.075400 0.170917 0.074141
vn -0.950089 -0.130444 0.283399
v -0.074886 0.162628 0.071398
vn -0.929533 -0.169175 0.327640
v -0.073111 0.160482 0.074603
vn -0.886774 -0.209679 0.411905
v -0.074435 0.158152 0.070455
vn -0.916999 -0.149857 0.369669
v -0.075956 0.160120 0.066827
vn -0.955399 -0.110433 0.273892
v -0.070991 0.158793 0.077788
vn -0.838977 -0.245358 0.485713
v -0.072408 0.155865 0.073899
vn -0.865583 -0.196111 0.460768
v -0.070041 0.154053 0.076985
vn -0.812174 -0.249267 0.527484
v -0.068449 0.157021 0.081044
vn -0.785460 -0.282488 0.550684
v -0.065331 0.161925 0.087690
vn -0.744360 -0.325968 0.582814
v -0.067627 0.166608 0.087303
vn -0.780273 -0.313225 0.541354
v -0.068772 0.163722 0.083919
vn -0.788374 -0.299555 0.537339
v -0.066810 0.159286 0.084324
vn -0.763496 -0.300993 0.571382
v -0.063153 0.156786 0.087686
vn -0.693727 -0.349253 0.629893
v -0.065301 0.154553 0.083680
vn -0.731313 -0.318985 0.602852
v -0.061466 0.150922 0.086065
vn -0.643158 -0.352008 0.680028
v -0.067291 0.152302 0.080085
vn -0.766993 -0.279708 0.577482
v -0.061120 0.159606 0.091273
vn -0.665763 -0.377839 0.643426
v -0.063908 0.164572 0.091129
vn -0.721368 -0.359369 0.592015
v -0.058393 0.153996 0.090548
vn -0.595766 -0.413989 0.688241
v -0.055493 0.156999 0.095162
vn -0.519436 -0.444444 0.729833
v -0.066574 0.169406 0.090428
vn -0.777124 -0.310834 0.547230
v -0.042456 0.175267 0.031584
vn -0.068700 0.005115 -0.997624
v -0.034308 0.179028 0.031011
vn -0.073730 0.001656 -0.997277
v -0.033805 0.172157 0.030954
vn -0.073079 0.005226 -0.997312
v -0.042081 0.168463 0.031486
vn -0.067474 0.009210 -0.997678
v -0.033212 0.165002 0.030871
vn -0.069080 0.000416 -0.997611
v -0.025966 0.182795 0.030373
vn -0.079529 0.002760 -0.996829
v -0.025280 0.175878 0.030309
vn -0.080842 0.002750 -0.996723
v -0.024550 0.168670 0.030223
vn -0.079565 -0.000524 -0.996830
v -0.050322 0.171679 0.032081
vn -0.077187 0.007874 -0.996986
v -0.050017 0.164939 0.031993
vn -0.076445 0.008261 -0.997040
v -0.057867 0.168547 0.032722
vn -0.191879 0.018418 -0.981246
v -0.041599 0.161329 0.031388
vn -0.064473 -0.000969 -0.997919
v -0.049600 0.157819 0.031936
vn -0.071135 -0.004279 -0.997458
v -0.057594 0.161836 0.032597
vn -0.126468 0.039625 -0.991179
v -0.050528 0.178150 0.032132
vn -0.078057 0.003889 -0.996941
v -0.042748 0.181813 0.031605
vn -0.069194 0.001547 -0.997602
v -0.058091 0.174890 0.032782
vn -0.216623 0.009995 -0.976204
v -0.034731 0.185652 0.031050
vn -0.073103 0.003268 -0.997319
v -0.026569 0.189482 0.030447
vn -0.079069 0.002970 -0.996865
v -0.010137 0.190810 0.029117
vn -0.078828 0.005928 -0.996871
v -0.008988 0.183936 0.028970
vn -0.082836 0.007723 -0.996533
v -0.017648 0.186446 0.029706
vn -0.081878 0.004303 -0.996633
v -0.016766 0.179474 0.029597
vn -0.083928 0.004244 -0.996463
v -0.007914 0.176723 0.028830
vn -0.084769 0.004408 -0.996391
v -0.015871 0.172229 0.029493
vn -0.084330 0.000582 -0.996438
v -0.018447 0.193138 0.029785
vn -0.080807 0.001365 -0.996729
v -0.011213 0.197116 0.029212
vn -0.075844 0.002474 -0.997117
v -0.003440 0.196222 0.028654
vn -0.059395 0.016790 -0.998093
v -0.005695 0.201124 0.028826
vn -0.054089 0.007486 -0.998508
v -0.001703 0.189596 0.028432
vn -0.069389 0.016757 -0.997449
v -0.000468 0.182587 0.028243
vn -0.077351 0.013825 -0.996908
v -0.005650 0.161227 0.028657
vn -0.087044 -0.002936 -0.996200
v -0.014105 0.157022 0.029448
vn -0.088266 -0.007044 -0.996072
v -0.014977 0.164747 0.029447
vn -0.084410 -0.006133 -0.996412
v -0.006814 0.169109 0.028732
vn -0.085690 -0.001629 -0.996321
v -0.022994 0.153504 0.030226
vn -0.078161 -0.010207 -0.996888
v -0.023782 0.161228 0.030205
vn -0.077594 -0.008101 -0.996952
v 0.002146 0.167299 0.027956
vn -0.083759 -0.000600 -0.996486
v 0.000795 0.175068 0.028072
vn -0.080509 0.004675 -0.996743
v 0.004644 0.157600 0.027792
vn -0.077854 -0.016577 -0.996827
v -0.004624 0.152328 0.028553
vn -0.078975 -0.023971 -0.996588
v 0.004207 0.147152 0.028253
vn -0.085162 -0.038452 -0.995625
v -0.013339 0.149053 0.029432
vn -0.084005 -0.026116 -0.996123
v -0.004037 0.144269 0.028923
vn -0.072696 -0.054913 -0.995841
v -0.012624 0.141078 0.029693
vn -0.070072 -0.055442 -0.996000
v -0.022214 0.145544 0.030263
vn -0.077554 -0.029178 -0.996561
v -0.040288 0.146125 0.031543
vn -0.064736 -0.027126 -0.997534
v -0.041001 0.153891 0.031430
vn -0.063718 -0.014047 -0.997869
v -0.031808 0.149803 0.030889
vn -0.069191 -0.017757 -0.997445
v -0.032540 0.157580 0.030870
vn -0.066636 -0.008323 -0.997743
v -0.030999 0.141889 0.031056
vn -0.070580 -0.038815 -0.996751
v -0.039436 0.138233 0.031758
vn -0.060504 -0.039909 -0.997370
v -0.030088 0.134020 0.031391
vn -0.070911 -0.057490 -0.995825
v -0.021393 0.137670 0.030525
vn -0.071631 -0.048143 -0.996269
v -0.048286 0.142630 0.032149
vn -0.065813 -0.029399 -0.997399
v -0.047351 0.134685 0.032340
vn -0.062202 -0.040489 -0.997242
v -0.055720 0.139515 0.032767
vn -0.073294 -0.031101 -0.996825
v -0.038424 0.130174 0.032064
vn -0.050513 -0.061586 -0.996823
v -0.046193 0.126377 0.032679
vn -0.058684 -0.085500 -0.994608
v -0.054591 0.131499 0.032976
vn -0.071775 -0.049608 -0.996186
v -0.049024 0.150367 0.031999
vn -0.067357 -0.019841 -0.997532
v -0.056566 0.147224 0.032614
vn -0.075905 -0.023787 -0.996831
v -0.057186 0.154667 0.032514
vn -0.080294 -0.006337 -0.996751
v -0.070738 0.162971 0.037959
vn -0.718384 0.133601 -0.682697
v -0.070872 0.156250 0.036781
vn -0.693940 0.079075 -0.715678
v -0.074360 0.160060 0.043642
vn -0.860042 0.110428 -0.498130
v -0.074360 0.160060 0.043642
vn -0.963409 0.067233 -0.259468
v -0.074533 0.153462 0.042340
vn -0.968796 0.041891 -0.244293
v -0.076011 0.157447 0.049231
vn -0.976283 0.044604 -0.211855
v -0.070672 0.149287 0.036086
vn -0.628784 0.016956 -0.777395
v -0.074533 0.153462 0.042340
vn -0.843075 0.072178 -0.532930
v -0.074290 0.146617 0.041165
vn -0.965189 -0.017122 -0.260991
v -0.075988 0.150876 0.047916
vn -0.979898 0.013899 -0.199015
v -0.074167 0.166161 0.044602
vn -0.864122 0.091324 -0.494927
v -0.070683 0.169043 0.038997
vn -0.731094 0.097080 -0.675335
v -0.074191 0.171903 0.045516
vn -0.864997 0.081127 -0.495175
v -0.075893 0.163418 0.050016
vn -0.970952 0.038319 -0.236187
v -0.074167 0.166161 0.044602
vn -0.956951 0.048007 -0.286253
v -0.064826 0.165992 0.034684
vn -0.397241 0.114725 -0.910515
v -0.064988 0.172148 0.035252
vn -0.461708 0.052137 -0.885498
v -0.064767 0.159098 0.033222
vn -0.327192 0.086981 -0.940946
v -0.064329 0.151934 0.033153
vn -0.267039 -0.006433 -0.963664
v -0.068364 0.134162 0.035250
vn -0.492333 -0.067072 -0.867819
v -0.072144 0.131906 0.039093
vn -0.661242 -0.056841 -0.748016
v -0.073454 0.139451 0.040040
vn -0.743649 -0.048735 -0.666792
v -0.069796 0.141891 0.035506
vn -0.561077 -0.036264 -0.826969
v -0.074290 0.146617 0.041165
vn -0.804863 0.007073 -0.593418
v -0.072144 0.131906 0.039093
vn -0.921109 -0.096276 -0.377213
v -0.074131 0.129751 0.044108
vn -0.953666 -0.091830 -0.286510
v -0.075154 0.137187 0.045563
vn -0.967030 -0.077250 -0.242664
v -0.073454 0.139451 0.040040
vn -0.948289 -0.073840 -0.308699
v -0.075773 0.144216 0.046784
vn -0.976878 -0.033084 -0.211224
v -0.062519 0.136735 0.033363
vn -0.183818 -0.044742 -0.981941
v -0.063620 0.144530 0.033247
vn -0.217713 -0.026186 -0.975662
v -0.061043 0.128656 0.033604
vn -0.151827 -0.067322 -0.986112
v -0.066616 0.126144 0.034984
vn -0.398559 -0.068245 -0.914600
v -0.059440 0.119990 0.034230
vn -0.088947 -0.124761 -0.988192
v -0.053260 0.122876 0.033442
vn -0.063506 -0.116463 -0.991163
v -0.070694 0.123965 0.038111
vn -0.890188 -0.108145 -0.442573
v -0.064783 0.117413 0.034946
vn -0.295061 -0.135912 -0.945762
v -0.070694 0.123965 0.038111
vn -0.564906 -0.066116 -0.822502
v -0.069109 0.114933 0.037835
vn -0.868273 -0.189333 -0.458536
v -0.072994 0.121862 0.043017
vn -0.938821 -0.135145 -0.316781
v -0.074522 0.125988 0.054927
vn -0.982333 -0.158337 0.099759
v -0.075484 0.133074 0.055622
vn -0.988721 -0.134690 0.065500
v -0.074798 0.127693 0.049563
vn -0.989388 -0.117606 -0.085324
v -0.075615 0.135112 0.050804
vn -0.991702 -0.098037 -0.083162
v -0.076300 0.140115 0.056609
vn -0.994099 -0.100270 0.041397
v -0.076317 0.142010 0.051920
vn -0.994582 -0.064697 -0.081368
v -0.073710 0.119983 0.048712
vn -0.981234 -0.177037 -0.076410
v -0.073262 0.118512 0.054563
vn -0.972364 -0.201287 0.118289
v -0.071923 0.111940 0.048856
vn -0.959090 -0.276252 -0.061896
v -0.071302 0.113319 0.042796
vn -0.922551 -0.253312 -0.291090
v -0.073154 0.124357 0.059941
vn -0.943284 -0.181753 0.277816
v -0.071689 0.117070 0.060043
vn -0.940997 -0.191500 0.279019
v -0.071084 0.122733 0.064481
vn -0.891408 -0.168875 0.420562
v -0.071333 0.110631 0.055310
vn -0.958138 -0.260563 0.118651
v -0.069819 0.109692 0.061246
vn -0.927040 -0.232196 0.294419
v -0.069517 0.115672 0.065113
vn -0.885628 -0.173262 0.430864
v -0.074416 0.131394 0.060266
vn -0.949758 -0.178918 0.256802
v -0.075540 0.138278 0.061024
vn -0.962837 -0.149714 0.224789
v -0.072491 0.129626 0.064402
vn -0.887131 -0.185656 0.422529
v -0.073783 0.136520 0.064888
vn -0.889390 -0.185479 0.417832
v -0.077017 0.153004 0.058160
vn -0.999007 -0.039503 0.020587
v -0.076843 0.155108 0.054029
vn -0.993523 0.000812 -0.113630
v -0.076665 0.148777 0.052875
vn -0.995581 -0.024153 -0.090742
v -0.076783 0.146907 0.057681
vn -0.997824 -0.057588 0.032107
v -0.076499 0.151011 0.062045
vn -0.979365 -0.063799 0.191763
v -0.076151 0.144807 0.061737
vn -0.975063 -0.091170 0.202336
v -0.075310 0.149104 0.065647
vn -0.933858 -0.087485 0.346779
v -0.074721 0.143043 0.065592
vn -0.909676 -0.139891 0.391051
v -0.076786 0.156807 0.062607
vn -0.982272 -0.062548 0.176717
v -0.077247 0.158871 0.058869
vn -0.999792 -0.020226 0.002434
v -0.075620 0.154810 0.066115
vn -0.943898 -0.094070 0.316555
v -0.076867 0.161065 0.054724
vn -0.990475 0.014540 -0.136925
v -0.058809 0.140859 0.083929
vn -0.571443 -0.242767 0.783912
v -0.061781 0.141807 0.081888
vn -0.651540 -0.239680 0.719757
v -0.060468 0.136630 0.081542
vn -0.628614 -0.189345 0.754316
v -0.056761 0.136551 0.084195
vn -0.528686 -0.203618 0.824033
v -0.058906 0.130626 0.081434
vn -0.600412 -0.160042 0.783512
v -0.064937 0.142622 0.078983
vn -0.729259 -0.222427 0.647076
v -0.063730 0.137368 0.078626
vn -0.713032 -0.189043 0.675165
v -0.062488 0.131336 0.078450
vn -0.697271 -0.166723 0.697149
v -0.055593 0.142263 0.086566
vn -0.503278 -0.302771 0.809346
v -0.052556 0.137068 0.086678
vn -0.438241 -0.241345 0.865851
v -0.054964 0.130618 0.083969
vn -0.488772 -0.154816 0.858565
v -0.050410 0.130889 0.086276
vn -0.390699 -0.162850 0.905999
v -0.059452 0.145377 0.085140
vn -0.589336 -0.319801 0.741897
v -0.056270 0.148130 0.088922
vn -0.533579 -0.395855 0.747390
v -0.063009 0.146285 0.082436
vn -0.678180 -0.284508 0.677589
v -0.064613 0.150214 0.082462
vn -0.719683 -0.288133 0.631693
v -0.066105 0.147346 0.079336
vn -0.751318 -0.252955 0.609536
v -0.070757 0.145525 0.072553
vn -0.794834 -0.191138 0.575939
v -0.069793 0.139598 0.072111
vn -0.785893 -0.181333 0.591178
v -0.067910 0.144135 0.075836
vn -0.768106 -0.204249 0.606873
v -0.066820 0.138384 0.075381
vn -0.754486 -0.188159 0.628766
v -0.068482 0.133331 0.071869
vn -0.781419 -0.180213 0.597417
v -0.065574 0.132298 0.075182
vn -0.754898 -0.169034 0.633685
v -0.068999 0.149029 0.076259
vn -0.785672 -0.234743 0.572377
v -0.071739 0.151016 0.073115
vn -0.827647 -0.191448 0.527587
v -0.073383 0.147207 0.069421
vn -0.857505 -0.146986 0.493032
v -0.073957 0.152837 0.069693
vn -0.897240 -0.128115 0.422548
v -0.072509 0.141129 0.068693
vn -0.826849 -0.178993 0.533181
v -0.071296 0.134887 0.068470
vn -0.824763 -0.185552 0.534169
v -0.065561 0.120707 0.072479
vn -0.779807 -0.140102 0.610142
v -0.062439 0.120058 0.075995
vn -0.735353 -0.133691 0.664366
v -0.064114 0.126166 0.075374
vn -0.746643 -0.148132 0.648522
v -0.067065 0.127096 0.071893
vn -0.785717 -0.152067 0.599604
v -0.059013 0.119172 0.079435
vn -0.673685 -0.118936 0.729385
v -0.060786 0.125366 0.078712
vn -0.685613 -0.138361 0.714696
v -0.068473 0.121596 0.068683
vn -0.828253 -0.148243 0.540390
v -0.069923 0.128210 0.068277
vn -0.826832 -0.168868 0.536500
v -0.066769 0.114902 0.069354
vn -0.819494 -0.154243 0.551941
v -0.063747 0.114154 0.073202
vn -0.774095 -0.129035 0.619780
v -0.064477 0.108010 0.070879
vn -0.820343 -0.150785 0.551635
v -0.067340 0.108757 0.066466
vn -0.868399 -0.201509 0.453075
v -0.060513 0.113696 0.076829
vn -0.732246 -0.100272 0.673618
v -0.061436 0.107418 0.074953
vn -0.781912 -0.099150 0.615453
v -0.058279 0.106974 0.078698
vn -0.734698 -0.033828 0.677551
v -0.056975 0.113105 0.080268
vn -0.663747 -0.065266 0.745105
v -0.050894 0.118631 0.085020
vn -0.453415 -0.037463 0.890512
v -0.052903 0.124516 0.084286
vn -0.462092 -0.089051 0.882350
v -0.055227 0.118759 0.082401
vn -0.569037 -0.085030 0.817904
v -0.057168 0.124716 0.081750
vn -0.580876 -0.113874 0.805987
v -0.053124 0.112921 0.083341
vn -0.567271 -0.019330 0.823304
v -0.048719 0.113162 0.085940
vn -0.424432 0.018616 0.905269
v -0.050886 0.107424 0.085114
vn -0.527656 0.115419 0.841581
v -0.054773 0.106917 0.082117
vn -0.656589 0.048846 0.752665
v -0.046046 0.118954 0.087089
vn -0.331883 -0.018292 0.943143
v -0.043698 0.113556 0.087796
vn -0.268107 0.029036 0.962951
v -0.046384 0.107616 0.087329
vn -0.360309 0.144208 0.921619
v -0.041363 0.108558 0.088747
vn -0.195370 0.138069 0.970962
v -0.048169 0.124899 0.086365
vn -0.367647 -0.071277 0.927230
v -0.016060 0.063076 0.052245
vn 0.194765 -0.864247 -0.463835
v -0.010446 0.065571 0.050344
vn 0.266915 -0.772670 -0.575967
v -0.011759 0.061804 0.056486
vn 0.184867 -0.859978 -0.475670
v -0.011759 0.061804 0.056486
vn 0.148462 -0.937483 -0.314777
v -0.006781 0.062193 0.057316
vn 0.237939 -0.903694 -0.355980
v -0.008630 0.059782 0.063115
vn 0.131477 -0.974490 -0.181885
v -0.004468 0.070509 0.047516
vn 0.353760 -0.676451 -0.645963
v -0.001408 0.065098 0.055706
vn 0.349649 -0.730190 -0.587000
v -0.001408 0.065098 0.055706
vn 0.605697 -0.738327 -0.296656
v -0.003507 0.060965 0.062949
vn 0.425328 -0.895434 -0.131508
v -0.017046 0.060233 0.057324
vn 0.176533 -0.871851 -0.456850
v -0.021175 0.061871 0.052680
vn 0.100473 -0.870587 -0.481647
v -0.021553 0.058699 0.058505
vn 0.132426 -0.872001 -0.471250
v -0.013605 0.059333 0.063248
vn 0.169680 -0.974564 -0.146400
v -0.017046 0.060233 0.057324
vn 0.231162 -0.935712 -0.266473
v -0.018206 0.058119 0.063916
vn 0.344147 -0.928137 -0.141863
v -0.020003 0.065724 0.045659
vn 0.089455 -0.708864 -0.699650
v -0.026741 0.063605 0.049619
vn -0.057463 -0.799168 -0.598355
v -0.028620 0.068139 0.044915
vn -0.090727 -0.530164 -0.843027
v -0.026012 0.060017 0.055051
vn 0.061884 -0.849619 -0.523754
v -0.031561 0.061493 0.052841
vn -0.056467 -0.789976 -0.610532
v -0.033820 0.065385 0.048595
vn -0.126729 -0.718427 -0.683961
v -0.013195 0.070530 0.043849
vn 0.169124 -0.539222 -0.825007
v -0.022555 0.071328 0.043707
vn -0.031363 -0.280033 -0.959478
v -0.016421 0.075456 0.042409
vn -0.034059 -0.258402 -0.965437
v -0.007250 0.074943 0.042430
vn 0.176816 -0.477368 -0.860730
v 0.005146 0.080909 0.043852
vn 0.480927 -0.577154 -0.660002
v 0.007389 0.077023 0.049628
vn 0.517121 -0.604642 -0.605800
v 0.000710 0.075742 0.045522
vn 0.418001 -0.615757 -0.667921
v 0.003598 0.071030 0.052717
vn 0.451391 -0.654400 -0.606636
v 0.007389 0.077023 0.049628
vn 0.722043 -0.611385 -0.323824
v 0.009233 0.074627 0.058806
vn 0.783804 -0.611973 -0.105548
v 0.003598 0.071030 0.052717
vn 0.698244 -0.665331 -0.264179
v 0.004839 0.068704 0.062696
vn 0.764159 -0.644369 -0.029152
v -0.002180 0.079932 0.040888
vn 0.195066 -0.461535 -0.865410
v 0.003079 0.084742 0.039398
vn 0.274658 -0.421077 -0.864440
v -0.004428 0.084842 0.039445
vn -0.037225 -0.249863 -0.967565
v -0.010078 0.079876 0.040978
vn -0.036532 -0.255548 -0.966106
v 0.008923 0.085876 0.042899
vn 0.571174 -0.505170 -0.646965
v 0.007547 0.089651 0.039415
vn 0.404526 -0.416772 -0.814039
v 0.012390 0.090417 0.042704
vn 0.601436 -0.496514 -0.625898
v 0.001368 0.089480 0.038072
vn 0.032737 -0.260348 -0.964960
v 0.006193 0.093912 0.036897
vn 0.133174 -0.349569 -0.927397
v 0.011467 0.093890 0.039269
vn 0.492816 -0.485978 -0.721774
v 0.010685 0.082400 0.047800
vn 0.594392 -0.540284 -0.595643
v 0.010685 0.082400 0.047800
vn 0.748555 -0.554698 -0.363285
v 0.012499 0.079746 0.055681
vn 0.806242 -0.561769 -0.185443
v 0.013659 0.087281 0.046838
vn 0.639705 -0.502963 -0.581211
v 0.013659 0.087281 0.046838
vn 0.775341 -0.525293 -0.350589
v 0.015259 0.085076 0.053313
vn 0.841127 -0.496793 -0.213781
v 0.008134 0.079261 0.073457
vn 0.761467 -0.501055 0.411232
v 0.004926 0.074748 0.073590
vn 0.718245 -0.538366 0.440778
v 0.008506 0.075678 0.067269
vn 0.805929 -0.538916 0.245046
v 0.004378 0.071050 0.069416
vn 0.740132 -0.581497 0.337737
v 0.000995 0.070684 0.074288
vn 0.650880 -0.587617 0.480689
v 0.001110 0.067052 0.069093
vn 0.700319 -0.605713 0.377712
v 0.011523 0.081844 0.069545
vn 0.827807 -0.467638 0.309919
v 0.012486 0.080253 0.062921
vn 0.848791 -0.509279 0.142090
v 0.014461 0.085581 0.066355
vn 0.882486 -0.402647 0.243092
v 0.015264 0.084706 0.060035
vn 0.895252 -0.440008 0.070118
v 0.010065 0.083828 0.074920
vn 0.779401 -0.389253 0.490935
v 0.007153 0.081629 0.077293
vn 0.695971 -0.409278 0.590014
v 0.007051 0.085278 0.079233
vn 0.639604 -0.251382 0.726439
v 0.012866 0.086864 0.072259
vn 0.845190 -0.341744 0.410932
v 0.010180 0.088357 0.077331
vn 0.725010 -0.234503 0.647587
v 0.004499 0.078324 0.077776
vn 0.664693 -0.467686 0.582626
v 0.000816 0.074544 0.078670
vn 0.617839 -0.512994 0.595913
v 0.003668 0.082087 0.080823
vn 0.579572 -0.298103 0.758440
v 0.000183 0.078475 0.081940
vn 0.539296 -0.353790 0.764194
v -0.006859 0.063685 0.074425
vn 0.480204 -0.687546 0.544688
v -0.007090 0.059846 0.068950
vn 0.342613 -0.903934 0.255967
v -0.002603 0.063075 0.069104
vn 0.577999 -0.723540 0.377369
v -0.002800 0.066957 0.074518
vn 0.574715 -0.635880 0.515130
v 0.000793 0.063712 0.063954
vn 0.689107 -0.724638 0.005686
v -0.007489 0.067891 0.079684
vn 0.420934 -0.627394 0.655127
v -0.003107 0.070867 0.079309
vn 0.537032 -0.570523 0.621370
v -0.008430 0.072141 0.083765
vn 0.346794 -0.495438 0.796414
v -0.004012 0.075112 0.083037
vn 0.469048 -0.410693 0.781873
v -0.011920 0.065233 0.079766
vn 0.417627 -0.589346 0.691563
v -0.011121 0.061484 0.075167
vn 0.307077 -0.832811 0.460574
v -0.015749 0.063282 0.080904
vn 0.283926 -0.707009 0.647707
v -0.013120 0.069910 0.083693
vn 0.285288 -0.516275 0.807509
v -0.017315 0.067915 0.084152
vn 0.314830 -0.441482 0.840224
v -0.011933 0.059593 0.069205
vn 0.107704 -0.983444 0.145729
v -0.015655 0.060726 0.075207
vn 0.203310 -0.914164 0.350669
v -0.016433 0.059004 0.069585
vn 0.305292 -0.939467 0.155562
v 0.018673 0.093689 0.060460
vn 0.929242 -0.330475 0.165215
v 0.019191 0.093127 0.054915
vn 0.921357 -0.388080 0.022259
v 0.020199 0.096560 0.057563
vn 0.930100 -0.344977 0.126113
v 0.020247 0.095970 0.052781
vn 0.927736 -0.373222 -0.003399
v 0.021235 0.098671 0.054634
vn 0.933245 -0.354748 0.056645
v 0.018872 0.093314 0.050277
vn 0.874718 -0.451785 -0.175379
v 0.019982 0.095716 0.049412
vn 0.886697 -0.437498 -0.149542
v 0.020981 0.097903 0.050554
vn 0.919812 -0.389874 -0.044092
v 0.019574 0.098208 0.063462
vn 0.915431 -0.301907 0.266155
v 0.017420 0.094244 0.066774
vn 0.918658 -0.269928 0.288456
v 0.017251 0.098425 0.069881
vn 0.882638 -0.195739 0.427360
v 0.021071 0.099390 0.058985
vn 0.929316 -0.333360 0.158878
v 0.021113 0.101651 0.062330
vn 0.925667 -0.275565 0.259238
v 0.019164 0.101854 0.067823
vn 0.883755 -0.212462 0.416937
v 0.016766 0.089694 0.063521
vn 0.920988 -0.341304 0.187863
v 0.015346 0.090517 0.069537
vn 0.889052 -0.299825 0.345964
v 0.015328 0.095060 0.072503
vn 0.854228 -0.191623 0.483296
v 0.012907 0.091668 0.074892
vn 0.800063 -0.215533 0.559861
v 0.017410 0.089333 0.057352
vn 0.917220 -0.396338 0.040296
v 0.017373 0.089850 0.051530
vn 0.857148 -0.475069 -0.199016
v 0.018215 0.097227 0.043539
vn 0.724462 -0.445454 -0.526048
v 0.020474 0.099647 0.044949
vn 0.743195 -0.435719 -0.507750
v 0.020230 0.097274 0.047159
vn 0.783586 -0.448173 -0.430272
v 0.018465 0.094634 0.046512
vn 0.830619 -0.492751 -0.259362
v 0.020230 0.097274 0.047159
vn 0.881410 -0.425277 -0.205564
v 0.020474 0.099647 0.044949
vn 0.873823 -0.372967 -0.311977
v 0.022186 0.101653 0.047317
vn 0.914649 -0.349494 -0.203151
v 0.021463 0.099362 0.048154
vn 0.905906 -0.387880 -0.169953
v 0.018465 0.094634 0.046512
vn 0.737773 -0.460031 -0.494026
v 0.015411 0.094100 0.042750
vn 0.650882 -0.488032 -0.581530
v 0.016491 0.091366 0.046522
vn 0.669269 -0.490132 -0.558435
v 0.016491 0.091366 0.046522
vn 0.806272 -0.515587 -0.289993
v 0.015038 0.097385 0.039766
vn 0.611606 -0.433549 -0.661796
v 0.018225 0.100498 0.041251
vn 0.685995 -0.403949 -0.605175
v 0.014814 0.101228 0.037479
vn 0.538000 -0.341581 -0.770635
v 0.010340 0.097683 0.035987
vn 0.324222 -0.358754 -0.875315
v 0.021135 0.102847 0.043121
vn 0.870043 -0.362911 -0.333648
v 0.018523 0.104089 0.039223
vn 0.634048 -0.401148 -0.661108
v 0.021135 0.102847 0.043121
vn 0.699010 -0.421976 -0.577340
v 0.021866 0.106337 0.041491
vn 0.862892 -0.348113 -0.366381
v 0.022997 0.104681 0.045934
vn 0.909215 -0.345140 -0.232824
v 0.023490 0.105231 0.054844
vn 0.951163 -0.293214 0.096514
v 0.022268 0.101866 0.056142
vn 0.943917 -0.312031 0.107968
v 0.023051 0.103285 0.050832
vn 0.946342 -0.322783 -0.015768
v 0.022057 0.100406 0.051230
vn 0.938421 -0.345494 0.000488
v 0.024093 0.106403 0.049436
vn 0.946497 -0.318246 -0.053512
v 0.024569 0.108257 0.053226
vn 0.961556 -0.260070 0.088163
v 0.025114 0.109807 0.047993
vn 0.949490 -0.305020 -0.073699
v 0.023893 0.108208 0.044409
vn 0.893132 -0.353764 -0.277787
v 0.023536 0.107526 0.058641
vn 0.951621 -0.230177 0.203556
v 0.024594 0.110834 0.056853
vn 0.964313 -0.183881 0.190494
v 0.023267 0.110117 0.062007
vn 0.939943 -0.167771 0.297253
v 0.025548 0.111667 0.051670
vn 0.967261 -0.241839 0.076949
v 0.025589 0.113523 0.054212
vn 0.967423 -0.182761 0.175191
v 0.025059 0.114198 0.057077
vn 0.961420 -0.143274 0.234829
v 0.022460 0.104601 0.060319
vn 0.940380 -0.253873 0.226350
v 0.021863 0.107141 0.064021
vn 0.914309 -0.206094 0.348661
v 0.020551 0.104598 0.065878
vn 0.900061 -0.188476 0.392895
v -0.039114 0.059833 0.072955
vn -0.535269 -0.675199 0.507537
v -0.039095 0.057825 0.069593
vn -0.463290 -0.826460 0.319885
v -0.035746 0.057641 0.072918
vn -0.374213 -0.808925 0.453436
v -0.035649 0.056388 0.069687
vn -0.288287 -0.933713 0.212300
v -0.032959 0.056346 0.071819
vn -0.175218 -0.931035 0.320113
v -0.038321 0.056716 0.066131
vn -0.326716 -0.943400 0.057031
v -0.035035 0.056023 0.066745
vn -0.179187 -0.983734 0.012619
v -0.032419 0.055612 0.068865
vn -0.101006 -0.992064 0.074880
v -0.035565 0.060075 0.076374
vn -0.412053 -0.690054 0.595011
v -0.039357 0.062939 0.076177
vn -0.539670 -0.620706 0.568753
v -0.035598 0.064010 0.080333
vn -0.406192 -0.620047 0.671230
v -0.031929 0.057550 0.074971
vn -0.196176 -0.842492 0.501720
v -0.031911 0.060331 0.078535
vn -0.260324 -0.726079 0.636428
v -0.042659 0.062444 0.071967
vn -0.626387 -0.602569 0.494519
v -0.043131 0.065555 0.075047
vn -0.611510 -0.598614 0.517414
v -0.046256 0.065296 0.070571
vn -0.675354 -0.594141 0.436914
v -0.040196 0.066527 0.079311
vn -0.531207 -0.600287 0.597892
v -0.044289 0.069124 0.077657
vn -0.611315 -0.578657 0.539861
v -0.046644 0.068164 0.073739
vn -0.655192 -0.582798 0.480697
v -0.042772 0.059965 0.068692
vn -0.614401 -0.696747 0.370208
v -0.042150 0.058258 0.065073
vn -0.502947 -0.858585 0.099383
v -0.046202 0.062826 0.067321
vn -0.702757 -0.613198 0.360722
v -0.045841 0.060837 0.063547
vn -0.670012 -0.735668 0.099374
v -0.033391 0.057065 0.059836
vn -0.060155 -0.919764 -0.387835
v -0.029346 0.056038 0.062336
vn -0.000213 -0.928979 -0.370132
v -0.032542 0.055750 0.064368
vn -0.056666 -0.961653 -0.268353
v -0.036405 0.056330 0.062780
vn -0.222271 -0.974337 -0.035541
v -0.032542 0.055750 0.064368
vn -0.064463 -0.996821 -0.046814
v -0.029346 0.056038 0.062336
vn 0.045594 -0.985823 -0.161478
v -0.026435 0.055404 0.066448
vn 0.046624 -0.995611 -0.081145
v -0.029725 0.055588 0.066996
vn -0.021491 -0.999318 -0.030031
v -0.036405 0.056330 0.062780
vn -0.115203 -0.936361 -0.331596
v -0.037301 0.058034 0.058856
vn -0.165759 -0.887182 -0.430618
v -0.040221 0.057641 0.061395
vn -0.260500 -0.883674 -0.388922
v -0.041144 0.060413 0.056024
vn -0.304953 -0.790157 -0.531654
v -0.040221 0.057641 0.061395
vn -0.372729 -0.925970 -0.060439
v -0.043929 0.059579 0.060240
vn -0.566184 -0.821742 -0.064612
v -0.035229 0.059484 0.055804
vn -0.098067 -0.814732 -0.571484
v -0.030120 0.058262 0.057347
vn 0.020270 -0.864387 -0.502418
v -0.038025 0.063162 0.051955
vn -0.175628 -0.741266 -0.647827
v -0.025675 0.057048 0.060482
vn 0.117725 -0.946284 -0.301143
v -0.025675 0.057048 0.060482
vn 0.090082 -0.882124 -0.462323
v -0.021553 0.058699 0.058505
vn 0.276875 -0.906092 -0.319903
v -0.022254 0.055914 0.064932
vn 0.256734 -0.954466 -0.151930
v -0.024117 0.057801 0.075942
vn 0.196236 -0.855189 0.479733
v -0.028267 0.057540 0.075769
vn -0.040815 -0.879989 0.473237
v -0.024890 0.055888 0.070977
vn 0.128820 -0.968258 0.214202
v -0.029346 0.055779 0.071171
vn -0.024350 -0.973380 0.227898
v -0.020469 0.056861 0.070341
vn 0.391206 -0.901005 0.187479
v -0.020045 0.059383 0.075522
vn 0.335207 -0.840611 0.425453
v -0.024374 0.061276 0.080443
vn 0.143847 -0.735776 0.661772
v -0.020216 0.062295 0.080584
vn 0.165041 -0.782998 0.599730
v -0.024906 0.065204 0.083870
vn 0.042882 -0.611171 0.790336
v -0.021250 0.066460 0.084659
vn 0.140801 -0.549993 0.823215
v -0.028395 0.060548 0.079984
vn -0.066321 -0.747508 0.660934
v -0.028653 0.064249 0.083186
vn -0.090983 -0.610929 0.786440
v -0.031723 0.063457 0.081661
vn -0.273328 -0.630677 0.726318
v 0.029038 0.141095 0.055012
vn 0.985458 -0.003513 0.169883
v 0.029054 0.135117 0.053571
vn 0.987806 -0.066048 0.140989
v 0.029537 0.139951 0.048553
vn 0.999805 -0.010732 0.016553
v 0.029337 0.133695 0.047293
vn 0.997667 -0.065840 -0.018024
v 0.029187 0.138805 0.041402
vn 0.984815 -0.044058 -0.167924
v 0.028678 0.129152 0.052366
vn 0.983079 -0.122302 0.136376
v 0.028800 0.128123 0.046257
vn 0.993675 -0.106042 -0.036948
v 0.028574 0.132424 0.040561
vn 0.965151 -0.092125 -0.244940
v 0.029370 0.146780 0.050039
vn 0.998484 0.008271 0.054418
v 0.028854 0.146378 0.055399
vn 0.980165 0.028740 0.196087
v 0.029398 0.145384 0.042925
vn 0.996505 -0.015355 -0.082106
v 0.027843 0.144321 0.058904
vn 0.923167 0.022737 0.383725
v 0.027621 0.140439 0.059325
vn 0.921460 -0.001799 0.388470
v 0.026109 0.142571 0.062329
vn 0.868512 0.032066 0.494630
v 0.027951 0.136024 0.058620
vn 0.941646 -0.058105 0.331553
v 0.027414 0.130283 0.058102
vn 0.940887 -0.136818 0.309858
v 0.026206 0.138182 0.062079
vn 0.876114 -0.022350 0.481585
v 0.026041 0.133365 0.062044
vn 0.884372 -0.078475 0.460139
v 0.027331 0.119323 0.050534
vn 0.977780 -0.174290 0.116488
v 0.027309 0.117871 0.045787
vn 0.974133 -0.216742 -0.063934
v 0.028176 0.122850 0.045784
vn 0.988824 -0.143433 -0.040676
v 0.028062 0.124251 0.051176
vn 0.980913 -0.147863 0.126280
v 0.026138 0.116532 0.041333
vn 0.898455 -0.289296 -0.330281
v 0.027223 0.121376 0.040503
vn 0.926649 -0.196968 -0.320196
v 0.027960 0.126623 0.040326
vn 0.949238 -0.116534 -0.292176
v 0.026610 0.120517 0.055256
vn 0.958159 -0.157807 0.238808
v 0.027035 0.125143 0.056240
vn 0.948874 -0.154256 0.275398
v 0.025339 0.121471 0.059816
vn 0.937927 -0.118643 0.325910
v 0.025416 0.125657 0.060840
vn 0.918768 -0.134386 0.371221
v 0.026017 0.116501 0.054500
vn 0.962739 -0.170574 0.209855
v 0.026536 0.115303 0.050581
vn 0.972520 -0.214066 0.091549
v 0.024952 0.117042 0.059041
vn 0.951390 -0.136225 0.276224
v 0.026183 0.113580 0.046612
vn 0.956993 -0.279562 -0.077522
v 0.025013 0.112126 0.042698
vn 0.884028 -0.348625 -0.311375
v 0.019487 0.112846 0.034997
vn 0.559230 -0.327767 -0.761466
v 0.019995 0.117939 0.033417
vn 0.509579 -0.291651 -0.809487
v 0.023469 0.114942 0.037637
vn 0.629148 -0.332853 -0.702411
v 0.023469 0.114942 0.037637
vn 0.826307 -0.327600 -0.458143
v 0.024359 0.119825 0.036283
vn 0.838738 -0.254286 -0.481516
v 0.021035 0.123232 0.032155
vn 0.508922 -0.244721 -0.825294
v 0.024359 0.119825 0.036283
vn 0.626693 -0.279654 -0.727358
v 0.025131 0.125186 0.035259
vn 0.870200 -0.159755 -0.466079
v 0.022543 0.110435 0.039510
vn 0.665982 -0.388106 -0.637057
v 0.018998 0.108170 0.037058
vn 0.597747 -0.401251 -0.694044
v 0.021866 0.106337 0.041491
vn 0.683374 -0.409396 -0.604479
v 0.022543 0.110435 0.039510
vn 0.831783 -0.365819 -0.417509
v 0.014696 0.110245 0.033034
vn 0.286143 -0.334118 -0.898046
v 0.014653 0.105518 0.035502
vn 0.398571 -0.373300 -0.837728
v 0.009546 0.107529 0.033676
vn 0.028666 -0.254145 -0.966741
v 0.009917 0.102406 0.034830
vn 0.158649 -0.238171 -0.958178
v 0.014894 0.115573 0.031746
vn 0.201628 -0.240023 -0.949597
v 0.015568 0.121130 0.030463
vn 0.147807 -0.234769 -0.960748
v 0.009982 0.113021 0.032390
vn -0.051854 -0.199373 -0.978551
v 0.009998 0.119228 0.031342
vn -0.075277 -0.183053 -0.980217
v 0.022309 0.135784 0.029979
vn 0.585801 -0.145397 -0.797306
v 0.026999 0.137268 0.035075
vn 0.772632 -0.108160 -0.625573
v 0.025772 0.131104 0.034789
vn 0.720611 -0.143116 -0.678408
v 0.021678 0.129257 0.031047
vn 0.537002 -0.182385 -0.823629
v 0.025131 0.125186 0.035259
vn 0.670653 -0.187157 -0.717772
v 0.026999 0.137268 0.035075
vn 0.935425 -0.103463 -0.338047
v 0.025772 0.131104 0.034789
vn 0.896690 -0.124452 -0.424804
v 0.016740 0.134341 0.028002
vn 0.138681 -0.156675 -0.977865
v 0.016385 0.127399 0.029142
vn 0.137482 -0.190663 -0.971981
v 0.010747 0.132832 0.028850
vn -0.093660 -0.150144 -0.984218
v 0.010570 0.125665 0.030016
vn -0.090553 -0.177644 -0.979920
v 0.018196 0.142076 0.027156
vn 0.221968 -0.033242 -0.974487
v 0.024135 0.143312 0.030396
vn 0.665611 -0.057054 -0.744115
v 0.011637 0.140701 0.027588
vn -0.090700 -0.070877 -0.993353
v 0.027992 0.144322 0.035795
vn 0.965067 -0.039908 -0.258946
v 0.027992 0.144322 0.035795
vn 0.818092 -0.080849 -0.569376
v 0.022217 0.132907 0.068461
vn 0.827408 -0.018537 0.561295
v 0.020106 0.130541 0.071253
vn 0.770632 -0.015748 0.637086
v 0.022096 0.128434 0.067984
vn 0.845130 -0.063994 0.530717
v 0.020118 0.126057 0.070780
vn 0.800635 -0.041109 0.597741
v 0.022045 0.123929 0.067734
vn 0.864936 -0.053592 0.499013
v 0.017715 0.128608 0.073806
vn 0.710255 0.005827 0.703920
v 0.017915 0.124034 0.073329
vn 0.739253 -0.035961 0.672467
v 0.020209 0.121248 0.070448
vn 0.814252 -0.046567 0.578641
v 0.024079 0.130897 0.065123
vn 0.863701 -0.073554 0.498608
v 0.024246 0.135537 0.065212
vn 0.849275 -0.027499 0.527235
v 0.023834 0.126710 0.064781
vn 0.887909 -0.089801 0.451169
v 0.025436 0.129281 0.062181
vn 0.896134 -0.127721 0.425007
v 0.022124 0.137932 0.068358
vn 0.788237 0.030583 0.614611
v 0.024316 0.140162 0.065456
vn 0.829341 0.015108 0.558539
v 0.020008 0.135466 0.071177
vn 0.725098 0.060309 0.686000
v 0.017471 0.133507 0.073698
vn 0.651264 0.081110 0.754504
v 0.012046 0.123762 0.078756
vn 0.577757 0.037566 0.815344
v 0.012589 0.119352 0.078195
vn 0.656267 -0.009274 0.754472
v 0.015401 0.121799 0.075759
vn 0.687155 -0.035522 0.725642
v 0.015008 0.126359 0.076409
vn 0.646093 0.013014 0.763148
v 0.013252 0.114418 0.077448
vn 0.699893 -0.024996 0.713810
v 0.015831 0.116911 0.075114
vn 0.709957 -0.048696 0.702560
v 0.018144 0.119194 0.072821
vn 0.750535 -0.052348 0.658754
v 0.011425 0.128873 0.078709
vn 0.499653 0.122074 0.857581
v 0.014626 0.131299 0.076333
vn 0.572817 0.111574 0.812054
v 0.007968 0.126502 0.080741
vn 0.427643 0.138297 0.893306
v 0.008771 0.121189 0.081171
vn 0.544364 0.110366 0.831557
v 0.004296 0.123690 0.082998
vn 0.363643 0.210154 0.907524
v 0.009711 0.116725 0.080769
vn 0.639976 0.027781 0.767892
v 0.005650 0.118817 0.083697
vn 0.431074 0.113377 0.895165
v 0.006721 0.113864 0.083195
vn 0.508006 0.008629 0.861310
v 0.010704 0.111645 0.079979
vn 0.675725 -0.017181 0.736954
v 0.015040 0.105842 0.074756
vn 0.774390 -0.086135 0.626818
v 0.017112 0.108557 0.072597
vn 0.786620 -0.115925 0.606457
v 0.014110 0.109870 0.076327
vn 0.738012 -0.060435 0.672076
v 0.016414 0.112501 0.074061
vn 0.745769 -0.078109 0.661610
v 0.019046 0.111044 0.070563
vn 0.806438 -0.126129 0.577710
v 0.018518 0.114889 0.071887
vn 0.775523 -0.083051 0.625833
v 0.011659 0.107043 0.078731
vn 0.707870 -0.062537 0.703569
v 0.012787 0.102911 0.077112
vn 0.738533 -0.079292 0.669538
v 0.008926 0.104078 0.081013
vn 0.631508 -0.083310 0.770881
v 0.007807 0.108693 0.082327
vn 0.577653 -0.042549 0.815173
v 0.016207 0.102213 0.072703
vn 0.817800 -0.114413 0.564015
v 0.014179 0.099210 0.075038
vn 0.789771 -0.102168 0.604833
v 0.010211 0.099953 0.079350
vn 0.671425 -0.092585 0.735266
v 0.011814 0.096106 0.077339
vn 0.724526 -0.126316 0.677574
v 0.018000 0.105061 0.070556
vn 0.832866 -0.127256 0.538647
v 0.019728 0.107635 0.068587
vn 0.848809 -0.165975 0.501972
v 0.022307 0.116057 0.066163
vn 0.895728 -0.078800 0.437564
v 0.022094 0.119608 0.067057
vn 0.883197 -0.065139 0.464457
v 0.020386 0.117057 0.069696
vn 0.830873 -0.071116 0.551899
v 0.020773 0.113359 0.068542
vn 0.851686 -0.106202 0.513178
v 0.022664 0.112896 0.064612
vn 0.918172 -0.116478 0.378672
v 0.021299 0.110054 0.066685
vn 0.880355 -0.161097 0.446120
v 0.023654 0.115571 0.062792
vn 0.939603 -0.106199 0.325375
v 0.023796 0.118660 0.063223
vn 0.927102 -0.089434 0.363983
v 0.024032 0.113140 0.060454
vn 0.955146 -0.125742 0.268114
v 0.023814 0.122529 0.063960
vn 0.910422 -0.083064 0.405255
v -0.002274 0.113336 0.086136
vn 0.179078 0.100144 0.978725
v -0.006359 0.110261 0.087160
vn 0.107568 0.103776 0.988767
v -0.000610 0.107717 0.086184
vn 0.270132 0.032487 0.962275
v -0.004504 0.104707 0.087135
vn 0.190837 0.024974 0.981304
v 0.000964 0.102584 0.085689
vn 0.362794 -0.050705 0.930489
v -0.010044 0.106653 0.087695
vn 0.051680 0.093844 0.994245
v -0.008129 0.101552 0.087861
vn 0.152761 0.052049 0.986892
v -0.002833 0.099556 0.086708
vn 0.293649 -0.030552 0.955425
v 0.003179 0.110791 0.084873
vn 0.361245 0.019128 0.932275
v 0.001763 0.116291 0.085032
vn 0.257547 0.067872 0.963879
v 0.004548 0.105657 0.084137
vn 0.465471 -0.044343 0.883951
v -0.003918 0.117807 0.085807
vn 0.138263 0.070920 0.987853
v 0.000396 0.121080 0.084846
vn 0.233918 0.143902 0.961548
v -0.008357 0.114854 0.086491
vn 0.086152 0.091964 0.992028
v -0.012282 0.111696 0.087017
vn 0.034298 0.096947 0.994698
v -0.017131 0.100727 0.088078
vn -0.021016 0.107577 0.993975
v -0.014636 0.095745 0.088798
vn 0.011081 0.102209 0.994701
v -0.011505 0.098554 0.088473
vn 0.063394 0.079112 0.994848
v -0.012474 0.102940 0.088110
vn 0.005504 0.089026 0.996014
v -0.013771 0.091376 0.089155
vn 0.079590 0.040608 0.996000
v -0.010308 0.093932 0.088625
vn 0.171174 0.026977 0.984871
v -0.006723 0.096617 0.087826
vn 0.246654 0.009211 0.969060
v -0.015439 0.107262 0.087568
vn -0.014589 0.088934 0.995931
v -0.021500 0.106761 0.087411
vn 0.046381 0.054024 0.997462
v -0.024491 0.100056 0.088136
vn 0.100488 0.110204 0.988816
v -0.028255 0.106629 0.088360
vn 0.179755 0.061044 0.981815
v -0.030788 0.099212 0.089651
vn 0.204077 0.111497 0.972585
v -0.033818 0.105888 0.089595
vn 0.130389 0.105108 0.985876
v -0.019335 0.093851 0.088923
vn 0.018894 0.122753 0.992257
v -0.026228 0.092898 0.089407
vn 0.141304 0.121915 0.982431
v -0.021270 0.088014 0.089686
vn 0.069226 0.061048 0.995731
v -0.011568 0.081786 0.088065
vn 0.238210 -0.186702 0.953099
v -0.007379 0.084406 0.087279
vn 0.332654 -0.158539 0.929627
v -0.012735 0.086671 0.088971
vn 0.174563 -0.078839 0.981485
v -0.009034 0.089094 0.088349
vn 0.260993 -0.057403 0.963633
v -0.003381 0.087377 0.086104
vn 0.405561 -0.131972 0.904491
v -0.005028 0.091899 0.087209
vn 0.334340 -0.050468 0.941100
v -0.016893 0.084512 0.089308
vn 0.118394 -0.083675 0.989435
v -0.015978 0.079476 0.088440
vn 0.168002 -0.221199 0.960649
v -0.021198 0.082483 0.089630
vn 0.121037 -0.084187 0.989072
v -0.016859 0.088899 0.089382
vn 0.056320 0.037570 0.997706
v -0.009965 0.077057 0.086396
vn 0.295517 -0.308728 0.904078
v -0.014423 0.074677 0.086646
vn 0.207008 -0.377891 0.902411
v -0.019836 0.077449 0.088478
vn 0.153141 -0.263774 0.952350
v -0.018806 0.072630 0.086686
vn 0.207798 -0.365540 0.907304
v -0.005706 0.079815 0.085582
vn 0.393046 -0.256069 0.883144
v -0.001665 0.082962 0.084379
vn 0.462031 -0.213256 0.860842
v 0.003906 0.093683 0.083016
vn 0.512962 -0.121213 0.849810
v 0.002357 0.097959 0.084469
vn 0.447858 -0.106213 0.887774
v -0.001246 0.094877 0.085858
vn 0.395121 -0.064906 0.916333
v 0.000378 0.090500 0.084685
vn 0.467480 -0.111326 0.876966
v 0.005643 0.089575 0.081233
vn 0.568673 -0.155093 0.807810
v 0.002130 0.086270 0.082948
vn 0.517808 -0.178153 0.836742
v 0.008962 0.092847 0.079448
vn 0.641997 -0.147858 0.752315
v 0.007294 0.096840 0.081372
vn 0.582531 -0.115218 0.804601
v 0.005835 0.101050 0.082909
vn 0.538596 -0.098458 0.836792
v -0.040268 0.097408 0.090528
vn -0.136807 0.065447 0.988433
v -0.044938 0.096826 0.089516
vn -0.330628 0.018450 0.943581
v -0.041543 0.090306 0.090395
vn -0.282753 -0.050352 0.957870
v -0.036867 0.091037 0.091218
vn -0.054437 0.033752 0.997947
v -0.038282 0.084269 0.090979
vn -0.212260 -0.178312 0.960807
v -0.049115 0.096532 0.087528
vn -0.546570 -0.045246 0.836190
v -0.045850 0.089872 0.088657
vn -0.474828 -0.145816 0.867915
v -0.042436 0.083776 0.089004
vn -0.440278 -0.254352 0.861081
v -0.035578 0.098292 0.090589
vn 0.064232 0.100670 0.992844
v -0.032077 0.091909 0.090927
vn 0.154620 0.081099 0.984640
v -0.033520 0.084947 0.091251
vn 0.053998 -0.100412 0.993480
v -0.027309 0.085453 0.090329
vn 0.121946 0.001000 0.992536
v -0.038667 0.104954 0.089946
vn -0.057386 0.136013 0.989044
v -0.043440 0.104246 0.089305
vn -0.245493 0.145041 0.958486
v -0.048075 0.103704 0.087760
vn -0.433557 0.125148 0.892394
v -0.052085 0.103364 0.085246
vn -0.625688 0.061595 0.777638
v -0.055328 0.096170 0.081160
vn -0.790491 -0.138947 0.596504
v -0.052625 0.090360 0.082815
vn -0.743244 -0.212657 0.634323
v -0.052509 0.096421 0.084614
vn -0.706782 -0.102923 0.699904
v -0.049575 0.090400 0.085981
vn -0.644267 -0.198610 0.738562
v -0.049799 0.084940 0.083876
vn -0.682565 -0.287306 0.671982
v -0.046380 0.084374 0.086659
vn -0.574905 -0.288075 0.765831
v -0.055411 0.103100 0.082000
vn -0.744888 -0.024909 0.666725
v -0.058285 0.102873 0.078309
vn -0.796055 -0.102011 0.596565
v -0.058024 0.096090 0.077149
vn -0.824924 -0.175562 0.537288
v -0.061301 0.102726 0.074170
vn -0.821113 -0.155539 0.549164
v -0.060779 0.096079 0.072691
vn -0.858134 -0.232869 0.457579
v -0.064074 0.102647 0.069660
vn -0.859558 -0.224801 0.458938
v -0.055341 0.090142 0.079144
vn -0.811243 -0.221529 0.541119
v -0.052709 0.085124 0.080591
vn -0.761435 -0.291181 0.579163
v -0.057766 0.090063 0.074946
vn -0.851049 -0.256330 0.458269
v -0.055210 0.085125 0.076854
vn -0.828367 -0.308046 0.467884
v -0.044473 0.075366 0.083232
vn -0.571150 -0.479297 0.666380
v -0.040608 0.074142 0.085211
vn -0.448619 -0.482391 0.752356
v -0.043257 0.079003 0.086388
vn -0.506071 -0.397604 0.765378
v -0.046975 0.079947 0.084135
vn -0.615267 -0.389579 0.685328
v -0.036481 0.073568 0.086763
vn -0.285515 -0.463917 0.838608
v -0.039309 0.078496 0.088388
vn -0.351877 -0.396692 0.847831
v -0.047759 0.077198 0.081326
vn -0.656112 -0.464145 0.595052
v -0.050183 0.080907 0.081271
vn -0.708378 -0.384417 0.591966
v -0.050549 0.077056 0.077895
vn -0.732578 -0.452857 0.508183
v -0.052750 0.081580 0.078241
vn -0.774991 -0.382779 0.502861
v -0.046513 0.073125 0.079298
vn -0.641021 -0.523038 0.561715
v -0.042327 0.070894 0.081613
vn -0.548568 -0.546600 0.632694
v -0.049238 0.073439 0.076024
vn -0.702028 -0.514004 0.492906
v -0.047218 0.070862 0.076044
vn -0.658145 -0.554238 0.509573
v -0.037907 0.069254 0.083413
vn -0.412015 -0.550357 0.726189
v -0.033069 0.067762 0.084506
vn -0.270740 -0.532915 0.801687
v -0.026525 0.073317 0.087998
vn 0.031274 -0.315830 0.948300
v -0.029053 0.078609 0.089699
vn 0.030027 -0.232782 0.972065
v -0.031031 0.072674 0.087726
vn -0.118026 -0.398556 0.909518
v -0.035069 0.078746 0.089611
vn -0.114579 -0.332921 0.935967
v -0.026125 0.069388 0.086545
vn 0.007551 -0.443212 0.896385
v -0.028769 0.067772 0.085464
vn -0.108941 -0.509112 0.853778
v -0.022367 0.070745 0.086806
vn 0.159371 -0.358181 0.919950
v -0.023817 0.075476 0.088455
vn 0.110092 -0.293663 0.949548
v -0.024671 0.079898 0.089894
vn 0.086632 -0.163713 0.982697
v -0.060957 0.098652 0.039102
vn -0.264597 -0.336155 -0.903874
v -0.058113 0.090984 0.041287
vn -0.328151 -0.355904 -0.875014
v -0.064595 0.096076 0.042624
vn -0.502716 -0.432592 -0.748426
v -0.064595 0.096076 0.042624
vn -0.887173 -0.380590 -0.260911
v -0.061695 0.089052 0.045713
vn -0.868499 -0.423378 -0.257798
v -0.065919 0.095651 0.048678
vn -0.910120 -0.385236 -0.152561
v -0.055523 0.083562 0.042834
vn -0.412184 -0.332560 -0.848238
v -0.061695 0.089052 0.045713
vn -0.615752 -0.428418 -0.661292
v -0.058973 0.081520 0.047672
vn -0.866024 -0.429736 -0.255596
v -0.063191 0.088258 0.051610
vn -0.912274 -0.386468 -0.135641
v -0.067096 0.106046 0.039284
vn -0.451329 -0.319344 -0.833259
v -0.062985 0.108242 0.036498
vn -0.233327 -0.252367 -0.939079
v -0.069109 0.114933 0.037835
vn -0.476880 -0.180369 -0.860263
v -0.068844 0.105253 0.044728
vn -0.912694 -0.344113 -0.220398
v -0.067096 0.106046 0.039284
vn -0.871697 -0.317047 -0.373664
v -0.056041 0.100670 0.038240
vn -0.023616 -0.267432 -0.963287
v -0.057814 0.110819 0.035773
vn -0.033821 -0.207295 -0.977694
v -0.050328 0.104594 0.037106
vn -0.038069 -0.255099 -0.966165
v -0.051826 0.114150 0.034889
vn -0.047523 -0.199907 -0.978662
v -0.053430 0.093530 0.040382
vn -0.037416 -0.254446 -0.966363
v -0.050861 0.086261 0.041862
vn -0.058018 -0.208660 -0.976266
v -0.048441 0.096158 0.039579
vn -0.040636 -0.267771 -0.962625
v -0.045623 0.089302 0.040982
vn -0.045929 -0.208712 -0.976898
v -0.048884 0.070894 0.048331
vn -0.434166 -0.682761 -0.587654
v -0.051992 0.068900 0.053883
vn -0.503675 -0.686418 -0.524540
v -0.055900 0.074857 0.050626
vn -0.592234 -0.625108 -0.508428
v -0.052536 0.076687 0.044188
vn -0.455285 -0.518906 -0.723500
v -0.058973 0.081520 0.047672
vn -0.664996 -0.455351 -0.591976
v -0.051992 0.068900 0.053883
vn -0.757391 -0.626314 -0.184635
v -0.052293 0.067528 0.059908
vn -0.776099 -0.630609 0.001423
v -0.056865 0.073814 0.057955
vn -0.851051 -0.525079 0.002047
v -0.055900 0.074857 0.050626
vn -0.814940 -0.542591 -0.203639
v -0.060558 0.081089 0.054003
vn -0.898103 -0.432796 -0.078088
v -0.045019 0.072909 0.044523
vn -0.178318 -0.478992 -0.859517
v -0.048075 0.079321 0.043066
vn -0.066764 -0.220849 -0.973020
v -0.039984 0.075983 0.043459
vn -0.046728 -0.225114 -0.973211
v -0.042939 0.082283 0.042290
vn -0.044672 -0.199447 -0.978890
v -0.041512 0.067509 0.048166
vn -0.234132 -0.686182 -0.688721
v -0.045089 0.065477 0.052100
vn -0.385421 -0.718590 -0.578860
v -0.036889 0.070150 0.044786
vn -0.112019 -0.475570 -0.872516
v -0.047815 0.063225 0.057774
vn -0.702638 -0.703283 -0.108132
v -0.047815 0.063225 0.057774
vn -0.460409 -0.736626 -0.495384
v -0.052911 0.072870 0.069245
vn -0.791242 -0.480619 0.378075
v -0.054936 0.077309 0.069811
vn -0.829896 -0.413514 0.374538
v -0.056552 0.076118 0.064934
vn -0.858182 -0.431886 0.277485
v -0.053501 0.070515 0.064452
vn -0.805284 -0.538088 0.248956
v -0.058210 0.082556 0.068024
vn -0.873398 -0.354347 0.334088
v -0.059990 0.081364 0.061110
vn -0.906501 -0.377460 0.189154
v -0.049837 0.068670 0.069551
vn -0.724939 -0.568558 0.388851
v -0.049616 0.066139 0.065637
vn -0.745830 -0.596382 0.296758
v -0.048830 0.063872 0.062627
vn -0.740062 -0.662537 0.115556
v -0.049689 0.071285 0.073074
vn -0.718411 -0.529505 0.451121
v -0.052161 0.075293 0.073476
vn -0.777787 -0.459535 0.428807
v -0.054673 0.080444 0.073938
vn -0.821972 -0.393809 0.411431
v -0.064979 0.095628 0.061508
vn -0.911452 -0.337170 0.235737
v -0.066041 0.095405 0.055192
vn -0.931547 -0.359681 0.053393
v -0.063142 0.088368 0.057853
vn -0.930345 -0.346547 0.119850
v -0.061803 0.088754 0.064113
vn -0.905838 -0.321092 0.276329
v -0.063106 0.095897 0.067362
vn -0.888379 -0.292893 0.353548
v -0.060045 0.089794 0.070067
vn -0.880538 -0.299217 0.367590
v -0.057215 0.085233 0.072674
vn -0.860105 -0.322775 0.395015
v -0.066719 0.102505 0.064133
vn -0.894647 -0.286694 0.342656
v -0.068411 0.102404 0.058304
vn -0.932936 -0.321796 0.161487
v -0.069156 0.103426 0.051410
vn -0.940864 -0.337360 -0.031020
v -0.003185 0.128148 0.030664
vn -0.039738 -0.153113 -0.987409
v -0.002737 0.120479 0.031888
vn -0.035358 -0.173123 -0.984265
v -0.011319 0.125013 0.031267
vn -0.014646 -0.154529 -0.987880
v -0.010642 0.117220 0.032728
vn -0.015197 -0.189207 -0.981820
v -0.019703 0.121198 0.031940
vn -0.033185 -0.167119 -0.985378
v -0.002932 0.113196 0.033251
vn -0.041021 -0.188894 -0.981140
v -0.009878 0.109458 0.034214
vn -0.029131 -0.206299 -0.978055
v -0.018757 0.113368 0.033543
vn -0.022662 -0.208401 -0.977781
v -0.011972 0.132981 0.030218
vn -0.041781 -0.097563 -0.994352
v -0.003601 0.136037 0.029501
vn -0.063068 -0.107085 -0.992248
v -0.020580 0.129311 0.030829
vn -0.056459 -0.095642 -0.993813
v 0.003758 0.130642 0.029776
vn -0.076900 -0.156218 -0.984725
v 0.004327 0.138662 0.028595
vn -0.087656 -0.094458 -0.991662
v 0.003923 0.123273 0.031098
vn -0.068584 -0.173595 -0.982426
v 0.004192 0.116384 0.032253
vn -0.063070 -0.178557 -0.981906
v -0.001352 0.100297 0.035919
vn -0.058759 -0.217393 -0.974314
v -0.007599 0.095799 0.037302
vn -0.058320 -0.221464 -0.973423
v -0.008905 0.101981 0.035846
vn -0.042389 -0.230903 -0.972053
v -0.002199 0.106242 0.034581
vn -0.044845 -0.207950 -0.977111
v -0.014680 0.091327 0.038739
vn -0.060424 -0.219597 -0.973718
v -0.016378 0.097657 0.037294
vn -0.042637 -0.246775 -0.968134
v -0.017725 0.105420 0.035372
vn -0.029455 -0.234117 -0.971762
v 0.004351 0.104242 0.034661
vn -0.054054 -0.207493 -0.976742
v 0.003953 0.110113 0.033512
vn -0.060780 -0.198013 -0.978313
v 0.005109 0.098860 0.035732
vn -0.043252 -0.217471 -0.975108
v -0.000139 0.094654 0.036995
vn -0.060923 -0.212501 -0.975260
v -0.005897 0.089960 0.038402
vn -0.066024 -0.211355 -0.975177
v -0.012543 0.085373 0.039867
vn -0.063965 -0.215190 -0.974475
v -0.028477 0.082785 0.041447
vn -0.056760 -0.212336 -0.975547
v -0.030952 0.089299 0.040156
vn -0.058642 -0.226294 -0.972292
v -0.021734 0.086970 0.040124
vn -0.059977 -0.214785 -0.974818
v -0.023830 0.093415 0.038777
vn -0.051905 -0.247573 -0.967478
v -0.033014 0.096189 0.038528
vn -0.056946 -0.271143 -0.960853
v -0.025510 0.100583 0.036792
vn -0.039593 -0.259663 -0.964887
v -0.019252 0.080979 0.041257
vn -0.059062 -0.219776 -0.973761
v -0.025684 0.076795 0.042594
vn -0.053260 -0.220914 -0.973838
v -0.034330 0.079536 0.042453
vn -0.048442 -0.209030 -0.976709
v -0.031387 0.073558 0.043620
vn -0.049278 -0.235236 -0.970688
v -0.037058 0.085927 0.041239
vn -0.052386 -0.206643 -0.977013
v -0.039950 0.092323 0.040057
vn -0.060115 -0.244492 -0.967786
v -0.036026 0.113141 0.034112
vn -0.049104 -0.206618 -0.977189
v -0.027994 0.117561 0.033022
vn -0.037436 -0.173972 -0.984039
v -0.026858 0.109195 0.034698
vn -0.031074 -0.224545 -0.973968
v -0.034678 0.104587 0.036144
vn -0.053445 -0.257123 -0.964900
v -0.043571 0.109054 0.035602
vn -0.060688 -0.236164 -0.969816
v -0.041959 0.099567 0.038037
vn -0.061843 -0.275783 -0.959228
v -0.044891 0.117911 0.033763
vn -0.060068 -0.174619 -0.982802
v -0.037263 0.121575 0.032679
vn -0.045938 -0.128190 -0.990685
v -0.029080 0.125885 0.031950
vn -0.058978 -0.106995 -0.992509
v -0.384175 0.335496 0.124246
vn -0.566087 0.824331 -0.004842
v -0.384031 0.336077 0.129943
vn -0.542411 0.838001 -0.059540
v -0.377619 0.339561 0.124358
vn -0.466089 0.884027 0.035460
v -0.377874 0.339714 0.130783
vn -0.416274 0.908950 -0.022944
v -0.371059 0.342330 0.126237
vn -0.281869 0.956720 0.072361
v -0.371774 0.341967 0.131873
vn -0.221328 0.974772 0.028876
v -0.380875 0.338053 0.118911
vn -0.541528 0.835072 0.096966
v -0.374965 0.341794 0.117740
vn -0.450742 0.879110 0.154907
v -0.378823 0.340193 0.113852
vn -0.529793 0.831656 0.166338
v -0.369872 0.343457 0.120677
vn -0.298743 0.936934 0.181401
v -0.368320 0.345235 0.115330
vn -0.284344 0.928599 0.238438
v -0.386009 0.334465 0.118795
vn -0.605837 0.792586 0.069062
v -0.388377 0.332420 0.123026
vn -0.615091 0.788351 0.012839
v -0.390567 0.330718 0.118640
vn -0.663761 0.746913 0.039273
v -0.383801 0.336773 0.114050
vn -0.593295 0.794109 0.131879
v -0.388643 0.332848 0.113960
vn -0.654261 0.749763 0.098986
v -0.389860 0.331583 0.128855
vn -0.594077 0.802779 -0.051173
v -0.392659 0.328771 0.123776
vn -0.672511 0.740086 0.001205
v -0.356997 0.342616 0.128046
vn 0.191319 0.966526 0.170954
v -0.364413 0.343322 0.127155
vn -0.037245 0.992167 0.119237
v -0.364946 0.343082 0.132917
vn -0.033929 0.998687 0.038376
v -0.349935 0.340197 0.128725
vn 0.454580 0.865947 0.208551
v -0.343947 0.336215 0.129599
vn 0.638184 0.745018 0.194087
v -0.349195 0.341146 0.123425
vn 0.402370 0.866670 0.294925
v -0.356076 0.343610 0.122833
vn 0.183455 0.942297 0.280037
v -0.348260 0.342777 0.118600
vn 0.378830 0.852421 0.360368
v -0.343545 0.337287 0.123909
vn 0.593989 0.752517 0.284419
v -0.342541 0.339060 0.119114
vn 0.566937 0.730264 0.381178
v -0.363383 0.344433 0.121958
vn -0.050433 0.968650 0.243258
v -0.355121 0.345204 0.117911
vn 0.175972 0.923713 0.340276
v -0.362005 0.345983 0.117109
vn -0.061712 0.954016 0.293336
v -0.376066 0.344171 0.104563
vn -0.504897 0.833436 0.224639
v -0.370018 0.347572 0.104248
vn -0.370484 0.895695 0.245910
v -0.374728 0.346395 0.099681
vn -0.481743 0.839039 0.252860
v -0.369230 0.349478 0.098560
vn -0.326794 0.909895 0.255532
v -0.373542 0.348633 0.094842
vn -0.444647 0.862439 0.241843
v -0.364093 0.349084 0.105403
vn -0.183005 0.949235 0.255856
v -0.364020 0.350142 0.101150
vn -0.170200 0.955576 0.240636
v -0.363372 0.351391 0.096507
vn -0.127600 0.961001 0.245347
v -0.379887 0.342845 0.100422
vn -0.562760 0.794548 0.228022
v -0.381062 0.340769 0.104912
vn -0.572591 0.794704 0.201457
v -0.384695 0.339190 0.100279
vn -0.623663 0.756259 0.197779
v -0.378781 0.345132 0.095436
vn -0.557854 0.795328 0.237175
v -0.383595 0.341351 0.095677
vn -0.625846 0.753306 0.202108
v -0.377459 0.342175 0.109120
vn -0.522821 0.828593 0.200231
v -0.382327 0.338769 0.109530
vn -0.584028 0.792406 0.176079
v -0.385841 0.337089 0.104788
vn -0.630660 0.754396 0.182083
v -0.387141 0.334934 0.109348
vn -0.644240 0.749512 0.152270
v -0.372851 0.345088 0.108166
vn -0.439639 0.868480 0.229041
v -0.367246 0.347016 0.109866
vn -0.270932 0.927122 0.258922
v -0.373356 0.343750 0.112563
vn -0.438818 0.874484 0.206678
v -0.370746 0.352166 0.085142
vn -0.367668 0.916389 0.158275
v -0.371394 0.350872 0.089743
vn -0.389883 0.897125 0.207742
v -0.366730 0.353240 0.086264
vn -0.231304 0.954076 0.190361
v -0.366168 0.352537 0.089914
vn -0.219247 0.950935 0.218298
v -0.362054 0.353702 0.087421
vn -0.073627 0.974813 0.210519
v -0.367945 0.351181 0.093808
vn -0.273595 0.932168 0.237082
v -0.362400 0.352647 0.091941
vn -0.087871 0.968636 0.232429
v -0.366990 0.353791 0.082128
vn -0.252065 0.962050 0.104513
v -0.371522 0.352312 0.081307
vn -0.376416 0.922364 0.086927
v -0.367336 0.354012 0.077650
vn -0.278998 0.958980 0.050171
v -0.362209 0.354600 0.082875
vn -0.102142 0.982705 0.154462
v -0.362452 0.355086 0.078249
vn -0.143863 0.986481 0.078479
v -0.375630 0.349786 0.085021
vn -0.498366 0.851890 0.160983
v -0.375225 0.350737 0.080264
vn -0.469986 0.879866 0.070349
v -0.379207 0.348211 0.080352
vn -0.594627 0.800107 0.079042
v -0.371917 0.352344 0.076875
vn -0.389662 0.920461 0.030242
v -0.376298 0.350198 0.076205
vn -0.511514 0.859275 0.000385
v -0.377526 0.347453 0.090565
vn -0.533079 0.822854 0.196821
v -0.381199 0.345760 0.085519
vn -0.619344 0.772757 0.138779
v -0.382637 0.343470 0.090816
vn -0.630174 0.755078 0.180935
v -0.351336 0.352676 0.090028
vn 0.136111 0.965683 0.221202
v -0.356967 0.353441 0.088851
vn 0.037865 0.975110 0.218463
v -0.357347 0.352381 0.093703
vn 0.027487 0.972527 0.231160
v -0.351516 0.351560 0.094911
vn 0.148628 0.959148 0.240718
v -0.357801 0.351229 0.098467
vn 0.012610 0.971958 0.234814
v -0.345188 0.351356 0.090611
vn 0.263709 0.933391 0.243392
v -0.345207 0.349930 0.095620
vn 0.292909 0.919030 0.263798
v -0.339129 0.348946 0.091032
vn 0.419486 0.865937 0.272367
v -0.351733 0.350418 0.099619
vn 0.157826 0.957496 0.241439
v -0.345511 0.348713 0.100368
vn 0.318177 0.907679 0.273646
v -0.339169 0.347249 0.096054
vn 0.449974 0.842929 0.294948
v -0.345497 0.352569 0.085726
vn 0.239008 0.946230 0.218000
v -0.351572 0.353791 0.085153
vn 0.129254 0.968950 0.210783
v -0.345818 0.353785 0.080659
vn 0.214233 0.954202 0.208811
v -0.339242 0.350477 0.085927
vn 0.393354 0.889756 0.231532
v -0.339565 0.351801 0.081032
vn 0.367882 0.905616 0.211003
v -0.357041 0.354517 0.084037
vn 0.031633 0.980380 0.194562
v -0.351772 0.354871 0.080011
vn 0.106257 0.979157 0.173091
v -0.357385 0.355324 0.079310
vn 0.001919 0.991589 0.129409
v -0.353195 0.348094 0.108809
vn 0.170248 0.934792 0.311735
v -0.352332 0.349358 0.104227
vn 0.166395 0.947656 0.272507
v -0.359436 0.349002 0.107526
vn -0.027223 0.959008 0.282070
v -0.358304 0.350190 0.103045
vn 0.005244 0.971154 0.238395
v -0.360851 0.347520 0.112372
vn -0.060236 0.956157 0.286593
v -0.354086 0.346733 0.113339
vn 0.173873 0.926301 0.334267
v -0.346732 0.345875 0.109571
vn 0.362189 0.862986 0.352241
v -0.347491 0.344359 0.114003
vn 0.373330 0.853846 0.362729
v -0.340781 0.342336 0.110086
vn 0.536118 0.755334 0.376894
v -0.341706 0.340704 0.114604
vn 0.551432 0.744418 0.376516
v -0.345965 0.347382 0.105003
vn 0.342463 0.882852 0.321390
v -0.340169 0.344112 0.105550
vn 0.515510 0.775455 0.364581
v -0.339571 0.345762 0.100877
vn 0.485990 0.812435 0.322124
v -0.372396 0.352117 0.066409
vn -0.442461 0.894724 -0.060807
v -0.367939 0.353958 0.067169
vn -0.309243 0.949648 -0.050385
v -0.367969 0.353484 0.061434
vn -0.313235 0.942687 -0.115002
v -0.372330 0.351570 0.060705
vn -0.463541 0.874568 -0.142338
v -0.367796 0.352591 0.055865
vn -0.340126 0.923844 -0.175577
v -0.363041 0.355284 0.067761
vn -0.189077 0.980999 -0.043490
v -0.363185 0.354735 0.062095
vn -0.187599 0.976371 -0.107268
v -0.363286 0.353982 0.056559
vn -0.202104 0.969330 -0.139834
v -0.376621 0.349534 0.065598
vn -0.560293 0.823102 -0.092602
v -0.376443 0.348726 0.060010
vn -0.579103 0.796488 -0.173915
v -0.380681 0.346324 0.064961
vn -0.649877 0.750232 -0.121701
v -0.371920 0.350576 0.055172
vn -0.486305 0.849379 -0.205094
v -0.375795 0.347704 0.054573
vn -0.591851 0.774583 -0.223009
v -0.380360 0.345490 0.059507
vn -0.659479 0.725157 -0.198080
v -0.376553 0.349920 0.071171
vn -0.537915 0.842341 -0.033301
v -0.372260 0.352345 0.071922
vn -0.420953 0.907063 -0.006012
v -0.380501 0.347046 0.070061
vn -0.625268 0.778095 -0.060064
v -0.380393 0.347326 0.075418
vn -0.611105 0.791512 -0.007693
v -0.367617 0.354147 0.072672
vn -0.295540 0.955205 0.015464
v -0.362620 0.355277 0.073292
vn -0.171817 0.984640 0.031030
v -0.371506 0.348297 0.044922
vn -0.530954 0.827997 -0.180303
v -0.371460 0.349446 0.049816
vn -0.507588 0.837416 -0.202706
v -0.367583 0.350560 0.045481
vn -0.424715 0.887946 -0.176545
v -0.367523 0.351539 0.050455
vn -0.383658 0.905734 -0.180145
v -0.363411 0.352453 0.046196
vn -0.301101 0.942262 -0.146561
v -0.363350 0.353142 0.051420
vn -0.250313 0.957948 -0.140284
v -0.368260 0.349268 0.040760
vn -0.441709 0.866451 -0.232716
v -0.372159 0.346938 0.040249
vn -0.543915 0.807824 -0.227106
v -0.368909 0.347417 0.036534
vn -0.419648 0.804914 -0.419535
v -0.363322 0.351532 0.040850
vn -0.331763 0.915935 -0.225822
v -0.365132 0.349479 0.036976
vn -0.373393 0.837629 -0.398691
v -0.375081 0.345538 0.044538
vn -0.628078 0.757931 -0.176234
v -0.375696 0.344024 0.040007
vn -0.646857 0.730281 -0.219697
v -0.378429 0.342481 0.044283
vn -0.705239 0.685302 -0.181657
v -0.372662 0.345008 0.035873
vn -0.520422 0.737095 -0.431105
v -0.376134 0.342019 0.035759
vn -0.619000 0.674429 -0.402474
v -0.375093 0.346746 0.049299
vn -0.608949 0.765228 -0.208823
v -0.378518 0.343610 0.048942
vn -0.680464 0.700251 -0.215913
v -0.379432 0.344477 0.054139
vn -0.664985 0.707630 -0.238863
v -0.354059 0.354169 0.048016
vn -0.019871 0.995192 -0.095909
v -0.358874 0.353628 0.047175
vn -0.156128 0.981342 -0.112215
v -0.358634 0.354126 0.052217
vn -0.120167 0.987086 -0.105934
v -0.353542 0.354566 0.053315
vn -0.011349 0.994593 -0.103227
v -0.358311 0.354765 0.057433
vn -0.099613 0.987068 -0.125597
v -0.348681 0.354032 0.049143
vn 0.103656 0.990059 -0.095075
v -0.347907 0.354453 0.054354
vn 0.124664 0.986591 -0.105346
v -0.342729 0.353115 0.050724
vn 0.217936 0.972609 -0.080839
v -0.353021 0.355249 0.058271
vn 0.007431 0.992827 -0.119325
v -0.347193 0.354948 0.059891
vn 0.149587 0.983773 -0.099065
v -0.341837 0.353432 0.056106
vn 0.256844 0.962203 -0.090530
v -0.349479 0.353526 0.044188
vn 0.084506 0.986317 -0.141556
v -0.354402 0.353597 0.043189
vn -0.031248 0.986861 -0.158523
v -0.350212 0.352753 0.039812
vn 0.062857 0.966215 -0.249954
v -0.343933 0.352929 0.045337
vn 0.172639 0.979862 -0.100335
v -0.345302 0.352441 0.040645
vn 0.130901 0.969103 -0.209055
v -0.358975 0.352971 0.042330
vn -0.177367 0.966934 -0.183246
v -0.354704 0.352672 0.038984
vn -0.042743 0.955237 -0.292738
v -0.358887 0.351895 0.038029
vn -0.169855 0.929398 -0.327673
v -0.352257 0.356003 0.069340
vn 0.059136 0.998095 0.017563
v -0.352594 0.355848 0.063804
vn 0.034180 0.996461 -0.076798
v -0.357783 0.356020 0.068129
vn -0.070479 0.997235 -0.023552
v -0.358075 0.355477 0.062605
vn -0.092094 0.990006 -0.106800
v -0.357380 0.355875 0.073854
vn -0.037001 0.997392 0.061966
v -0.351902 0.355598 0.074860
vn 0.076309 0.992048 0.100088
v -0.346364 0.355309 0.070895
vn 0.177592 0.983042 0.045720
v -0.346118 0.354820 0.075875
vn 0.184490 0.973294 0.136608
v -0.340662 0.353714 0.072731
vn 0.334988 0.938497 0.083706
v -0.341238 0.353319 0.077073
vn 0.323747 0.930147 0.173247
v -0.346738 0.355378 0.065446
vn 0.168316 0.984849 -0.041738
v -0.340719 0.353944 0.067599
vn 0.317679 0.948194 0.002707
v -0.341147 0.353829 0.061946
vn 0.289340 0.954513 -0.072026
v -0.332114 0.322115 0.123967
vn 0.860000 0.427504 0.278640
v -0.335189 0.327560 0.124174
vn 0.812576 0.517088 0.268962
v -0.331370 0.323654 0.119352
vn 0.847293 0.426106 0.317063
v -0.329403 0.316595 0.123670
vn 0.888214 0.377286 0.262165
v -0.328647 0.317970 0.119132
vn 0.881107 0.369732 0.294870
v -0.339063 0.331170 0.129804
vn 0.747442 0.635880 0.192318
v -0.338876 0.332669 0.124125
vn 0.731753 0.630389 0.259128
v -0.334311 0.329108 0.119366
vn 0.798665 0.496893 0.339458
v -0.337992 0.334347 0.119414
vn 0.708479 0.599690 0.372062
v -0.324076 0.300871 0.118875
vn 0.971433 0.072405 0.226001
v -0.323780 0.295056 0.119008
vn 0.984146 0.033424 0.174183
v -0.324809 0.306608 0.118929
vn 0.955525 0.179572 0.233935
v -0.326435 0.312177 0.119028
vn 0.915625 0.295788 0.272288
v -0.332433 0.332571 0.110483
vn 0.780927 0.493982 0.382276
v -0.329231 0.327063 0.110494
vn 0.823972 0.427946 0.371393
v -0.328207 0.328863 0.106196
vn 0.821010 0.424302 0.381982
v -0.331270 0.334503 0.106057
vn 0.770008 0.497346 0.399668
v -0.327086 0.330928 0.101560
vn 0.819555 0.419538 0.390279
v -0.326568 0.321281 0.110597
vn 0.862405 0.354575 0.361296
v -0.325466 0.323053 0.106278
vn 0.863822 0.354644 0.357825
v -0.324425 0.325000 0.101724
vn 0.859563 0.351973 0.370494
v -0.336071 0.337882 0.110392
vn 0.688753 0.611485 0.389494
v -0.335141 0.339632 0.105955
vn 0.665941 0.635893 0.390081
v -0.330238 0.336553 0.101492
vn 0.757830 0.517517 0.397329
v -0.334321 0.341606 0.101354
vn 0.636987 0.674424 0.373363
v -0.337022 0.336172 0.114874
vn 0.703097 0.602028 0.378440
v -0.333351 0.330857 0.114908
vn 0.789356 0.492700 0.366283
v -0.330341 0.325320 0.114892
vn 0.833076 0.417674 0.362675
v -0.327695 0.319589 0.114870
vn 0.866192 0.355971 0.350707
v -0.328399 0.340793 0.091576
vn 0.715842 0.621193 0.318888
v -0.329225 0.338753 0.096694
vn 0.738701 0.560720 0.374050
v -0.324582 0.335188 0.091653
vn 0.818519 0.463186 0.339830
v -0.325821 0.332900 0.096843
vn 0.815153 0.429937 0.388175
v -0.321624 0.328844 0.091853
vn 0.870201 0.360893 0.335419
v -0.322999 0.326807 0.096945
vn 0.857903 0.348835 0.377248
v -0.323764 0.337398 0.086045
vn 0.813546 0.510153 0.279083
v -0.327917 0.342720 0.085982
vn 0.694072 0.669978 0.263427
v -0.323068 0.339204 0.080067
vn 0.802113 0.558764 0.210708
v -0.320693 0.331258 0.086102
vn 0.881228 0.381039 0.279725
v -0.319726 0.333179 0.080031
vn 0.884255 0.410289 0.223060
v -0.333305 0.345388 0.091357
vn 0.570880 0.766418 0.294446
v -0.333186 0.347155 0.085937
vn 0.546610 0.800533 0.245690
v -0.327597 0.344485 0.080093
vn 0.670790 0.715180 0.196366
v -0.333380 0.348677 0.080651
vn 0.520862 0.830546 0.197220
v -0.333709 0.343493 0.096436
vn 0.601025 0.725854 0.334521
v -0.317980 0.315638 0.092003
vn 0.948489 0.155781 0.275863
v -0.319436 0.322453 0.091964
vn 0.915098 0.254266 0.312960
v -0.320835 0.320404 0.097138
vn 0.900742 0.258981 0.348701
v -0.319264 0.313810 0.097016
vn 0.935319 0.158540 0.316297
v -0.322172 0.318631 0.101819
vn 0.901561 0.259880 0.345905
v -0.317242 0.308802 0.092032
vn 0.965879 0.077345 0.247175
v -0.318474 0.307188 0.096956
vn 0.955231 0.079812 0.284892
v -0.316863 0.301911 0.091954
vn 0.971738 0.003231 0.236039
v -0.320722 0.312290 0.101645
vn 0.933705 0.167156 0.316630
v -0.319737 0.305853 0.101550
vn 0.955014 0.085248 0.284045
v -0.318223 0.300550 0.096948
vn 0.964926 -0.003977 0.262490
v -0.316065 0.310521 0.086484
vn 0.977468 0.075026 0.197301
v -0.316864 0.317696 0.086416
vn 0.961650 0.151206 0.228836
v -0.315123 0.312401 0.080366
vn 0.987899 0.056157 0.144577
v -0.315738 0.303357 0.086535
vn 0.984380 0.015350 0.175384
v -0.314896 0.305341 0.080467
vn 0.996498 -0.000670 0.083609
v -0.318270 0.324615 0.086257
vn 0.928388 0.263696 0.261840
v -0.315784 0.319535 0.080307
vn 0.970858 0.144455 0.191225
v -0.317237 0.326599 0.080141
vn 0.936092 0.275961 0.218123
v -0.322997 0.309279 0.110429
vn 0.936244 0.172273 0.306216
v -0.321809 0.310665 0.106060
vn 0.937656 0.172339 0.301828
v -0.324357 0.315340 0.110490
vn 0.903934 0.264293 0.336234
v -0.323289 0.316874 0.106203
vn 0.907285 0.262096 0.328845
v -0.325523 0.313718 0.114717
vn 0.907084 0.273909 0.319646
v -0.324058 0.307930 0.114618
vn 0.944205 0.192546 0.267213
v -0.322115 0.303257 0.110314
vn 0.958495 0.083655 0.272559
v -0.323148 0.301969 0.114647
vn 0.967414 0.088295 0.237306
v -0.321929 0.297137 0.110359
vn 0.969178 0.012025 0.246067
v -0.322941 0.295991 0.114864
vn 0.976335 0.017463 0.215556
v -0.320942 0.304397 0.106056
vn 0.955430 0.080530 0.284023
v -0.320741 0.298145 0.106004
vn 0.965190 0.005898 0.261482
v -0.319515 0.299408 0.101536
vn 0.964181 -0.000885 0.265243
v -0.330333 0.348796 0.067330
vn 0.581193 0.813304 0.027417
v -0.324662 0.343966 0.065971
vn 0.732402 0.680028 0.033910
v -0.330091 0.348379 0.061490
vn 0.581279 0.812597 -0.042431
v -0.325829 0.344671 0.058828
vn 0.672896 0.739315 -0.024998
v -0.330816 0.348542 0.055198
vn 0.548525 0.835798 -0.023682
v -0.319872 0.337083 0.066464
vn 0.858618 0.509856 0.053131
v -0.320913 0.339514 0.058035
vn 0.797162 0.601554 0.051626
v -0.325766 0.344657 0.052567
vn 0.653096 0.756368 0.037056
v -0.335227 0.351671 0.064286
vn 0.442339 0.896434 -0.027247
v -0.335038 0.351376 0.070250
vn 0.466690 0.881492 0.071921
v -0.335848 0.351533 0.058345
vn 0.420329 0.905085 -0.064374
v -0.328986 0.347155 0.073482
vn 0.623326 0.771880 0.125165
v -0.335689 0.351070 0.075695
vn 0.469541 0.870637 0.146703
v -0.323128 0.341089 0.073706
vn 0.778165 0.617472 0.114835
v -0.319359 0.335192 0.073556
vn 0.878782 0.461417 0.121804
v -0.333533 0.350018 0.043087
vn 0.412405 0.907025 -0.085009
v -0.331747 0.349151 0.049038
vn 0.491798 0.870665 0.008735
v -0.326774 0.346126 0.045570
vn 0.599559 0.800236 0.012265
v -0.329003 0.347100 0.039201
vn 0.506497 0.855069 -0.110981
v -0.322699 0.342688 0.041052
vn 0.696997 0.717053 0.005526
v -0.321228 0.340603 0.048914
vn 0.744927 0.665504 0.046787
v -0.335762 0.349716 0.038007
vn 0.318238 0.919820 -0.229470
v -0.335762 0.349716 0.038007
vn 0.329772 0.830613 -0.448700
v -0.333224 0.346260 0.033906
vn 0.389535 0.700730 -0.597696
v -0.339050 0.348621 0.033898
vn 0.253722 0.813710 -0.522974
v -0.329003 0.347100 0.039201
vn 0.495703 0.748083 -0.441193
v -0.326769 0.342896 0.035101
vn 0.555447 0.596366 -0.579506
v -0.331372 0.342108 0.031531
vn 0.316470 0.367997 -0.874314
v -0.335932 0.343162 0.031105
vn 0.178898 0.191637 -0.965024
v -0.339520 0.351752 0.041736
vn 0.231347 0.959305 -0.161906
v -0.337961 0.351697 0.046963
vn 0.299110 0.953088 -0.046426
v -0.341559 0.350944 0.037363
vn 0.195196 0.883095 -0.426664
v -0.341559 0.350944 0.037363
vn 0.177852 0.946128 -0.270574
v -0.336780 0.351567 0.052499
vn 0.369180 0.928138 -0.047605
v -0.319715 0.331995 0.035693
vn 0.703052 0.200923 -0.682164
v -0.322024 0.337924 0.035579
vn 0.677967 0.390768 -0.622624
v -0.317958 0.336713 0.042384
vn 0.804445 0.409779 -0.430057
v -0.314910 0.330492 0.042603
vn 0.960421 0.278097 0.015914
v -0.317958 0.336713 0.042384
vn 0.830454 0.556890 0.014835
v -0.316818 0.334645 0.051299
vn 0.881638 0.466190 0.073359
v -0.322699 0.342688 0.041052
vn 0.688768 0.606425 -0.397301
v -0.314910 0.330492 0.042603
vn 0.842470 0.174132 -0.509825
v -0.318555 0.325333 0.035873
vn 0.720878 0.025175 -0.692604
v -0.314367 0.323513 0.043204
vn 0.866592 -0.003976 -0.499001
v -0.318439 0.318331 0.036389
vn 0.729164 -0.038077 -0.683279
v -0.314700 0.328033 0.051565
vn 0.974230 0.219258 0.052925
v -0.314367 0.323513 0.043204
vn 0.996388 0.076245 -0.037383
v -0.313711 0.321097 0.051756
vn 0.994568 0.100043 -0.028722
v -0.314225 0.316020 0.043653
vn 0.994826 -0.002756 -0.101555
v -0.325035 0.326984 0.032131
vn 0.325285 0.013212 -0.945524
v -0.326218 0.332945 0.031901
vn 0.333525 0.073815 -0.939847
v -0.332240 0.328799 0.031305
vn 0.096869 -0.013334 -0.995208
v -0.324623 0.320587 0.032372
vn 0.333508 -0.030125 -0.942266
v -0.331908 0.323005 0.031432
vn 0.102185 -0.020278 -0.994559
v -0.328171 0.338305 0.031760
vn 0.343670 0.185993 -0.920488
v -0.333125 0.334131 0.031169
vn 0.094320 0.001308 -0.995541
v -0.334446 0.338920 0.031092
vn 0.094948 0.019849 -0.995284
v -0.314448 0.323498 0.066828
vn 0.974545 0.213550 0.068257
v -0.314796 0.325643 0.059504
vn 0.966199 0.253965 0.044290
v -0.316684 0.330553 0.066669
vn 0.927699 0.369730 0.051715
v -0.317242 0.332482 0.059319
vn 0.912564 0.399618 0.086791
v -0.316506 0.328567 0.073569
vn 0.939372 0.313967 0.137857
v -0.314902 0.321458 0.073805
vn 0.976773 0.155995 0.146904
v -0.313578 0.316357 0.067084
vn 0.996817 0.021925 0.076655
v -0.314353 0.314432 0.073906
vn 0.993286 0.018777 0.114151
v -0.314151 0.309254 0.066982
vn 0.991557 -0.127936 0.021128
v -0.314543 0.307410 0.073975
vn 0.997590 -0.059259 0.036079
v -0.313352 0.318531 0.059664
vn 0.996014 0.086792 0.020552
v -0.313598 0.311472 0.059855
vn 0.989074 -0.146572 0.015798
v -0.313260 0.313688 0.052127
vn 0.996185 -0.070506 -0.051424
v -0.390711 0.336646 0.085769
vn -0.738938 0.666944 0.095685
v -0.394919 0.331611 0.085971
vn -0.784938 0.616844 0.058106
v -0.391613 0.334780 0.091050
vn -0.731461 0.671877 0.116387
v -0.395974 0.329713 0.091317
vn -0.774975 0.627355 0.076414
v -0.392716 0.332656 0.095993
vn -0.725315 0.675786 0.131267
v -0.398935 0.326142 0.086400
vn -0.819331 0.572964 0.020218
v -0.400107 0.324223 0.091754
vn -0.816436 0.575749 0.044115
v -0.397190 0.327551 0.096279
vn -0.770616 0.629051 0.102203
v -0.387179 0.339313 0.090867
vn -0.685040 0.712637 0.151226
v -0.386051 0.341497 0.085393
vn -0.684617 0.719369 0.117509
v -0.388235 0.337237 0.095704
vn -0.677629 0.716764 0.164523
v -0.389287 0.338994 0.079679
vn -0.736743 0.675498 0.030218
v -0.384111 0.344089 0.079322
vn -0.674802 0.736094 0.052982
v -0.387151 0.341098 0.074228
vn -0.727269 0.684795 -0.046214
v -0.393853 0.333471 0.080033
vn -0.790440 0.612482 0.008377
v -0.398038 0.327574 0.080816
vn -0.828870 0.559331 -0.011132
v -0.391714 0.335802 0.073519
vn -0.778876 0.622915 -0.073003
v -0.396496 0.329484 0.074562
vn -0.825850 0.556516 -0.090896
v -0.395011 0.328199 0.105155
vn -0.731082 0.667740 0.140154
v -0.393883 0.330463 0.100577
vn -0.726647 0.671461 0.145342
v -0.398124 0.325465 0.100976
vn -0.770802 0.625151 0.122682
v -0.399136 0.323347 0.105480
vn -0.770355 0.629179 0.103381
v -0.402013 0.320254 0.101557
vn -0.813822 0.574630 0.086565
v -0.401114 0.322289 0.096882
vn -0.817012 0.571729 0.074942
v -0.396131 0.326116 0.109575
vn -0.730994 0.675398 0.097392
v -0.400233 0.321435 0.109991
vn -0.764192 0.642937 0.051403
v -0.397468 0.324217 0.114186
vn -0.726151 0.686346 0.040430
v -0.402911 0.318357 0.106033
vn -0.807368 0.587826 0.051166
v -0.404067 0.316637 0.110511
vn -0.797406 0.603440 -0.001914
v -0.401614 0.319648 0.114549
vn -0.756129 0.654422 0.000927
v -0.391825 0.330592 0.109431
vn -0.693371 0.708747 0.130057
v -0.390608 0.332794 0.104950
vn -0.683830 0.710798 0.164750
v -0.393148 0.328635 0.113954
vn -0.698480 0.711983 0.072151
v -0.389389 0.335034 0.100447
vn -0.676707 0.716565 0.169123
v -0.409697 0.307825 0.107898
vn -0.872329 0.485598 -0.056889
v -0.406465 0.313181 0.106871
vn -0.841385 0.540345 -0.009924
v -0.408694 0.309294 0.103485
vn -0.876756 0.480691 -0.015303
v -0.405471 0.314874 0.102395
vn -0.850348 0.525057 0.034984
v -0.407827 0.310926 0.098640
vn -0.882993 0.469298 0.009124
v -0.404678 0.316643 0.097720
vn -0.857482 0.512660 0.043631
v -0.411645 0.303688 0.104552
vn -0.897407 0.438124 -0.052041
v -0.412619 0.302373 0.109060
vn -0.898398 0.432960 -0.073667
v -0.414187 0.298362 0.105694
vn -0.913791 0.401048 -0.064394
v -0.410770 0.305112 0.099896
vn -0.902468 0.430048 -0.024680
v -0.413322 0.299543 0.101109
vn -0.911486 0.408153 -0.051034
v -0.410816 0.306535 0.112296
vn -0.874601 0.478418 -0.078667
v -0.413561 0.301174 0.113464
vn -0.906365 0.414691 -0.080832
v -0.411999 0.305123 0.116932
vn -0.884364 0.458914 -0.085430
v -0.415036 0.297198 0.110204
vn -0.922282 0.380332 -0.068872
v -0.415774 0.296122 0.114639
vn -0.927371 0.366355 -0.075947
v -0.414531 0.299966 0.117986
vn -0.915589 0.392091 -0.089225
v -0.407632 0.311681 0.111325
vn -0.835111 0.547725 -0.050863
v -0.408949 0.310222 0.115986
vn -0.840782 0.536923 -0.069271
v -0.405415 0.315065 0.115106
vn -0.791403 0.610165 -0.037154
v -0.406138 0.314411 0.088155
vn -0.885222 0.465013 -0.012045
v -0.407043 0.312539 0.093465
vn -0.886936 0.461787 0.009898
v -0.403769 0.318542 0.092560
vn -0.857281 0.514105 0.027659
v -0.402712 0.320458 0.087113
vn -0.853320 0.521360 -0.005401
v -0.404990 0.316108 0.082353
vn -0.880154 0.471308 -0.056555
v -0.401621 0.321967 0.081461
vn -0.856027 0.515370 -0.040150
v -0.403759 0.317424 0.076293
vn -0.877934 0.468464 -0.098860
v -0.400278 0.323498 0.075046
vn -0.855014 0.508482 -0.101968
v -0.408209 0.309903 0.083439
vn -0.900991 0.430793 -0.051307
v -0.409117 0.308275 0.089234
vn -0.905744 0.423539 -0.015571
v -0.410988 0.303834 0.084708
vn -0.913346 0.405407 -0.037989
v -0.406973 0.311330 0.077276
vn -0.892969 0.439461 -0.097370
v -0.409957 0.305279 0.078494
vn -0.905719 0.415382 -0.084442
v -0.409929 0.306696 0.094615
vn -0.905328 0.424578 -0.010713
v -0.411737 0.302472 0.090391
vn -0.917717 0.396898 -0.016361
v -0.412474 0.300941 0.095919
vn -0.916870 0.398101 -0.029424
v -0.392916 0.318514 0.041345
vn -0.889922 0.383348 -0.247151
v -0.393913 0.319284 0.045769
vn -0.870278 0.411355 -0.270930
v -0.391079 0.322818 0.041432
vn -0.872813 0.427397 -0.235647
v -0.392058 0.323394 0.046213
vn -0.863167 0.440327 -0.247093
v -0.388756 0.327372 0.041793
vn -0.848694 0.478324 -0.225665
v -0.394821 0.320065 0.050135
vn -0.849779 0.432358 -0.301565
v -0.393262 0.324038 0.050999
vn -0.843150 0.456521 -0.284053
v -0.389988 0.327539 0.046900
vn -0.839333 0.490481 -0.234411
v -0.390002 0.322544 0.036897
vn -0.882209 0.409687 -0.232086
v -0.392178 0.317651 0.036986
vn -0.851926 0.342612 -0.396030
v -0.390002 0.322544 0.036897
vn -0.827986 0.413639 -0.378605
v -0.388489 0.321749 0.032689
vn -0.733176 0.329406 -0.594932
v -0.387655 0.327172 0.037107
vn -0.852632 0.472135 -0.223847
v -0.387655 0.327172 0.037107
vn -0.812040 0.461372 -0.357389
v -0.386035 0.326512 0.032915
vn -0.720210 0.404142 -0.563885
v -0.392178 0.317651 0.036986
vn -0.896802 0.372717 -0.238386
v -0.394705 0.314276 0.041308
vn -0.888266 0.372351 -0.268957
v -0.393943 0.313171 0.037220
vn -0.896382 0.356574 -0.263352
v -0.396212 0.310519 0.041217
vn -0.881499 0.372951 -0.289599
v -0.390618 0.316676 0.032929
vn -0.739355 0.264090 -0.619363
v -0.393943 0.313171 0.037220
vn -0.853046 0.311141 -0.418932
v -0.392604 0.311623 0.033415
vn -0.746731 0.235174 -0.622163
v -0.396099 0.308368 0.037872
vn -0.843057 0.294162 -0.450248
v -0.395294 0.315571 0.045078
vn -0.870906 0.386107 -0.304046
v -0.397499 0.315461 0.050523
vn -0.837534 0.428825 -0.338595
v -0.397953 0.310616 0.046210
vn -0.856044 0.384460 -0.345514
v -0.383962 0.335479 0.043548
vn -0.789047 0.585747 -0.185216
v -0.386369 0.331764 0.042427
vn -0.823786 0.526788 -0.209454
v -0.387405 0.331957 0.047500
vn -0.811843 0.538327 -0.226088
v -0.384604 0.336160 0.048140
vn -0.780535 0.578074 -0.237897
v -0.388767 0.332500 0.052820
vn -0.805706 0.528963 -0.266525
v -0.391114 0.328226 0.051950
vn -0.825963 0.499174 -0.261938
v -0.381260 0.339074 0.044066
vn -0.763448 0.617403 -0.189634
v -0.381665 0.340092 0.048559
vn -0.743624 0.626495 -0.233509
v -0.385893 0.336880 0.053286
vn -0.773180 0.576040 -0.265276
v -0.382791 0.340880 0.053667
vn -0.725120 0.641417 -0.250570
v -0.381379 0.337958 0.040639
vn -0.768051 0.613085 -0.184998
v -0.382978 0.335425 0.038977
vn -0.791399 0.569079 -0.223239
v -0.379737 0.338723 0.036772
vn -0.713722 0.626547 -0.313112
v -0.378825 0.340940 0.040113
vn -0.721558 0.659697 -0.210127
v -0.385134 0.331577 0.037793
vn -0.822690 0.514933 -0.240885
v -0.381409 0.335482 0.034375
vn -0.740777 0.591042 -0.319248
v -0.385134 0.331577 0.037793
vn -0.806564 0.505421 -0.306602
v -0.383641 0.331179 0.033209
vn -0.725660 0.447080 -0.523008
v -0.387788 0.338624 0.063813
vn -0.755644 0.631210 -0.174860
v -0.387155 0.337597 0.058654
vn -0.767748 0.592773 -0.243276
v -0.391065 0.334302 0.063459
vn -0.796447 0.564221 -0.217547
v -0.390206 0.333096 0.058312
vn -0.804022 0.531480 -0.266604
v -0.394041 0.329420 0.062884
vn -0.824595 0.509528 -0.245814
v -0.392582 0.328633 0.057253
vn -0.821379 0.499562 -0.275272
v -0.390835 0.335871 0.067891
vn -0.778253 0.612540 -0.138261
v -0.388078 0.339374 0.069185
vn -0.744387 0.658694 -0.109592
v -0.393999 0.331720 0.068417
vn -0.817640 0.553029 -0.160071
v -0.384476 0.342510 0.064541
vn -0.717529 0.681706 -0.142933
v -0.384320 0.343484 0.069530
vn -0.703347 0.704765 -0.092785
v -0.383610 0.344613 0.073918
vn -0.675727 0.736556 -0.029638
v -0.383874 0.341745 0.059107
vn -0.722393 0.656236 -0.217951
v -0.400015 0.319219 0.062866
vn -0.840701 0.476857 -0.256573
v -0.396281 0.324476 0.060683
vn -0.830906 0.488309 -0.266738
v -0.397033 0.320148 0.055570
vn -0.833398 0.460255 -0.305963
v -0.394179 0.324944 0.055402
vn -0.827342 0.488558 -0.277159
v -0.401029 0.314220 0.057613
vn -0.838275 0.450381 -0.307329
v -0.403541 0.313593 0.064198
vn -0.862377 0.448781 -0.234312
v -0.404437 0.308794 0.059170
vn -0.857614 0.419990 -0.296828
v -0.401322 0.309886 0.052675
vn -0.839276 0.400584 -0.367624
v -0.402088 0.318742 0.069527
vn -0.862495 0.474508 -0.175911
v -0.405584 0.312432 0.070964
vn -0.884275 0.440714 -0.154367
v -0.406767 0.307652 0.065509
vn -0.880885 0.424050 -0.210295
v -0.408611 0.306504 0.072051
vn -0.895429 0.422310 -0.140929
v -0.397907 0.325301 0.067941
vn -0.840855 0.504661 -0.195651
v -0.413111 0.303838 0.121707
vn -0.901164 0.422736 -0.095909
v -0.410231 0.308880 0.120882
vn -0.861935 0.499174 -0.088846
v -0.406765 0.313713 0.120063
vn -0.790391 0.610662 -0.048732
v -0.415474 0.298811 0.122575
vn -0.928100 0.358534 -0.100416
v -0.417317 0.294030 0.123798
vn -0.938059 0.337015 -0.080414
v -0.416539 0.295046 0.118980
vn -0.932722 0.352043 -0.078070
v -0.401073 0.320784 0.124250
vn -0.718420 0.693508 -0.054030
v -0.396964 0.324788 0.123874
vn -0.694771 0.718621 -0.029614
v -0.399038 0.322480 0.118968
vn -0.720450 0.693190 -0.020950
v -0.394748 0.326742 0.118724
vn -0.696878 0.717118 0.010133
v -0.403031 0.318157 0.119448
vn -0.752682 0.657445 -0.035165
v -0.381683 0.311430 0.027887
vn -0.094406 0.008047 -0.995501
v -0.379702 0.316800 0.027808
vn -0.080503 0.019619 -0.996561
v -0.373263 0.312910 0.028372
vn 0.068774 -0.032076 -0.997116
v -0.375114 0.307364 0.028437
vn 0.062014 -0.036165 -0.997420
v -0.366104 0.308619 0.029013
vn 0.070571 -0.029477 -0.997071
v -0.377641 0.322051 0.027755
vn -0.074523 0.026696 -0.996862
v -0.371359 0.318353 0.028345
vn 0.074353 -0.029540 -0.996794
v -0.364338 0.314255 0.028988
vn 0.074008 -0.026139 -0.996915
v -0.383514 0.305967 0.028040
vn -0.115803 0.001668 -0.993271
v -0.376875 0.301799 0.028540
vn 0.054470 -0.039197 -0.997746
v -0.385215 0.300529 0.028231
vn -0.128878 0.005992 -0.991642
v -0.367866 0.302936 0.029066
vn 0.066708 -0.033787 -0.997200
v -0.369586 0.297276 0.029157
vn 0.063031 -0.035282 -0.997388
v -0.378548 0.296303 0.028670
vn 0.047791 -0.037962 -0.998136
v -0.389153 0.309442 0.029938
vn -0.456082 0.101564 -0.884123
v -0.387174 0.314756 0.029590
vn -0.431776 0.128491 -0.892782
v -0.390900 0.304064 0.030356
vn -0.469544 0.103160 -0.876862
v -0.394640 0.306467 0.034038
vn -0.745017 0.216525 -0.630925
v -0.385013 0.319897 0.029460
vn -0.415565 0.152997 -0.896603
v -0.382873 0.324970 0.029365
vn -0.421982 0.223080 -0.878730
v -0.353192 0.294027 0.030434
vn 0.079817 -0.036800 -0.996130
v -0.360526 0.298460 0.029722
vn 0.072767 -0.033392 -0.996790
v -0.351531 0.299934 0.030387
vn 0.079258 -0.034357 -0.996262
v -0.358821 0.304257 0.029657
vn 0.074165 -0.031484 -0.996749
v -0.349931 0.305863 0.030292
vn 0.079494 -0.030387 -0.996372
v -0.357172 0.310045 0.029621
vn 0.075178 -0.025699 -0.996839
v -0.344317 0.295690 0.031113
vn 0.086123 -0.039133 -0.995516
v -0.346025 0.289671 0.031217
vn 0.086951 -0.044267 -0.995229
v -0.337326 0.291565 0.031934
vn 0.103074 -0.047232 -0.993552
v -0.342713 0.301789 0.031017
vn 0.085246 -0.035142 -0.995740
v -0.335590 0.297809 0.031817
vn 0.099859 -0.045041 -0.993982
v -0.354864 0.288230 0.030544
vn 0.079806 -0.043942 -0.995841
v -0.347728 0.283783 0.031351
vn 0.086171 -0.049266 -0.995062
v -0.356507 0.282620 0.030673
vn 0.081611 -0.044721 -0.995660
v -0.339082 0.285415 0.032043
vn 0.102091 -0.050489 -0.993493
v -0.340809 0.279400 0.032198
vn 0.099924 -0.064931 -0.992874
v -0.349402 0.278108 0.031497
vn 0.092587 -0.052265 -0.994332
v -0.362200 0.292729 0.029798
vn 0.070977 -0.036868 -0.996796
v -0.363820 0.287158 0.029901
vn 0.071506 -0.040321 -0.996625
v -0.371222 0.291738 0.029240
vn 0.060275 -0.035909 -0.997536
v -0.347251 0.317654 0.030235
vn 0.080998 -0.020136 -0.996511
v -0.348494 0.311798 0.030258
vn 0.080362 -0.023782 -0.996482
v -0.355631 0.315794 0.029601
vn 0.077236 -0.022242 -0.996765
v -0.354213 0.321400 0.029598
vn 0.078517 -0.016927 -0.996769
v -0.362616 0.319789 0.028984
vn 0.077282 -0.021873 -0.996769
v -0.346260 0.323313 0.030207
vn 0.080968 -0.015704 -0.996593
v -0.352973 0.326749 0.029630
vn 0.079039 -0.011134 -0.996809
v -0.345550 0.328635 0.030197
vn 0.080305 -0.007994 -0.996738
v -0.360982 0.325127 0.029021
vn 0.080400 -0.015634 -0.996640
v -0.359436 0.330163 0.029077
vn 0.081899 -0.007657 -0.996611
v -0.351893 0.331704 0.029676
vn 0.079940 -0.002477 -0.996797
v -0.339320 0.319991 0.030842
vn 0.084622 -0.018988 -0.996232
v -0.340133 0.314008 0.030892
vn 0.084822 -0.023044 -0.996130
v -0.332151 0.316862 0.031532
vn 0.103823 -0.022212 -0.994348
v -0.338891 0.325696 0.030778
vn 0.083995 -0.014351 -0.996363
v -0.341291 0.307908 0.030954
vn 0.085703 -0.028450 -0.995914
v -0.332863 0.310508 0.031625
vn 0.100619 -0.027647 -0.994541
v -0.334037 0.304125 0.031723
vn 0.097813 -0.034870 -0.994594
v -0.373312 0.331960 0.027892
vn -0.102391 0.084093 -0.991183
v -0.367514 0.328717 0.028412
vn 0.083663 -0.013186 -0.996407
v -0.375470 0.327119 0.027774
vn -0.081522 0.062787 -0.994692
v -0.369430 0.323647 0.028348
vn 0.080198 -0.023495 -0.996502
v -0.380346 0.329741 0.029725
vn -0.444921 0.270168 -0.853847
v -0.378176 0.334407 0.030012
vn -0.492731 0.374519 -0.785463
v -0.371357 0.337516 0.028193
vn -0.185294 0.304548 -0.934300
v -0.376738 0.338759 0.032207
vn -0.489584 0.524553 -0.696528
v -0.372427 0.341635 0.031867
vn -0.366928 0.565020 -0.738997
v -0.381409 0.335482 0.034375
vn -0.695202 0.505740 -0.510805
v -0.376738 0.338759 0.032207
vn -0.606395 0.643671 -0.466876
v -0.365622 0.333475 0.028542
vn 0.080995 0.007265 -0.996688
v -0.368641 0.341317 0.029964
vn -0.188143 0.502742 -0.843714
v -0.363830 0.338981 0.028756
vn 0.019025 0.130071 -0.991322
v -0.357938 0.334778 0.029196
vn 0.080874 0.003344 -0.996719
v -0.362104 0.345906 0.030951
vn -0.288189 0.555255 -0.780153
v -0.359132 0.347735 0.031402
vn -0.219920 0.690437 -0.689153
v -0.358443 0.345298 0.029309
vn -0.133688 0.326137 -0.935822
v -0.355778 0.346453 0.029587
vn -0.069364 0.407201 -0.910701
v -0.354892 0.343313 0.029493
vn 0.073111 0.021969 -0.997082
v -0.355812 0.348923 0.031876
vn -0.127548 0.776901 -0.616568
v -0.353000 0.347587 0.029853
vn -0.062005 0.593316 -0.802578
v -0.352533 0.345565 0.029712
vn 0.066685 0.038457 -0.997033
v -0.360295 0.342702 0.029104
vn -0.070535 0.170961 -0.982750
v -0.365179 0.343569 0.030465
vn -0.222895 0.469297 -0.854446
v -0.356480 0.339504 0.029325
vn 0.077181 0.008334 -0.996982
v -0.365553 0.346834 0.033378
vn -0.299091 0.635033 -0.712235
v -0.365553 0.346834 0.033378
vn -0.367364 0.764249 -0.530063
v -0.369245 0.344531 0.032751
vn -0.404801 0.724636 -0.557709
v -0.369245 0.344531 0.032751
vn -0.289455 0.603224 -0.743193
v -0.372427 0.341635 0.031867
vn -0.492541 0.662352 -0.564529
v -0.362167 0.348744 0.033835
vn -0.278962 0.705829 -0.651142
v -0.358957 0.350165 0.034427
vn -0.168022 0.797790 -0.579051
v -0.362167 0.348744 0.033835
vn -0.321403 0.802090 -0.503341
v -0.361810 0.350670 0.036855
vn -0.279900 0.874256 -0.396652
v -0.345420 0.337994 0.030169
vn 0.078489 0.002240 -0.996912
v -0.350547 0.340422 0.029801
vn 0.077495 0.008097 -0.996960
v -0.345506 0.341748 0.030213
vn 0.081498 0.019759 -0.996478
v -0.349909 0.343739 0.029892
vn 0.081526 0.018382 -0.996502
v -0.345878 0.344871 0.030271
vn 0.090796 0.054808 -0.994360
v -0.349467 0.346058 0.029988
vn 0.097313 0.061517 -0.993351
v -0.340043 0.340022 0.030631
vn 0.085447 0.017650 -0.996186
v -0.339345 0.335802 0.030672
vn 0.080777 -0.000073 -0.996732
v -0.340995 0.343692 0.030647
vn 0.089823 0.046809 -0.994857
v -0.345140 0.333489 0.030223
vn 0.079255 -0.002849 -0.996850
v -0.338930 0.330998 0.030721
vn 0.081177 -0.006939 -0.996676
v -0.350970 0.336124 0.029761
vn 0.078391 0.000708 -0.996922
v -0.348557 0.349766 0.032899
vn 0.079224 0.854966 -0.512597
v -0.346709 0.347610 0.030431
vn 0.133181 0.554480 -0.821471
v -0.350173 0.347979 0.030128
vn 0.068049 0.655587 -0.752047
v -0.352387 0.349556 0.032335
vn -0.019978 0.846512 -0.531994
v -0.351369 0.346719 0.029822
vn 0.078670 0.094113 -0.992448
v -0.351018 0.351419 0.035876
vn 0.032439 0.888488 -0.457752
v -0.351018 0.351419 0.035876
vn 0.027168 0.936398 -0.349888
v -0.355162 0.351019 0.035120
vn -0.072965 0.913458 -0.400339
v -0.355162 0.351019 0.035120
vn -0.057238 0.860720 -0.505851
v -0.358957 0.350165 0.034427
vn -0.192988 0.873686 -0.446575
v -0.346642 0.351444 0.036654
vn 0.107745 0.895187 -0.432472
v -0.344310 0.349575 0.033438
vn 0.156428 0.838758 -0.521551
v -0.346642 0.351444 0.036654
vn 0.099764 0.950381 -0.294658
v -0.342283 0.346939 0.030776
vn 0.161651 0.509037 -0.845429
v -0.338056 0.345950 0.031074
vn 0.271556 0.479998 -0.834182
v -0.372010 0.214642 0.032119
vn 0.084845 -0.008334 -0.996359
v -0.378942 0.219351 0.031491
vn 0.082772 -0.018245 -0.996401
v -0.371244 0.219939 0.031875
vn 0.076853 -0.038754 -0.996289
v -0.378046 0.224582 0.031149
vn 0.070211 -0.049713 -0.996293
v -0.370516 0.225139 0.031832
vn 0.097610 -0.021597 -0.994990
v -0.386007 0.223971 0.030804
vn 0.079048 -0.025644 -0.996541
v -0.385002 0.229146 0.030442
vn 0.064920 -0.052565 -0.996505
v -0.377201 0.229733 0.031104
vn 0.089578 -0.025826 -0.995645
v -0.364628 0.215313 0.032546
vn 0.093292 -0.021291 -0.995411
v -0.365227 0.209971 0.032705
vn 0.094212 0.003849 -0.995545
v -0.358183 0.210833 0.033295
vn 0.342270 -0.004248 -0.939592
v -0.364055 0.220546 0.032592
vn 0.114719 -0.012429 -0.993320
v -0.357858 0.216054 0.033418
vn 0.376381 -0.007936 -0.926431
v -0.372771 0.208698 0.031879
vn 0.087572 0.005562 -0.996143
v -0.365833 0.204000 0.032419
vn 0.095167 0.010495 -0.995406
v -0.373650 0.202608 0.031894
vn 0.066968 -0.014608 -0.997648
v -0.358519 0.205425 0.033341
vn 0.309733 0.008680 -0.950784
v -0.359006 0.199564 0.033131
vn 0.289317 -0.009257 -0.957188
v -0.366587 0.197956 0.032416
vn 0.077720 -0.012589 -0.996896
v -0.379821 0.213425 0.031233
vn 0.089881 -0.001419 -0.995951
v -0.387001 0.218119 0.030576
vn 0.090066 -0.004181 -0.995927
v -0.380843 0.207378 0.031326
vn 0.070073 -0.022597 -0.997286
v -0.388175 0.212134 0.030670
vn 0.072930 -0.028821 -0.996921
v -0.368968 0.234999 0.031715
vn 0.097117 -0.037070 -0.994582
v -0.369767 0.230133 0.031797
vn 0.098347 -0.027570 -0.994770
v -0.376367 0.234701 0.031028
vn 0.089073 -0.033292 -0.995469
v -0.375533 0.239548 0.030922
vn 0.087191 -0.036577 -0.995520
v -0.383202 0.239208 0.030294
vn 0.078548 -0.030936 -0.996430
v -0.384081 0.234263 0.030384
vn 0.081503 -0.028344 -0.996270
v -0.368080 0.239763 0.031604
vn 0.095275 -0.042329 -0.994551
v -0.374658 0.244303 0.030819
vn 0.083803 -0.038260 -0.995748
v -0.367106 0.244427 0.031485
vn 0.092476 -0.045808 -0.994661
v -0.382365 0.244035 0.030215
vn 0.075579 -0.030673 -0.996668
v -0.381520 0.248750 0.030128
vn 0.072018 -0.033858 -0.996829
v -0.373744 0.248943 0.030711
vn 0.080260 -0.041057 -0.995928
v -0.361878 0.235240 0.032422
vn 0.114462 -0.043366 -0.992481
v -0.362745 0.230472 0.032510
vn 0.116622 -0.033305 -0.992618
v -0.356221 0.230815 0.033367
vn 0.405633 -0.091221 -0.909473
v -0.360886 0.239912 0.032317
vn 0.111962 -0.049628 -0.992472
v -0.355221 0.235480 0.033276
vn 0.391831 -0.115170 -0.912800
v -0.363451 0.225585 0.032561
vn 0.117388 -0.022450 -0.992832
v -0.356987 0.226064 0.033423
vn 0.407617 -0.052487 -0.911643
v -0.357465 0.221127 0.033445
vn 0.393089 -0.026174 -0.919128
v -0.396057 0.252348 0.029119
vn 0.044885 -0.021733 -0.998756
v -0.389275 0.248339 0.029609
vn 0.064284 -0.026064 -0.997591
v -0.396884 0.247539 0.029165
vn 0.048861 -0.017198 -0.998658
v -0.390109 0.243527 0.029671
vn 0.067161 -0.024586 -0.997439
v -0.397803 0.242609 0.029212
vn 0.054319 -0.016307 -0.998390
v -0.391002 0.238594 0.029731
vn 0.070131 -0.024025 -0.997248
v -0.403376 0.251148 0.028900
vn -0.080211 0.024691 -0.996472
v -0.402495 0.255940 0.028843
vn -0.112507 0.021755 -0.993413
v -0.409599 0.254269 0.030484
vn -0.388483 0.149999 -0.909165
v -0.404342 0.246223 0.028896
vn -0.044983 0.022789 -0.998728
v -0.410584 0.249341 0.030057
vn -0.312931 0.137045 -0.939837
v -0.395272 0.257040 0.029036
vn 0.041987 -0.022639 -0.998862
v -0.401651 0.260606 0.028797
vn -0.148297 0.107330 -0.983101
v -0.394496 0.261657 0.028975
vn 0.015598 0.015696 -0.999755
v -0.408625 0.258969 0.030785
vn -0.455151 0.197389 -0.868260
v -0.407614 0.263512 0.031606
vn -0.493955 0.284325 -0.821686
v -0.400895 0.265189 0.029596
vn -0.210520 0.163948 -0.963744
v -0.388476 0.253040 0.029524
vn 0.060673 -0.030306 -0.997698
v -0.387682 0.257651 0.029427
vn 0.057458 -0.030580 -0.997879
v -0.380666 0.253365 0.030021
vn 0.068905 -0.036959 -0.996938
v -0.399978 0.232428 0.029533
vn 0.070542 -0.022693 -0.997251
v -0.398821 0.237543 0.029240
vn 0.051309 -0.036856 -0.998003
v -0.391963 0.233507 0.029777
vn 0.058045 -0.049717 -0.997075
v -0.393059 0.228367 0.030141
vn 0.075569 -0.026183 -0.996797
v -0.401176 0.226666 0.029260
vn 0.080906 -0.005083 -0.996709
v -0.394153 0.222570 0.029914
vn 0.087785 -0.006240 -0.996120
v -0.401896 0.220840 0.029439
vn 0.064751 -0.031108 -0.997416
v -0.395447 0.216656 0.029997
vn 0.071711 -0.028261 -0.997025
v -0.407300 0.230594 0.028805
vn 0.041331 0.013386 -0.999056
v -0.406103 0.235955 0.028999
vn 0.036755 -0.025191 -0.999007
v -0.412114 0.234700 0.029055
vn -0.133858 0.032539 -0.990466
v -0.408532 0.224852 0.028904
vn 0.031341 -0.027721 -0.999124
v -0.414601 0.229966 0.028769
vn -0.152047 0.070698 -0.985842
v -0.405455 0.241154 0.028856
vn 0.007049 0.021062 -0.999753
v -0.412463 0.239321 0.028693
vn -0.203826 0.081700 -0.975592
v -0.411230 0.244516 0.029632
vn -0.234267 0.168798 -0.957406
v -0.392806 0.270832 0.028912
vn -0.068638 0.006895 -0.997618
v -0.391883 0.275487 0.028834
vn -0.084964 0.010195 -0.996332
v -0.385005 0.271411 0.029133
vn 0.043144 -0.027906 -0.998679
v -0.385961 0.266795 0.029231
vn 0.046252 -0.029544 -0.998493
v -0.377765 0.267025 0.029683
vn 0.061160 -0.037023 -0.997441
v -0.390801 0.280227 0.028762
vn -0.099287 0.016381 -0.994924
v -0.383948 0.276100 0.029062
vn 0.042560 -0.024989 -0.998781
v -0.376655 0.271666 0.029584
vn 0.059911 -0.033478 -0.997642
v -0.393678 0.266235 0.028954
vn -0.036804 0.015364 -0.999204
v -0.386851 0.262224 0.029332
vn 0.052292 -0.029260 -0.998203
v -0.378799 0.262444 0.029795
vn 0.062837 -0.038379 -0.997286
v -0.379766 0.257906 0.029908
vn 0.065697 -0.038344 -0.997103
v -0.400019 0.269734 0.030078
vn -0.282692 0.124117 -0.951147
v -0.399191 0.274358 0.030263
vn -0.330768 0.100105 -0.938388
v -0.405357 0.272424 0.033243
vn -0.589620 0.234274 -0.772958
v -0.406550 0.267941 0.032580
vn -0.535285 0.278100 -0.797578
v -0.398159 0.278999 0.030412
vn -0.365314 0.121062 -0.922979
v -0.404311 0.276945 0.033624
vn -0.634820 0.231101 -0.737290
v -0.402989 0.281564 0.034059
vn -0.665543 0.249406 -0.703455
v -0.396914 0.283778 0.030562
vn -0.398927 0.129751 -0.907757
v -0.364942 0.253514 0.031226
vn 0.083571 -0.051304 -0.995180
v -0.371716 0.258007 0.030466
vn 0.074140 -0.045032 -0.996231
v -0.363687 0.258046 0.031102
vn 0.079936 -0.051089 -0.995490
v -0.370584 0.262557 0.030345
vn 0.072205 -0.043952 -0.996421
v -0.362356 0.262638 0.030975
vn 0.077409 -0.048656 -0.995811
v -0.369378 0.267163 0.030235
vn 0.070522 -0.041616 -0.996642
v -0.357222 0.253532 0.031891
vn 0.093262 -0.064286 -0.993564
v -0.358596 0.249020 0.032039
vn 0.101737 -0.063478 -0.992784
v -0.351476 0.249161 0.032837
vn 0.353962 -0.167316 -0.920172
v -0.355713 0.258093 0.031737
vn 0.087410 -0.059566 -0.994390
v -0.349741 0.253673 0.032628
vn 0.317167 -0.179483 -0.931231
v -0.366073 0.248997 0.031360
vn 0.087838 -0.049866 -0.994886
v -0.359800 0.244497 0.032197
vn 0.108372 -0.056424 -0.992508
v -0.352904 0.244594 0.033037
vn 0.373164 -0.139639 -0.917197
v -0.354096 0.240035 0.033166
vn 0.381321 -0.123974 -0.916092
v -0.372778 0.253486 0.030595
vn 0.076798 -0.044231 -0.996065
v -0.359534 0.272216 0.030811
vn 0.084532 -0.032794 -0.995881
v -0.360962 0.267345 0.030856
vn 0.079475 -0.040371 -0.996019
v -0.368103 0.271884 0.030134
vn 0.071699 -0.035689 -0.996788
v -0.366761 0.276770 0.030064
vn 0.073581 -0.032945 -0.996745
v -0.375444 0.276414 0.029506
vn 0.059129 -0.030103 -0.997796
v -0.358059 0.277291 0.030765
vn 0.084957 -0.037633 -0.995674
v -0.365337 0.281845 0.030004
vn 0.072985 -0.037027 -0.996645
v -0.374144 0.281320 0.029438
vn 0.059272 -0.031935 -0.997731
v -0.372747 0.286427 0.029344
vn 0.059368 -0.036003 -0.997587
v -0.351018 0.272730 0.031566
vn 0.099559 -0.032169 -0.994512
v -0.352592 0.267639 0.031556
vn 0.093188 -0.033724 -0.995077
v -0.344236 0.268228 0.032398
vn 0.230634 -0.091376 -0.968740
v -0.342552 0.273625 0.032504
vn 0.147458 -0.109173 -0.983025
v -0.354155 0.262775 0.031615
vn 0.087724 -0.049048 -0.994937
v -0.346131 0.263133 0.032367
vn 0.264134 -0.121622 -0.956787
v -0.347945 0.258295 0.032463
vn 0.288879 -0.151929 -0.945234
v -0.388259 0.290082 0.028576
vn -0.124021 0.013897 -0.992182
v -0.381502 0.285866 0.028900
vn 0.041800 -0.031166 -0.998640
v -0.389594 0.285097 0.028680
vn -0.113512 0.017178 -0.993388
v -0.382786 0.280908 0.028996
vn 0.042122 -0.026810 -0.998753
v -0.395561 0.288650 0.030656
vn -0.428452 0.133308 -0.893676
v -0.394113 0.293619 0.030643
vn -0.453631 0.128951 -0.881811
v -0.399952 0.291051 0.034578
vn -0.714531 0.254347 -0.651730
v -0.401552 0.286303 0.034346
vn -0.691180 0.256869 -0.675492
v -0.386791 0.295219 0.028420
vn -0.129683 0.010207 -0.991503
v -0.392517 0.298768 0.030557
vn -0.467246 0.120053 -0.875939
v -0.398261 0.296029 0.034597
vn -0.733201 0.239914 -0.636285
v -0.396462 0.301211 0.034388
vn -0.741565 0.221323 -0.633322
v -0.380087 0.290990 0.028793
vn 0.043049 -0.035116 -0.998456
v -0.322062 0.285138 0.111459
vn 0.978945 0.041360 0.199891
v -0.322048 0.279527 0.112889
vn 0.983977 0.042400 0.173178
v -0.321168 0.279884 0.108110
vn 0.981275 0.021137 0.191448
v -0.321070 0.285872 0.106694
vn 0.974641 0.016556 0.223160
v -0.320130 0.280254 0.103364
vn 0.984672 -0.009503 0.174157
v -0.322291 0.274381 0.115411
vn 0.984552 -0.014467 0.174496
v -0.321470 0.274152 0.110532
vn 0.987814 -0.031903 0.152335
v -0.320762 0.274267 0.105615
vn 0.986814 -0.073412 0.144252
v -0.322079 0.291057 0.110704
vn 0.973146 0.002764 0.230174
v -0.320869 0.291986 0.106224
vn 0.969527 -0.014234 0.244571
v -0.319987 0.286593 0.101957
vn 0.978369 -0.013009 0.206460
v -0.319750 0.293042 0.101690
vn 0.970062 -0.029998 0.240997
v -0.323036 0.290168 0.115020
vn 0.983967 0.028298 0.176091
v -0.322866 0.284491 0.115872
vn 0.987756 0.053578 0.146520
v -0.323496 0.289313 0.119360
vn 0.992141 0.050458 0.114503
v -0.322773 0.279389 0.117425
vn 0.987613 0.035532 0.152834
v -0.323340 0.283923 0.120284
vn 0.991210 0.043306 0.125010
v -0.323415 0.279184 0.121626
vn 0.988352 0.011905 0.151722
v -0.323041 0.275432 0.119231
vn 0.985626 -0.010943 0.168590
v -0.317970 0.288179 0.092173
vn 0.981679 -0.102721 0.160483
v -0.318911 0.287281 0.097185
vn 0.980391 -0.055577 0.189063
v -0.318664 0.281185 0.092520
vn 0.990085 -0.105476 0.092771
v -0.319462 0.280383 0.098313
vn 0.990028 -0.055428 0.129506
v -0.319645 0.273365 0.094068
vn 0.987831 -0.146917 0.051047
v -0.320058 0.274055 0.100545
vn 0.988321 -0.110972 0.104433
v -0.318071 0.282564 0.086863
vn 0.984664 -0.166270 0.052837
v -0.316849 0.289506 0.086515
vn 0.978989 -0.158360 0.128462
v -0.317600 0.283931 0.080654
vn 0.973682 -0.227862 0.004705
v -0.319254 0.275600 0.087231
vn 0.985947 -0.166855 -0.008202
v -0.319180 0.277162 0.080868
vn 0.976209 -0.210706 -0.051183
v -0.317219 0.295179 0.092027
vn 0.972665 -0.080383 0.217854
v -0.315874 0.296445 0.086536
vn 0.982946 -0.082688 0.164254
v -0.315903 0.291062 0.080546
vn 0.983532 -0.176771 0.037644
v -0.315000 0.298247 0.080570
vn 0.996931 -0.064937 0.043731
v -0.318491 0.293802 0.096971
vn 0.971013 -0.053482 0.232966
v -0.322068 0.261996 0.092790
vn 0.968684 -0.248099 0.009946
v -0.320998 0.266967 0.093983
vn 0.976898 -0.211122 0.033146
v -0.322118 0.262292 0.097837
vn 0.973490 -0.225685 0.037186
v -0.320997 0.267961 0.098544
vn 0.978968 -0.194402 0.061885
v -0.322288 0.262812 0.102417
vn 0.975833 -0.204325 0.077468
v -0.320998 0.266967 0.093983
vn 0.977498 -0.207229 0.039425
v -0.320997 0.267961 0.098544
vn 0.979909 -0.186657 0.070265
v -0.321336 0.268414 0.103652
vn 0.983186 -0.150141 0.103942
v -0.323493 0.257087 0.097019
vn 0.955671 -0.294207 0.011666
v -0.323581 0.256612 0.092132
vn 0.957662 -0.287734 0.009599
v -0.325320 0.251958 0.096739
vn 0.947029 -0.320032 0.026758
v -0.323457 0.257507 0.102043
vn 0.962839 -0.264428 0.054951
v -0.325051 0.252526 0.101708
vn 0.942024 -0.334253 0.029418
v -0.322325 0.261318 0.088041
vn 0.965364 -0.258132 -0.037955
v -0.323743 0.256203 0.086796
vn 0.960017 -0.274718 -0.053837
v -0.322464 0.262395 0.081948
vn 0.958463 -0.263977 -0.107999
v -0.325160 0.251399 0.091630
vn 0.953954 -0.298591 0.028562
v -0.325404 0.250589 0.086612
vn 0.954678 -0.294062 -0.046011
v -0.324682 0.255041 0.081309
vn 0.949641 -0.279091 -0.142443
v -0.320670 0.267556 0.088315
vn 0.968952 -0.243905 -0.040522
v -0.320670 0.267556 0.088315
vn 0.982777 -0.184520 -0.010098
v -0.320535 0.270271 0.081179
vn 0.979603 -0.189599 -0.066558
v -0.322975 0.263653 0.112421
vn 0.977714 -0.180903 0.106531
v -0.322649 0.263153 0.107255
vn 0.976215 -0.199849 0.084056
v -0.321746 0.268621 0.108508
vn 0.980669 -0.169773 0.097285
v -0.322344 0.269009 0.113812
vn 0.985641 -0.071879 0.152789
v -0.321746 0.268621 0.108508
vn 0.987586 -0.106483 0.115481
v -0.321336 0.268414 0.103652
vn 0.979143 -0.184128 0.085880
v -0.322344 0.269009 0.113812
vn 0.980484 -0.132546 0.145199
v -0.323565 0.264355 0.117721
vn 0.979900 -0.139901 0.142211
v -0.323219 0.270189 0.119173
vn 0.983369 -0.091854 0.156678
v -0.324288 0.265485 0.123717
vn 0.982752 -0.119198 0.141387
v -0.323219 0.270189 0.119173
vn 0.984640 -0.045366 0.168602
v -0.323546 0.274523 0.122539
vn 0.988639 -0.027298 0.147813
v -0.324362 0.259327 0.116761
vn 0.972164 -0.207080 0.109613
v -0.324022 0.258589 0.111538
vn 0.968643 -0.233654 0.084473
v -0.325434 0.254611 0.115994
vn 0.955544 -0.282345 0.084957
v -0.324853 0.260062 0.121814
vn 0.975960 -0.174446 0.130654
v -0.325697 0.255449 0.121006
vn 0.963336 -0.245735 0.107697
v -0.323766 0.258053 0.106828
vn 0.966202 -0.244050 0.083025
v -0.325267 0.253895 0.111245
vn 0.950244 -0.301648 0.077755
v -0.325113 0.253251 0.106489
vn 0.945847 -0.316725 0.071131
v -0.325506 0.260770 0.127465
vn 0.977382 -0.164063 0.133445
v -0.326147 0.256218 0.125935
vn 0.969567 -0.208882 0.127703
v -0.323923 0.270544 0.123891
vn 0.987692 -0.042301 0.150585
v -0.319521 0.303866 0.036505
vn 0.729935 -0.182738 -0.658636
v -0.316759 0.301517 0.044285
vn 0.870028 -0.305479 -0.386954
v -0.321626 0.297184 0.037004
vn 0.738548 -0.290323 -0.608489
v -0.319250 0.294810 0.044806
vn 0.864878 -0.345832 -0.363850
v -0.323908 0.290648 0.037605
vn 0.763397 -0.293701 -0.575296
v -0.316759 0.301517 0.044285
vn 0.948283 -0.314411 -0.043656
v -0.317132 0.299617 0.052647
vn 0.946908 -0.318710 -0.042294
v -0.319250 0.294810 0.044806
vn 0.937173 -0.345461 -0.048622
v -0.319514 0.292789 0.053051
vn 0.949503 -0.295089 -0.106617
v -0.321802 0.287999 0.045335
vn 0.940009 -0.324735 -0.104550
v -0.327266 0.300534 0.032576
vn 0.327244 -0.113281 -0.938125
v -0.325887 0.307174 0.032496
vn 0.325111 -0.054941 -0.944078
v -0.329097 0.294094 0.032760
vn 0.360395 -0.140805 -0.922111
v -0.318748 0.311147 0.036540
vn 0.723826 -0.065693 -0.686848
v -0.325112 0.313969 0.032446
vn 0.337959 -0.038571 -0.940370
v -0.314768 0.308569 0.043971
vn 0.874373 -0.146355 -0.462657
v -0.314768 0.308569 0.043971
vn 0.978779 -0.187933 -0.081683
v -0.314811 0.306501 0.052441
vn 0.963702 -0.265676 -0.026353
v -0.314225 0.316020 0.043653
vn 0.862532 -0.048806 -0.503643
v -0.327863 0.277695 0.038766
vn 0.802538 -0.363904 -0.472764
v -0.326017 0.284132 0.037933
vn 0.789904 -0.289155 -0.540779
v -0.324201 0.281416 0.046078
vn 0.888806 -0.363198 -0.279484
v -0.326985 0.275226 0.047145
vn 0.887332 -0.436904 -0.147505
v -0.324201 0.281416 0.046078
vn 0.893565 -0.426186 -0.141095
v -0.323932 0.279304 0.054161
vn 0.888984 -0.423981 -0.173052
v -0.321802 0.287999 0.045335
vn 0.877731 -0.338320 -0.339304
v -0.324201 0.281416 0.046078
vn 0.922728 -0.361597 -0.133493
v -0.321367 0.285947 0.053394
vn 0.935261 -0.316389 -0.158696
v -0.326985 0.275226 0.047145
vn 0.867701 -0.447704 -0.216002
v -0.330583 0.271751 0.040049
vn 0.791845 -0.454943 -0.407442
v -0.329913 0.269397 0.048167
vn 0.872085 -0.438595 -0.217032
v -0.333248 0.266073 0.041314
vn 0.819445 -0.412018 -0.398436
v -0.326710 0.273081 0.055048
vn 0.880962 -0.421059 -0.215904
v -0.329913 0.269397 0.048167
vn 0.887946 -0.426024 -0.173368
v -0.329378 0.267083 0.055962
vn 0.895103 -0.348505 -0.278091
v -0.332207 0.263548 0.049232
vn 0.914953 -0.331309 -0.230424
v -0.334445 0.275217 0.033209
vn 0.444399 -0.282125 -0.850244
v -0.332751 0.281369 0.032997
vn 0.415741 -0.154656 -0.896237
v -0.336458 0.269408 0.034942
vn 0.513985 -0.334273 -0.789988
v -0.330969 0.287705 0.032876
vn 0.389557 -0.137155 -0.910733
v -0.323723 0.267992 0.068701
vn 0.909783 -0.271824 -0.313698
v -0.325446 0.270605 0.062235
vn 0.884840 -0.335565 -0.323195
v -0.321972 0.274606 0.068262
vn 0.909807 -0.296125 -0.290792
v -0.321972 0.274606 0.068262
vn 0.924954 -0.299626 -0.233849
v -0.323107 0.276900 0.061538
vn 0.906177 -0.349122 -0.238658
v -0.319823 0.281034 0.067789
vn 0.931307 -0.298759 -0.208352
v -0.323107 0.276900 0.061538
vn 0.885296 -0.383322 -0.263279
v -0.323932 0.279304 0.054161
vn 0.911197 -0.368523 -0.184150
v -0.320647 0.283440 0.060938
vn 0.926167 -0.314890 -0.207505
v -0.320919 0.272198 0.074732
vn 0.944867 -0.245716 -0.216450
v -0.322558 0.265445 0.074936
vn 0.941877 -0.268858 -0.201450
v -0.320535 0.270271 0.081179
vn 0.964102 -0.243356 -0.106232
v -0.319239 0.278903 0.074290
vn 0.954934 -0.266419 -0.130852
v -0.320919 0.272198 0.074732
vn 0.961619 -0.232218 -0.146161
v -0.325672 0.261363 0.069124
vn 0.898999 -0.298191 -0.320754
v -0.324737 0.258332 0.075462
vn 0.927550 -0.299145 -0.223971
v -0.327757 0.255183 0.069477
vn 0.897046 -0.309212 -0.315748
v -0.326862 0.251252 0.076162
vn 0.917783 -0.308312 -0.250238
v -0.327383 0.264202 0.062773
vn 0.885195 -0.284195 -0.368324
v -0.329243 0.257884 0.063081
vn 0.884544 -0.296889 -0.359776
v -0.331114 0.260798 0.056341
vn 0.901117 -0.293322 -0.319296
v -0.316655 0.295250 0.067350
vn 0.973579 -0.174702 -0.147049
v -0.317951 0.288078 0.067526
vn 0.956737 -0.224655 -0.184888
v -0.318768 0.290388 0.060521
vn 0.956672 -0.233787 -0.173556
v -0.317216 0.297648 0.060275
vn 0.963186 -0.243180 -0.114616
v -0.315266 0.302290 0.067227
vn 0.982059 -0.174733 -0.070908
v -0.315430 0.304526 0.060127
vn 0.967306 -0.250926 -0.036803
v -0.315159 0.300194 0.074067
vn 0.994120 -0.093076 -0.055343
v -0.315783 0.292961 0.074114
vn 0.983338 -0.148202 -0.105274
v -0.317271 0.285825 0.074250
vn 0.964855 -0.241133 -0.104453
v -0.418543 0.287920 0.112906
vn -0.950678 0.303438 -0.064322
v -0.418041 0.288676 0.108363
vn -0.947733 0.314382 -0.054471
v -0.419653 0.283944 0.110785
vn -0.958911 0.278700 -0.053058
v -0.419818 0.284113 0.114657
vn -0.960328 0.272574 -0.058946
v -0.421081 0.279375 0.114952
vn -0.975126 0.218823 -0.035293
v -0.417421 0.289769 0.103769
vn -0.945888 0.320208 -0.052567
v -0.419122 0.284716 0.105872
vn -0.956855 0.285205 -0.055550
v -0.420809 0.279564 0.109600
vn -0.971766 0.229505 -0.054759
v -0.419087 0.287075 0.116971
vn -0.954839 0.287914 -0.073400
v -0.420453 0.282667 0.118355
vn -0.968997 0.238627 -0.064043
v -0.419780 0.286113 0.121430
vn -0.956178 0.279494 -0.087214
v -0.421479 0.278107 0.120348
vn -0.984960 0.170117 -0.030246
v -0.421013 0.281729 0.122764
vn -0.978526 0.196174 -0.063264
v -0.417633 0.291524 0.115820
vn -0.942015 0.327276 -0.074146
v -0.416913 0.292354 0.111177
vn -0.938440 0.338696 -0.067934
v -0.418284 0.290458 0.120115
vn -0.945810 0.314832 -0.079526
v -0.416256 0.293423 0.106795
vn -0.934190 0.352666 -0.053994
v -0.415558 0.294734 0.102502
vn -0.926638 0.372010 -0.054315
v -0.422654 0.269519 0.112896
vn -0.995708 0.075048 -0.054156
v -0.422064 0.274351 0.113692
vn -0.985443 0.165838 -0.037429
v -0.421663 0.274689 0.108438
vn -0.984806 0.158948 -0.069949
v -0.422277 0.269885 0.108393
vn -0.993619 0.080814 -0.078682
v -0.421210 0.275244 0.103706
vn -0.984239 0.160076 -0.075159
v -0.420319 0.280212 0.104254
vn -0.970645 0.230529 -0.068589
v -0.422759 0.264756 0.112953
vn -0.999119 -0.001365 -0.041952
v -0.422485 0.265023 0.108547
vn -0.997971 0.027251 -0.057539
v -0.422663 0.259793 0.113190
vn -0.998856 -0.047028 -0.008653
v -0.421819 0.270304 0.103630
vn -0.992891 0.099136 -0.065875
v -0.422225 0.265297 0.103844
vn -0.997385 0.063415 -0.034658
v -0.422557 0.259916 0.108837
vn -0.999930 0.004782 -0.010777
v -0.422870 0.264493 0.117329
vn -0.999499 -0.023407 0.021315
v -0.422855 0.269203 0.117566
vn -0.997590 0.067024 0.017947
v -0.422558 0.264215 0.121842
vn -0.994988 -0.048267 0.087571
v -0.422631 0.259681 0.117504
vn -0.996286 -0.074342 0.043448
v -0.422230 0.259590 0.121682
vn -0.989340 -0.089258 0.115064
v -0.422196 0.273812 0.118746
vn -0.989403 0.145150 0.003698
v -0.422558 0.268797 0.122705
vn -0.997585 0.043710 0.053985
v -0.422222 0.273481 0.124477
vn -0.992742 0.120077 -0.006724
v -0.421376 0.271438 0.092803
vn -0.982611 0.182656 0.033341
v -0.421495 0.270928 0.098587
vn -0.990724 0.132844 -0.028601
v -0.420376 0.276616 0.092997
vn -0.979258 0.202103 -0.014417
v -0.420756 0.275923 0.098536
vn -0.982986 0.176161 -0.052012
v -0.419251 0.281659 0.093074
vn -0.969668 0.241924 -0.034891
v -0.419707 0.280838 0.098591
vn -0.970729 0.232699 -0.059467
v -0.420284 0.277348 0.087218
vn -0.968415 0.247002 0.034103
v -0.421703 0.272063 0.086903
vn -0.968739 0.235132 0.079106
v -0.420396 0.277779 0.081864
vn -0.957766 0.285302 0.035874
v -0.419041 0.282076 0.087868
vn -0.965686 0.259709 0.001171
v -0.418994 0.282436 0.082643
vn -0.956694 0.291097 0.000316
v -0.422311 0.266072 0.092824
vn -0.983347 0.161844 0.082671
v -0.423012 0.266450 0.086663
vn -0.972115 0.203765 0.116067
v -0.423123 0.260363 0.093319
vn -0.977548 0.174953 0.117433
v -0.421977 0.272789 0.080865
vn -0.959836 0.275030 0.055428
v -0.423829 0.266634 0.079413
vn -0.963167 0.256539 0.080608
v -0.424058 0.260259 0.087326
vn -0.966868 0.206009 0.150751
v -0.422103 0.265664 0.098757
vn -0.993642 0.111536 0.015317
v -0.422670 0.260155 0.099156
vn -0.988905 0.133226 0.065714
v -0.422481 0.259999 0.104237
vn -0.997200 0.071892 0.020586
v -0.416327 0.291440 0.095000
vn -0.938437 0.342530 -0.044827
v -0.417924 0.286667 0.093837
vn -0.955139 0.293389 -0.040400
v -0.418310 0.286308 0.099769
vn -0.955350 0.290336 -0.054881
v -0.416631 0.291298 0.099486
vn -0.940351 0.335265 -0.057767
v -0.414828 0.295743 0.097753
vn -0.923183 0.380846 -0.051867
v -0.414126 0.296737 0.092309
vn -0.926866 0.374486 -0.026055
v -0.415851 0.292131 0.089265
vn -0.938653 0.344024 -0.024031
v -0.413650 0.297833 0.086457
vn -0.926096 0.376525 -0.023995
v -0.415566 0.292566 0.082457
vn -0.934487 0.353597 -0.041264
v -0.412727 0.299343 0.079751
vn -0.919395 0.387684 -0.066429
v -0.417572 0.287120 0.088274
vn -0.951490 0.307259 -0.016087
v -0.417735 0.286743 0.083511
vn -0.949852 0.312039 -0.020311
v -0.337608 0.229624 0.111723
vn 0.827840 -0.528768 0.187312
v -0.337838 0.227690 0.107251
vn 0.837150 -0.508440 0.201664
v -0.335381 0.231570 0.106666
vn 0.851431 -0.492573 0.180103
v -0.335230 0.233355 0.111107
vn 0.851955 -0.495065 0.170538
v -0.333049 0.235574 0.106199
vn 0.876948 -0.452647 0.161471
v -0.337876 0.225728 0.102752
vn 0.851669 -0.479034 0.212570
v -0.335344 0.229851 0.102064
vn 0.855111 -0.482287 0.190223
v -0.332937 0.233985 0.101526
vn 0.880500 -0.443934 0.166258
v -0.337371 0.231542 0.116060
vn 0.826633 -0.528096 0.194401
v -0.335031 0.235204 0.115507
vn 0.843713 -0.510199 0.166869
v -0.337163 0.233499 0.120349
vn 0.815932 -0.543897 0.196041
v -0.332963 0.237286 0.110738
vn 0.868744 -0.473577 0.144943
v -0.332814 0.238829 0.115275
vn 0.856975 -0.496649 0.137602
v -0.334816 0.236907 0.119937
vn 0.829235 -0.534932 0.161916
v -0.339934 0.228036 0.116850
vn 0.801649 -0.557617 0.215457
v -0.340302 0.225932 0.112546
vn 0.816462 -0.535621 0.215640
v -0.342676 0.224549 0.117833
vn 0.792306 -0.558613 0.245363
v -0.339582 0.230165 0.120980
vn 0.795961 -0.562401 0.223944
v -0.342296 0.226913 0.122005
vn 0.775027 -0.581101 0.248305
v -0.340431 0.223765 0.108170
vn 0.836501 -0.494890 0.235267
v -0.342959 0.222250 0.113588
vn 0.806386 -0.534921 0.252191
v -0.343100 0.219819 0.109319
vn 0.823347 -0.494733 0.278097
v -0.340496 0.221437 0.103844
vn 0.853426 -0.462194 0.240916
v -0.328683 0.245373 0.110747
vn 0.896332 -0.433277 0.094129
v -0.330794 0.241287 0.110642
vn 0.877945 -0.464827 0.114670
v -0.328750 0.244224 0.106046
vn 0.901745 -0.422609 0.090876
v -0.330927 0.239890 0.106038
vn 0.890515 -0.437104 0.126186
v -0.328837 0.243019 0.101289
vn 0.913793 -0.395514 0.092470
v -0.330857 0.238419 0.101311
vn 0.905158 -0.402703 0.136084
v -0.326823 0.248673 0.106192
vn 0.923383 -0.377246 0.071053
v -0.326838 0.249505 0.110968
vn 0.923041 -0.376185 0.080498
v -0.326855 0.247727 0.101464
vn 0.930338 -0.363298 0.049849
v -0.328711 0.246359 0.115391
vn 0.893421 -0.438739 0.096471
v -0.326969 0.250306 0.115707
vn 0.923980 -0.373755 0.081045
v -0.328680 0.247371 0.119997
vn 0.889961 -0.448442 0.082883
v -0.326978 0.251138 0.120286
vn 0.932018 -0.353144 0.081433
v -0.330693 0.242595 0.115237
vn 0.870849 -0.477950 0.114826
v -0.330600 0.243806 0.119795
vn 0.863928 -0.491564 0.109511
v -0.332649 0.240334 0.119743
vn 0.847412 -0.513877 0.133505
v -0.328781 0.241050 0.091361
vn 0.934732 -0.353512 0.036117
v -0.328802 0.241900 0.096399
vn 0.927612 -0.364079 0.083561
v -0.330677 0.237140 0.096493
vn 0.916722 -0.384532 0.108428
v -0.330616 0.236208 0.091512
vn 0.924645 -0.378564 0.041476
v -0.332801 0.232545 0.096874
vn 0.889970 -0.434179 0.139434
v -0.328906 0.240621 0.086062
vn 0.930127 -0.360685 -0.069068
v -0.330934 0.235606 0.086098
vn 0.913054 -0.398859 -0.085112
v -0.329990 0.240063 0.080583
vn 0.912426 -0.364011 -0.187014
v -0.332702 0.231316 0.091837
vn 0.898336 -0.437100 0.043999
v -0.333315 0.230659 0.086516
vn 0.903692 -0.423607 -0.062429
v -0.332351 0.234509 0.079877
vn 0.912412 -0.375770 -0.162179
v -0.327093 0.245520 0.086407
vn 0.940950 -0.335066 -0.048406
v -0.326896 0.246078 0.091478
vn 0.942663 -0.332382 0.030152
v -0.327782 0.245389 0.080999
vn 0.922207 -0.343338 -0.177916
v -0.326074 0.249742 0.082033
vn 0.943071 -0.300551 -0.142432
v -0.326929 0.246846 0.096481
vn 0.940349 -0.334905 0.059854
v -0.337843 0.221805 0.093381
vn 0.889812 -0.437478 0.129802
v -0.335206 0.226661 0.092455
vn 0.886525 -0.455643 0.080389
v -0.337892 0.223662 0.098273
vn 0.867723 -0.457858 0.193452
v -0.335233 0.228149 0.097342
vn 0.866322 -0.469932 0.169264
v -0.340462 0.219127 0.099353
vn 0.874252 -0.430110 0.225142
v -0.340329 0.216962 0.094580
vn 0.894753 -0.411568 0.173289
v -0.342915 0.214653 0.100606
vn 0.862365 -0.435334 0.258479
v -0.343101 0.217272 0.105050
vn 0.847060 -0.448893 0.284577
v -0.338011 0.220382 0.088306
vn 0.915143 -0.399527 0.053769
v -0.340287 0.215082 0.089459
vn 0.924526 -0.359839 0.125566
v -0.338840 0.218074 0.083065
vn 0.945732 -0.324936 0.002772
v -0.342863 0.212229 0.095893
vn 0.878033 -0.418397 0.232381
v -0.342534 0.209843 0.090915
vn 0.898035 -0.392264 0.199152
v -0.340574 0.212496 0.084013
vn 0.946090 -0.315537 0.073148
v -0.335572 0.225539 0.087288
vn 0.908176 -0.418580 -0.002703
v -0.336776 0.223373 0.082120
vn 0.922572 -0.379947 -0.067091
v -0.334650 0.228640 0.081293
vn 0.915560 -0.387214 -0.108697
v -0.337731 0.255435 0.042419
vn 0.805835 -0.398524 -0.437959
v -0.336148 0.252419 0.049969
vn 0.858246 -0.367653 -0.358113
v -0.340035 0.250716 0.043003
vn 0.796180 -0.374608 -0.475149
v -0.337895 0.247344 0.050236
vn 0.857961 -0.310299 -0.409411
v -0.341818 0.245822 0.043229
vn 0.806273 -0.303518 -0.507741
v -0.336148 0.252419 0.049969
vn 0.895369 -0.321711 -0.307922
v -0.334654 0.249541 0.057044
vn 0.891189 -0.291256 -0.347781
v -0.337895 0.247344 0.050236
vn 0.894209 -0.293880 -0.337676
v -0.336207 0.244186 0.057143
vn 0.891916 -0.278277 -0.356437
v -0.339473 0.242303 0.050416
vn 0.890265 -0.289748 -0.351389
v -0.342987 0.254107 0.036493
vn 0.615729 -0.356008 -0.702948
v -0.340743 0.258890 0.036054
vn 0.605119 -0.318854 -0.729495
v -0.345165 0.249607 0.037070
vn 0.644879 -0.318570 -0.694726
v -0.335522 0.260580 0.041934
vn 0.829364 -0.376945 -0.412393
v -0.338612 0.263983 0.035576
vn 0.584669 -0.300595 -0.753528
v -0.334227 0.257749 0.049601
vn 0.885787 -0.357030 -0.296499
v -0.334227 0.257749 0.049601
vn 0.902689 -0.326532 -0.280231
v -0.332938 0.254978 0.056782
vn 0.890450 -0.308073 -0.334948
v -0.332207 0.263548 0.049232
vn 0.892641 -0.373010 -0.253090
v -0.344852 0.236426 0.043487
vn 0.819802 -0.250390 -0.515004
v -0.343425 0.241023 0.043447
vn 0.813139 -0.271686 -0.514774
v -0.341068 0.237386 0.050426
vn 0.860051 -0.268217 -0.434019
v -0.342423 0.232804 0.050412
vn 0.897621 -0.263305 -0.353479
v -0.341068 0.237386 0.050426
vn 0.893468 -0.275733 -0.354522
v -0.339359 0.234117 0.057193
vn 0.894404 -0.275237 -0.352542
v -0.339473 0.242303 0.050416
vn 0.856647 -0.289224 -0.427207
v -0.337899 0.239012 0.057105
vn 0.888993 -0.282665 -0.360267
v -0.342423 0.232804 0.050412
vn 0.863620 -0.253697 -0.435658
v -0.346103 0.231896 0.043644
vn 0.819384 -0.250870 -0.515436
v -0.343674 0.228282 0.050563
vn 0.859939 -0.247775 -0.446221
v -0.347476 0.227375 0.043830
vn 0.840225 -0.197380 -0.505038
v -0.340667 0.229481 0.057351
vn 0.907307 -0.241806 -0.343983
v -0.343674 0.228282 0.050563
vn 0.903149 -0.226350 -0.364811
v -0.341667 0.224744 0.057462
vn 0.918440 -0.184406 -0.349946
v -0.344740 0.223627 0.050721
vn 0.910122 -0.166670 -0.379341
v -0.349582 0.235826 0.037613
vn 0.694199 -0.209187 -0.688715
v -0.348241 0.240316 0.037538
vn 0.686205 -0.217230 -0.694215
v -0.350765 0.231277 0.037781
vn 0.713099 -0.188603 -0.675217
v -0.346904 0.244933 0.037379
vn 0.669279 -0.254182 -0.698181
v -0.338406 0.223297 0.070430
vn 0.953425 -0.250247 -0.168394
v -0.339149 0.226167 0.063938
vn 0.934779 -0.223648 -0.275989
v -0.336948 0.228291 0.070024
vn 0.920775 -0.316497 -0.228043
v -0.337893 0.230931 0.063707
vn 0.905130 -0.291624 -0.309346
v -0.335327 0.233211 0.069103
vn 0.906404 -0.332875 -0.260049
v -0.336258 0.235936 0.063418
vn 0.893152 -0.298675 -0.336262
v -0.336557 0.225948 0.076003
vn 0.924543 -0.349660 -0.151518
v -0.338322 0.220831 0.076703
vn 0.952431 -0.291234 -0.089771
v -0.334665 0.231017 0.075184
vn 0.913699 -0.358949 -0.190549
v -0.339440 0.218242 0.070717
vn 0.966703 -0.223154 -0.125249
v -0.339535 0.215775 0.077446
vn 0.966496 -0.254434 -0.033888
v -0.340549 0.213602 0.070932
vn 0.969468 -0.222198 -0.103729
v -0.340896 0.210587 0.077817
vn 0.964186 -0.264922 0.012686
v -0.339955 0.221289 0.064107
vn 0.950161 -0.186155 -0.250081
v -0.340963 0.216674 0.064136
vn 0.953491 -0.195681 -0.229267
v -0.342461 0.220095 0.057475
vn 0.925629 -0.156664 -0.344480
v -0.331846 0.243311 0.069227
vn 0.906144 -0.301998 -0.296143
v -0.333610 0.238110 0.068895
vn 0.910229 -0.309386 -0.275250
v -0.334612 0.241067 0.063399
vn 0.895074 -0.282196 -0.345265
v -0.332969 0.246417 0.063446
vn 0.892976 -0.283902 -0.349275
v -0.329755 0.249286 0.069513
vn 0.898904 -0.305566 -0.314009
v -0.331185 0.251971 0.063268
vn 0.885622 -0.299402 -0.355011
v -0.329357 0.245069 0.075264
vn 0.905787 -0.335537 -0.258777
v -0.331588 0.239757 0.074693
vn 0.911282 -0.339337 -0.233270
v -0.333340 0.235575 0.073739
vn 0.917446 -0.334101 -0.216032
v -0.328901 0.249150 0.129161
vn 0.898475 -0.414871 0.143611
v -0.330565 0.245901 0.128885
vn 0.855915 -0.500149 0.131382
v -0.328620 0.248162 0.124551
vn 0.893257 -0.436704 0.106684
v -0.330519 0.244890 0.124232
vn 0.852858 -0.510315 0.110508
v -0.332462 0.242873 0.128713
vn 0.833385 -0.536659 0.132164
v -0.332489 0.241679 0.124155
vn 0.836510 -0.531678 0.132549
v -0.327140 0.252023 0.125141
vn 0.940552 -0.320908 0.111268
v -0.336610 0.237076 0.128919
vn 0.795352 -0.580557 0.174265
v -0.334452 0.239958 0.128708
vn 0.813478 -0.561102 0.153029
v -0.338896 0.234145 0.129301
vn 0.783593 -0.591328 0.190562
v -0.336874 0.235370 0.124555
vn 0.800037 -0.571196 0.183512
v -0.339301 0.232248 0.125147
vn 0.788653 -0.578091 0.209373
v -0.341423 0.231179 0.130101
vn 0.770094 -0.601415 0.212732
v -0.341883 0.229108 0.126032
vn 0.768485 -0.596444 0.231700
v -0.334569 0.238530 0.124243
vn 0.816783 -0.555028 0.157513
v -0.422048 0.263926 0.126771
vn -0.992846 -0.067168 0.098718
v -0.421591 0.259498 0.126101
vn -0.986534 -0.106055 0.124511
v -0.419104 0.289494 0.124840
vn -0.949705 0.295168 -0.104573
v -0.421627 0.278002 0.124669
vn -0.989852 0.138762 -0.030623
v -0.410271 0.278962 0.044331
vn -0.831493 0.340549 -0.438914
v -0.413203 0.279392 0.049976
vn -0.840721 0.305697 -0.446920
v -0.408654 0.283566 0.044781
vn -0.828858 0.309839 -0.465826
v -0.411888 0.284235 0.050508
vn -0.848776 0.317222 -0.423024
v -0.407023 0.288382 0.044853
vn -0.820965 0.330034 -0.465934
v -0.415865 0.279660 0.055567
vn -0.875692 0.335216 -0.347553
v -0.414906 0.284395 0.058251
vn -0.891355 0.340557 -0.299178
v -0.410209 0.289993 0.051656
vn -0.843103 0.352816 -0.405831
v -0.406048 0.282847 0.039210
vn -0.835225 0.336390 -0.435019
v -0.407649 0.278249 0.038767
vn -0.768598 0.306325 -0.561624
v -0.406048 0.282847 0.039210
vn -0.790553 0.309165 -0.528623
v -0.404303 0.287499 0.039501
vn -0.830313 0.316054 -0.459010
v -0.404303 0.287499 0.039501
vn -0.807671 0.314612 -0.498685
v -0.407649 0.278249 0.038767
vn -0.828206 0.341952 -0.444009
v -0.411900 0.274522 0.043706
vn -0.824451 0.359366 -0.437193
v -0.409065 0.273862 0.038168
vn -0.818062 0.344465 -0.460563
v -0.413482 0.270186 0.043176
vn -0.810492 0.379191 -0.446449
v -0.409065 0.273862 0.038168
vn -0.735497 0.295166 -0.609854
v -0.410562 0.269516 0.037508
vn -0.688547 0.326175 -0.647698
v -0.414631 0.274765 0.049406
vn -0.837310 0.352428 -0.417979
v -0.417093 0.275109 0.054633
vn -0.863277 0.327741 -0.383846
v -0.416108 0.270586 0.048398
vn -0.825370 0.389389 -0.408827
v -0.418648 0.270593 0.054029
vn -0.854244 0.378947 -0.355901
v -0.402074 0.300218 0.045212
vn -0.847256 0.358816 -0.391673
v -0.404736 0.293801 0.045133
vn -0.826164 0.353674 -0.438597
v -0.406777 0.296223 0.050672
vn -0.825077 0.376631 -0.421186
v -0.404765 0.300743 0.050816
vn -0.819953 0.406623 -0.402907
v -0.407682 0.299161 0.055528
vn -0.844588 0.408647 -0.345947
v -0.410426 0.294259 0.056579
vn -0.862841 0.387338 -0.324768
v -0.401405 0.305195 0.048793
vn -0.840417 0.382079 -0.384337
v -0.398771 0.306128 0.043043
vn -0.871765 0.369537 -0.321665
v -0.404708 0.304233 0.054597
vn -0.839612 0.403271 -0.363901
v -0.398411 0.303189 0.038872
vn -0.879467 0.332311 -0.340745
v -0.400522 0.297773 0.039539
vn -0.832287 0.277103 -0.480116
v -0.398411 0.303189 0.038872
vn -0.838029 0.269836 -0.474232
v -0.396099 0.308368 0.037872
vn -0.885912 0.361997 -0.290031
v -0.400522 0.297773 0.039539
vn -0.861110 0.321757 -0.393652
v -0.402471 0.292353 0.039583
vn -0.833417 0.331212 -0.442396
v -0.402471 0.292353 0.039583
vn -0.821532 0.296603 -0.486941
v -0.412437 0.296585 0.067887
vn -0.908767 0.383338 -0.164909
v -0.410402 0.297835 0.061355
vn -0.882236 0.398787 -0.250258
v -0.412991 0.292609 0.063159
vn -0.902463 0.374673 -0.212556
v -0.415056 0.290855 0.069963
vn -0.921748 0.362833 -0.136868
v -0.415810 0.286763 0.064878
vn -0.915898 0.355450 -0.186511
v -0.413149 0.289615 0.058578
vn -0.890866 0.354911 -0.283542
v -0.414191 0.294663 0.075039
vn -0.924660 0.368147 -0.097322
v -0.416931 0.288086 0.077544
vn -0.935617 0.346263 -0.068724
v -0.417713 0.284875 0.072600
vn -0.930086 0.351498 -0.106716
v -0.418932 0.282683 0.077873
vn -0.944997 0.326058 -0.025808
v -0.411438 0.300723 0.073227
vn -0.907516 0.401848 -0.122201
v -0.409695 0.302069 0.066695
vn -0.888983 0.416479 -0.190406
v -0.407544 0.303135 0.060445
vn -0.864847 0.417675 -0.278544
v -0.420263 0.276402 0.067976
vn -0.928493 0.346400 -0.133818
v -0.418983 0.280659 0.070059
vn -0.931541 0.343479 -0.119387
v -0.417695 0.281618 0.064615
vn -0.915370 0.349154 -0.200472
v -0.418250 0.278444 0.061782
vn -0.905375 0.357204 -0.229566
v -0.420909 0.273201 0.064350
vn -0.921505 0.346153 -0.176086
v -0.418729 0.275485 0.059153
vn -0.895207 0.345422 -0.281580
v -0.420501 0.271071 0.059423
vn -0.897988 0.349460 -0.267385
v -0.422845 0.270317 0.071000
vn -0.944819 0.322957 -0.054908
v -0.421682 0.274169 0.074367
vn -0.950021 0.310635 -0.031086
v -0.423144 0.267625 0.065567
vn -0.927865 0.344184 -0.143541
v -0.425010 0.264011 0.072824
vn -0.955806 0.293365 0.019281
v -0.420145 0.278963 0.076068
vn -0.947574 0.317961 -0.031697
v -0.422144 0.249612 0.114444
vn -0.986801 -0.020431 0.160646
v -0.422792 0.249113 0.110269
vn -0.985833 0.041540 0.162503
v -0.421763 0.244312 0.115310
vn -0.972910 -0.039521 0.227783
v -0.422737 0.243597 0.111300
vn -0.973289 0.003794 0.229551
v -0.421178 0.238907 0.116368
vn -0.954947 -0.083317 0.284840
v -0.423612 0.248572 0.105886
vn -0.983345 0.089019 0.158456
v -0.423703 0.242699 0.107095
vn -0.977852 0.027173 0.207526
v -0.422321 0.237860 0.112406
vn -0.958940 -0.056854 0.277851
v -0.420875 0.244957 0.119198
vn -0.974312 -0.085973 0.208148
v -0.421440 0.249982 0.118429
vn -0.985917 -0.089781 0.141095
v -0.420212 0.245499 0.123053
vn -0.978305 -0.136249 0.156061
v -0.420161 0.239925 0.120211
vn -0.957878 -0.120369 0.260731
v -0.419337 0.240706 0.123927
vn -0.962668 -0.171898 0.209097
v -0.422293 0.254741 0.113709
vn -0.996749 -0.043444 0.067854
v -0.422075 0.254838 0.117822
vn -0.991279 -0.110681 0.071528
v -0.420959 0.250211 0.122433
vn -0.982703 -0.133046 0.128816
v -0.421669 0.254872 0.122004
vn -0.984894 -0.120073 0.124762
v -0.422611 0.254516 0.109509
vn -0.996317 0.038388 0.076670
v -0.423040 0.254422 0.104895
vn -0.988686 0.112573 0.099132
v -0.418518 0.228548 0.118651
vn -0.871318 -0.248965 0.422872
v -0.420157 0.233646 0.117494
vn -0.923386 -0.164063 0.347046
v -0.421380 0.232199 0.113610
vn -0.934164 -0.139193 0.328577
v -0.419797 0.226687 0.114882
vn -0.890237 -0.227765 0.394463
v -0.422447 0.230617 0.109631
vn -0.941870 -0.118783 0.314280
v -0.423365 0.236695 0.108366
vn -0.965317 -0.041804 0.257711
v -0.416181 0.223612 0.119790
vn -0.804036 -0.333503 0.492242
v -0.417536 0.221459 0.116008
vn -0.826129 -0.315746 0.466706
v -0.413271 0.219104 0.120823
vn -0.722845 -0.408924 0.557025
v -0.421010 0.224672 0.110835
vn -0.900049 -0.197874 0.388276
v -0.418851 0.219089 0.112047
vn -0.834547 -0.272364 0.478905
v -0.414599 0.216537 0.117133
vn -0.751763 -0.377994 0.540345
v -0.414728 0.225595 0.123411
vn -0.784702 -0.368506 0.498444
v -0.417155 0.230166 0.122414
vn -0.859442 -0.306006 0.409537
v -0.413403 0.227450 0.127019
vn -0.769769 -0.450294 0.452427
v -0.411787 0.221512 0.124452
vn -0.696625 -0.436252 0.569560
v -0.410332 0.223669 0.127929
vn -0.681598 -0.496691 0.537329
v -0.419007 0.234883 0.121335
vn -0.922368 -0.213455 0.321986
v -0.416035 0.231537 0.126173
vn -0.851059 -0.383926 0.358189
v -0.418078 0.235997 0.125099
vn -0.923880 -0.260947 0.279916
v -0.423845 0.220286 0.103368
vn -0.870739 -0.056804 0.488454
v -0.422337 0.222546 0.106894
vn -0.897611 -0.139715 0.418060
v -0.424842 0.227113 0.101694
vn -0.924852 -0.020671 0.379766
v -0.423663 0.228872 0.105511
vn -0.943458 -0.085718 0.320217
v -0.425456 0.233939 0.100095
vn -0.960400 0.019806 0.277919
v -0.424470 0.235356 0.104095
vn -0.967839 -0.018906 0.250858
v -0.426415 0.225170 0.098564
vn -0.895406 0.036710 0.443735
v -0.425613 0.217571 0.100334
vn -0.844563 0.010436 0.535354
v -0.427785 0.222962 0.095958
vn -0.884597 0.069398 0.461163
v -0.426655 0.231970 0.096879
vn -0.926856 0.084595 0.365762
v -0.428112 0.229687 0.094074
vn -0.909669 0.105307 0.401763
v -0.422136 0.213251 0.105054
vn -0.794916 -0.089066 0.600147
v -0.424236 0.210295 0.102372
vn -0.798683 -0.097384 0.593820
v -0.419669 0.206731 0.106833
vn -0.729717 -0.176884 0.660473
v -0.427440 0.215525 0.097718
vn -0.867138 -0.005387 0.498039
v -0.426274 0.206965 0.098438
vn -0.811035 -0.119565 0.572649
v -0.421714 0.203077 0.103278
vn -0.743429 -0.241934 0.623523
v -0.420346 0.216469 0.108380
vn -0.823161 -0.180681 0.538294
v -0.417688 0.210514 0.109948
vn -0.744083 -0.199278 0.637674
v -0.415968 0.213772 0.113292
vn -0.761013 -0.299835 0.575290
v -0.425100 0.247436 0.096663
vn -0.976781 0.138916 0.163101
v -0.425517 0.240685 0.098450
vn -0.975267 0.077561 0.206975
v -0.424634 0.241710 0.102769
vn -0.979629 0.052120 0.193936
v -0.424351 0.248052 0.101304
vn -0.982353 0.115318 0.147256
v -0.424227 0.254141 0.094748
vn -0.973117 0.184163 0.138301
v -0.423582 0.254309 0.099896
vn -0.981271 0.157979 0.110225
v -0.425261 0.253010 0.089594
vn -0.961306 0.208674 0.179848
v -0.426136 0.245750 0.092481
vn -0.959020 0.172105 0.225081
v -0.426872 0.249962 0.085762
vn -0.940691 0.248065 0.231441
v -0.425600 0.258337 0.081138
vn -0.955113 0.253813 0.152765
v -0.426551 0.238907 0.094723
vn -0.949828 0.124213 0.287050
v -0.427638 0.243181 0.089164
vn -0.932687 0.209337 0.293723
v -0.428010 0.236540 0.091803
vn -0.919984 0.162005 0.356908
v -0.405898 0.211381 0.122803
vn -0.548800 -0.475771 0.687357
v -0.407337 0.208014 0.119417
vn -0.571935 -0.425919 0.701059
v -0.401650 0.208202 0.123512
vn -0.434253 -0.507675 0.744104
v -0.402889 0.204473 0.120363
vn -0.441819 -0.486186 0.753936
v -0.396752 0.205588 0.124089
vn -0.303400 -0.546274 0.780726
v -0.408837 0.204343 0.116181
vn -0.566533 -0.391611 0.725039
v -0.403878 0.200491 0.117209
vn -0.432731 -0.487732 0.758196
v -0.397681 0.201565 0.120919
vn -0.296272 -0.549575 0.781147
v -0.400351 0.211704 0.126744
vn -0.421147 -0.551797 0.719830
v -0.404605 0.214536 0.126081
vn -0.529101 -0.511962 0.676718
v -0.399598 0.214799 0.129718
vn -0.433561 -0.601573 0.670921
v -0.396352 0.209410 0.126877
vn -0.312851 -0.574780 0.756143
v -0.395799 0.212642 0.129771
vn -0.335221 -0.642151 0.689398
v -0.409749 0.215056 0.121847
vn -0.642481 -0.445678 0.623370
v -0.408338 0.217860 0.125295
vn -0.612449 -0.480411 0.627783
v -0.403215 0.217487 0.129428
vn -0.526624 -0.556654 0.642498
v -0.406894 0.220404 0.128699
vn -0.596234 -0.535911 0.597749
v -0.411173 0.212022 0.118274
vn -0.674419 -0.397712 0.622081
v -0.412676 0.208815 0.114799
vn -0.680405 -0.311290 0.663436
v -0.386117 0.201772 0.123600
vn -0.085544 -0.630947 0.771095
v -0.391355 0.203766 0.124306
vn -0.182951 -0.590429 0.786081
v -0.392014 0.199467 0.120959
vn -0.163318 -0.594471 0.787357
v -0.386453 0.197650 0.120247
vn -0.063557 -0.616406 0.784859
v -0.392289 0.195093 0.117587
vn -0.154901 -0.591767 0.791086
v -0.398428 0.197300 0.117627
vn -0.286153 -0.560334 0.777266
v -0.380522 0.199364 0.121846
vn 0.008023 -0.649631 0.760207
v -0.381777 0.195686 0.118827
vn 0.011809 -0.616742 0.787077
v -0.375454 0.195740 0.118458
vn 0.134374 -0.629855 0.765001
v -0.386469 0.193369 0.116971
vn -0.054872 -0.590398 0.805245
v -0.380204 0.192080 0.116085
vn 0.042731 -0.586071 0.809132
v -0.380446 0.203614 0.125670
vn -0.025948 -0.681297 0.731547
v -0.385998 0.205968 0.127062
vn -0.139040 -0.651195 0.746065
v -0.380779 0.208565 0.130524
vn -0.081981 -0.731512 0.676882
v -0.374824 0.201013 0.122937
vn 0.103466 -0.673907 0.731536
v -0.374947 0.205231 0.127079
vn 0.068230 -0.715241 0.695539
v -0.391464 0.207614 0.127117
vn -0.219906 -0.606769 0.763854
v -0.387462 0.209901 0.130331
vn -0.203763 -0.702980 0.681395
v -0.392206 0.210804 0.129575
vn -0.266464 -0.659334 0.703047
v -0.385192 0.183853 0.110108
vn -0.053847 -0.575509 0.816021
v -0.385654 0.188723 0.113780
vn -0.056042 -0.591699 0.804209
v -0.392347 0.186000 0.110690
vn -0.171236 -0.587195 0.791126
v -0.392338 0.190548 0.114265
vn -0.164311 -0.594863 0.786854
v -0.399227 0.188767 0.110803
vn -0.282992 -0.585293 0.759834
v -0.398882 0.193049 0.114310
vn -0.282513 -0.578345 0.765313
v -0.392386 0.181264 0.107444
vn -0.171210 -0.525347 0.833485
v -0.385274 0.178784 0.106879
vn -0.038504 -0.536919 0.842755
v -0.392870 0.176165 0.104322
vn -0.144418 -0.479549 0.865550
v -0.399378 0.184366 0.107437
vn -0.256517 -0.522358 0.813229
v -0.399730 0.179496 0.104412
vn -0.245869 -0.475842 0.844466
v -0.378671 0.182142 0.108766
vn 0.106416 -0.565681 0.817729
v -0.378477 0.176687 0.105218
vn 0.137067 -0.556277 0.819615
v -0.372406 0.180838 0.106372
vn 0.292341 -0.556452 0.777752
v -0.385482 0.173376 0.103354
vn -0.001465 -0.510373 0.859952
v -0.378123 0.170511 0.100845
vn 0.205177 -0.549401 0.809976
v -0.371742 0.175639 0.102384
vn 0.352144 -0.557946 0.751459
v -0.379331 0.187046 0.112533
vn 0.076343 -0.594048 0.800799
v -0.373151 0.186011 0.110351
vn 0.251952 -0.582330 0.772924
v -0.374090 0.190495 0.114194
vn 0.209382 -0.593230 0.777327
v -0.411297 0.196309 0.109925
vn -0.527371 -0.475741 0.703953
v -0.405482 0.192183 0.110565
vn -0.405962 -0.550888 0.729189
v -0.404912 0.196300 0.113903
vn -0.413507 -0.513161 0.752115
v -0.410145 0.200383 0.113042
vn -0.537873 -0.402675 0.740638
v -0.416159 0.201044 0.108640
vn -0.653471 -0.322821 0.684662
v -0.414385 0.205020 0.111675
vn -0.658034 -0.268644 0.703435
v -0.417389 0.197132 0.105033
vn -0.633324 -0.394119 0.666011
v -0.411824 0.192236 0.106342
vn -0.514487 -0.483106 0.708457
v -0.418017 0.192557 0.101795
vn -0.587879 -0.372966 0.717840
v -0.422694 0.198482 0.100375
vn -0.704693 -0.263659 0.658705
v -0.405915 0.187940 0.107165
vn -0.393967 -0.488813 0.778365
v -0.412263 0.187638 0.103229
vn -0.496403 -0.401605 0.769609
v -0.406411 0.183097 0.104638
vn -0.369379 -0.456422 0.809468
v -0.364588 0.203948 0.122263
vn 0.407156 -0.669361 0.621434
v -0.364472 0.200223 0.118391
vn 0.442311 -0.641066 0.627213
v -0.360056 0.202670 0.116976
vn 0.572584 -0.607130 0.550946
v -0.360130 0.206048 0.120895
vn 0.542045 -0.642419 0.541742
v -0.356057 0.205529 0.115409
vn 0.651230 -0.583726 0.484936
v -0.364342 0.196325 0.114268
vn 0.480761 -0.606479 0.633287
v -0.359928 0.199141 0.112978
vn 0.601698 -0.582539 0.546451
v -0.355881 0.202253 0.111415
vn 0.671634 -0.562902 0.481714
v -0.364532 0.207355 0.126111
vn 0.381071 -0.700963 0.602857
v -0.359964 0.209365 0.124780
vn 0.519659 -0.668220 0.532388
v -0.364155 0.210696 0.129741
vn 0.365851 -0.736887 0.568463
v -0.356024 0.208739 0.119434
vn 0.633769 -0.607407 0.478951
v -0.355834 0.211944 0.123294
vn 0.619386 -0.635665 0.460750
v -0.359556 0.212536 0.128592
vn 0.496704 -0.713577 0.494058
v -0.369586 0.206195 0.127050
vn 0.214681 -0.723374 0.656233
v -0.369602 0.202502 0.123265
vn 0.241043 -0.683797 0.688709
v -0.369136 0.209485 0.130704
vn 0.215298 -0.755188 0.619143
v -0.374456 0.209059 0.131301
vn 0.054025 -0.762400 0.644847
v -0.369465 0.198134 0.119023
vn 0.273057 -0.660458 0.699454
v -0.369130 0.193791 0.114836
vn 0.336805 -0.607327 0.719525
v -0.349044 0.215138 0.116298
vn 0.752362 -0.549032 0.364026
v -0.352364 0.211785 0.117865
vn 0.707270 -0.566572 0.422806
v -0.349014 0.212178 0.112227
vn 0.769856 -0.508404 0.385806
v -0.352352 0.208675 0.113853
vn 0.714949 -0.550459 0.431095
v -0.348843 0.209214 0.108110
vn 0.781689 -0.502679 0.369156
v -0.352249 0.205595 0.109765
vn 0.730754 -0.533754 0.425566
v -0.345993 0.215925 0.110762
vn 0.804121 -0.491889 0.333819
v -0.345952 0.218598 0.114865
vn 0.777860 -0.550994 0.302224
v -0.345778 0.213157 0.106481
vn 0.821493 -0.466765 0.327537
v -0.348792 0.217847 0.120366
vn 0.721816 -0.613776 0.319782
v -0.345546 0.221111 0.119111
vn 0.763643 -0.583420 0.276532
v -0.348225 0.220400 0.124457
vn 0.713341 -0.628080 0.310902
v -0.345233 0.223576 0.123182
vn 0.761451 -0.585180 0.278850
v -0.352156 0.214794 0.121785
vn 0.681852 -0.619733 0.388599
v -0.351654 0.217519 0.125782
vn 0.650221 -0.670275 0.357693
v -0.355432 0.214891 0.127133
vn 0.590479 -0.687881 0.422084
v -0.348730 0.203628 0.099772
vn 0.815852 -0.475498 0.329071
v -0.348739 0.206415 0.103900
vn 0.800585 -0.490653 0.343982
v -0.352123 0.202498 0.105751
vn 0.750620 -0.524647 0.401641
v -0.352150 0.199462 0.101623
vn 0.775989 -0.490859 0.396104
v -0.355861 0.198900 0.107337
vn 0.702981 -0.534118 0.469613
v -0.348769 0.200691 0.095771
vn 0.831383 -0.436634 0.343734
v -0.352151 0.196164 0.097818
vn 0.800017 -0.439331 0.408608
v -0.348816 0.197632 0.092325
vn 0.843842 -0.384261 0.374531
v -0.355741 0.195251 0.103291
vn 0.741501 -0.479519 0.469295
v -0.355471 0.191787 0.099412
vn 0.769136 -0.433576 0.469512
v -0.351982 0.193008 0.094309
vn 0.811576 -0.393844 0.431545
v -0.345491 0.205285 0.093224
vn 0.864556 -0.425215 0.267834
v -0.345649 0.207837 0.097697
vn 0.846614 -0.449359 0.285169
v -0.345786 0.201858 0.089341
vn 0.888296 -0.357558 0.288240
v -0.342740 0.206925 0.085100
vn 0.927631 -0.338133 0.158642
v -0.345690 0.210531 0.102152
vn 0.833261 -0.468281 0.293920
v -0.363301 0.187545 0.105919
vn 0.569147 -0.517374 0.639058
v -0.359420 0.191156 0.104691
vn 0.681308 -0.483303 0.549761
v -0.363867 0.191916 0.109986
vn 0.526339 -0.551790 0.646912
v -0.359732 0.195173 0.108770
vn 0.641669 -0.530894 0.553545
v -0.368318 0.189094 0.110627
vn 0.393474 -0.569038 0.722062
v -0.367637 0.184592 0.106840
vn 0.434341 -0.548920 0.714167
v -0.362654 0.183815 0.102226
vn 0.608225 -0.510798 0.607576
v -0.366865 0.180007 0.102717
vn 0.490727 -0.544516 0.680213
v -0.361798 0.180398 0.098376
vn 0.642097 -0.498732 0.582218
v -0.365778 0.176163 0.098593
vn 0.549327 -0.529414 0.646499
v -0.358894 0.187680 0.101146
vn 0.710066 -0.460408 0.532758
v -0.358320 0.184616 0.097461
vn 0.723784 -0.453934 0.519692
v -0.355051 0.188607 0.095919
vn 0.779270 -0.409455 0.474432
v -0.414711 0.234057 0.133466
vn -0.852839 -0.456153 0.254147
v -0.416912 0.237864 0.132581
vn -0.924712 -0.335566 0.179728
v -0.418294 0.242055 0.131798
vn -0.966241 -0.202489 0.159301
v -0.417409 0.237100 0.128667
vn -0.919978 -0.321966 0.223560
v -0.415377 0.232955 0.129670
vn -0.845322 -0.440366 0.302504
v -0.418832 0.241472 0.127727
vn -0.962433 -0.217633 0.162351
v -0.411957 0.230465 0.134299
vn -0.765082 -0.561809 0.314674
v -0.412550 0.229153 0.130603
vn -0.757035 -0.538688 0.369749
v -0.408705 0.227262 0.135079
vn -0.679533 -0.633517 0.369988
v -0.409311 0.225654 0.131390
vn -0.673580 -0.589543 0.445790
v -0.419128 0.246427 0.131075
vn -0.976797 -0.144697 0.157893
v -0.421025 0.255017 0.126027
vn -0.981162 -0.117138 0.153622
v -0.420398 0.250426 0.126450
vn -0.979991 -0.129187 0.151420
v -0.419719 0.245945 0.126982
vn -0.977528 -0.149240 0.148885
v -0.382621 0.214856 0.138681
vn -0.142545 -0.834490 0.532267
v -0.388247 0.215817 0.137867
vn -0.230791 -0.814878 0.531704
v -0.384661 0.212547 0.134412
vn -0.186905 -0.788401 0.586081
v -0.390937 0.213584 0.133122
vn -0.268426 -0.739183 0.617702
v -0.395556 0.215267 0.132652
vn -0.362342 -0.671718 0.646145
v -0.378765 0.212097 0.134998
vn -0.060059 -0.807354 0.587003
v -0.377400 0.214419 0.138841
vn -0.033679 -0.850655 0.524644
v -0.373388 0.211978 0.134861
vn 0.067317 -0.821879 0.565670
v -0.372296 0.214296 0.138724
vn 0.093348 -0.864130 0.494536
v -0.405424 0.224712 0.135628
vn -0.619197 -0.663077 0.420624
v -0.405760 0.222649 0.132143
vn -0.608813 -0.594394 0.525397
v -0.402321 0.220007 0.132611
vn -0.534909 -0.593687 0.601172
v -0.398608 0.217465 0.133045
vn -0.463887 -0.621518 0.631288
v -0.346995 0.225372 0.132344
vn 0.722393 -0.643068 0.254190
v -0.350212 0.222590 0.133680
vn 0.659213 -0.693347 0.291045
v -0.347756 0.222948 0.128409
vn 0.715562 -0.637845 0.284825
v -0.351063 0.220169 0.129781
vn 0.642248 -0.692544 0.328481
v -0.353948 0.220066 0.134948
vn 0.579355 -0.743369 0.334291
v -0.354886 0.217601 0.131085
vn 0.570678 -0.731809 0.372536
v -0.344792 0.225984 0.127226
vn 0.749167 -0.612447 0.252304
v -0.344116 0.228283 0.131200
vn 0.748429 -0.621276 0.232101
v -0.362434 0.216024 0.137348
vn 0.377950 -0.824649 0.420841
v -0.358048 0.217814 0.136251
vn 0.499990 -0.780442 0.375394
v -0.367199 0.214857 0.138185
vn 0.234554 -0.856336 0.460080
v -0.363449 0.213604 0.133457
vn 0.350205 -0.804508 0.479712
v -0.368321 0.212494 0.134307
vn 0.214362 -0.821137 0.528945
v -0.359026 0.215323 0.132366
vn 0.483887 -0.765500 0.424103
v -0.424118 0.242376 0.037986
vn -0.843490 0.380741 -0.378894
v -0.428185 0.241066 0.045795
vn -0.856846 0.384546 -0.343423
v -0.425462 0.246779 0.045657
vn -0.853219 0.388924 -0.347499
v -0.421087 0.248440 0.037743
vn -0.805123 0.409774 -0.428792
v -0.422599 0.252833 0.045256
vn -0.846726 0.375784 -0.376620
v -0.431108 0.239586 0.052669
vn -0.886837 0.390710 -0.246710
v -0.428710 0.244829 0.052484
vn -0.883724 0.387729 -0.262104
v -0.426280 0.250481 0.052384
vn -0.885005 0.372909 -0.278755
v -0.424118 0.242376 0.037986
vn -0.700444 0.269353 -0.660929
v -0.421087 0.248440 0.037743
vn -0.663383 0.329007 -0.672070
v -0.418178 0.243258 0.032004
vn -0.553184 0.281205 -0.784163
v -0.415784 0.247473 0.032395
vn -0.527441 0.282075 -0.801399
v -0.418875 0.253153 0.038604
vn -0.773855 0.373849 -0.511258
v -0.415494 0.251689 0.033596
vn -0.723219 0.355374 -0.592169
v -0.415494 0.251689 0.033596
vn -0.556865 0.242877 -0.794300
v -0.419833 0.236801 0.031436
vn -0.517851 0.208174 -0.829755
v -0.426798 0.236384 0.038533
vn -0.690941 0.307594 -0.654207
v -0.422931 0.230152 0.031194
vn -0.500487 0.208563 -0.840246
v -0.426798 0.236384 0.038533
vn -0.842305 0.358738 -0.402279
v -0.430590 0.235464 0.045428
vn -0.857802 0.371776 -0.354906
v -0.428927 0.230331 0.037757
vn -0.838523 0.350940 -0.416797
v -0.432845 0.229706 0.045093
vn -0.861689 0.355416 -0.362177
v -0.433424 0.233978 0.052117
vn -0.890825 0.379833 -0.249314
v -0.416548 0.261836 0.041330
vn -0.802003 0.377160 -0.463186
v -0.418170 0.257412 0.040425
vn -0.805357 0.358767 -0.471896
v -0.420451 0.258889 0.046239
vn -0.848421 0.364274 -0.384040
v -0.418374 0.263073 0.045892
vn -0.830914 0.378762 -0.407579
v -0.421401 0.262299 0.051782
vn -0.874991 0.345951 -0.338686
v -0.423939 0.256163 0.052368
vn -0.888813 0.345489 -0.301078
v -0.414963 0.266120 0.042026
vn -0.801687 0.388088 -0.454628
v -0.417443 0.266586 0.047283
vn -0.826014 0.383329 -0.413231
v -0.419550 0.267099 0.052040
vn -0.851757 0.381089 -0.359557
v -0.412011 0.265229 0.036631
vn -0.787908 0.368872 -0.493087
v -0.413421 0.260812 0.035590
vn -0.623579 0.318530 -0.713924
v -0.412011 0.265229 0.036631
vn -0.653741 0.343937 -0.674040
v -0.410562 0.269516 0.037508
vn -0.797972 0.377658 -0.469697
v -0.413421 0.260812 0.035590
vn -0.782176 0.362019 -0.507092
v -0.414761 0.256231 0.034693
vn -0.771354 0.318954 -0.550709
v -0.414761 0.256231 0.034693
vn -0.579052 0.257562 -0.773538
v -0.426959 0.256532 0.065896
vn -0.946563 0.303452 -0.109251
v -0.424703 0.259485 0.058798
vn -0.919458 0.313444 -0.237383
v -0.426766 0.253580 0.059133
vn -0.918362 0.340153 -0.202254
v -0.428698 0.251143 0.065412
vn -0.933048 0.344300 -0.104298
v -0.428887 0.248199 0.058903
vn -0.909678 0.372707 -0.183236
v -0.428615 0.252542 0.071815
vn -0.946654 0.320882 0.029693
v -0.430401 0.247520 0.070882
vn -0.944427 0.327817 0.024365
v -0.429691 0.247560 0.076911
vn -0.940072 0.300262 0.161580
v -0.430723 0.245837 0.064948
vn -0.931856 0.352508 -0.085917
v -0.432166 0.242226 0.070065
vn -0.949301 0.312349 0.035564
v -0.431420 0.242836 0.075526
vn -0.946207 0.286589 0.150199
v -0.426754 0.257971 0.072929
vn -0.954128 0.295556 0.047814
v -0.425349 0.262078 0.065637
vn -0.941361 0.315227 -0.120295
v -0.427836 0.252399 0.078812
vn -0.941785 0.291359 0.167781
v -0.422305 0.265782 0.058139
vn -0.899845 0.351891 -0.257782
v -0.434632 0.234866 0.063949
vn -0.937931 0.346750 -0.007104
v -0.432663 0.240464 0.064612
vn -0.937250 0.344697 -0.052412
v -0.433361 0.237582 0.059098
vn -0.914098 0.382361 -0.134999
v -0.431022 0.242925 0.058610
vn -0.911160 0.378598 -0.162638
v -0.435623 0.231976 0.057952
vn -0.918008 0.375642 -0.127100
v -0.436766 0.229484 0.063141
vn -0.943162 0.331214 0.027236
v -0.437746 0.226305 0.057214
vn -0.932735 0.340149 -0.119601
v -0.435662 0.228180 0.051631
vn -0.894327 0.362561 -0.262162
v -0.435554 0.231653 0.068410
vn -0.950463 0.300023 0.081273
v -0.437382 0.226126 0.067439
vn -0.952252 0.283240 0.113983
v -0.436235 0.227887 0.072472
vn -0.953376 0.244744 0.176562
v -0.438580 0.223798 0.062224
vn -0.951916 0.304050 0.037553
v -0.439165 0.220633 0.066494
vn -0.952501 0.269276 0.142240
v -0.437674 0.222729 0.071429
vn -0.949782 0.229496 0.212713
v -0.433887 0.237010 0.069670
vn -0.951517 0.303034 0.052781
v -0.434599 0.232940 0.073973
vn -0.947512 0.270317 0.170732
v -0.432964 0.237994 0.074533
vn -0.947919 0.274977 0.160741
v -0.433580 0.217656 0.036444
vn -0.823250 0.371277 -0.429433
v -0.436046 0.211123 0.035437
vn -0.820555 0.358316 -0.445308
v -0.437510 0.217257 0.043411
vn -0.845291 0.382385 -0.373182
v -0.439895 0.210988 0.042391
vn -0.851793 0.361570 -0.379098
v -0.440038 0.216145 0.049689
vn -0.901232 0.366223 -0.231651
v -0.438163 0.204448 0.034631
vn -0.821253 0.315457 -0.475427
v -0.442180 0.204665 0.041516
vn -0.863430 0.320038 -0.389953
v -0.442315 0.210002 0.048833
vn -0.915437 0.343944 -0.208991
v -0.435101 0.223489 0.044474
vn -0.855165 0.365238 -0.367824
v -0.431261 0.224144 0.037229
vn -0.839842 0.349630 -0.415240
v -0.437830 0.222169 0.050723
vn -0.895506 0.365408 -0.254060
v -0.433580 0.217656 0.036444
vn -0.650463 0.313960 -0.691611
v -0.431261 0.224144 0.037229
vn -0.661835 0.318084 -0.678820
v -0.428276 0.217062 0.030936
vn -0.449279 0.225999 -0.864334
v -0.425279 0.223851 0.031288
vn -0.460748 0.214115 -0.861316
v -0.419991 0.215926 0.028819
vn -0.104031 0.064786 -0.992462
v -0.428927 0.230331 0.037757
vn -0.689831 0.296314 -0.660554
v -0.415992 0.222766 0.028893
vn -0.116118 0.035923 -0.992586
v -0.430514 0.210230 0.030321
vn -0.409523 0.207185 -0.888462
v -0.436046 0.211123 0.035437
vn -0.615187 0.290999 -0.732711
v -0.432707 0.203323 0.029842
vn -0.389276 0.154294 -0.908107
v -0.422439 0.209195 0.028747
vn -0.075843 0.054049 -0.995654
v -0.424607 0.202207 0.028557
vn -0.049610 0.042528 -0.997863
v -0.442472 0.212165 0.060373
vn -0.954468 0.291504 0.063377
v -0.441679 0.214390 0.055279
vn -0.940137 0.330044 -0.084935
v -0.443677 0.208232 0.054516
vn -0.953621 0.295342 -0.058133
v -0.444251 0.205942 0.059526
vn -0.961148 0.270669 0.054161
v -0.445425 0.201912 0.053875
vn -0.960474 0.274157 -0.048250
v -0.444410 0.203632 0.048231
vn -0.937319 0.295001 -0.185492
v -0.442639 0.209369 0.065010
vn -0.946681 0.273195 0.170764
v -0.444530 0.203474 0.064076
vn -0.951632 0.257047 0.168296
v -0.442386 0.206584 0.069179
vn -0.928004 0.224007 0.297708
v -0.446006 0.199768 0.058872
vn -0.965167 0.257222 0.047850
v -0.446200 0.197505 0.063368
vn -0.960371 0.222591 0.167751
v -0.444070 0.200752 0.068140
vn -0.920672 0.203536 0.333071
v -0.440718 0.215181 0.065865
vn -0.947205 0.272819 0.168440
v -0.440532 0.218002 0.061166
vn -0.951105 0.304974 0.048893
v -0.440580 0.212287 0.070244
vn -0.933166 0.246548 0.261564
v -0.439037 0.217584 0.070724
vn -0.942724 0.233310 0.238408
v -0.439631 0.220428 0.056171
vn -0.937277 0.333293 -0.102117
v -0.449108 0.187866 0.057049
vn -0.969885 0.226508 0.089545
v -0.447460 0.193890 0.058101
vn -0.968936 0.238225 0.066416
v -0.448859 0.189604 0.052210
vn -0.962172 0.269671 -0.038759
v -0.447213 0.195724 0.053110
vn -0.962192 0.267848 -0.049432
v -0.447839 0.190577 0.046392
vn -0.936949 0.288153 -0.197725
v -0.446122 0.197122 0.047359
vn -0.943967 0.274164 -0.183739
v -0.450431 0.183670 0.051301
vn -0.977828 0.208769 -0.016366
v -0.450342 0.182225 0.056162
vn -0.976570 0.185769 0.108633
v -0.451164 0.179117 0.051944
vn -0.986825 0.161762 -0.003025
v -0.449745 0.184301 0.045551
vn -0.952110 0.241774 -0.187166
v -0.450947 0.178412 0.046925
vn -0.980007 0.151296 -0.129215
v -0.448890 0.185891 0.061410
vn -0.963333 0.164139 0.212245
v -0.449920 0.180660 0.060516
vn -0.955106 0.133061 0.264704
v -0.447921 0.183759 0.065071
vn -0.915693 0.055343 0.398049
v -0.451295 0.177579 0.055816
vn -0.980493 0.166211 0.104920
v -0.450714 0.176127 0.059990
vn -0.936862 0.135726 0.322284
v -0.448610 0.178694 0.063963
vn -0.888718 0.038098 0.456869
v -0.447532 0.191601 0.062397
vn -0.964073 0.200557 0.174184
v -0.447005 0.189269 0.066309
vn -0.930615 0.121359 0.345293
v -0.445692 0.194947 0.067332
vn -0.924443 0.181046 0.335601
v -0.441891 0.190210 0.033724
vn -0.812081 0.233763 -0.534677
v -0.445941 0.191018 0.040086
vn -0.866969 0.266649 -0.421026
v -0.444178 0.197764 0.040616
vn -0.876020 0.271850 -0.398355
v -0.440153 0.197461 0.034090
vn -0.819828 0.265673 -0.507248
v -0.441891 0.190210 0.033724
vn -0.536903 0.175552 -0.825177
v -0.440153 0.197461 0.034090
vn -0.560346 0.177309 -0.809058
v -0.436246 0.188804 0.029742
vn -0.392224 0.127198 -0.911033
v -0.434537 0.196123 0.029788
vn -0.383572 0.119340 -0.915768
v -0.429055 0.187805 0.028240
vn -0.046606 0.042635 -0.998003
v -0.438163 0.204448 0.034631
vn -0.598188 0.222050 -0.769977
v -0.426746 0.195094 0.028474
vn -0.046625 0.031337 -0.998421
v -0.438233 0.182279 0.029638
vn -0.379317 0.124918 -0.916795
v -0.443553 0.183183 0.033271
vn -0.549569 0.175169 -0.816878
v -0.440930 0.174489 0.029621
vn -0.428787 0.130996 -0.893858
v -0.432089 0.181715 0.028070
vn -0.094595 0.050898 -0.994214
v -0.433117 0.173150 0.027865
vn -0.053903 0.035419 -0.997918
v -0.443553 0.183183 0.033271
vn -0.779043 0.256475 -0.572112
v -0.447815 0.184195 0.039289
vn -0.865116 0.258347 -0.429919
v -0.446546 0.176299 0.034055
vn -0.833408 0.207082 -0.512394
v -0.449740 0.177620 0.040452
vn -0.930314 0.162324 -0.328886
v -0.430819 0.236155 0.084673
vn -0.927375 0.204936 0.313013
v -0.432049 0.232565 0.083097
vn -0.933136 0.190413 0.304959
v -0.430926 0.230401 0.087412
vn -0.916115 0.154298 0.370035
v -0.432127 0.227388 0.085663
vn -0.914378 0.160951 0.371493
v -0.430760 0.224940 0.089497
vn -0.895302 0.130827 0.425816
v -0.433336 0.228704 0.081656
vn -0.918652 0.213317 0.332526
v -0.433293 0.224338 0.084182
vn -0.913142 0.166853 0.371929
v -0.432111 0.222390 0.087445
vn -0.895376 0.120700 0.428642
v -0.429540 0.233687 0.089390
vn -0.912907 0.164253 0.373659
v -0.429314 0.239750 0.086585
vn -0.922226 0.220605 0.317542
v -0.429440 0.227428 0.091679
vn -0.901292 0.110767 0.418811
v -0.430410 0.242072 0.081213
vn -0.931809 0.263235 0.249877
v -0.428710 0.245986 0.083099
vn -0.930478 0.266008 0.251895
v -0.431992 0.237738 0.079616
vn -0.942518 0.233810 0.238730
v -0.433266 0.233399 0.078428
vn -0.935731 0.235000 0.263025
v -0.431102 0.213241 0.090757
vn -0.887442 0.033001 0.459736
v -0.430888 0.218896 0.091221
vn -0.895200 0.058791 0.441769
v -0.432330 0.217582 0.087410
vn -0.908692 0.039137 0.415629
v -0.432778 0.212440 0.087510
vn -0.890890 0.078094 0.447455
v -0.433931 0.215114 0.084636
vn -0.895385 0.100448 0.433815
v -0.433350 0.220753 0.086038
vn -0.919502 0.063140 0.387980
v -0.431910 0.208089 0.089862
vn -0.872624 0.014010 0.488192
v -0.433428 0.208494 0.086821
vn -0.882297 0.044685 0.468567
v -0.433293 0.204035 0.087205
vn -0.868471 -0.028873 0.494899
v -0.434459 0.211006 0.084509
vn -0.884228 0.087659 0.458756
v -0.435115 0.206186 0.084008
vn -0.871389 0.029344 0.489715
v -0.429553 0.207488 0.093763
vn -0.834038 -0.034035 0.550656
v -0.429163 0.213646 0.094202
vn -0.864610 -0.003502 0.502432
v -0.430874 0.202684 0.091247
vn -0.835151 -0.085194 0.543382
v -0.427397 0.199681 0.095515
vn -0.763237 -0.174324 0.622158
v -0.429278 0.220790 0.093533
vn -0.880579 0.078316 0.467383
v -0.435614 0.220590 0.079128
vn -0.927115 0.131181 0.351070
v -0.434835 0.217700 0.081976
vn -0.905893 0.125111 0.404604
v -0.434177 0.221106 0.082564
vn -0.937520 0.076827 0.339344
v -0.434628 0.224689 0.080985
vn -0.932361 0.149800 0.329032
v -0.433626 0.218554 0.084526
vn -0.927266 0.031286 0.373093
v -0.436065 0.224076 0.076205
vn -0.945683 0.179493 0.271046
v -0.434784 0.228675 0.077659
vn -0.936771 0.224038 0.268827
v -0.437273 0.219511 0.075309
vn -0.930899 0.194408 0.309245
v -0.436529 0.216452 0.078722
vn -0.905647 0.161664 0.392005
v -0.438567 0.214578 0.074652
vn -0.919582 0.201305 0.337410
v -0.435587 0.213601 0.081628
vn -0.890404 0.123919 0.437978
v -0.437623 0.211736 0.078107
vn -0.893645 0.144940 0.424725
v -0.436423 0.208938 0.081187
vn -0.880297 0.093125 0.465193
v -0.413288 0.176853 0.097320
vn -0.447251 -0.385862 0.806894
v -0.413781 0.171307 0.094386
vn -0.415703 -0.335605 0.845317
v -0.407566 0.172780 0.098250
vn -0.375979 -0.409837 0.831068
v -0.408486 0.167378 0.095024
vn -0.346122 -0.328417 0.878830
v -0.401748 0.168800 0.098655
vn -0.278374 -0.428859 0.859411
v -0.415085 0.165500 0.092091
vn -0.364544 -0.189560 0.911688
v -0.410100 0.161546 0.093179
vn -0.294124 -0.168304 0.940832
v -0.402948 0.163558 0.095652
vn -0.251734 -0.313002 0.915784
v -0.406928 0.178127 0.101108
vn -0.366802 -0.439174 0.820111
v -0.412829 0.182442 0.100280
vn -0.472632 -0.401965 0.784247
v -0.400621 0.174209 0.101683
vn -0.261407 -0.420512 0.868813
v -0.418462 0.180781 0.095992
vn -0.537559 -0.352439 0.766040
v -0.418240 0.186854 0.098985
vn -0.558147 -0.348789 0.752873
v -0.422910 0.184570 0.094060
vn -0.633822 -0.300658 0.712653
v -0.423361 0.191816 0.096777
vn -0.663270 -0.294372 0.688054
v -0.418797 0.175079 0.093128
vn -0.503168 -0.311532 0.806083
v -0.419699 0.169322 0.090813
vn -0.453061 -0.197994 0.869214
v -0.423154 0.178558 0.091335
vn -0.592307 -0.268959 0.759495
v -0.423932 0.172781 0.089135
vn -0.541545 -0.183931 0.820304
v -0.389799 0.161316 0.097155
vn 0.013132 -0.424399 0.905380
v -0.395706 0.165279 0.098337
vn -0.154143 -0.425487 0.891740
v -0.397521 0.159186 0.095363
vn -0.135132 -0.309466 0.941260
v -0.392052 0.154105 0.094345
vn 0.030662 -0.310842 0.949967
v -0.399788 0.153106 0.093573
vn -0.090849 -0.231193 0.968657
v -0.404873 0.157671 0.093926
vn -0.190973 -0.199645 0.961078
v -0.384379 0.157707 0.094516
vn 0.199520 -0.409557 0.890199
v -0.385938 0.151744 0.092590
vn 0.194650 -0.290374 0.936907
v -0.380483 0.152479 0.091439
vn 0.281840 -0.303309 0.910258
v -0.395460 0.147810 0.092454
vn -0.013787 -0.202921 0.979098
v -0.389180 0.147577 0.092150
vn 0.138045 -0.199914 0.970040
v -0.383271 0.146571 0.090620
vn 0.255477 -0.186238 0.948708
v -0.381566 0.163844 0.097438
vn 0.210952 -0.505149 0.836854
v -0.387102 0.167810 0.100493
vn 0.020036 -0.470414 0.882218
v -0.376795 0.159145 0.092875
vn 0.334550 -0.426227 0.840480
v -0.374196 0.166065 0.095948
vn 0.362895 -0.531758 0.765206
v -0.394013 0.170791 0.101432
vn -0.131654 -0.448577 0.883994
v -0.399760 0.138926 0.091291
vn -0.065114 -0.041440 0.997017
v -0.396754 0.142896 0.091811
vn -0.038744 -0.087041 0.995451
v -0.401964 0.145993 0.091851
vn -0.074207 -0.144614 0.986702
v -0.405606 0.140706 0.091104
vn -0.095432 -0.071654 0.992854
v -0.409298 0.146178 0.091223
vn -0.162209 -0.110538 0.980546
v -0.406780 0.151514 0.092321
vn -0.163198 -0.168276 0.972137
v -0.402689 0.134743 0.091051
vn -0.085418 0.052045 0.994985
v -0.408565 0.136277 0.090553
vn -0.111458 0.014783 0.993659
v -0.405773 0.130561 0.091187
vn -0.100864 0.125394 0.986966
v -0.411921 0.141360 0.090229
vn -0.172902 -0.047253 0.983805
v -0.414836 0.136993 0.089726
vn -0.112200 0.077088 0.990691
v -0.397101 0.133085 0.091681
vn -0.025549 0.089525 0.995657
v -0.394311 0.137452 0.091648
vn 0.011461 -0.010911 0.999875
v -0.391664 0.131314 0.091632
vn 0.115090 0.068527 0.990989
v -0.400023 0.128880 0.092235
vn -0.080969 0.164167 0.983104
v -0.394641 0.126918 0.092543
vn 0.088828 0.169512 0.981517
v -0.391818 0.142387 0.091759
vn 0.087021 -0.078186 0.993134
v -0.388753 0.136101 0.091166
vn 0.172928 -0.001694 0.984933
v -0.385907 0.141376 0.090618
vn 0.231991 -0.072613 0.970004
v -0.418513 0.154747 0.089576
vn -0.332330 -0.084230 0.939394
v -0.413892 0.150819 0.090711
vn -0.259757 -0.106027 0.959836
v -0.411806 0.155985 0.091929
vn -0.269678 -0.130862 0.954017
v -0.416642 0.159910 0.090743
vn -0.340750 -0.104806 0.934294
v -0.423035 0.158542 0.088177
vn -0.405007 -0.052481 0.912806
v -0.421250 0.163733 0.089292
vn -0.419865 -0.090574 0.903056
v -0.427019 0.162129 0.086184
vn -0.495408 -0.019243 0.868447
v -0.425277 0.167242 0.087459
vn -0.508085 -0.085751 0.857028
v -0.424805 0.153732 0.087110
vn -0.380949 -0.035480 0.923915
v -0.420555 0.150055 0.088491
vn -0.319965 -0.043731 0.946420
v -0.426766 0.149270 0.086158
vn -0.305882 0.066014 0.949778
v -0.428772 0.157379 0.085239
vn -0.436403 0.042011 0.898770
v -0.430581 0.152941 0.084666
vn -0.337374 0.075685 0.938323
v -0.416080 0.146040 0.089595
vn -0.245305 -0.056006 0.967827
v -0.422818 0.145158 0.087801
vn -0.258270 0.059727 0.964225
v -0.418513 0.141581 0.088964
vn -0.186889 0.047300 0.981242
v -0.430420 0.190657 0.088377
vn -0.771139 -0.207324 0.601964
v -0.433248 0.193280 0.085244
vn -0.806717 -0.144109 0.573097
v -0.433612 0.187640 0.083383
vn -0.758140 -0.127450 0.639516
v -0.430502 0.184736 0.086331
vn -0.727343 -0.172223 0.664313
v -0.434350 0.181792 0.081738
vn -0.719969 -0.095996 0.687335
v -0.435760 0.195848 0.082095
vn -0.817935 -0.075923 0.570279
v -0.436432 0.190373 0.080491
vn -0.757598 -0.077348 0.648122
v -0.437258 0.184745 0.079006
vn -0.719462 -0.084678 0.689351
v -0.426874 0.187813 0.091429
vn -0.704590 -0.260662 0.660006
v -0.427098 0.181736 0.089049
vn -0.670781 -0.216945 0.709216
v -0.431232 0.178855 0.084401
vn -0.689454 -0.122273 0.713935
v -0.427806 0.175916 0.086987
vn -0.627938 -0.152050 0.763266
v -0.427765 0.193252 0.092870
vn -0.733489 -0.245217 0.633927
v -0.430364 0.196679 0.090575
vn -0.807299 -0.167902 0.565754
v -0.433014 0.198781 0.087068
vn -0.843998 -0.102418 0.526477
v -0.435289 0.201159 0.083534
vn -0.853248 -0.041534 0.519849
v -0.433815 0.168355 0.081198
vn -0.653595 0.016000 0.756675
v -0.432370 0.173359 0.082653
vn -0.668459 -0.062384 0.741128
v -0.436706 0.171004 0.078539
vn -0.695998 0.005265 0.718024
v -0.435384 0.176197 0.080036
vn -0.702461 -0.059304 0.709247
v -0.439332 0.173636 0.075916
vn -0.722379 -0.023832 0.691087
v -0.438131 0.179061 0.077454
vn -0.717440 -0.064647 0.693614
v -0.438108 0.166431 0.077590
vn -0.637393 0.159950 0.753755
v -0.435319 0.163736 0.080249
vn -0.590713 0.142540 0.794192
v -0.439803 0.161849 0.077842
vn -0.547583 0.295874 0.782695
v -0.440551 0.168985 0.074628
vn -0.687524 0.139537 0.712629
v -0.442107 0.164430 0.075101
vn -0.620597 0.294608 0.726681
v -0.430635 0.165461 0.083978
vn -0.585287 0.002340 0.810823
v -0.432334 0.160833 0.082893
vn -0.519361 0.121626 0.845856
v -0.437119 0.159354 0.080391
vn -0.482371 0.282236 0.829253
v -0.434305 0.155892 0.083106
vn -0.407891 0.177827 0.895546
v -0.429010 0.170459 0.085299
vn -0.602270 -0.069341 0.795275
v -0.444170 0.179071 0.070904
vn -0.787081 -0.055628 0.614336
v -0.441831 0.176454 0.073414
vn -0.745430 -0.049509 0.664743
v -0.440914 0.181839 0.074929
vn -0.732808 -0.076246 0.676151
v -0.443420 0.184478 0.072293
vn -0.784402 -0.052055 0.618064
v -0.440159 0.187379 0.076488
vn -0.735046 -0.050843 0.676109
v -0.446272 0.181438 0.068164
vn -0.844127 -0.027129 0.535457
v -0.445583 0.186872 0.069494
vn -0.854949 0.013541 0.518536
v -0.442562 0.189994 0.073793
vn -0.787911 0.022920 0.615362
v -0.444490 0.192445 0.070755
vn -0.856227 0.109689 0.504820
v -0.446854 0.176519 0.066824
vn -0.830186 0.007737 0.557433
v -0.444947 0.174135 0.069400
vn -0.776804 0.037513 0.628624
v -0.447644 0.172086 0.066396
vn -0.796035 0.179519 0.578015
v -0.449238 0.174280 0.063309
vn -0.859641 0.126858 0.494899
v -0.442859 0.171609 0.072006
vn -0.725017 0.080169 0.684049
v -0.446095 0.169323 0.069254
vn -0.725665 0.222292 0.651150
v -0.444190 0.166902 0.072125
vn -0.668590 0.264558 0.694979
v -0.439951 0.201034 0.075927
vn -0.854736 0.065827 0.514871
v -0.441179 0.195544 0.074749
vn -0.810249 0.075246 0.581235
v -0.438064 0.198362 0.079010
vn -0.829084 -0.005786 0.559094
v -0.439036 0.192987 0.077651
vn -0.772128 -0.000895 0.635466
v -0.437288 0.203781 0.080343
vn -0.864336 0.027974 0.502136
v -0.438799 0.206518 0.077221
vn -0.881075 0.100088 0.462265
v -0.441474 0.203773 0.072738
vn -0.891015 0.141734 0.431281
v -0.439962 0.209354 0.073970
vn -0.907620 0.178044 0.380166
v -0.442900 0.198108 0.071679
vn -0.864776 0.141438 0.481828
v -0.348244 0.197115 0.042121
vn 0.881116 0.018820 -0.472525
v -0.348338 0.202560 0.042905
vn 0.892933 0.062191 -0.445874
v -0.345842 0.198917 0.049437
vn 0.944240 0.033081 -0.327591
v -0.346022 0.193793 0.048778
vn 0.972834 -0.069365 -0.220869
v -0.345842 0.198917 0.049437
vn 0.965366 -0.000204 -0.260901
v -0.344235 0.195758 0.055639
vn 0.975931 -0.069560 -0.206688
v -0.348591 0.207835 0.043393
vn 0.892568 0.038586 -0.449258
v -0.345808 0.204141 0.049940
vn 0.932407 0.042548 -0.358896
v -0.345808 0.204141 0.049940
vn 0.962811 0.018215 -0.269562
v -0.343904 0.200691 0.056479
vn 0.974171 -0.005772 -0.225739
v -0.346022 0.193793 0.048778
vn 0.947505 -0.026391 -0.318650
v -0.348525 0.191663 0.041683
vn 0.867516 -0.033788 -0.496260
v -0.346562 0.188598 0.048214
vn 0.945909 -0.062689 -0.318319
v -0.349092 0.186172 0.041208
vn 0.852822 -0.048927 -0.519904
v -0.345021 0.190923 0.055003
vn 0.976902 -0.112327 -0.181782
v -0.346562 0.188598 0.048214
vn 0.978838 -0.082434 -0.187300
v -0.345671 0.185770 0.054243
vn 0.983211 -0.075678 -0.166040
v -0.347061 0.183143 0.047660
vn 0.983001 -0.036385 -0.179960
v -0.352898 0.195523 0.036488
vn 0.620707 -0.021291 -0.783753
v -0.352415 0.200997 0.036690
vn 0.663135 0.016664 -0.748314
v -0.353357 0.189855 0.036257
vn 0.585307 -0.049251 -0.809315
v -0.359689 0.193671 0.033087
vn 0.265065 -0.026426 -0.963868
v -0.352305 0.206564 0.037057
vn 0.709393 0.041667 -0.703581
v -0.352441 0.211864 0.037429
vn 0.731201 0.019766 -0.681876
v -0.344635 0.185629 0.064944
vn 0.989710 -0.142109 0.016729
v -0.344479 0.188258 0.060348
vn 0.986910 -0.126467 -0.100079
v -0.343926 0.190419 0.066303
vn 0.985344 -0.169775 0.016531
v -0.343649 0.193007 0.061317
vn 0.984582 -0.140716 -0.103906
v -0.343092 0.194855 0.067596
vn 0.988298 -0.151398 0.018578
v -0.342996 0.197700 0.062234
vn 0.991262 -0.077398 -0.106812
v -0.344669 0.187881 0.070642
vn 0.971894 -0.189696 0.139419
v -0.345362 0.183251 0.068904
vn 0.971890 -0.184399 0.146381
v -0.346049 0.184880 0.074187
vn 0.942198 -0.224593 0.248639
v -0.344020 0.192299 0.072338
vn 0.966549 -0.210067 0.147156
v -0.345614 0.189316 0.076081
vn 0.937926 -0.227349 0.261930
v -0.345241 0.180700 0.063628
vn 0.993702 -0.105245 0.038479
v -0.345956 0.178278 0.067266
vn 0.965503 -0.177994 0.190057
v -0.345652 0.175183 0.062359
vn 0.989645 -0.107281 0.095364
v -0.346751 0.180495 0.072392
vn 0.936753 -0.238608 0.256048
v -0.347480 0.175755 0.070721
vn 0.933208 -0.217516 0.286025
v -0.346719 0.173114 0.065928
vn 0.959064 -0.168856 0.227343
v -0.345158 0.183127 0.059325
vn 0.992987 -0.079064 -0.087894
v -0.345509 0.177555 0.058329
vn 0.997118 -0.036363 -0.066585
v -0.346053 0.180183 0.053460
vn 0.987976 -0.022259 -0.152994
v -0.342132 0.204122 0.070035
vn 0.993795 -0.110769 -0.010089
v -0.342602 0.199493 0.068841
vn 0.994711 -0.101546 0.015472
v -0.342632 0.202516 0.063250
vn 0.991384 -0.042515 -0.123897
v -0.342355 0.207367 0.063803
vn 0.985981 -0.064285 -0.153980
v -0.343851 0.205798 0.057043
vn 0.970854 -0.001073 -0.239668
v -0.341584 0.208835 0.070663
vn 0.984390 -0.164962 -0.061348
v -0.341843 0.212144 0.064101
vn 0.970657 -0.143394 -0.193039
v -0.343729 0.210804 0.057285
vn 0.963046 -0.054177 -0.263833
v -0.343182 0.215508 0.057501
vn 0.945141 -0.116790 -0.305073
v -0.342131 0.205741 0.077121
vn 0.973240 -0.218838 0.070100
v -0.342937 0.201090 0.075649
vn 0.978027 -0.172721 0.116753
v -0.343800 0.202021 0.082436
vn 0.940956 -0.274129 0.198631
v -0.343337 0.196631 0.074038
vn 0.974167 -0.174059 0.143885
v -0.344485 0.197637 0.080111
vn 0.940413 -0.247230 0.233453
v -0.345006 0.193525 0.077959
vn 0.932109 -0.254067 0.258115
v -0.348453 0.217905 0.043670
vn 0.884837 -0.014418 -0.465677
v -0.345595 0.214307 0.050520
vn 0.922795 -0.012752 -0.385080
v -0.348449 0.212954 0.043558
vn 0.887374 -0.003122 -0.461039
v -0.345797 0.209220 0.050259
vn 0.926124 -0.003220 -0.377206
v -0.345595 0.214307 0.050520
vn 0.951732 -0.050343 -0.302773
v -0.345797 0.209220 0.050259
vn 0.961280 -0.006333 -0.275501
v -0.352340 0.216910 0.037559
vn 0.739716 -0.006445 -0.672888
v -0.352159 0.221824 0.037708
vn 0.749751 -0.036991 -0.660685
v -0.348205 0.222703 0.043808
vn 0.871562 -0.086098 -0.482666
v -0.351668 0.226592 0.037854
vn 0.742534 -0.109837 -0.660741
v -0.345398 0.219047 0.050610
vn 0.910177 -0.061177 -0.409677
v -0.345398 0.219047 0.050610
vn 0.929179 -0.100558 -0.355690
v -0.344740 0.223627 0.050721
vn 0.883964 -0.156781 -0.440485
v -0.349194 0.190242 0.086376
vn 0.863190 -0.318207 0.391978
v -0.351657 0.186508 0.088499
vn 0.822739 -0.333041 0.460635
v -0.349224 0.186561 0.083872
vn 0.870316 -0.279391 0.405575
v -0.351543 0.183140 0.085971
vn 0.821401 -0.320795 0.471584
v -0.349370 0.182997 0.081770
vn 0.870422 -0.283015 0.402826
v -0.354282 0.182731 0.090080
vn 0.772029 -0.373405 0.514334
v -0.353739 0.179926 0.087266
vn 0.770172 -0.360959 0.525874
v -0.351422 0.180144 0.083765
vn 0.827945 -0.318341 0.461698
v -0.347121 0.190090 0.081237
vn 0.903248 -0.269446 0.333978
v -0.346673 0.194000 0.083581
vn 0.895947 -0.308519 0.319522
v -0.347417 0.186135 0.079205
vn 0.910387 -0.240507 0.336677
v -0.348986 0.193923 0.089277
vn 0.850877 -0.355208 0.387087
v -0.346217 0.197792 0.086271
vn 0.894960 -0.321321 0.309516
v -0.351877 0.189637 0.091283
vn 0.818555 -0.364864 0.443668
v -0.354682 0.185702 0.092917
vn 0.775086 -0.393734 0.494181
v -0.350519 0.175481 0.078280
vn 0.859993 -0.312518 0.403416
v -0.349791 0.179204 0.079828
vn 0.866409 -0.311387 0.390351
v -0.351754 0.176966 0.082046
vn 0.826612 -0.346698 0.443297
v -0.352637 0.173812 0.081164
vn 0.805769 -0.351706 0.476486
v -0.353687 0.175411 0.083980
vn 0.764810 -0.391528 0.511637
v -0.353148 0.177726 0.085012
vn 0.776795 -0.364384 0.513628
v -0.351343 0.171701 0.077302
vn 0.845513 -0.279564 0.454919
v -0.353885 0.170329 0.080633
vn 0.781917 -0.330341 0.528659
v -0.352362 0.167159 0.076599
vn 0.815518 -0.285934 0.503163
v -0.355108 0.172918 0.084141
vn 0.745642 -0.381927 0.546031
v -0.356815 0.169119 0.083944
vn 0.719591 -0.371718 0.586527
v -0.355147 0.165790 0.079710
vn 0.753020 -0.330527 0.568957
v -0.349212 0.173644 0.074053
vn 0.894682 -0.241738 0.375643
v -0.348518 0.177720 0.075465
vn 0.900329 -0.279943 0.333227
v -0.349864 0.169060 0.073004
vn 0.880258 -0.234294 0.412616
v -0.348001 0.170845 0.069398
vn 0.931867 -0.189518 0.309364
v -0.347797 0.182054 0.077282
vn 0.906391 -0.267671 0.326815
v -0.359651 0.174509 0.090902
vn 0.672389 -0.441880 0.593831
v -0.358281 0.171714 0.087352
vn 0.691506 -0.412591 0.592949
v -0.355791 0.175786 0.087208
vn 0.723055 -0.406334 0.558645
v -0.356910 0.178691 0.090805
vn 0.720694 -0.415932 0.554618
v -0.360850 0.177323 0.094579
vn 0.658347 -0.479065 0.580582
v -0.357714 0.181693 0.094101
vn 0.725745 -0.430877 0.536321
v -0.364112 0.172981 0.094418
vn 0.585544 -0.503395 0.635398
v -0.362339 0.169905 0.090578
vn 0.613322 -0.455669 0.645137
v -0.367550 0.167958 0.093322
vn 0.503285 -0.510875 0.696929
v -0.370337 0.171265 0.098327
vn 0.430053 -0.566432 0.703000
v -0.360177 0.167292 0.086376
vn 0.656019 -0.410691 0.633223
v -0.364478 0.164374 0.088648
vn 0.569804 -0.426168 0.702641
v -0.361104 0.163143 0.084934
vn 0.645501 -0.369398 0.668486
v -0.358140 0.164670 0.082697
vn 0.694486 -0.359165 0.623450
v -0.375876 0.189876 0.031990
vn 0.062756 -0.018337 -0.997860
v -0.377196 0.183153 0.032015
vn 0.066406 -0.012420 -0.997715
v -0.384832 0.187870 0.031442
vn 0.070514 -0.013364 -0.997421
v -0.383384 0.194615 0.031417
vn 0.067143 -0.019563 -0.997552
v -0.392656 0.192617 0.030797
vn 0.075540 -0.015084 -0.997029
v -0.378638 0.176090 0.031982
vn 0.068109 -0.013016 -0.997593
v -0.386378 0.180820 0.031392
vn 0.072593 -0.010948 -0.997302
v -0.394345 0.185559 0.030741
vn 0.078053 -0.010589 -0.996893
v -0.374678 0.196332 0.031936
vn 0.062897 -0.018412 -0.997850
v -0.382024 0.201086 0.031370
vn 0.067007 -0.020057 -0.997551
v -0.391017 0.199324 0.030788
vn 0.072675 -0.020933 -0.997136
v -0.389507 0.205832 0.030755
vn 0.072730 -0.024647 -0.997047
v -0.367521 0.191758 0.032454
vn 0.072029 -0.019735 -0.997207
v -0.368629 0.185349 0.032520
vn 0.072231 -0.020186 -0.997184
v -0.360558 0.187592 0.033130
vn 0.245458 -0.045256 -0.968350
v -0.369871 0.178630 0.032549
vn 0.075531 -0.015235 -0.997027
v -0.361638 0.181280 0.033199
vn 0.211992 -0.019528 -0.977076
v -0.362867 0.174585 0.033225
vn 0.138730 0.005005 -0.990318
v -0.371254 0.171541 0.032541
vn 0.074717 -0.017439 -0.997052
v -0.405342 0.208997 0.029536
vn 0.060102 -0.023551 -0.997914
v -0.398621 0.203873 0.030107
vn 0.071814 -0.022850 -0.997156
v -0.407369 0.202431 0.029544
vn 0.063452 -0.015511 -0.997864
v -0.400433 0.197179 0.030116
vn 0.074100 -0.016124 -0.997120
v -0.409396 0.195545 0.029485
vn 0.068382 -0.008162 -0.997626
v -0.402315 0.190186 0.030053
vn 0.076599 -0.009972 -0.997012
v -0.413705 0.208838 0.029088
vn 0.045332 -0.011952 -0.998900
v -0.411108 0.215053 0.029090
vn 0.038026 -0.017273 -0.999127
v -0.415816 0.202149 0.029045
vn 0.055735 -0.002809 -0.998442
v -0.403437 0.215079 0.029478
vn 0.061969 -0.027321 -0.997704
v -0.408252 0.219582 0.029086
vn 0.038564 -0.026276 -0.998911
v -0.396936 0.210373 0.030062
vn 0.071867 -0.027597 -0.997032
v -0.413747 0.180570 0.029255
vn 0.077381 0.008678 -0.996964
v -0.411529 0.188219 0.029390
vn 0.070400 -0.005722 -0.997502
v -0.404199 0.182880 0.029971
vn 0.078532 -0.008076 -0.996879
v -0.406115 0.175277 0.029873
vn 0.089086 0.003053 -0.996019
v -0.396108 0.178252 0.030687
vn 0.079979 -0.010264 -0.996744
v -0.415979 0.171757 0.028851
vn 0.073345 0.001389 -0.997306
v -0.407992 0.167337 0.029622
vn 0.090937 -0.011472 -0.995791
v -0.417824 0.163784 0.028919
vn 0.066688 -0.032815 -0.997234
v -0.397925 0.170644 0.030600
vn 0.086399 -0.004676 -0.996250
v -0.399800 0.162715 0.030488
vn 0.088437 -0.018380 -0.995912
v -0.409917 0.159412 0.029654
vn 0.076532 -0.039776 -0.996273
v -0.424182 0.178231 0.028435
vn 0.062121 0.007280 -0.998042
v -0.420421 0.187494 0.028800
vn 0.065673 0.004527 -0.997831
v -0.425370 0.167852 0.028455
vn 0.060117 -0.012782 -0.998109
v -0.418043 0.194951 0.028914
vn 0.059180 -0.002990 -0.998243
v -0.381932 0.160943 0.032006
vn 0.077308 -0.021724 -0.996771
v -0.389787 0.165776 0.031285
vn 0.080500 -0.012667 -0.996674
v -0.380217 0.168716 0.032001
vn 0.071958 -0.016193 -0.997276
v -0.388032 0.173502 0.031372
vn 0.075199 -0.010770 -0.997110
v -0.372793 0.164137 0.032608
vn 0.075371 -0.024618 -0.996852
v -0.374475 0.156346 0.032681
vn 0.079273 -0.026367 -0.996504
v -0.365747 0.160035 0.033302
vn 0.088471 -0.031434 -0.995583
v -0.364231 0.167458 0.033189
vn 0.092161 -0.022202 -0.995497
v -0.383804 0.152950 0.032063
vn 0.074456 -0.031648 -0.996722
v -0.376430 0.148279 0.032729
vn 0.077828 -0.036007 -0.996316
v -0.385957 0.144832 0.032215
vn 0.063232 -0.055769 -0.996439
v -0.367475 0.152247 0.033396
vn 0.090695 -0.032706 -0.995342
v -0.369595 0.144064 0.033491
vn 0.091072 -0.049530 -0.994612
v -0.378765 0.139836 0.032946
vn 0.067393 -0.083401 -0.994235
v -0.391664 0.157802 0.031287
vn 0.082421 -0.028712 -0.996184
v -0.393678 0.149879 0.031451
vn 0.080347 -0.050616 -0.995481
v -0.401757 0.154782 0.030513
vn 0.081959 -0.038773 -0.995881
v -0.350237 0.174155 0.039377
vn 0.813429 0.014336 -0.581488
v -0.347622 0.170959 0.045724
vn 0.912512 0.011078 -0.408900
v -0.350992 0.167504 0.038405
vn 0.766422 -0.006840 -0.642301
v -0.347770 0.164224 0.044341
vn 0.871865 0.027789 -0.488958
v -0.351762 0.160360 0.037553
vn 0.681654 -0.021346 -0.731363
v -0.347622 0.170959 0.045724
vn 0.981902 -0.007327 -0.189249
v -0.346444 0.168209 0.051697
vn 0.989477 -0.007942 -0.144471
v -0.347770 0.164224 0.044341
vn 0.980276 0.006137 -0.197539
v -0.346605 0.161364 0.049937
vn 0.992743 -0.043085 -0.112268
v -0.348265 0.157081 0.042878
vn 0.974096 -0.068225 -0.215597
v -0.356234 0.170987 0.034011
vn 0.399457 0.014900 -0.916631
v -0.355154 0.177659 0.035296
vn 0.477831 0.052279 -0.876895
v -0.357531 0.163839 0.033965
vn 0.326777 -0.043254 -0.944111
v -0.349674 0.180307 0.040476
vn 0.832031 0.009912 -0.554641
v -0.354327 0.184108 0.036177
vn 0.544128 -0.020069 -0.838762
v -0.347188 0.177284 0.046890
vn 0.930346 0.003818 -0.366663
v -0.347188 0.177284 0.046890
vn 0.984436 -0.012102 -0.175327
v -0.346209 0.174285 0.052622
vn 0.987874 -0.014387 -0.154590
v -0.347061 0.183143 0.047660
vn 0.942700 -0.026342 -0.332599
v -0.355407 0.145179 0.036492
vn 0.509399 -0.116238 -0.852644
v -0.353024 0.152916 0.036837
vn 0.589379 -0.078916 -0.803993
v -0.349537 0.149880 0.041531
vn 0.739089 -0.108179 -0.664864
v -0.351769 0.142231 0.040403
vn 0.921427 -0.188938 -0.339521
v -0.349537 0.149880 0.041531
vn 0.954019 -0.159636 -0.253702
v -0.348508 0.147197 0.047009
vn 0.974656 -0.184242 -0.126891
v -0.348265 0.157081 0.042878
vn 0.819540 -0.020094 -0.572669
v -0.347277 0.154275 0.048511
vn 0.987621 -0.125144 -0.094574
v -0.351769 0.142231 0.040403
vn 0.646239 -0.105885 -0.755753
v -0.358114 0.136735 0.036059
vn 0.409443 -0.097662 -0.907093
v -0.354167 0.133475 0.039163
vn 0.553299 -0.125564 -0.823465
v -0.361216 0.127384 0.035815
vn 0.295294 -0.179364 -0.938419
v -0.350288 0.139423 0.045424
vn 0.963211 -0.205721 -0.172928
v -0.354167 0.133475 0.039163
vn 0.883368 -0.206803 -0.420588
v -0.352449 0.130435 0.044011
vn 0.940491 -0.280734 -0.191480
v -0.357230 0.124172 0.039066
vn 0.840425 -0.347924 -0.415493
v -0.363416 0.140211 0.034313
vn 0.187426 -0.082690 -0.978792
v -0.360948 0.148514 0.034156
vn 0.221497 -0.067323 -0.972834
v -0.366360 0.130964 0.034851
vn 0.105329 -0.138532 -0.984741
v -0.372189 0.135004 0.033833
vn 0.072782 -0.121731 -0.989891
v -0.359015 0.156396 0.034063
vn 0.260677 -0.050094 -0.964125
v -0.352895 0.135116 0.056176
vn 0.936009 -0.256919 0.240582
v -0.351207 0.137039 0.050889
vn 0.959094 -0.253035 0.126934
v -0.350832 0.143100 0.057190
vn 0.931974 -0.260130 0.252499
v -0.349294 0.144882 0.052180
vn 0.966425 -0.228107 0.118280
v -0.349170 0.150370 0.058230
vn 0.948297 -0.211497 0.236648
v -0.348043 0.152234 0.053523
vn 0.975885 -0.180438 0.122841
v -0.352824 0.141572 0.061833
vn 0.904456 -0.247531 0.347403
v -0.354746 0.133947 0.061513
vn 0.911839 -0.246855 0.328042
v -0.355132 0.140345 0.066287
vn 0.862526 -0.219036 0.456149
v -0.351089 0.148849 0.062528
vn 0.895734 -0.250051 0.367607
v -0.353454 0.147526 0.066532
vn 0.846372 -0.243334 0.473754
v -0.355029 0.126964 0.056046
vn 0.931363 -0.283657 0.228259
v -0.357060 0.126086 0.061837
vn 0.909990 -0.262335 0.321091
v -0.358049 0.118649 0.057325
vn 0.921253 -0.329154 0.207244
v -0.357131 0.133154 0.066531
vn 0.875533 -0.223006 0.428615
v -0.359468 0.125590 0.067455
vn 0.883182 -0.229696 0.408936
v -0.359922 0.118448 0.063607
vn 0.902028 -0.292031 0.317906
v -0.353348 0.128358 0.050005
vn 0.947197 -0.301594 0.108898
v -0.356506 0.119967 0.050970
vn 0.924824 -0.373454 0.072332
v -0.355905 0.121569 0.044488
vn 0.896763 -0.402863 -0.183079
v -0.347078 0.163393 0.060307
vn 0.964759 -0.182884 0.189194
v -0.348296 0.157261 0.059550
vn 0.957202 -0.192376 0.216232
v -0.346959 0.158994 0.054810
vn 0.982613 -0.153587 0.104323
v -0.346249 0.165559 0.056303
vn 0.995002 -0.095261 0.029955
v -0.346257 0.169458 0.061325
vn 0.978886 -0.138797 0.150055
v -0.345695 0.171672 0.057316
vn 0.997765 -0.058769 -0.031796
v -0.347416 0.167371 0.064964
vn 0.951645 -0.183485 0.246385
v -0.348489 0.161540 0.064108
vn 0.934079 -0.223686 0.278319
v -0.348892 0.165439 0.068539
vn 0.911763 -0.235804 0.336281
v -0.349731 0.155492 0.063587
vn 0.916643 -0.225778 0.329834
v -0.350263 0.159891 0.067750
vn 0.883420 -0.268924 0.383730
v -0.351888 0.154148 0.067443
vn 0.851807 -0.272118 0.447635
v -0.368293 0.154546 0.086354
vn 0.528880 -0.321126 0.785598
v -0.370858 0.150667 0.086609
vn 0.499470 -0.258575 0.826843
v -0.367005 0.150065 0.083802
vn 0.594189 -0.255717 0.762593
v -0.364986 0.154977 0.084136
vn 0.602011 -0.327829 0.728087
v -0.363564 0.150151 0.080801
vn 0.672890 -0.266947 0.689898
v -0.373172 0.144892 0.086431
vn 0.470318 -0.178229 0.864312
v -0.369112 0.144131 0.083673
vn 0.580003 -0.178626 0.794789
v -0.365509 0.144003 0.080636
vn 0.670332 -0.185327 0.718546
v -0.367043 0.158958 0.087609
vn 0.530633 -0.386990 0.754100
v -0.363106 0.159395 0.084758
vn 0.612743 -0.370486 0.698059
v -0.361605 0.155284 0.081174
vn 0.670208 -0.331066 0.664241
v -0.359748 0.159850 0.081747
vn 0.675706 -0.358349 0.644211
v -0.371461 0.156528 0.089160
vn 0.443683 -0.363459 0.819172
v -0.370266 0.162427 0.091614
vn 0.452507 -0.446548 0.771902
v -0.375283 0.151790 0.089255
vn 0.393778 -0.287814 0.872985
v -0.377892 0.145849 0.088781
vn 0.354110 -0.185348 0.916653
v -0.355378 0.157109 0.074774
vn 0.768553 -0.338150 0.543122
v -0.358372 0.156206 0.078134
vn 0.721290 -0.336795 0.605235
v -0.357210 0.151517 0.074113
vn 0.774077 -0.284747 0.565441
v -0.360275 0.150660 0.077512
vn 0.724091 -0.277554 0.631392
v -0.359069 0.145236 0.073880
vn 0.775930 -0.210893 0.594522
v -0.362197 0.144452 0.077322
vn 0.729483 -0.197168 0.654965
v -0.354416 0.152707 0.070560
vn 0.799526 -0.292786 0.524437
v -0.352641 0.158439 0.071549
vn 0.817391 -0.318516 0.480021
v -0.356244 0.146399 0.070259
vn 0.811361 -0.222149 0.540688
v -0.353612 0.162359 0.075665
vn 0.783997 -0.326231 0.528130
v -0.350972 0.163803 0.072201
vn 0.852573 -0.284910 0.438116
v -0.356612 0.160938 0.078896
vn 0.730633 -0.345989 0.588614
v -0.362528 0.131879 0.075226
vn 0.800282 -0.135943 0.584011
v -0.360842 0.138592 0.074259
vn 0.786513 -0.150049 0.599068
v -0.363900 0.138020 0.077788
vn 0.732341 -0.118150 0.670610
v -0.365676 0.131850 0.078927
vn 0.733532 -0.094745 0.673018
v -0.367261 0.137960 0.081110
vn 0.661263 -0.097459 0.743796
v -0.364761 0.125403 0.076582
vn 0.799806 -0.151844 0.580736
v -0.367870 0.125631 0.080432
vn 0.716488 -0.101939 0.690111
v -0.367665 0.119226 0.078985
vn 0.782124 -0.152605 0.604147
v -0.369079 0.131732 0.082292
vn 0.636914 -0.061639 0.768467
v -0.371602 0.126071 0.083769
vn 0.602334 -0.054825 0.796359
v -0.371061 0.119707 0.082718
vn 0.685402 -0.070775 0.724717
v -0.362047 0.125465 0.072339
vn 0.850994 -0.196531 0.487017
v -0.359837 0.132312 0.071058
vn 0.845275 -0.179541 0.503264
v -0.364913 0.118883 0.074570
vn 0.843889 -0.217278 0.490553
v -0.362360 0.118457 0.069510
vn 0.873831 -0.259469 0.411213
v -0.357927 0.139346 0.070443
vn 0.823362 -0.186589 0.535967
v -0.377901 0.133044 0.087711
vn 0.412258 -0.014568 0.910951
v -0.373256 0.132314 0.085224
vn 0.521246 -0.037275 0.852592
v -0.375514 0.138842 0.086750
vn 0.442128 -0.081777 0.893216
v -0.371088 0.138183 0.084117
vn 0.555659 -0.086282 0.826921
v -0.380453 0.140016 0.088907
vn 0.332223 -0.072629 0.940400
v -0.383242 0.134399 0.089754
vn 0.303711 0.000644 0.952764
v -0.380879 0.127861 0.089028
vn 0.374898 0.035634 0.926381
v -0.386259 0.129349 0.090765
vn 0.253395 0.050028 0.966069
v -0.384396 0.122980 0.090682
vn 0.334443 0.130184 0.933381
v -0.389502 0.124892 0.091931
vn 0.220066 0.148299 0.964146
v -0.376006 0.126762 0.086659
vn 0.496743 -0.002160 0.867895
v -0.379375 0.121750 0.088740
vn 0.459636 0.095768 0.882929
v -0.374995 0.120494 0.085996
vn 0.590877 0.017725 0.806567
v -0.421894 0.080511 0.055373
vn -0.309128 -0.839287 -0.447256
v -0.426690 0.079868 0.059889
vn -0.353010 -0.811413 -0.465824
v -0.426941 0.084127 0.053143
vn -0.451025 -0.702678 -0.550290
v -0.431521 0.081733 0.060980
vn -0.483866 -0.717016 -0.501759
v -0.435539 0.086406 0.059080
vn -0.561771 -0.638859 -0.525617
v -0.426690 0.079868 0.059889
vn -0.359637 -0.905150 -0.226637
v -0.430359 0.079443 0.067371
vn -0.410804 -0.911333 -0.026675
v -0.431521 0.081733 0.060980
vn -0.511653 -0.811507 -0.282254
v -0.435012 0.081918 0.067084
vn -0.714839 -0.698448 -0.034280
v -0.435539 0.086406 0.059080
vn -0.816017 -0.540470 -0.204957
v -0.417191 0.082583 0.048132
vn -0.189970 -0.726600 -0.660275
v -0.422946 0.088717 0.045763
vn -0.281238 -0.538318 -0.794430
v -0.413610 0.087919 0.045712
vn -0.008070 -0.357393 -0.933919
v -0.431503 0.090535 0.049815
vn -0.529691 -0.606221 -0.593231
v -0.427849 0.094437 0.043966
vn -0.301005 -0.473528 -0.827749
v -0.418876 0.093209 0.043900
vn -0.016328 -0.315841 -0.948672
v -0.416904 0.078736 0.056080
vn -0.182441 -0.886739 -0.424747
v -0.410898 0.079653 0.052872
vn -0.036315 -0.849154 -0.526896
v -0.412388 0.076505 0.058923
vn -0.156150 -0.883029 -0.442580
v -0.408165 0.083692 0.047469
vn 0.022775 -0.622889 -0.781979
v -0.403495 0.080306 0.051990
vn 0.032182 -0.800957 -0.597856
v -0.421635 0.077681 0.061063
vn -0.247292 -0.877508 -0.410884
v -0.421635 0.077681 0.061063
vn -0.307525 -0.933351 -0.185159
v -0.425580 0.077660 0.067398
vn -0.339422 -0.939873 -0.037834
v -0.417192 0.075988 0.062505
vn -0.199788 -0.899080 -0.389538
v -0.417192 0.075988 0.062505
vn -0.312324 -0.937865 -0.151207
v -0.421013 0.076261 0.068109
vn -0.314077 -0.949071 -0.024913
v -0.438804 0.103287 0.045415
vn -0.616755 -0.503506 -0.605058
v -0.435389 0.097013 0.047468
vn -0.571778 -0.541564 -0.616262
v -0.441780 0.099992 0.051829
vn -0.652029 -0.513565 -0.557772
v -0.441780 0.099992 0.051829
vn -0.855207 -0.452672 -0.252406
v -0.439127 0.093314 0.055412
vn -0.841522 -0.506195 -0.188698
v -0.443701 0.098754 0.061229
vn -0.896161 -0.436752 -0.078376
v -0.439127 0.093314 0.055412
vn -0.615046 -0.571633 -0.543096
v -0.440730 0.092417 0.066144
vn -0.879833 -0.475235 -0.006755
v -0.444032 0.106241 0.049611
vn -0.710578 -0.452398 -0.538902
v -0.441759 0.109080 0.044087
vn -0.675810 -0.460856 -0.575232
v -0.446053 0.111747 0.047982
vn -0.751276 -0.442771 -0.489427
v -0.446000 0.104617 0.057757
vn -0.911743 -0.385923 -0.140674
v -0.444032 0.106241 0.049611
vn -0.865714 -0.407772 -0.290278
v -0.447717 0.110353 0.054913
vn -0.926253 -0.339435 -0.163830
v -0.436152 0.106535 0.040376
vn -0.386713 -0.425905 -0.817959
v -0.439877 0.112214 0.040035
vn -0.481511 -0.443366 -0.756025
v -0.433888 0.110809 0.038711
vn -0.087796 -0.318011 -0.944013
v -0.444503 0.114037 0.043246
vn -0.710528 -0.470405 -0.523325
v -0.443241 0.116921 0.039143
vn -0.578468 -0.469339 -0.667155
v -0.438002 0.116010 0.037074
vn -0.168468 -0.392262 -0.904295
v -0.431854 0.100588 0.042129
vn -0.323042 -0.456681 -0.828907
v -0.428925 0.105076 0.040427
vn -0.023883 -0.299067 -0.953933
v -0.424271 0.098943 0.042193
vn -0.022538 -0.296992 -0.954614
v -0.442765 0.103847 0.076836
vn -0.887818 -0.322951 0.327844
v -0.443318 0.100045 0.070284
vn -0.913917 -0.362156 0.183303
v -0.440486 0.098722 0.077527
vn -0.862104 -0.366257 0.350189
v -0.440292 0.095031 0.073444
vn -0.871598 -0.414290 0.262068
v -0.437590 0.093975 0.078930
vn -0.813819 -0.430360 0.390498
v -0.437849 0.090358 0.073529
vn -0.858846 -0.426803 0.283237
v -0.439789 0.102413 0.082038
vn -0.830269 -0.312708 0.461376
v -0.441745 0.106267 0.081062
vn -0.850318 -0.255463 0.460107
v -0.438893 0.106187 0.085394
vn -0.768391 -0.177868 0.614767
v -0.437116 0.097824 0.083538
vn -0.789204 -0.375775 0.485747
v -0.436286 0.101867 0.087176
vn -0.728817 -0.252419 0.636483
v -0.443932 0.108948 0.077932
vn -0.900556 -0.205922 0.382878
v -0.445319 0.107107 0.072277
vn -0.928304 -0.284153 0.239809
v -0.445843 0.112537 0.074737
vn -0.924148 -0.182535 0.335606
v -0.441380 0.110003 0.083049
vn -0.812262 -0.109086 0.573002
v -0.443532 0.113597 0.080183
vn -0.858300 -0.085379 0.505996
v -0.446025 0.105401 0.065274
vn -0.940365 -0.325729 0.098057
v -0.447336 0.111390 0.068620
vn -0.952366 -0.245297 0.181187
v -0.447802 0.110490 0.061972
vn -0.959452 -0.277998 0.046561
v -0.431171 0.085640 0.079093
vn -0.557378 -0.640500 0.528289
v -0.434761 0.089379 0.079399
vn -0.717355 -0.517646 0.466309
v -0.435450 0.085311 0.073784
vn -0.751923 -0.550111 0.363304
v -0.431602 0.081559 0.073601
vn -0.522261 -0.765416 0.376008
v -0.437523 0.086713 0.068112
vn -0.882968 -0.469013 0.019842
v -0.427107 0.082613 0.079308
vn -0.485738 -0.704372 0.517609
v -0.427116 0.079509 0.073855
vn -0.412204 -0.861441 0.296659
v -0.423221 0.080195 0.079870
vn -0.441251 -0.758463 0.479615
v -0.422829 0.077684 0.074182
vn -0.371757 -0.898588 0.233102
v -0.426313 0.086264 0.084522
vn -0.446765 -0.634174 0.631050
v -0.430336 0.089658 0.084795
vn -0.532942 -0.597543 0.599096
v -0.424903 0.090752 0.089154
vn -0.331748 -0.554905 0.762905
v -0.422224 0.083725 0.084685
vn -0.403205 -0.630018 0.663704
v -0.420640 0.088144 0.088914
vn -0.283222 -0.539288 0.793066
v -0.434044 0.093367 0.084379
vn -0.685829 -0.481304 0.545880
v -0.429188 0.093806 0.089373
vn -0.456618 -0.497615 0.737482
v -0.433013 0.097570 0.088759
vn -0.622310 -0.366997 0.691407
v -0.450091 0.119806 0.062176
vn -0.977387 -0.184685 0.102984
v -0.450850 0.122765 0.058943
vn -0.981089 -0.179736 0.071825
v -0.450139 0.119102 0.056268
vn -0.970865 -0.239514 -0.007423
v -0.450838 0.122058 0.053855
vn -0.971815 -0.235676 -0.005733
v -0.449842 0.118948 0.051246
vn -0.944939 -0.304045 -0.121024
v -0.451254 0.125976 0.060347
vn -0.976874 -0.178328 0.117970
v -0.451426 0.125032 0.055787
vn -0.978180 -0.204010 0.039284
v -0.451259 0.123953 0.051374
vn -0.973475 -0.226190 -0.034413
v -0.449204 0.115251 0.058902
vn -0.967682 -0.251850 0.012798
v -0.448857 0.115742 0.065299
vn -0.967601 -0.214284 0.133531
v -0.448912 0.115316 0.052757
vn -0.936863 -0.315565 -0.150685
v -0.449117 0.120484 0.068500
vn -0.962607 -0.115899 0.244858
v -0.447699 0.116490 0.071621
vn -0.944908 -0.155894 0.287830
v -0.447097 0.121169 0.074466
vn -0.914281 -0.031893 0.403824
v -0.445514 0.117409 0.077316
vn -0.885240 -0.084448 0.457404
v -0.450348 0.124539 0.064969
vn -0.970100 -0.111319 0.215670
v -0.448361 0.124770 0.071538
vn -0.928698 -0.010959 0.370676
v -0.449344 0.128377 0.069201
vn -0.926545 -0.067448 0.370089
v -0.451149 0.128364 0.063718
vn -0.962036 -0.150658 0.227573
v -0.448885 0.122105 0.043615
vn -0.856091 -0.320811 -0.405202
v -0.449340 0.119834 0.047059
vn -0.860866 -0.352709 -0.366752
v -0.450630 0.122911 0.047627
vn -0.896140 -0.296577 -0.330115
v -0.450467 0.125269 0.045236
vn -0.950652 -0.187780 -0.246981
v -0.450630 0.122911 0.047627
vn -0.952954 -0.261350 -0.153540
v -0.451427 0.125429 0.048801
vn -0.970757 -0.191741 -0.144451
v -0.449340 0.119834 0.047059
vn -0.920888 -0.346408 -0.178794
v -0.450555 0.121517 0.050193
vn -0.949508 -0.295632 -0.105054
v -0.450467 0.125269 0.045236
vn -0.886373 -0.265329 -0.379400
v -0.448529 0.125235 0.040964
vn -0.827972 -0.265520 -0.493924
v -0.450575 0.128422 0.043227
vn -0.857191 -0.257092 -0.446236
v -0.448177 0.128745 0.038708
vn -0.772928 -0.241971 -0.586543
v -0.451664 0.127825 0.047894
vn -0.971383 -0.162212 -0.173502
v -0.450575 0.128422 0.043227
vn -0.952601 -0.176772 -0.247596
v -0.451847 0.130920 0.046392
vn -0.971286 -0.145720 -0.188069
v -0.450708 0.131956 0.041377
vn -0.951650 -0.130768 -0.277960
v -0.446108 0.121287 0.039391
vn -0.723857 -0.353754 -0.592359
v -0.446786 0.118227 0.042928
vn -0.788333 -0.410621 -0.458172
v -0.445286 0.124937 0.036783
vn -0.610040 -0.260965 -0.748163
v -0.441476 0.120509 0.035738
vn -0.353080 -0.342874 -0.870501
v -0.447988 0.116153 0.047337
vn -0.905728 -0.371102 -0.204792
v -0.447988 0.116153 0.047337
vn -0.804562 -0.409547 -0.430060
v -0.446053 0.111747 0.047982
vn -0.882395 -0.386237 -0.268701
v -0.452785 0.132060 0.055961
vn -0.993715 -0.107313 0.031851
v -0.452374 0.129837 0.051729
vn -0.987627 -0.145385 -0.058793
v -0.452126 0.128498 0.057357
vn -0.979924 -0.185843 0.072191
v -0.451865 0.126777 0.052154
vn -0.983038 -0.181941 -0.023094
v -0.452128 0.131408 0.061649
vn -0.975471 -0.121010 0.183883
v -0.452587 0.134558 0.059919
vn -0.990870 -0.030344 0.131358
v -0.451361 0.134160 0.065456
vn -0.952334 -0.053155 0.300392
v -0.450474 0.131458 0.067369
vn -0.929479 -0.095771 0.356226
v -0.453001 0.135325 0.054241
vn -0.999613 -0.025106 0.011979
v -0.452702 0.138192 0.058089
vn -0.995242 0.028364 0.093217
v -0.452973 0.139100 0.052616
vn -0.999998 0.000342 0.002101
v -0.452069 0.137361 0.063446
vn -0.975303 0.012637 0.220508
v -0.452068 0.140648 0.061914
vn -0.984730 0.049955 0.166770
v -0.452526 0.141807 0.058362
vn -0.992137 0.033850 0.120496
v -0.452636 0.133118 0.050249
vn -0.990806 -0.101927 -0.088966
v -0.452812 0.136791 0.048645
vn -0.994154 -0.050064 -0.095664
v -0.452045 0.134571 0.044731
vn -0.967876 -0.108097 -0.227005
v -0.399433 0.075838 0.078844
vn 0.351880 -0.794674 0.494645
v -0.403402 0.074442 0.078618
vn 0.177830 -0.871342 0.457319
v -0.399874 0.073861 0.075339
vn 0.291624 -0.894823 0.338005
v -0.403732 0.073052 0.075306
vn 0.122968 -0.948463 0.292055
v -0.400902 0.072655 0.071753
vn 0.201892 -0.969124 0.141554
v -0.407299 0.075062 0.080504
vn -0.001498 -0.866858 0.498553
v -0.406462 0.073624 0.077337
vn -0.002494 -0.929428 0.368995
v -0.407094 0.072628 0.074283
vn -0.054796 -0.978213 0.200242
v -0.395683 0.075352 0.074498
vn 0.444030 -0.825226 0.349056
v -0.395183 0.077630 0.077960
vn 0.459260 -0.748581 0.478233
v -0.391538 0.077370 0.073177
vn 0.527921 -0.788506 0.315528
v -0.396718 0.073673 0.070743
vn 0.365648 -0.919432 0.144730
v -0.392490 0.075573 0.069221
vn 0.500596 -0.856503 0.125720
v -0.398569 0.078762 0.082207
vn 0.371462 -0.716173 0.590858
v -0.394112 0.080531 0.081036
vn 0.459067 -0.696694 0.551249
v -0.397175 0.082268 0.085205
vn 0.381175 -0.657872 0.649546
v -0.390810 0.079630 0.076562
vn 0.526113 -0.729738 0.436678
v -0.389961 0.082445 0.079685
vn 0.520931 -0.684403 0.510121
v -0.392421 0.083872 0.083579
vn 0.460063 -0.658095 0.596031
v -0.403121 0.076794 0.082189
vn 0.225707 -0.773944 0.591664
v -0.402399 0.080612 0.086153
vn 0.220274 -0.654946 0.722859
v -0.406845 0.077680 0.084183
vn 0.040578 -0.749317 0.660967
v -0.405670 0.072803 0.064716
vn -0.059521 -0.959017 -0.277028
v -0.402841 0.072136 0.068146
vn 0.026357 -0.982438 -0.184717
v -0.406858 0.072181 0.069592
vn -0.070404 -0.987200 -0.143103
v -0.409957 0.072783 0.067186
vn -0.265491 -0.963132 -0.043491
v -0.406858 0.072181 0.069592
vn -0.077228 -0.995828 0.048601
v -0.409788 0.072650 0.072138
vn -0.200162 -0.976263 0.082745
v -0.402841 0.072136 0.068146
vn 0.109730 -0.992501 0.053856
v -0.404396 0.072311 0.072210
vn 0.048169 -0.991310 0.122413
v -0.409957 0.072783 0.067186
vn -0.147916 -0.954362 -0.259450
v -0.408651 0.074295 0.061793
vn -0.138532 -0.900208 -0.412836
v -0.413427 0.074198 0.064894
vn -0.201461 -0.910440 -0.361265
v -0.412889 0.073479 0.071343
vn -0.313212 -0.948291 0.051399
v -0.413427 0.074198 0.064894
vn -0.320818 -0.941554 -0.102724
v -0.416700 0.074736 0.069521
vn -0.332015 -0.943271 0.002495
v -0.403240 0.074652 0.060349
vn 0.008639 -0.876026 -0.482187
v -0.401544 0.073141 0.063894
vn 0.087134 -0.947565 -0.307455
v -0.397089 0.074885 0.060874
vn 0.230607 -0.888162 -0.397477
v -0.406518 0.076997 0.056793
vn -0.039277 -0.845889 -0.531911
v -0.399681 0.077590 0.056088
vn 0.091160 -0.828943 -0.551854
v -0.398715 0.072894 0.066784
vn 0.270219 -0.962176 0.034613
v -0.398715 0.072894 0.066784
vn 0.210424 -0.948800 -0.235583
v -0.394659 0.074448 0.065700
vn 0.421324 -0.906877 0.007791
v -0.414961 0.076934 0.080791
vn -0.295740 -0.840370 0.454220
v -0.414236 0.074856 0.075918
vn -0.324555 -0.911053 0.254256
v -0.410935 0.075814 0.080995
vn -0.200221 -0.853442 0.481194
v -0.410141 0.073608 0.076435
vn -0.216424 -0.928678 0.301194
v -0.410444 0.078771 0.085092
vn -0.139289 -0.721428 0.678336
v -0.414463 0.080035 0.085215
vn -0.260179 -0.686156 0.679336
v -0.409676 0.082411 0.088061
vn -0.074336 -0.564486 0.822089
v -0.406571 0.080969 0.086956
vn 0.047758 -0.610722 0.790404
v -0.419109 0.078356 0.080355
vn -0.368001 -0.811975 0.453070
v -0.418370 0.081717 0.084994
vn -0.346784 -0.648038 0.678077
v -0.413325 0.083974 0.088497
vn -0.191772 -0.529907 0.826089
v -0.416682 0.085989 0.088879
vn -0.255625 -0.509550 0.821593
v -0.418534 0.076207 0.075038
vn -0.348346 -0.911388 0.219151
v -0.452339 0.168956 0.055774
vn -0.992169 0.094760 0.081374
v -0.452488 0.167525 0.049410
vn -0.994134 0.087106 -0.064108
v -0.452982 0.163084 0.054494
vn -0.997367 0.066589 0.028726
v -0.452750 0.161538 0.048098
vn -0.993917 0.049023 -0.098620
v -0.453276 0.157119 0.053351
vn -0.999831 0.016739 0.007545
v -0.451830 0.165796 0.042778
vn -0.969567 0.077629 -0.232191
v -0.451825 0.159538 0.041449
vn -0.965095 0.047167 -0.257618
v -0.452883 0.155913 0.047236
vn -0.993534 0.023533 -0.111071
v -0.452340 0.164056 0.059554
vn -0.967765 0.103537 0.229587
v -0.451421 0.168318 0.060251
vn -0.951444 0.085445 0.295725
v -0.450567 0.165938 0.062982
vn -0.921238 0.123081 0.369015
v -0.452720 0.158324 0.059263
vn -0.984318 0.025580 0.174539
v -0.451336 0.161238 0.063231
vn -0.930153 0.100511 0.353148
v -0.451378 0.171779 0.060221
vn -0.945165 0.107713 0.308321
v -0.451806 0.173767 0.056787
vn -0.985483 0.126862 0.112825
v -0.450092 0.169860 0.063669
vn -0.885231 0.141853 0.442994
v -0.451936 0.173968 0.051572
vn -0.992219 0.119717 -0.034187
v -0.451500 0.172154 0.044654
vn -0.975509 0.118141 -0.185538
v -0.452995 0.147065 0.051630
vn -0.999807 -0.018732 0.005872
v -0.453177 0.152142 0.052260
vn -0.999712 -0.023817 0.002795
v -0.452881 0.150507 0.046647
vn -0.994607 -0.007011 -0.103478
v -0.452787 0.145301 0.046688
vn -0.994520 -0.014869 -0.103487
v -0.451978 0.148451 0.041162
vn -0.956818 -0.017187 -0.290179
v -0.451972 0.153833 0.041065
vn -0.959626 0.009356 -0.281122
v -0.452994 0.142947 0.051551
vn -0.999998 0.000495 -0.001775
v -0.452804 0.140860 0.047380
vn -0.994595 -0.020079 -0.101867
v -0.451976 0.143391 0.041869
vn -0.959287 -0.043123 -0.279121
v -0.452058 0.138788 0.043098
vn -0.961605 -0.072728 -0.264626
v -0.452743 0.144304 0.055726
vn -0.996350 0.005678 0.085174
v -0.452724 0.148435 0.056521
vn -0.994410 -0.030302 0.101148
v -0.452154 0.144815 0.060438
vn -0.987143 0.013244 0.159292
v -0.452845 0.141100 0.055333
vn -0.997748 0.017005 0.064885
v -0.452843 0.153144 0.057596
vn -0.991851 -0.033185 0.123007
v -0.452065 0.149428 0.061190
vn -0.980954 -0.023904 0.192762
v -0.451952 0.153639 0.062360
vn -0.967933 -0.007307 0.251102
v -0.447072 0.137595 0.034513
vn -0.678107 -0.138807 -0.721736
v -0.450065 0.140824 0.037674
vn -0.767333 -0.118986 -0.630113
v -0.446361 0.142816 0.033108
vn -0.624166 -0.119447 -0.772107
v -0.449814 0.145918 0.036461
vn -0.746597 -0.084589 -0.659877
v -0.446193 0.148207 0.032137
vn -0.599531 -0.040730 -0.799314
v -0.450065 0.140824 0.037674
vn -0.923244 -0.070128 -0.377761
v -0.449814 0.145918 0.036461
vn -0.915512 -0.033660 -0.400879
v -0.449516 0.151364 0.035799
vn -0.909951 -0.017603 -0.414341
v -0.442167 0.139255 0.031244
vn -0.251229 -0.152687 -0.955809
v -0.443252 0.133897 0.032383
vn -0.352637 -0.238718 -0.904799
v -0.438026 0.135714 0.031888
vn 0.037872 -0.188665 -0.981311
v -0.441553 0.144885 0.030145
vn -0.201771 -0.135636 -0.969995
v -0.436685 0.141968 0.031071
vn 0.052396 -0.168865 -0.984246
v -0.447695 0.132853 0.036475
vn -0.729734 -0.213264 -0.649620
v -0.444260 0.129151 0.034750
vn -0.468123 -0.276166 -0.839401
v -0.438809 0.130206 0.033190
vn -0.042759 -0.255274 -0.965923
v -0.440212 0.125134 0.034418
vn -0.153118 -0.236596 -0.959467
v -0.450352 0.136087 0.039447
vn -0.808073 -0.160276 -0.566859
v -0.450352 0.136087 0.039447
vn -0.933699 -0.095197 -0.345173
v -0.450708 0.131956 0.041377
vn -0.827735 -0.214378 -0.518552
v -0.445102 0.160739 0.031379
vn -0.603226 0.001046 -0.797570
v -0.445589 0.154234 0.031985
vn -0.571644 -0.013069 -0.820398
v -0.449554 0.157062 0.035291
vn -0.678408 0.014048 -0.734551
v -0.449660 0.163399 0.036378
vn -0.935108 0.060961 -0.349081
v -0.449554 0.157062 0.035291
vn -0.926287 0.019542 -0.376312
v -0.449516 0.151364 0.035799
vn -0.714680 -0.016994 -0.699245
v -0.449660 0.163399 0.036378
vn -0.740701 0.072837 -0.667875
v -0.445356 0.168103 0.031815
vn -0.664486 0.071018 -0.743919
v -0.449554 0.170312 0.037370
vn -0.780526 0.076668 -0.620404
v -0.446546 0.176299 0.034055
vn -0.653999 0.118304 -0.747188
v -0.449554 0.170312 0.037370
vn -0.930496 0.117966 -0.346786
v -0.439788 0.165560 0.028051
vn -0.299534 0.023994 -0.953784
v -0.439900 0.158045 0.028810
vn -0.257430 -0.082725 -0.962749
v -0.433699 0.162953 0.027919
vn 0.014611 -0.058030 -0.998208
v -0.441012 0.151318 0.029500
vn -0.225009 -0.068135 -0.971971
v -0.434450 0.155283 0.028987
vn 0.001481 -0.133506 -0.991047
v -0.435830 0.148379 0.029954
vn 0.031585 -0.155304 -0.987362
v -0.448215 0.160108 0.070299
vn -0.846077 0.140458 0.514223
v -0.448708 0.156063 0.069739
vn -0.884374 0.077634 0.460277
v -0.446632 0.157509 0.073289
vn -0.803844 0.158054 0.573457
v -0.447350 0.153501 0.072709
vn -0.854152 0.086096 0.512847
v -0.444961 0.155259 0.076190
vn -0.760750 0.168250 0.626859
v -0.449353 0.151622 0.069511
vn -0.897381 0.073728 0.435054
v -0.448056 0.148816 0.072373
vn -0.860973 0.057797 0.505357
v -0.445715 0.151285 0.075543
vn -0.803195 0.046589 0.593892
v -0.445549 0.162189 0.072884
vn -0.705491 0.266116 0.656860
v -0.447211 0.164674 0.070012
vn -0.759368 0.234278 0.607021
v -0.443664 0.159938 0.075736
vn -0.656101 0.293314 0.695341
v -0.449608 0.162897 0.066754
vn -0.891484 0.135704 0.432250
v -0.448914 0.167184 0.066890
vn -0.835861 0.187814 0.515813
v -0.450042 0.158635 0.066614
vn -0.905463 0.073794 0.417961
v -0.450515 0.154569 0.066384
vn -0.919985 0.061121 0.387158
v -0.451507 0.157249 0.063569
vn -0.940808 0.049357 0.335328
v -0.440328 0.149849 0.081271
vn -0.558801 0.043247 0.828173
v -0.442906 0.152783 0.079075
vn -0.670711 0.106575 0.734022
v -0.443679 0.148721 0.077983
vn -0.718336 -0.026817 0.695179
v -0.441225 0.145781 0.080062
vn -0.666471 -0.003616 0.745522
v -0.444543 0.143705 0.076960
vn -0.727538 -0.016140 0.685877
v -0.446557 0.146423 0.074826
vn -0.791956 0.004549 0.610561
v -0.437409 0.146899 0.083130
vn -0.479349 0.079238 0.874040
v -0.438818 0.142663 0.082464
vn -0.606709 0.077130 0.791174
v -0.434377 0.143969 0.084878
vn -0.378699 0.128394 0.916571
v -0.442426 0.140777 0.079165
vn -0.717034 0.043666 0.695669
v -0.440290 0.137654 0.081690
vn -0.680682 0.093439 0.726596
v -0.436127 0.139214 0.084717
vn -0.491396 0.132744 0.860761
v -0.435814 0.151750 0.083114
vn -0.371577 0.138482 0.918016
v -0.438964 0.154644 0.081204
vn -0.463867 0.220194 0.858104
v -0.432539 0.148255 0.084848
vn -0.298458 0.145861 0.943211
v -0.441582 0.157393 0.078724
vn -0.565071 0.296545 0.769906
v -0.445176 0.132296 0.076500
vn -0.810188 0.048761 0.584139
v -0.443731 0.136280 0.078087
vn -0.764425 0.054648 0.642392
v -0.446783 0.135313 0.074236
vn -0.816541 0.012928 0.577142
v -0.445493 0.139286 0.075737
vn -0.776276 0.008155 0.630340
v -0.448183 0.138115 0.072121
vn -0.838806 -0.008422 0.544366
v -0.447263 0.142054 0.073619
vn -0.808620 -0.026032 0.587755
v -0.448101 0.131691 0.072189
vn -0.866479 -0.028887 0.498377
v -0.446749 0.128615 0.074444
vn -0.868026 0.039448 0.494949
v -0.449343 0.134578 0.070170
vn -0.883735 -0.026865 0.467215
v -0.443671 0.129059 0.079130
vn -0.799179 0.105460 0.591769
v -0.445546 0.125275 0.077082
vn -0.856141 0.076479 0.511051
v -0.442027 0.125610 0.081917
vn -0.749130 0.105989 0.653889
v -0.444128 0.121751 0.079937
vn -0.818666 0.033142 0.573313
v -0.441889 0.133101 0.080638
vn -0.745953 0.103271 0.657943
v -0.440054 0.129723 0.083327
vn -0.676789 0.130103 0.724589
v -0.438047 0.134296 0.084262
vn -0.591777 0.129035 0.795707
v -0.450402 0.143661 0.067810
vn -0.933572 0.035048 0.356673
v -0.449429 0.140722 0.070161
vn -0.886575 0.001993 0.462580
v -0.448701 0.144589 0.071464
vn -0.875142 0.010408 0.483754
v -0.449875 0.147340 0.068860
vn -0.922468 0.030948 0.384830
v -0.451223 0.146473 0.064790
vn -0.966286 0.016060 0.256969
v -0.450980 0.150479 0.065682
vn -0.950117 0.015676 0.311499
v -0.451504 0.143222 0.064272
vn -0.972054 0.046850 0.230036
v -0.451167 0.140368 0.066145
vn -0.949747 0.036265 0.310912
v -0.450393 0.137223 0.068203
vn -0.914207 -0.012086 0.405068
v -0.427670 0.136993 0.088339
vn -0.219268 0.224099 0.949579
v -0.430218 0.131803 0.088693
vn -0.331280 0.189526 0.924302
v -0.424308 0.133031 0.089914
vn -0.147157 0.239818 0.959600
v -0.427208 0.127937 0.090478
vn -0.263593 0.222385 0.938650
v -0.421464 0.128720 0.091325
vn -0.089347 0.261481 0.961064
v -0.432764 0.126885 0.088557
vn -0.427109 0.177897 0.886527
v -0.429990 0.123141 0.090685
vn -0.371842 0.220666 0.901688
v -0.424412 0.124205 0.092116
vn -0.205044 0.245192 0.947543
v -0.421387 0.137115 0.089030
vn -0.113511 0.193806 0.974451
v -0.425174 0.140950 0.087733
vn -0.189959 0.162208 0.968300
v -0.418131 0.133238 0.090202
vn -0.034438 0.229116 0.972790
v -0.430977 0.140727 0.086544
vn -0.292619 0.180715 0.938997
v -0.428910 0.144848 0.086342
vn -0.245848 0.148323 0.957893
v -0.433240 0.135566 0.086730
vn -0.397514 0.166736 0.902320
v -0.435461 0.130594 0.086419
vn -0.491774 0.153689 0.857052
v -0.415431 0.121408 0.092732
vn 0.073827 0.163142 0.983837
v -0.419841 0.124726 0.092625
vn 0.003402 0.225972 0.974128
v -0.421694 0.120637 0.093407
vn -0.041931 0.161971 0.985904
v -0.419043 0.117068 0.093640
vn 0.043629 0.146593 0.988234
v -0.423908 0.116129 0.093770
vn -0.117083 0.149577 0.981793
v -0.426944 0.119582 0.092678
vn -0.268651 0.202948 0.941615
v -0.414595 0.114042 0.093900
vn 0.046266 0.166550 0.984947
v -0.408221 0.119050 0.092589
vn -0.041097 0.175954 0.983540
v -0.407760 0.111635 0.094228
vn -0.069690 0.151982 0.985923
v -0.420887 0.112706 0.094467
vn -0.009136 0.149889 0.988661
v -0.418181 0.109509 0.094827
vn 0.038882 0.108800 0.993303
v -0.413704 0.107664 0.094752
vn 0.026507 0.072971 0.996982
v -0.409896 0.126369 0.091553
vn -0.011714 0.163343 0.986500
v -0.403315 0.124849 0.092358
vn -0.135565 0.163077 0.977255
v -0.402080 0.116940 0.094131
vn -0.162074 0.185099 0.969263
v -0.397913 0.122960 0.093601
vn -0.047722 0.199121 0.978812
v -0.415882 0.128140 0.091499
vn 0.038825 0.224735 0.973646
v -0.411929 0.132195 0.090420
vn -0.043310 0.149586 0.987800
v -0.425088 0.103107 0.094531
vn -0.222777 -0.146085 0.963862
v -0.422954 0.108049 0.094967
vn -0.104279 0.039623 0.993758
v -0.428839 0.106755 0.093716
vn -0.380016 -0.050494 0.923601
v -0.426309 0.111342 0.094219
vn -0.219822 0.105139 0.969858
v -0.432234 0.110608 0.092089
vn -0.514696 0.025691 0.856988
v -0.429709 0.115017 0.092729
vn -0.358688 0.151552 0.921072
v -0.431079 0.102194 0.091833
vn -0.521279 -0.209317 0.827318
v -0.427280 0.098439 0.092593
vn -0.349823 -0.329106 0.877105
v -0.434330 0.106211 0.090136
vn -0.637256 -0.116862 0.761740
v -0.420889 0.099885 0.094403
vn -0.094457 -0.236358 0.967064
v -0.423064 0.095262 0.092443
vn -0.211278 -0.413840 0.885493
v -0.417037 0.097172 0.093777
vn -0.057201 -0.281487 0.957859
v -0.418752 0.092589 0.091933
vn -0.149594 -0.435931 0.887460
v -0.419014 0.104956 0.095119
vn -0.006106 -0.041066 0.999138
v -0.414824 0.102021 0.094762
vn 0.002480 -0.098516 0.995132
v -0.437752 0.118255 0.087198
vn -0.647276 0.104302 0.755086
v -0.435068 0.114442 0.089687
vn -0.600443 0.070226 0.796578
v -0.432695 0.118724 0.090523
vn -0.469323 0.186590 0.863088
v -0.435243 0.122435 0.088009
vn -0.528172 0.168868 0.832177
v -0.439947 0.121967 0.084520
vn -0.685373 0.092821 0.722252
v -0.437818 0.126174 0.085837
vn -0.586981 0.128709 0.799304
v -0.442085 0.118029 0.082523
vn -0.782990 0.003210 0.622026
v -0.439839 0.114207 0.085240
vn -0.744733 -0.011602 0.667262
v -0.437228 0.110288 0.087769
vn -0.700387 -0.045833 0.712290
v -0.392551 0.113236 0.094876
vn 0.202993 0.110885 0.972882
v -0.397037 0.107638 0.095995
vn 0.048770 0.025669 0.998480
v -0.392275 0.106082 0.095037
vn 0.280861 -0.058638 0.957956
v -0.387742 0.111694 0.093636
vn 0.333792 0.034019 0.942033
v -0.387874 0.104773 0.093194
vn 0.410508 -0.153975 0.898763
v -0.401427 0.102271 0.095586
vn -0.088101 -0.093068 0.991754
v -0.396631 0.100606 0.095619
vn 0.127001 -0.179483 0.975529
v -0.392295 0.099376 0.093881
vn 0.355627 -0.254744 0.899241
v -0.388118 0.119164 0.092838
vn 0.273948 0.167059 0.947124
v -0.383270 0.117584 0.091369
vn 0.389032 0.117344 0.913720
v -0.383287 0.110497 0.091762
vn 0.461608 -0.058956 0.885123
v -0.378783 0.116312 0.089290
vn 0.543114 0.026991 0.839225
v -0.393053 0.120995 0.093482
vn 0.157577 0.195130 0.968036
v -0.397352 0.115083 0.095272
vn -0.003342 0.161155 0.986923
v -0.401850 0.109493 0.095425
vn -0.129014 0.091071 0.987452
v -0.407859 0.103987 0.094918
vn -0.063443 -0.012534 0.997907
v -0.376058 0.108478 0.085901
vn 0.702430 -0.229642 0.673689
v -0.379465 0.109444 0.089110
vn 0.598040 -0.151231 0.787069
v -0.380225 0.103564 0.087912
vn 0.627766 -0.301623 0.717589
v -0.383760 0.104432 0.090795
vn 0.527226 -0.235355 0.816481
v -0.384305 0.098913 0.089066
vn 0.570008 -0.355221 0.740884
v -0.388066 0.099153 0.091702
vn 0.473923 -0.306138 0.825637
v -0.377146 0.102708 0.084247
vn 0.714458 -0.340697 0.611126
v -0.373118 0.107659 0.081798
vn 0.768363 -0.293663 0.568665
v -0.374223 0.101750 0.079882
vn 0.772054 -0.352242 0.529016
v -0.381036 0.098340 0.085843
vn 0.646087 -0.396897 0.651954
v -0.377954 0.097562 0.082049
vn 0.699806 -0.424567 0.574469
v -0.371567 0.114119 0.082560
vn 0.748215 -0.174519 0.640092
v -0.368655 0.113224 0.078327
vn 0.813300 -0.253020 0.523950
v -0.370181 0.106788 0.076963
vn 0.814981 -0.325933 0.479138
v -0.366058 0.112378 0.073085
vn 0.854390 -0.290377 0.430927
v -0.374955 0.115219 0.086165
vn 0.663587 -0.071038 0.744719
v -0.391340 0.090325 0.088942
vn 0.440450 -0.531470 0.723563
v -0.388068 0.094436 0.089529
vn 0.509614 -0.418751 0.751626
v -0.392071 0.094232 0.091721
vn 0.398088 -0.401350 0.824890
v -0.395556 0.089893 0.090879
vn 0.304953 -0.505720 0.807002
v -0.396276 0.094561 0.093476
vn 0.207918 -0.373000 0.904235
v -0.394334 0.086330 0.087414
vn 0.403195 -0.610833 0.681408
v -0.399191 0.085475 0.089076
vn 0.242072 -0.575035 0.781496
v -0.399993 0.090074 0.091905
vn 0.088900 -0.437703 0.894714
v -0.404515 0.085031 0.089613
vn 0.061760 -0.505807 0.860433
v -0.389464 0.087504 0.085166
vn 0.500034 -0.607566 0.617114
v -0.387513 0.091312 0.087077
vn 0.543453 -0.523331 0.656341
v -0.384546 0.090486 0.083445
vn 0.616210 -0.544586 0.568957
v -0.388981 0.085080 0.081994
vn 0.520103 -0.653270 0.550210
v -0.384475 0.094520 0.086620
vn 0.606269 -0.448656 0.656617
v -0.381483 0.094499 0.083542
vn 0.648846 -0.483230 0.587782
v -0.410493 0.091997 0.092428
vn -0.074280 -0.331142 0.940653
v -0.405951 0.090483 0.092220
vn -0.027195 -0.366811 0.929898
v -0.407074 0.096775 0.094091
vn -0.065011 -0.219044 0.973547
v -0.400733 0.095674 0.094237
vn -0.015763 -0.295272 0.955283
v -0.413073 0.094583 0.093185
vn -0.060229 -0.320619 0.945291
v -0.411513 0.098836 0.094346
vn -0.019342 -0.174157 0.984528
v -0.415084 0.090230 0.091158
vn -0.139774 -0.414136 0.899419
v -0.411480 0.088157 0.090883
vn -0.116799 -0.401078 0.908567
v -0.408989 0.085955 0.090064
vn -0.048296 -0.448395 0.892530
v -0.368858 0.108118 0.040378
vn 0.246199 -0.413191 -0.876732
v -0.365802 0.104377 0.044833
vn 0.459267 -0.540291 -0.705095
v -0.373615 0.100341 0.043039
vn 0.276314 -0.466801 -0.840088
v -0.370135 0.097662 0.048206
vn 0.513261 -0.612848 -0.600817
v -0.377882 0.093811 0.045094
vn 0.356145 -0.519935 -0.776421
v -0.365802 0.104377 0.044833
vn 0.801192 -0.534577 -0.268921
v -0.364620 0.103288 0.051080
vn 0.838433 -0.534633 -0.105818
v -0.370135 0.097662 0.048206
vn 0.743511 -0.630626 -0.222489
v -0.368890 0.096978 0.054693
vn 0.787730 -0.611075 -0.077899
v -0.374721 0.091617 0.051132
vn 0.711783 -0.675713 -0.191774
v -0.378132 0.104052 0.041717
vn 0.005438 -0.305916 -0.952043
v -0.373775 0.111301 0.039165
vn -0.001691 -0.288690 -0.957421
v -0.382913 0.107837 0.040623
vn 0.004152 -0.306732 -0.951787
v -0.382201 0.097428 0.043615
vn 0.035406 -0.288914 -0.956700
v -0.387164 0.101523 0.042384
vn 0.020613 -0.270494 -0.962501
v -0.364802 0.117753 0.037503
vn 0.233209 -0.310733 -0.921444
v -0.369769 0.121593 0.036513
vn 0.023542 -0.220684 -0.975061
v -0.378964 0.116410 0.037793
vn 0.013194 -0.275931 -0.961087
v -0.375274 0.126215 0.035375
vn 0.039452 -0.218070 -0.975135
v -0.361096 0.114491 0.041101
vn 0.454051 -0.424421 -0.783393
v -0.361096 0.114491 0.041101
vn 0.823136 -0.458481 -0.335027
v -0.360042 0.112552 0.047001
vn 0.871068 -0.466968 -0.152255
v -0.357230 0.124172 0.039066
vn 0.482892 -0.281929 -0.829054
v -0.387204 0.083291 0.051969
vn 0.334500 -0.819546 -0.465247
v -0.382372 0.087989 0.047078
vn 0.381860 -0.695087 -0.609128
v -0.379377 0.086229 0.054690
vn 0.479659 -0.788193 -0.385589
v -0.384537 0.081379 0.058640
vn 0.606692 -0.786499 -0.115519
v -0.379377 0.086229 0.054690
vn 0.659830 -0.737061 -0.146169
v -0.378516 0.085556 0.062776
vn 0.695806 -0.717780 0.025412
v -0.374721 0.091617 0.051132
vn 0.557924 -0.679160 -0.476930
v -0.373286 0.091261 0.057970
vn 0.747986 -0.662144 -0.045631
v -0.384537 0.081379 0.058640
vn 0.403018 -0.826459 -0.393118
v -0.392100 0.078931 0.056473
vn 0.294521 -0.840325 -0.455096
v -0.389940 0.076980 0.062986
vn 0.364734 -0.863623 -0.348029
v -0.384611 0.080442 0.065251
vn 0.610745 -0.791092 0.034115
v -0.389940 0.076980 0.062986
vn 0.539487 -0.841728 -0.021149
v -0.388890 0.077924 0.068189
vn 0.555231 -0.822759 0.121600
v -0.395322 0.081167 0.051681
vn 0.143696 -0.800100 -0.582401
v -0.390783 0.085638 0.047183
vn 0.127780 -0.615210 -0.777939
v -0.399526 0.084277 0.047391
vn 0.050106 -0.593876 -0.802995
v -0.386430 0.091248 0.045241
vn 0.057968 -0.329450 -0.942392
v -0.395355 0.089500 0.045560
vn 0.026703 -0.317735 -0.947803
v -0.391169 0.095211 0.043982
vn 0.026703 -0.272229 -0.961862
v -0.382463 0.085736 0.074838
vn 0.661678 -0.648056 0.377101
v -0.382568 0.083257 0.069840
vn 0.669708 -0.703900 0.236676
v -0.378134 0.088031 0.070148
vn 0.730653 -0.630308 0.262409
v -0.379388 0.089554 0.075411
vn 0.709225 -0.581697 0.398282
v -0.374888 0.093826 0.073073
vn 0.770454 -0.536691 0.344040
v -0.373476 0.092047 0.065599
vn 0.784246 -0.593212 0.181817
v -0.382906 0.088339 0.079126
vn 0.646159 -0.591835 0.481881
v -0.379284 0.092842 0.079374
vn 0.688899 -0.536641 0.487273
v -0.375268 0.096825 0.077850
vn 0.757374 -0.463654 0.459793
v -0.386230 0.084876 0.078895
vn 0.588630 -0.652424 0.477344
v -0.386517 0.082258 0.075353
vn 0.598315 -0.698785 0.392070
v -0.386357 0.087166 0.081841
vn 0.576268 -0.611059 0.542698
v -0.387216 0.079760 0.071362
vn 0.591875 -0.760858 0.266042
v -0.365864 0.104343 0.064780
vn 0.868858 -0.426021 0.252175
v -0.370068 0.098438 0.068374
vn 0.829043 -0.480871 0.285396
v -0.369025 0.097420 0.061553
vn 0.830585 -0.541180 0.131348
v -0.364786 0.103489 0.057961
vn 0.869739 -0.481816 0.106805
v -0.361729 0.110895 0.060561
vn 0.900026 -0.376837 0.218967
v -0.360475 0.111428 0.053835
vn 0.904503 -0.421234 0.066601
v -0.363636 0.111569 0.067074
vn 0.880346 -0.330586 0.340152
v -0.367684 0.105531 0.071258
vn 0.852148 -0.367800 0.372247
v -0.371728 0.100468 0.074738
vn 0.814342 -0.414102 0.406653
v -0.421679 0.147939 0.030235
vn 0.003750 -0.142466 -0.989793
v -0.414065 0.143419 0.030825
vn 0.003583 -0.149191 -0.988802
v -0.423739 0.140474 0.031455
vn -0.008574 -0.180981 -0.983449
v -0.416395 0.135854 0.032361
vn -0.013059 -0.203341 -0.979021
v -0.425170 0.133288 0.032950
vn 0.003325 -0.212196 -0.977221
v -0.406285 0.138394 0.031662
vn 0.021686 -0.167000 -0.985718
v -0.408923 0.130630 0.033286
vn -0.003668 -0.231434 -0.972844
v -0.418918 0.128309 0.034056
vn -0.010421 -0.241446 -0.970358
v -0.429849 0.144672 0.030843
vn 0.011427 -0.171546 -0.985110
v -0.428071 0.151788 0.029582
vn 0.017894 -0.151068 -0.988361
v -0.431600 0.138008 0.031975
vn 0.026853 -0.178562 -0.983562
v -0.419705 0.155674 0.029243
vn 0.044730 -0.092727 -0.994686
v -0.426994 0.159625 0.028493
vn 0.044594 -0.081661 -0.995662
v -0.411922 0.151354 0.029960
vn 0.042905 -0.083394 -0.995593
v -0.403902 0.146471 0.030694
vn 0.060608 -0.088751 -0.994208
v -0.429483 0.120981 0.036019
vn 0.030812 -0.261751 -0.964643
v -0.427426 0.126715 0.034503
vn 0.013117 -0.248231 -0.968612
v -0.421573 0.121220 0.035995
vn -0.000667 -0.272166 -0.962250
v -0.424081 0.115361 0.037699
vn 0.018017 -0.268218 -0.963190
v -0.414940 0.115575 0.037665
vn -0.006669 -0.287931 -0.957628
v -0.411803 0.123011 0.035424
vn -0.010250 -0.269772 -0.962870
v -0.431638 0.115617 0.037333
vn 0.031608 -0.268972 -0.962629
v -0.426724 0.109879 0.039056
vn 0.021578 -0.266763 -0.963520
v -0.417878 0.109583 0.039395
vn 0.016258 -0.265667 -0.963928
v -0.420972 0.104027 0.040803
vn 0.015613 -0.265089 -0.964097
v -0.436114 0.120729 0.035693
vn 0.033246 -0.265108 -0.963645
v -0.434364 0.125955 0.034455
vn 0.042028 -0.246883 -0.968134
v -0.432747 0.131584 0.033147
vn 0.040580 -0.219221 -0.974831
v -0.405840 0.098378 0.042578
vn 0.024713 -0.272942 -0.961713
v -0.411718 0.103888 0.041008
vn 0.015829 -0.260048 -0.965466
v -0.402157 0.104483 0.041020
vn 0.025389 -0.272106 -0.961932
v -0.408389 0.109961 0.039400
vn 0.005707 -0.290970 -0.956715
v -0.398557 0.110940 0.039178
vn 0.016566 -0.314454 -0.949128
v -0.405069 0.116634 0.037089
vn -0.003397 -0.293930 -0.955821
v -0.396570 0.099931 0.042501
vn 0.034040 -0.269737 -0.962332
v -0.400468 0.094048 0.044063
vn 0.028272 -0.286769 -0.957583
v -0.392409 0.105733 0.041046
vn 0.028781 -0.296811 -0.954502
v -0.409563 0.092887 0.044147
vn 0.019697 -0.296622 -0.954792
v -0.404466 0.088565 0.045661
vn 0.021334 -0.328271 -0.944343
v -0.415166 0.098290 0.042464
vn 0.013365 -0.272360 -0.962103
v -0.391432 0.127809 0.034195
vn 0.031411 -0.226546 -0.973494
v -0.394809 0.119106 0.036433
vn 0.020955 -0.286667 -0.957801
v -0.401576 0.125413 0.034708
vn 0.004529 -0.251217 -0.967920
v -0.398633 0.133412 0.032848
vn 0.027598 -0.187646 -0.981849
v -0.388524 0.136188 0.032717
vn 0.048177 -0.131711 -0.990117
v -0.395994 0.141711 0.031834
vn 0.060266 -0.103233 -0.992830
v -0.381532 0.131200 0.033958
vn 0.052906 -0.187706 -0.980799
v -0.384807 0.122137 0.035979
vn 0.040683 -0.261916 -0.964233
v -0.388756 0.112569 0.038748
vn 0.026787 -0.313339 -0.949264
v -0.077605 0.272122 0.044662
vn -0.982406 -0.136728 -0.127213
v 0.006928 0.233094 0.034259
vn 0.770765 0.251978 -0.585174
v -0.006781 0.062193 0.057316
vn 0.223813 -0.825728 -0.517765
v -0.043929 0.059579 0.060240
vn -0.397057 -0.814377 -0.423245
v -0.323923 0.270544 0.123891
vn 0.985295 -0.076459 0.152797
v -0.394659 0.074448 0.065700
vn 0.320545 -0.915219 -0.244184
f 1//1 2//2 3//3
f 3//3 4//4 5//5
f 2//2 6//6 4//4
f 4//4 7//7 8//8
f 1//1 3//3 9//9
f 3//3 11//11 12//12
f 1//1 10//10 13//13
f 13//13 14//14 15//15
f 1//1 13//13 17//17
f 2//2 17//17 18//18
f 13//13 15//15 19//19
f 17//17 19//19 20//20
f 21//21 22//22 23//23
f 23//23 24//24 7//7
f 22//22 25//25 24//24
f 24//24 26//26 7//7
f 21//21 23//23 27//27
f 27//27 28//28 29//29
f 23//23 6//6 28//28
f 28//28 18//18 30//30
f 21//21 27//27 31//31
f 31//31 32//32 33//33
f 27//27 29//29 34//34
f 32//32 34//34 35//35
f 21//21 31//31 36//36
f 22//22 36//36 37//37
f 31//31 33//33 38//38
f 36//36 38//38 39//39
f 40//40 41//41 42//42
f 43//43 42//42 26//26
f 41//41 44//44 45//45
f 42//42 45//45 8//8
f 40//40 43//43 46//46
f 46//46 47//47 48//48
f 43//43 25//25 47//47
f 47//47 37//37 49//49
f 40//40 46//46 50//50
f 51//51 50//50 52//52
f 46//46 48//48 53//53
f 50//50 53//53 54//54
f 40//40 51//51 41//41
f 41//41 55//55 44//44
f 51//51 56//56 55//55
f 55//55 57//57 58//58
f 59//59 60//60 61//61
f 61//61 62//62 44//44
f 60//60 11//11 62//62
f 62//62 5//5 45//45
f 59//59 61//61 63//63
f 64//64 63//63 65//65
f 61//61 44//44 58//58
f 63//63 58//58 66//66
f 68//68 69//69 70//70
f 71//71 70//70 72//72
f 69//69 73//73 74//74
f 70//70 74//74 75//75
f 68//68 71//71 76//76
f 76//76 77//77 33//33
f 71//71 78//78 77//77
f 77//77 79//79 38//38
f 68//68 76//76 80//80
f 81//81 80//80 82//82
f 76//76 33//33 35//35
f 80//80 35//35 83//83
f 68//68 81//81 69//69
f 69//69 84//84 73//73
f 81//81 85//85 84//84
f 84//84 86//86 87//87
f 88//88 89//89 90//90
f 90//90 91//91 73//73
f 89//89 92//92 91//91
f 91//91 93//93 74//74
f 88//88 90//90 94//94
f 95//95 94//94 96//96
f 90//90 73//73 87//87
f 94//94 87//87 97//97
f 88//88 95//95 98//98
f 98//98 99//99 100//100
f 95//95 101//101 99//99
f 99//99 102//102 103//103
f 88//88 98//98 104//104
f 89//89 104//104 105//105
f 98//98 106//106 104//104
f 104//104 107//107 105//105
f 108//108 109//109 110//110
f 111//111 110//110 93//93
f 109//109 112//112 113//113
f 110//110 113//113 75//75
f 108//108 111//111 114//114
f 114//114 115//115 116//116
f 111//111 92//92 115//115
f 115//115 105//105 117//117
f 108//108 114//114 118//118
f 119//119 118//118 120//120
f 114//114 116//116 121//121
f 118//118 121//121 122//122
f 108//108 119//119 109//109
f 109//109 123//123 112//112
f 119//119 124//124 123//123
f 123//123 125//125 126//126
f 127//127 128//128 129//129
f 129//129 130//130 112//112
f 128//128 78//78 130//130
f 130//130 72//72 113//113
f 127//127 129//129 131//131
f 132//132 131//131 133//133
f 129//129 112//112 126//126
f 131//131 126//126 134//134
f 127//127 132//132 135//135
f 135//135 136//136 48//48
f 132//132 137//137 136//136
f 136//136 138//138 53//53
f 127//127 135//135 139//139
f 128//128 139//139 79//79
f 135//135 48//48 49//49
f 139//139 49//49 39//39
f 140//140 141//141 142//142
f 143//143 142//142 144//144
f 141//141 145//145 146//146
f 142//142 146//146 147//147
f 143//143 149//149 148//148
f 140//140 151//151 141//141
f 141//141 152//152 145//145
f 151//151 67//67 152//152
f 152//152 65//65 153//153
f 154//154 155//155 156//156
f 156//156 157//157 145//145
f 155//155 158//158 157//157
f 157//157 159//159 146//146
f 154//154 156//156 160//160
f 161//161 160//160 57//57
f 156//156 145//145 153//153
f 160//160 153//153 66//66
f 154//154 161//161 162//162
f 162//162 163//163 164//164
f 161//161 56//56 163//163
f 163//163 52//52 165//165
f 154//154 162//162 166//166
f 155//155 166//166 167//167
f 162//162 164//164 168//168
f 166//166 168//168 169//169
f 170//170 171//171 172//172
f 173//173 172//172 159//159
f 171//171 174//174 175//175
f 172//172 175//175 147//147
f 170//170 173//173 176//176
f 176//176 177//177 178//178
f 173//173 158//158 177//177
f 177//177 167//167 179//179
f 170//170 176//176 180//180
f 181//181 180//180 182//182
f 176//176 178//178 183//183
f 180//180 183//183 184//184
f 170//170 181//181 171//171
f 171//171 185//185 174//174
f 181//181 186//186 185//185
f 185//185 187//187 188//188
f 189//189 190//190 191//191
f 191//191 192//192 174//174
f 190//190 149//149 192//192
f 192//192 144//144 175//175
f 189//189 191//191 193//193
f 194//194 193//193 195//195
f 191//191 174//174 188//188
f 193//193 188//188 196//196
f 189//189 194//194 197//197
f 194//194 199//199 198//198
f 202//202 203//203 204//204
f 204//204 205//205 206//206
f 203//203 207//207 205//205
f 205//205 208//208 206//206
f 202//202 204//204 209//209
f 209//209 210//210 164//164
f 204//204 211//211 210//210
f 210//210 212//212 168//168
f 202//202 209//209 213//213
f 213//213 214//214 137//137
f 209//209 164//164 165//165
f 214//214 165//165 54//54
f 202//202 213//213 215//215
f 203//203 215//215 216//216
f 213//213 137//137 133//133
f 215//215 133//133 134//134
f 217//217 218//218 219//219
f 220//220 219//219 208//208
f 221//221 222//222 223//223
f 219//219 224//224 225//225
f 217//217 220//220 226//226
f 226//226 227//227 124//124
f 220//220 207//207 227//227
f 227//227 216//216 125//125
f 217//217 226//226 228//228
f 229//229 228//228 230//230
f 226//226 124//124 120//120
f 228//228 120//120 122//122
f 217//217 229//229 218//218
f 221//221 231//231 222//222
f 232//232 233//233 231//231
f 231//231 234//234 235//235
f 236//236 237//237 238//238
f 239//239 238//238 223//223
f 240//240 241//241 242//242
f 243//243 242//242 225//225
f 236//236 239//239 244//244
f 244//244 245//245 246//246
f 239//239 222//222 245//245
f 245//245 247//247 248//248
f 236//236 244//244 249//249
f 250//250 249//249 251//251
f 244//244 246//246 252//252
f 249//249 252//252 253//253
f 236//236 250//250 237//237
f 240//240 254//254 241//241
f 250//250 255//255 256//256
f 254//254 257//257 258//258
f 259//259 260//260 261//261
f 261//261 262//262 241//241
f 260//260 211//211 262//262
f 262//262 206//206 242//242
f 259//259 261//261 263//263
f 264//264 263//263 265//265
f 261//261 241//241 258//258
f 263//263 258//258 266//266
f 259//259 264//264 267//267
f 267//267 268//268 178//178
f 264//264 269//269 268//268
f 268//268 270//270 183//183
f 259//259 267//267 271//271
f 260//260 271//271 212//212
f 267//267 178//178 179//179
f 271//271 179//179 169//169
f 272//272 273//273 274//274
f 274//274 275//275 276//276
f 273//273 277//277 275//275
f 275//275 278//278 279//279
f 272//272 274//274 280//280
f 281//281 280//280 282//282
f 274//274 276//276 283//283
f 280//280 283//283 284//284
f 272//272 281//281 285//285
f 285//285 286//286 29//29
f 281//281 287//287 286//286
f 286//286 288//288 83//83
f 272//272 285//285 289//289
f 273//273 289//289 290//290
f 285//285 29//29 30//30
f 289//289 30//30 20//20
f 291//291 292//292 293//293
f 294//294 293//293 278//278
f 292//292 295//295 296//296
f 293//293 296//296 297//297
f 291//291 294//294 298//298
f 298//298 299//299 15//15
f 294//294 277//277 299//299
f 299//299 290//290 19//19
f 291//291 298//298 300//300
f 298//298 15//15 16//16
f 291//291 301//301 292//292
f 292//292 302//302 295//295
f 304//304 305//305 306//306
f 306//306 307//307 295//295
f 305//305 308//308 307//307
f 307//307 309//309 296//296
f 304//304 306//306 310//310
f 306//306 295//295 303//303
f 304//304 311//311 312//312
f 312//312 313//313 314//314
f 304//304 312//312 316//316
f 305//305 316//316 317//317
f 312//312 314//314 318//318
f 316//316 318//318 319//319
f 320//320 321//321 322//322
f 323//323 322//322 309//309
f 321//321 276//276 279//279
f 322//322 279//279 297//297
f 320//320 323//323 324//324
f 324//324 325//325 326//326
f 323//323 308//308 325//325
f 325//325 317//317 327//327
f 320//320 324//324 328//328
f 329//329 328//328 330//330
f 324//324 326//326 331//331
f 328//328 331//331 332//332
f 320//320 329//329 321//321
f 321//321 333//333 276//276
f 329//329 334//334 333//333
f 333//333 335//335 283//283
f 336//336 337//337 338//338
f 338//338 339//339 340//340
f 337//337 341//341 339//339
f 339//339 342//342 343//343
f 336//336 338//338 344//344
f 345//345 344//344 346//346
f 338//338 340//340 347//347
f 344//344 347//347 346//346
f 336//336 345//345 348//348
f 349//349 350//350 351//351
f 345//345 352//352 353//353
f 350//350 354//354 355//355
f 336//336 348//348 356//356
f 337//337 356//356 357//357
f 349//349 351//351 358//358
f 359//359 358//358 360//360
f 361//361 362//362 363//363
f 364//364 363//363 342//342
f 362//362 365//365 366//366
f 363//363 366//366 367//367
f 361//361 364//364 368//368
f 368//368 369//369 370//370
f 364//364 341//341 369//369
f 371//371 372//372 373//373
f 361//361 368//368 374//374
f 375//375 374//374 102//102
f 368//368 370//370 376//376
f 374//374 376//376 102//102
f 361//361 375//375 362//362
f 362//362 377//377 365//365
f 375//375 101//101 377//377
f 377//377 96//96 378//378
f 379//379 380//380 381//381
f 381//381 382//382 365//365
f 380//380 383//383 382//382
f 382//382 384//384 366//366
f 379//379 381//381 385//385
f 386//386 385//385 86//86
f 381//381 365//365 378//378
f 385//385 378//378 97//97
f 379//379 386//386 387//387
f 387//387 388//388 287//287
f 386//386 85//85 388//388
f 388//388 82//82 288//288
f 379//379 387//387 389//389
f 380//380 389//389 390//390
f 387//387 287//287 282//282
f 389//389 282//282 390//390
f 391//391 392//392 393//393
f 393//393 394//394 384//384
f 392//392 340//340 343//343
f 394//394 343//343 367//367
f 391//391 393//393 395//395
f 396//396 395//395 335//335
f 393//393 383//383 395//395
f 395//395 390//390 284//284
f 391//391 396//396 397//397
f 397//397 398//398 399//399
f 396//396 334//334 398//398
f 398//398 330//330 400//400
f 391//391 397//397 401//401
f 392//392 401//401 347//347
f 397//397 399//399 402//402
f 401//401 402//402 403//403
f 404//404 405//405 406//406
f 407//407 406//406 408//408
f 405//405 409//409 410//410
f 406//406 410//410 411//411
f 404//404 407//407 412//412
f 412//412 413//413 351//351
f 407//407 414//414 413//413
f 413//413 415//415 358//358
f 404//404 412//412 416//416
f 417//417 416//416 418//418
f 412//412 351//351 355//355
f 416//416 355//355 419//419
f 404//404 417//417 405//405
f 405//405 420//420 409//409
f 417//417 421//421 420//420
f 420//420 422//422 423//423
f 424//424 425//425 426//426
f 426//426 427//427 409//409
f 425//425 428//428 427//427
f 427//427 429//429 410//410
f 424//424 426//426 430//430
f 431//431 430//430 432//432
f 426//426 409//409 423//423
f 430//430 423//423 433//433
f 424//424 431//431 434//434
f 434//434 435//435 436//436
f 431//431 437//437 435//435
f 435//435 438//438 439//439
f 424//424 434//434 440//440
f 425//425 440//440 441//441
f 434//434 436//436 442//442
f 440//440 442//442 443//443
f 444//444 445//445 446//446
f 447//447 446//446 429//429
f 445//445 448//448 449//449
f 446//446 449//449 411//411
f 444//444 447//447 450//450
f 450//450 451//451 452//452
f 447//447 428//428 451//451
f 451//451 441//441 453//453
f 444//444 450//450 454//454
f 455//455 454//454 456//456
f 450//450 452//452 457//457
f 454//454 457//457 253//253
f 444//444 455//455 445//445
f 445//445 458//458 448//448
f 455//455 459//459 458//458
f 458//458 460//460 461//461
f 462//462 463//463 464//464
f 464//464 465//465 448//448
f 463//463 414//414 465//465
f 465//465 408//408 449//449
f 462//462 464//464 466//466
f 467//467 466//466 468//468
f 464//464 448//448 461//461
f 466//466 461//461 469//469
f 462//462 467//467 470//470
f 470//470 471//471 472//472
f 467//467 473//473 474//474
f 475//475 476//476 103//103
f 462//462 470//470 477//477
f 463//463 477//477 415//415
f 470//470 472//472 373//373
f 477//477 373//373 360//360
f 478//478 479//479 480//480
f 480//480 481//481 482//482
f 479//479 483//483 481//481
f 481//481 484//484 485//485
f 478//478 480//480 486//486
f 487//487 488//488 107//107
f 480//480 482//482 489//489
f 488//488 490//490 491//491
f 478//478 492//492 493//493
f 493//493 494//494 473//473
f 487//487 106//106 495//495
f 495//495 100//100 476//476
f 478//478 493//493 496//496
f 479//479 496//496 483//483
f 493//493 473//473 468//468
f 496//496 468//468 497//497
f 498//498 499//499 500//500
f 500//500 501//501 483//483
f 499//499 502//502 501//501
f 501//501 503//503 484//484
f 498//498 500//500 504//504
f 505//505 504//504 460//460
f 500//500 483//483 497//497
f 504//504 497//497 469//469
f 498//498 505//505 506//506
f 506//506 507//507 246//246
f 505//505 459//459 507//507
f 507//507 456//456 252//252
f 498//498 506//506 508//508
f 499//499 508//508 509//509
f 506//506 246//246 248//248
f 508//508 248//248 235//235
f 510//510 511//511 512//512
f 513//513 512//512 503//503
f 511//511 482//482 485//485
f 512//512 485//485 514//514
f 510//510 513//513 515//515
f 515//515 516//516 233//233
f 513//513 502//502 516//516
f 516//516 509//509 234//234
f 510//510 515//515 517//517
f 518//518 519//519 121//121
f 515//515 233//233 520//520
f 519//519 230//230 122//122
f 510//510 521//521 511//511
f 511//511 522//522 482//482
f 518//518 116//116 523//523
f 523//523 117//117 490//490
f 524//524 525//525 526//526
f 526//526 527//527 528//528
f 525//525 529//529 527//527
f 527//527 530//530 531//531
f 524//524 526//526 532//532
f 533//533 532//532 534//534
f 526//526 528//528 535//535
f 532//532 535//535 536//536
f 524//524 533//533 537//537
f 537//537 538//538 539//539
f 533//533 540//540 538//538
f 538//538 541//541 542//542
f 524//524 537//537 543//543
f 525//525 543//543 544//544
f 537//537 539//539 545//545
f 543//543 545//545 546//546
f 547//547 548//548 549//549
f 550//550 549//549 530//530
f 548//548 551//551 552//552
f 549//549 552//552 553//553
f 547//547 550//550 554//554
f 554//554 555//555 556//556
f 550//550 529//529 555//555
f 555//555 544//544 557//557
f 547//547 554//554 558//558
f 559//559 558//558 560//560
f 554//554 556//556 561//561
f 558//558 561//561 562//562
f 547//547 559//559 548//548
f 548//548 563//563 551//551
f 559//559 564//564 563//563
f 563//563 565//565 566//566
f 567//567 568//568 569//569
f 569//569 570//570 551//551
f 568//568 571//571 570//570
f 570//570 572//572 552//552
f 567//567 569//569 573//573
f 574//574 573//573 575//575
f 569//569 551//551 566//566
f 573//573 566//566 576//576
f 567//567 574//574 577//577
f 577//577 578//578 579//579
f 574//574 580//580 578//578
f 578//578 581//581 582//582
f 567//567 577//577 583//583
f 568//568 583//583 584//584
f 577//577 579//579 585//585
f 583//583 585//585 586//586
f 587//587 588//588 589//589
f 590//590 589//589 572//572
f 588//588 528//528 531//531
f 589//589 531//531 553//553
f 587//587 590//590 591//591
f 591//591 592//592 593//593
f 590//590 571//571 592//592
f 592//592 584//584 594//594
f 587//587 591//591 595//595
f 596//596 595//595 597//597
f 591//591 593//593 598//598
f 595//595 598//598 599//599
f 587//587 596//596 588//588
f 588//588 600//600 528//528
f 596//596 601//601 600//600
f 600//600 602//602 535//535
f 603//603 604//604 605//605
f 606//606 605//605 607//607
f 604//604 608//608 609//609
f 605//605 609//609 610//610
f 603//603 606//606 611//611
f 611//611 612//612 613//613
f 606//606 614//614 612//612
f 612//612 615//615 616//616
f 603//603 611//611 617//617
f 618//618 617//617 581//581
f 611//611 613//613 619//619
f 617//617 619//619 620//620
f 603//603 618//618 604//604
f 604//604 621//621 608//608
f 618//618 580//580 621//621
f 621//621 575//575 622//622
f 623//623 624//624 625//625
f 625//625 626//626 608//608
f 624//624 627//627 626//626
f 626//626 628//628 609//609
f 623//623 625//625 629//629
f 630//630 629//629 565//565
f 625//625 608//608 622//622
f 629//629 622//622 576//576
f 623//623 630//630 631//631
f 631//631 632//632 633//633
f 630//630 564//564 632//632
f 632//632 560//560 634//634
f 623//623 631//631 635//635
f 624//624 635//635 636//636
f 631//631 633//633 637//637
f 635//635 637//637 638//638
f 639//639 640//640 641//641
f 642//642 641//641 628//628
f 640//640 643//643 644//644
f 641//641 644//644 610//610
f 639//639 642//642 645//645
f 645//645 646//646 647//647
f 642//642 627//627 646//646
f 646//646 636//636 648//648
f 639//639 645//645 649//649
f 650//650 649//649 438//438
f 645//645 647//647 651//651
f 649//649 651//651 652//652
f 639//639 650//650 640//640
f 640//640 653//653 643//643
f 650//650 437//437 653//653
f 653//653 432//432 654//654
f 655//655 656//656 657//657
f 657//657 658//658 643//643
f 656//656 614//614 658//658
f 658//658 607//607 644//644
f 655//655 657//657 659//659
f 660//660 659//659 422//422
f 657//657 643//643 654//654
f 659//659 654//654 433//433
f 655//655 660//660 661//661
f 661//661 662//662 663//663
f 660//660 421//421 662//662
f 662//662 418//418 664//664
f 655//655 661//661 665//665
f 656//656 665//665 615//615
f 661//661 663//663 666//666
f 665//665 666//666 667//667
f 668//668 669//669 670//670
f 671//671 670//670 672//672
f 669//669 673//673 674//674
f 670//670 674//674 675//675
f 668//668 677//677 669//669
f 669//669 678//678 673//673
f 677//677 199//199 678//678
f 678//678 195//195 679//679
f 680//680 681//681 682//682
f 682//682 683//683 673//673
f 681//681 684//684 683//683
f 683//683 685//685 674//674
f 680//680 682//682 686//686
f 687//687 686//686 187//187
f 682//682 673//673 679//679
f 686//686 679//679 196//196
f 680//680 687//687 688//688
f 688//688 689//689 690//690
f 687//687 186//186 689//689
f 689//689 182//182 691//691
f 680//680 688//688 692//692
f 681//681 692//692 693//693
f 688//688 690//690 694//694
f 692//692 694//694 695//695
f 696//696 697//697 698//698
f 699//699 700//700 684//684
f 697//697 701//701 702//702
f 700//700 703//703 685//685
f 696//696 698//698 704//704
f 705//705 704//704 706//706
f 699//699 684//684 707//707
f 707//707 693//693 708//708
f 696//696 705//705 709//709
f 709//709 710//710 711//711
f 705//705 706//706 710//710
f 710//710 712//712 713//713
f 696//696 709//709 714//714
f 697//697 714//714 715//715
f 709//709 711//711 716//716
f 714//714 716//716 717//717
f 718//718 719//719 720//720
f 721//721 720//720 722//722
f 723//723 676//676 672//672
f 724//724 672//672 675//675
f 718//718 721//721 725//725
f 725//725 726//726 727//727
f 721//721 701//701 726//726
f 726//726 715//715 728//728
f 718//718 725//725 729//729
f 725//725 727//727 730//730
f 731//731 732//732 733//733
f 734//734 735//735 736//736
f 732//732 737//737 738//738
f 735//735 739//739 740//740
f 731//731 733//733 741//741
f 742//742 741//741 743//743
f 734//734 736//736 744//744
f 745//745 744//744 266//266
f 731//731 742//742 746//746
f 746//746 747//747 452//452
f 742//742 255//255 747//747
f 747//747 251//251 457//457
f 731//731 746//746 748//748
f 732//732 748//748 749//749
f 746//746 452//452 453//453
f 748//748 453//453 443//443
f 750//750 751//751 752//752
f 753//753 752//752 754//754
f 755//755 756//756 757//757
f 758//758 759//759 760//760
f 750//750 753//753 761//761
f 761//761 762//762 436//436
f 753//753 737//737 762//762
f 762//762 749//749 442//442
f 750//750 761//761 763//763
f 764//764 763//763 765//765
f 761//761 436//436 439//439
f 763//763 439//439 652//652
f 750//750 764//764 751//751
f 755//755 766//766 756//756
f 764//764 767//767 768//768
f 766//766 769//769 770//770
f 771//771 772//772 773//773
f 773//773 774//774 756//756
f 775//775 776//776 777//777
f 777//777 778//778 759//759
f 771//771 773//773 779//779
f 780//780 779//779 781//781
f 773//773 756//756 770//770
f 779//779 770//770 782//782
f 771//771 780//780 783//783
f 783//783 784//784 706//706
f 780//780 785//785 784//784
f 784//784 786//786 712//712
f 771//771 783//783 787//787
f 775//775 788//788 789//789
f 783//783 706//706 790//790
f 788//788 708//708 695//695
f 791//791 792//792 793//793
f 794//794 793//793 778//778
f 792//792 736//736 740//740
f 793//793 740//740 760//760
f 791//791 794//794 795//795
f 795//795 796//796 690//690
f 794//794 776//776 796//796
f 796//796 789//789 694//694
f 791//791 795//795 797//797
f 798//798 797//797 270//270
f 795//795 690//690 691//691
f 797//797 691//691 184//184
f 791//791 798//798 792//792
f 792//792 799//799 736//736
f 798//798 269//269 799//799
f 799//799 265//265 744//744
f 800//800 801//801 802//802
f 803//803 802//802 804//804
f 801//801 805//805 802//802
f 802//802 806//806 804//804
f 800//800 803//803 807//807
f 807//807 808//808 314//314
f 803//803 809//809 808//808
f 808//808 810//810 318//318
f 800//800 807//807 811//811
f 807//807 314//314 315//315
f 800//800 812//812 801//801
f 801//801 813//813 805//805
f 815//815 816//816 817//817
f 818//818 817//817 806//806
f 816//816 819//819 820//820
f 817//817 820//820 821//821
f 815//815 818//818 822//822
f 822//822 823//823 824//824
f 818//818 805//805 823//823
f 815//815 822//822 825//825
f 826//826 825//825 827//827
f 822//822 824//824 828//828
f 825//825 828//828 829//829
f 815//815 826//826 816//816
f 816//816 830//830 819//819
f 826//826 831//831 830//830
f 830//830 832//832 833//833
f 834//834 835//835 836//836
f 836//836 837//837 819//819
f 835//835 838//838 837//837
f 837//837 839//839 820//820
f 834//834 836//836 840//840
f 841//841 840//840 842//842
f 836//836 819//819 833//833
f 840//840 833//833 843//843
f 834//834 841//841 844//844
f 844//844 845//845 846//846
f 841//841 847//847 845//845
f 845//845 848//848 849//849
f 834//834 844//844 850//850
f 835//835 850//850 851//851
f 844//844 846//846 852//852
f 850//850 852//852 853//853
f 854//854 855//855 856//856
f 857//857 856//856 839//839
f 855//855 809//809 856//856
f 856//856 804//804 821//821
f 854//854 857//857 858//858
f 858//858 859//859 860//860
f 857//857 838//838 859//859
f 859//859 851//851 861//861
f 854//854 858//858 862//862
f 862//862 863//863 326//326
f 858//858 860//860 863//863
f 863//863 864//864 331//331
f 854//854 862//862 865//865
f 855//855 865//865 810//810
f 862//862 326//326 327//327
f 865//865 327//327 319//319
f 866//866 867//867 868//868
f 869//869 868//868 870//870
f 867//867 871//871 872//872
f 868//868 872//872 873//873
f 866//866 869//869 874//874
f 874//874 875//875 876//876
f 869//869 877//877 875//875
f 875//875 878//878 879//879
f 866//866 874//874 880//880
f 881//881 880//880 882//882
f 874//874 876//876 883//883
f 880//880 883//883 884//884
f 866//866 881//881 867//867
f 867//867 885//885 871//871
f 881//881 886//886 885//885
f 885//885 887//887 888//888
f 889//889 890//890 891//891
f 891//891 892//892 871//871
f 890//890 893//893 892//892
f 892//892 894//894 872//872
f 889//889 891//891 895//895
f 891//891 871//871 888//888
f 895//895 888//888 897//897
f 889//889 896//896 898//898
f 898//898 899//899 727//727
f 889//889 898//898 900//900
f 890//890 900//900 901//901
f 898//898 727//727 728//728
f 900//900 728//728 717//717
f 902//902 903//903 904//904
f 905//905 904//904 894//894
f 903//903 906//906 907//907
f 904//904 907//907 873//873
f 902//902 905//905 908//908
f 908//908 909//909 711//711
f 905//905 893//893 909//909
f 909//909 901//901 716//716
f 902//902 908//908 910//910
f 911//911 910//910 912//912
f 908//908 711//711 713//713
f 910//910 713//713 913//913
f 902//902 911//911 903//903
f 903//903 914//914 906//906
f 911//911 915//915 914//914
f 914//914 916//916 917//917
f 918//918 919//919 920//920
f 920//920 921//921 906//906
f 919//919 877//877 921//921
f 921//921 870//870 907//907
f 918//918 920//920 922//922
f 923//923 922//922 924//924
f 920//920 906//906 917//917
f 922//922 917//917 925//925
f 918//918 923//923 926//926
f 926//926 927//927 928//928
f 923//923 929//929 927//927
f 927//927 930//930 931//931
f 918//918 926//926 932//932
f 919//919 932//932 878//878
f 926//926 928//928 933//933
f 932//932 933//933 934//934
f 935//935 936//936 937//937
f 938//938 939//939 940//940
f 936//936 941//941 942//942
f 939//939 943//943 944//944
f 935//935 937//937 945//945
f 946//946 945//945 947//947
f 938//938 940//940 948//948
f 949//949 948//948 782//782
f 935//935 946//946 950//950
f 950//950 951//951 647//647
f 946//946 767//767 951//951
f 951//951 765//765 651//651
f 935//935 950//950 952//952
f 936//936 952//952 953//953
f 950//950 647//647 648//648
f 952//952 648//648 638//638
f 954//954 955//955 956//956
f 957//957 956//956 958//958
f 959//959 960//960 961//961
f 962//962 961//961 963//963
f 954//954 957//957 964//964
f 964//964 965//965 633//633
f 957//957 941//941 965//965
f 965//965 953//953 637//637
f 954//954 964//964 966//966
f 967//967 966//966 968//968
f 964//964 633//633 634//634
f 966//966 634//634 562//562
f 954//954 967//967 955//955
f 959//959 969//969 960//960
f 967//967 970//970 971//971
f 969//969 972//972 973//973
f 974//974 975//975 976//976
f 976//976 977//977 960//960
f 975//975 978//978 977//977
f 977//977 979//979 961//961
f 974//974 976//976 980//980
f 981//981 980//980 982//982
f 976//976 960//960 973//973
f 980//980 973//973 983//983
f 974//974 981//981 984//984
f 984//984 985//985 929//929
f 981//981 986//986 985//985
f 985//985 987//987 930//930
f 974//974 984//984 988//988
f 975//975 988//988 989//989
f 984//984 929//929 924//924
f 988//988 924//924 925//925
f 990//990 991//991 992//992
f 993//993 992//992 979//979
f 991//991 940//940 944//944
f 992//992 944//944 963//963
f 990//990 993//993 994//994
f 994//994 995//995 916//916
f 993//993 978//978 995//995
f 995//995 989//989 916//916
f 990//990 994//994 996//996
f 997//997 996//996 786//786
f 994//994 915//915 996//996
f 996//996 912//912 786//786
f 990//990 997//997 991//991
f 991//991 998//998 940//940
f 997//997 785//785 998//998
f 998//998 781//781 948//948
f 1000//1000 1001//1001 1002//1002
f 1002//1002 1003//1003 1004//1004
f 1001//1001 1005//1005 1003//1003
f 1003//1003 1006//1006 1007//1007
f 1000//1000 1002//1002 1008//1008
f 1009//1009 1008//1008 1010//1010
f 1002//1002 1004//1004 1011//1011
f 1008//1008 1011//1011 1012//1012
f 1000//1000 1009//1009 1013//1013
f 1014//1014 1015//1015 613//613
f 1009//1009 1016//1016 1017//1017
f 1015//1015 1018//1018 619//619
f 1000//1000 1013//1013 1019//1019
f 1001//1001 1019//1019 1020//1020
f 1014//1014 613//613 616//616
f 1021//1021 616//616 667//667
f 1022//1022 1023//1023 1024//1024
f 1025//1025 1024//1024 1006//1006
f 1023//1023 1026//1026 1024//1024
f 1024//1024 1027//1027 1006//1006
f 1022//1022 1025//1025 1028//1028
f 1029//1029 1030//1030 663//663
f 1025//1025 1005//1005 1031//1031
f 1030//1030 1032//1032 666//666
f 1022//1022 1028//1028 1033//1033
f 1034//1034 1033//1033 1035//1035
f 1029//1029 663//663 664//664
f 1036//1036 664//664 419//419
f 1022//1022 1034//1034 1037//1037
f 1023//1023 1037//1037 1038//1038
f 1034//1034 352//352 346//346
f 1037//1037 346//346 403//403
f 1039//1039 1040//1040 1041//1041
f 1042//1042 1041//1041 1027//1027
f 1040//1040 1043//1043 1044//1044
f 1041//1041 1044//1044 1045//1045
f 1039//1039 1042//1042 1046//1046
f 1046//1046 1047//1047 399//399
f 1042//1042 1026//1026 1047//1047
f 1047//1047 1038//1038 402//402
f 1039//1039 1046//1046 1048//1048
f 1049//1049 1048//1048 864//864
f 1046//1046 399//399 400//400
f 1048//1048 400//400 332//332
f 1039//1039 1049//1049 1040//1040
f 1040//1040 1050//1050 1043//1043
f 1049//1049 860//860 1050//1050
f 1050//1050 861//861 853//853
f 1051//1051 1052//1052 1053//1053
f 1054//1054 1053//1053 1044//1044
f 1052//1052 1004//1004 1007//1007
f 1053//1053 1007//1007 1044//1044
f 1051//1051 1054//1054 1055//1055
f 1055//1055 1056//1056 846//846
f 1054//1054 1043//1043 1056//1056
f 1056//1056 1057//1057 852//852
f 1051//1051 1055//1055 1058//1058
f 1059//1059 1058//1058 1060//1060
f 1055//1055 846//846 849//849
f 1058//1058 849//849 1061//1061
f 1051//1051 1059//1059 1052//1052
f 1052//1052 1062//1062 1004//1004
f 1059//1059 1060//1060 1063//1063
f 1062//1062 1063//1063 1011//1011
f 1064//1064 1065//1065 1066//1066
f 1066//1066 1067//1067 1068//1068
f 1065//1065 1069//1069 1067//1067
f 1067//1067 1070//1070 1071//1071
f 1064//1064 1066//1066 1072//1072
f 1073//1073 1072//1072 832//832
f 1066//1066 1068//1068 1074//1074
f 1072//1072 1074//1074 843//843
f 1064//1064 1073//1073 1075//1075
f 1075//1075 1076//1076 1077//1077
f 1073//1073 831//831 1076//1076
f 1076//1076 827//827 1078//1078
f 1064//1064 1075//1075 1079//1079
f 1065//1065 1079//1079 1080//1080
f 1075//1075 1077//1077 1081//1081
f 1079//1079 1081//1081 1082//1082
f 1083//1083 1084//1084 1085//1085
f 1086//1086 1085//1085 1070//1070
f 1084//1084 1087//1087 1088//1088
f 1085//1085 1088//1088 1089//1089
f 1083//1083 1086//1086 1090//1090
f 1090//1090 1091//1091 1092//1092
f 1086//1086 1069//1069 1091//1091
f 1091//1091 1080//1080 1093//1093
f 1083//1083 1090//1090 1094//1094
f 1095//1095 1094//1094 1096//1096
f 1090//1090 1092//1092 1097//1097
f 1094//1094 1097//1097 1098//1098
f 1083//1083 1095//1095 1084//1084
f 1084//1084 1099//1099 1087//1087
f 1095//1095 1100//1100 1099//1099
f 1099//1099 1101//1101 1102//1102
f 1103//1103 1104//1104 1105//1105
f 1105//1105 1106//1106 1087//1087
f 1104//1104 1107//1107 1106//1106
f 1106//1106 1108//1108 1088//1088
f 1103//1103 1105//1105 1109//1109
f 1110//1110 1109//1109 1111//1111
f 1105//1105 1087//1087 1102//1102
f 1109//1109 1102//1102 1112//1112
f 1103//1103 1110//1110 1113//1113
f 1113//1113 1114//1114 1115//1115
f 1110//1110 1116//1116 1114//1114
f 1114//1114 1117//1117 1118//1118
f 1103//1103 1113//1113 1119//1119
f 1104//1104 1119//1119 1120//1120
f 1113//1113 1115//1115 1121//1121
f 1119//1119 1121//1121 1122//1122
f 1123//1123 1124//1124 1125//1125
f 1126//1126 1125//1125 1108//1108
f 1124//1124 1068//1068 1071//1071
f 1125//1125 1071//1071 1089//1089
f 1123//1123 1126//1126 1127//1127
f 1127//1127 1128//1128 1129//1129
f 1126//1126 1107//1107 1128//1128
f 1128//1128 1120//1120 1130//1130
f 1123//1123 1127//1127 1131//1131
f 1132//1132 1131//1131 848//848
f 1127//1127 1129//1129 1133//1133
f 1131//1131 1133//1133 1134//1134
f 1123//1123 1132//1132 1124//1124
f 1124//1124 1135//1135 1068//1068
f 1132//1132 847//847 1135//1135
f 1135//1135 842//842 1074//1074
f 1136//1136 1137//1137 1138//1138
f 1138//1138 1139//1139 1140//1140
f 1137//1137 1141//1141 1139//1139
f 1139//1139 1142//1142 1143//1143
f 1136//1136 1138//1138 1144//1144
f 1145//1145 1144//1144 1101//1101
f 1138//1138 1140//1140 1146//1146
f 1144//1144 1146//1146 1112//1112
f 1136//1136 1145//1145 1147//1147
f 1147//1147 1148//1148 1149//1149
f 1145//1145 1100//1100 1148//1148
f 1148//1148 1096//1096 1150//1150
f 1136//1136 1147//1147 1151//1151
f 1137//1137 1151//1151 1152//1152
f 1147//1147 1149//1149 1153//1153
f 1151//1151 1153//1153 1154//1154
f 1155//1155 1156//1156 1157//1157
f 1158//1158 1157//1157 1142//1142
f 1156//1156 1159//1159 1160//1160
f 1157//1157 1160//1160 1161//1161
f 1155//1155 1158//1158 1162//1162
f 1162//1162 1163//1163 1164//1164
f 1158//1158 1141//1141 1163//1163
f 1163//1163 1152//1152 1165//1165
f 1155//1155 1162//1162 1166//1166
f 1167//1167 1166//1166 1168//1168
f 1162//1162 1164//1164 1169//1169
f 1166//1166 1169//1169 1170//1170
f 1155//1155 1167//1167 1156//1156
f 1156//1156 1171//1171 1159//1159
f 1167//1167 1168//1168 1172//1172
f 1171//1171 1172//1172 1173//1173
f 1174//1174 1175//1175 1176//1176
f 1176//1176 1177//1177 1159//1159
f 1175//1175 1178//1178 1177//1177
f 1177//1177 1179//1179 1160//1160
f 1174//1174 1176//1176 1180//1180
f 1181//1181 1180//1180 1182//1182
f 1176//1176 1159//1159 1173//1173
f 1180//1180 1173//1173 1183//1183
f 1174//1174 1181//1181 1184//1184
f 1184//1184 1185//1185 1186//1186
f 1181//1181 1187//1187 1185//1185
f 1185//1185 1188//1188 1189//1189
f 1174//1174 1184//1184 1190//1190
f 1175//1175 1190//1190 1191//1191
f 1184//1184 1186//1186 1192//1192
f 1190//1190 1192//1192 1193//1193
f 1194//1194 1195//1195 1196//1196
f 1197//1197 1196//1196 1179//1179
f 1195//1195 1140//1140 1143//1143
f 1196//1196 1143//1143 1161//1161
f 1194//1194 1197//1197 1198//1198
f 1198//1198 1199//1199 1200//1200
f 1197//1197 1178//1178 1199//1199
f 1199//1199 1191//1191 1201//1201
f 1194//1194 1198//1198 1202//1202
f 1203//1203 1202//1202 1117//1117
f 1198//1198 1200//1200 1204//1204
f 1202//1202 1204//1204 1205//1205
f 1194//1194 1203//1203 1195//1195
f 1195//1195 1206//1206 1140//1140
f 1203//1203 1116//1116 1206//1206
f 1206//1206 1111//1111 1146//1146
f 1207//1207 1208//1208 1209//1209
f 1210//1210 1209//1209 1211//1211
f 1208//1208 1212//1212 1213//1213
f 1209//1209 1213//1213 1214//1214
f 1207//1207 1210//1210 1215//1215
f 1215//1215 1216//1216 1168//1168
f 1210//1210 1217//1217 1216//1216
f 1216//1216 1218//1218 1172//1172
f 1207//1207 1215//1215 1219//1219
f 1220//1220 1219//1219 1221//1221
f 1215//1215 1168//1168 1170//1170
f 1219//1219 1170//1170 1222//1222
f 1207//1207 1220//1220 1208//1208
f 1208//1208 1223//1223 1212//1212
f 1220//1220 1224//1224 1223//1223
f 1223//1223 1225//1225 1226//1226
f 1227//1227 1228//1228 1229//1229
f 1229//1229 1230//1230 1212//1212
f 1228//1228 1231//1231 1230//1230
f 1230//1230 1232//1232 1213//1213
f 1227//1227 1229//1229 1233//1233
f 1234//1234 1233//1233 1235//1235
f 1229//1229 1212//1212 1226//1226
f 1233//1233 1226//1226 1236//1236
f 1227//1227 1234//1234 1237//1237
f 1237//1237 1238//1238 876//876
f 1234//1234 1239//1239 1238//1238
f 1238//1238 1240//1240 883//883
f 1227//1227 1237//1237 1241//1241
f 1228//1228 1241//1241 1242//1242
f 1237//1237 876//876 879//879
f 1241//1241 879//879 934//934
f 1243//1243 1244//1244 1245//1245
f 1246//1246 1245//1245 1232//1232
f 1244//1244 1247//1247 1248//1248
f 1245//1245 1248//1248 1214//1214
f 1243//1243 1246//1246 1249//1249
f 1249//1249 1250//1250 928//928
f 1246//1246 1231//1231 1250//1250
f 1250//1250 1242//1242 933//933
f 1243//1243 1249//1249 1251//1251
f 1252//1252 1251//1251 1253//1253
f 1249//1249 928//928 931//931
f 1251//1251 931//931 1254//1254
f 1243//1243 1252//1252 1244//1244
f 1244//1244 1255//1255 1247//1247
f 1252//1252 1256//1256 1255//1255
f 1255//1255 1257//1257 1258//1258
f 1259//1259 1260//1260 1261//1261
f 1261//1261 1262//1262 1247//1247
f 1260//1260 1217//1217 1262//1262
f 1262//1262 1211//1211 1248//1248
f 1259//1259 1261//1261 1263//1263
f 1264//1264 1263//1263 1265//1265
f 1261//1261 1247//1247 1258//1258
f 1263//1263 1258//1258 1266//1266
f 1259//1259 1264//1264 1267//1267
f 1267//1267 1268//1268 1187//1187
f 1264//1264 1269//1269 1268//1268
f 1268//1268 1270//1270 1188//1188
f 1259//1259 1267//1267 1271//1271
f 1260//1260 1271//1271 1218//1218
f 1267//1267 1187//1187 1182//1182
f 1271//1271 1182//1182 1183//1183
f 1273//1273 1275//1275 1277//1277
f 1278//1278 1277//1277 1169//1169
f 1275//1275 1276//1276 1279//1279
f 1277//1277 1279//1279 1222//1222
f 1273//1273 1278//1278 1274//1274
f 1278//1278 1164//1164 1280//1280
f 1280//1280 1165//1165 1154//1154
f 1281//1281 1282//1282 1149//1149
f 1282//1282 1283//1283 1153//1153
f 1281//1281 1149//1149 1150//1150
f 1284//1284 1150//1150 1098//1098
f 1286//1286 1285//1285 1240//1240
f 1285//1285 999//999 884//884
f 1286//1286 1239//1239 1287//1287
f 1287//1287 1235//1235 1288//1288
f 1289//1289 1290//1290 1291//1291
f 1292//1292 1291//1291 1225//1225
f 1291//1291 1288//1288 1236//1236
f 1289//1289 1292//1292 1293//1293
f 1293//1293 1294//1294 1276//1276
f 1292//1292 1224//1224 1294//1294
f 1294//1294 1221//1221 1279//1279
f 1295//1295 1296//1296 1297//1297
f 1298//1298 1297//1297 1299//1299
f 1296//1296 1300//1300 1301//1301
f 1297//1297 1301//1301 1302//1302
f 1295//1295 1298//1298 1303//1303
f 1303//1303 1304//1304 1305//1305
f 1298//1298 1306//1306 1304//1304
f 1304//1304 1307//1307 1308//1308
f 1309//1309 1310//1310 1311//1311
f 1312//1312 1311//1311 593//593
f 1310//1310 1313//1313 1314//1314
f 1311//1311 1314//1314 599//599
f 1309//1309 1312//1312 1315//1315
f 1315//1315 1316//1316 1317//1317
f 1312//1312 593//593 594//594
f 1316//1316 594//594 586//586
f 1318//1318 1319//1319 1320//1320
f 1321//1321 1320//1320 1301//1301
f 1319//1319 1322//1322 1320//1320
f 1320//1320 1323//1323 1301//1301
f 1318//1318 1321//1321 1324//1324
f 1325//1325 1326//1326 579//579
f 1321//1321 1300//1300 1327//1327
f 1326//1326 1317//1317 585//585
f 1318//1318 1324//1324 1328//1328
f 1329//1329 1328//1328 1330//1330
f 1325//1325 579//579 582//582
f 1331//1331 582//582 620//620
f 1318//1318 1329//1329 1319//1319
f 1319//1319 1332//1332 1322//1322
f 1329//1329 1016//1016 1332//1332
f 1332//1332 1010//1010 1333//1333
f 1334//1334 1335//1335 1336//1336
f 1337//1337 1336//1336 1323//1323
f 1335//1335 1338//1338 1339//1339
f 1336//1336 1339//1339 1302//1302
f 1334//1334 1337//1337 1340//1340
f 1340//1340 1341//1341 1060//1060
f 1337//1337 1322//1322 1341//1341
f 1341//1341 1333//1333 1012//1012
f 1334//1334 1340//1340 1342//1342
f 1343//1343 1342//1342 1344//1344
f 1340//1340 1060//1060 1061//1061
f 1342//1342 1061//1061 1134//1134
f 1334//1334 1343//1343 1335//1335
f 1335//1335 1345//1345 1338//1338
f 1343//1343 1346//1346 1345//1345
f 1345//1345 1347//1347 1348//1348
f 1349//1349 1350//1350 1351//1351
f 1351//1351 1352//1352 1338//1338
f 1350//1350 1306//1306 1352//1352
f 1352//1352 1299//1299 1339//1339
f 1349//1349 1351//1351 1353//1353
f 1354//1354 1353//1353 1355//1355
f 1351//1351 1338//1338 1348//1348
f 1353//1353 1348//1348 1356//1356
f 1349//1349 1354//1354 1357//1357
f 1357//1357 1358//1358 1359//1359
f 1354//1354 1360//1360 1358//1358
f 1358//1358 1361//1361 1362//1362
f 1349//1349 1357//1357 1363//1363
f 1350//1350 1363//1363 1307//1307
f 1357//1357 1359//1359 1364//1364
f 1363//1363 1364//1364 1365//1365
f 1366//1366 1367//1367 1368//1368
f 1368//1368 1369//1369 1370//1370
f 1367//1367 1371//1371 1369//1369
f 1369//1369 1372//1372 1373//1373
f 1374//1374 1375//1375 1376//1376
f 1377//1377 1376//1376 1378//1378
f 1375//1375 1379//1379 1380//1380
f 1376//1376 1380//1380 1381//1381
f 1374//1374 1377//1377 1382//1382
f 1382//1382 1383//1383 1313//1313
f 1377//1377 1384//1384 1383//1383
f 1383//1383 1385//1385 1314//1314
f 1366//1366 1386//1386 1387//1387
f 1367//1367 1387//1387 1388//1388
f 1386//1386 1305//1305 1308//1308
f 1387//1387 1308//1308 1365//1365
f 1389//1389 1390//1390 1391//1391
f 1392//1392 1391//1391 1372//1372
f 1390//1390 1393//1393 1394//1394
f 1391//1391 1394//1394 1395//1395
f 1389//1389 1392//1392 1396//1396
f 1396//1396 1397//1397 1359//1359
f 1392//1392 1371//1371 1397//1397
f 1397//1397 1388//1388 1364//1364
f 1389//1389 1396//1396 1398//1398
f 1399//1399 1398//1398 1400//1400
f 1396//1396 1359//1359 1362//1362
f 1398//1398 1362//1362 1401//1401
f 1389//1389 1399//1399 1390//1390
f 1390//1390 1402//1402 1393//1393
f 1399//1399 1403//1403 1402//1402
f 1402//1402 1404//1404 1405//1405
f 1406//1406 1407//1407 1408//1408
f 1408//1408 1409//1409 1393//1393
f 1407//1407 1410//1410 1409//1409
f 1409//1409 1411//1411 1394//1394
f 1406//1406 1408//1408 1412//1412
f 1413//1413 1412//1412 1414//1414
f 1408//1408 1393//1393 1405//1405
f 1412//1412 1405//1405 1415//1415
f 1406//1406 1413//1413 1416//1416
f 1416//1416 1417//1417 1418//1418
f 1413//1413 1419//1419 1417//1417
f 1417//1417 1420//1420 1421//1421
f 1406//1406 1416//1416 1422//1422
f 1407//1407 1422//1422 1423//1423
f 1416//1416 1418//1418 1424//1424
f 1422//1422 1424//1424 1425//1425
f 1426//1426 1427//1427 1428//1428
f 1429//1429 1428//1428 1411//1411
f 1427//1427 1370//1370 1373//1373
f 1428//1428 1373//1373 1395//1395
f 1426//1426 1429//1429 1430//1430
f 1430//1430 1431//1431 1432//1432
f 1429//1429 1410//1410 1431//1431
f 1431//1431 1423//1423 1433//1433
f 1434//1434 1435//1435 1436//1436
f 1437//1437 1436//1436 1438//1438
f 1435//1435 1439//1439 1440//1440
f 1436//1436 1440//1440 1441//1441
f 1434//1434 1437//1437 1442//1442
f 1442//1442 1443//1443 1379//1379
f 1437//1437 1444//1444 1443//1443
f 1443//1443 1445//1445 1380//1380
f 1446//1446 1447//1447 1448//1448
f 1448//1448 1449//1449 1450//1450
f 1447//1447 1451//1451 1449//1449
f 1449//1449 1452//1452 1453//1453
f 1446//1446 1448//1448 1454//1454
f 1455//1455 1454//1454 1347//1347
f 1448//1448 1450//1450 1456//1456
f 1454//1454 1456//1456 1356//1356
f 1446//1446 1455//1455 1457//1457
f 1457//1457 1458//1458 1129//1129
f 1455//1455 1346//1346 1458//1458
f 1458//1458 1344//1344 1133//1133
f 1446//1446 1457//1457 1459//1459
f 1447//1447 1459//1459 1460//1460
f 1457//1457 1129//1129 1130//1130
f 1459//1459 1130//1130 1122//1122
f 1461//1461 1462//1462 1463//1463
f 1464//1464 1463//1463 1452//1452
f 1462//1462 1465//1465 1463//1463
f 1463//1463 1466//1466 1467//1467
f 1461//1461 1464//1464 1468//1468
f 1468//1468 1469//1469 1115//1115
f 1464//1464 1451//1451 1469//1469
f 1469//1469 1460//1460 1121//1121
f 1461//1461 1468//1468 1470//1470
f 1471//1471 1470//1470 1472//1472
f 1468//1468 1115//1115 1118//1118
f 1470//1470 1118//1118 1473//1473
f 1461//1461 1471//1471 1462//1462
f 1462//1462 1474//1474 1475//1475
f 1471//1471 1472//1472 1476//1476
f 1474//1474 1476//1476 1477//1477
f 1478//1478 1479//1479 1480//1480
f 1481//1481 1480//1480 1466//1466
f 1479//1479 1450//1450 1453//1453
f 1480//1480 1453//1453 1467//1467
f 1478//1478 1481//1481 1482//1482
f 1482//1482 1483//1483 1484//1484
f 1481//1481 1465//1465 1483//1483
f 1483//1483 1475//1475 1485//1485
f 1478//1478 1482//1482 1486//1486
f 1487//1487 1486//1486 1361//1361
f 1482//1482 1484//1484 1488//1488
f 1486//1486 1488//1488 1401//1401
f 1478//1478 1487//1487 1479//1479
f 1479//1479 1489//1489 1450//1450
f 1487//1487 1360//1360 1489//1489
f 1489//1489 1355//1355 1456//1456
f 1490//1490 1491//1491 1492//1492
f 1492//1492 1493//1493 1494//1494
f 1491//1491 1495//1495 1493//1493
f 1493//1493 1496//1496 1497//1497
f 1490//1490 1492//1492 1498//1498
f 1499//1499 1498//1498 1500//1500
f 1492//1492 1494//1494 1501//1501
f 1498//1498 1501//1501 1502//1502
f 1490//1490 1499//1499 1503//1503
f 1503//1503 1504//1504 1200//1200
f 1499//1499 1505//1505 1504//1504
f 1504//1504 1506//1506 1204//1204
f 1490//1490 1503//1503 1507//1507
f 1491//1491 1507//1507 1508//1508
f 1503//1503 1200//1200 1201//1201
f 1507//1507 1201//1201 1193//1193
f 1509//1509 1510//1510 1511//1511
f 1512//1512 1511//1511 1496//1496
f 1510//1510 1513//1513 1514//1514
f 1511//1511 1514//1514 1515//1515
f 1509//1509 1512//1512 1516//1516
f 1516//1516 1517//1517 1186//1186
f 1512//1512 1495//1495 1517//1517
f 1517//1517 1508//1508 1192//1192
f 1509//1509 1516//1516 1518//1518
f 1519//1519 1518//1518 1520//1520
f 1516//1516 1186//1186 1189//1189
f 1518//1518 1189//1189 1521//1521
f 1509//1509 1519//1519 1510//1510
f 1510//1510 1522//1522 1523//1523
f 1519//1519 1520//1520 1524//1524
f 1522//1522 1524//1524 1525//1525
f 1526//1526 1527//1527 1528//1528
f 1529//1529 1528//1528 1513//1513
f 1527//1527 1530//1530 1528//1528
f 1528//1528 1531//1531 1514//1514
f 1526//1526 1529//1529 1532//1532
f 1532//1532 1533//1533 1534//1534
f 1529//1529 1513//1513 1533//1533
f 1533//1533 1523//1523 1535//1535
f 1526//1526 1532//1532 1536//1536
f 1537//1537 1536//1536 1538//1538
f 1532//1532 1534//1534 1539//1539
f 1536//1536 1539//1539 1540//1540
f 1526//1526 1537//1537 1527//1527
f 1527//1527 1541//1541 1542//1542
f 1537//1537 1543//1543 1541//1541
f 1541//1541 1544//1544 1545//1545
f 1546//1546 1547//1547 1548//1548
f 1549//1549 1548//1548 1531//1531
f 1547//1547 1494//1494 1497//1497
f 1548//1548 1497//1497 1515//1515
f 1546//1546 1549//1549 1550//1550
f 1550//1550 1551//1551 1552//1552
f 1549//1549 1530//1530 1551//1551
f 1551//1551 1542//1542 1553//1553
f 1546//1546 1550//1550 1554//1554
f 1555//1555 1554//1554 1556//1556
f 1550//1550 1552//1552 1557//1557
f 1554//1554 1557//1557 1558//1558
f 1546//1546 1555//1555 1547//1547
f 1547//1547 1559//1559 1494//1494
f 1555//1555 1560//1560 1559//1559
f 1559//1559 1561//1561 1501//1501
f 1562//1562 1563//1563 1564//1564
f 1565//1565 1564//1564 1566//1566
f 1563//1563 1567//1567 1568//1568
f 1564//1564 1568//1568 1569//1569
f 1562//1562 1565//1565 1570//1570
f 1570//1570 1571//1571 1472//1472
f 1565//1565 1572//1572 1571//1571
f 1571//1571 1573//1573 1476//1476
f 1562//1562 1570//1570 1574//1574
f 1575//1575 1574//1574 1506//1506
f 1570//1570 1472//1472 1473//1473
f 1574//1574 1473//1473 1506//1506
f 1562//1562 1575//1575 1563//1563
f 1563//1563 1576//1576 1567//1567
f 1575//1575 1505//1505 1576//1576
f 1576//1576 1500//1500 1577//1577
f 1578//1578 1579//1579 1580//1580
f 1580//1580 1581//1581 1567//1567
f 1579//1579 1582//1582 1581//1581
f 1581//1581 1583//1583 1568//1568
f 1578//1578 1580//1580 1584//1584
f 1585//1585 1584//1584 1561//1561
f 1580//1580 1567//1567 1577//1577
f 1584//1584 1577//1577 1502//1502
f 1578//1578 1585//1585 1586//1586
f 1586//1586 1587//1587 1588//1588
f 1585//1585 1560//1560 1587//1587
f 1587//1587 1556//1556 1589//1589
f 1578//1578 1586//1586 1590//1590
f 1579//1579 1590//1590 1591//1591
f 1586//1586 1588//1588 1592//1592
f 1590//1590 1592//1592 1593//1593
f 1594//1594 1595//1595 1596//1596
f 1597//1597 1596//1596 1583//1583
f 1595//1595 1598//1598 1599//1599
f 1596//1596 1599//1599 1569//1569
f 1594//1594 1597//1597 1600//1600
f 1600//1600 1601//1601 1602//1602
f 1597//1597 1582//1582 1601//1601
f 1601//1601 1591//1591 1603//1603
f 1594//1594 1600//1600 1604//1604
f 1605//1605 1604//1604 1420//1420
f 1600//1600 1602//1602 1606//1606
f 1604//1604 1606//1606 1607//1607
f 1594//1594 1605//1605 1595//1595
f 1595//1595 1608//1608 1598//1598
f 1605//1605 1419//1419 1608//1608
f 1608//1608 1414//1414 1609//1609
f 1610//1610 1611//1611 1612//1612
f 1612//1612 1613//1613 1598//1598
f 1611//1611 1572//1572 1613//1613
f 1613//1613 1566//1566 1599//1599
f 1610//1610 1612//1612 1614//1614
f 1615//1615 1614//1614 1404//1404
f 1612//1612 1598//1598 1609//1609
f 1614//1614 1609//1609 1415//1415
f 1610//1610 1615//1615 1616//1616
f 1616//1616 1617//1617 1484//1484
f 1615//1615 1403//1403 1617//1617
f 1617//1617 1400//1400 1488//1488
f 1610//1610 1616//1616 1618//1618
f 1611//1611 1618//1618 1573//1573
f 1616//1616 1484//1484 1485//1485
f 1618//1618 1485//1485 1477//1477
f 1619//1619 1620//1620 1621//1621
f 1622//1622 1621//1621 1623//1623
f 1624//1624 1625//1625 1626//1626
f 1627//1627 1626//1626 1628//1628
f 1619//1619 1622//1622 1629//1629
f 1629//1629 1630//1630 539//539
f 1622//1622 1631//1631 1630//1630
f 1630//1630 1632//1632 545//545
f 1619//1619 1629//1629 1633//1633
f 1634//1634 1633//1633 1635//1635
f 1629//1629 539//539 542//542
f 1633//1633 542//542 1636//1636
f 1619//1619 1634//1634 1620//1620
f 1624//1624 1637//1637 1625//1625
f 1634//1634 1638//1638 1639//1639
f 1637//1637 1640//1640 1641//1641
f 1642//1642 1643//1643 1644//1644
f 1644//1644 1645//1645 1625//1625
f 1643//1643 1646//1646 1645//1645
f 1645//1645 1647//1647 1626//1626
f 1642//1642 1644//1644 1648//1648
f 1649//1649 1648//1648 1650//1650
f 1644//1644 1625//1625 1641//1641
f 1648//1648 1641//1641 1651//1651
f 1642//1642 1649//1649 1652//1652
f 1652//1652 1653//1653 1654//1654
f 1649//1649 1655//1655 1653//1653
f 1653//1653 1656//1656 1657//1657
f 1642//1642 1652//1652 1658//1658
f 1643//1643 1658//1658 1659//1659
f 1652//1652 1654//1654 1660//1660
f 1658//1658 1660//1660 1661//1661
f 1662//1662 1663//1663 1664//1664
f 1665//1665 1664//1664 1647//1647
f 1663//1663 1666//1666 1667//1667
f 1664//1664 1667//1667 1628//1628
f 1662//1662 1665//1665 1668//1668
f 1668//1668 1669//1669 1670//1670
f 1665//1665 1646//1646 1669//1669
f 1669//1669 1659//1659 1671//1671
f 1662//1662 1668//1668 1672//1672
f 1673//1673 1672//1672 987//987
f 1668//1668 1670//1670 1674//1674
f 1672//1672 1674//1674 1254//1254
f 1662//1662 1673//1673 1663//1663
f 1663//1663 1675//1675 1666//1666
f 1673//1673 986//986 1675//1675
f 1675//1675 982//982 1676//1676
f 1677//1677 1678//1678 1679//1679
f 1680//1680 1681//1681 1666//1666
f 1678//1678 1631//1631 1682//1682
f 1681//1681 1683//1683 1667//1667
f 1677//1677 1679//1679 1684//1684
f 1685//1685 1684//1684 1686//1686
f 1680//1680 1666//1666 1676//1676
f 1687//1687 1676//1676 983//983
f 1677//1677 1685//1685 1688//1688
f 1688//1688 1689//1689 556//556
f 1685//1685 970//970 1689//1689
f 1689//1689 968//968 561//561
f 1677//1677 1688//1688 1690//1690
f 1678//1678 1690//1690 1632//1632
f 1688//1688 556//556 557//557
f 1690//1690 557//557 546//546
f 1691//1691 1692//1692 1693//1693
f 1693//1693 1694//1694 1695//1695
f 1692//1692 1696//1696 1694//1694
f 1694//1694 1697//1697 1698//1698
f 1691//1691 1693//1693 1699//1699
f 1700//1700 1699//1699 1257//1257
f 1693//1693 1695//1695 1701//1701
f 1699//1699 1701//1701 1266//1266
f 1691//1691 1700//1700 1702//1702
f 1702//1702 1703//1703 1670//1670
f 1700//1700 1256//1256 1703//1703
f 1703//1703 1253//1253 1674//1674
f 1691//1691 1702//1702 1704//1704
f 1692//1692 1704//1704 1705//1705
f 1702//1702 1670//1670 1671//1671
f 1704//1704 1671//1671 1661//1661
f 1706//1706 1707//1707 1708//1708
f 1709//1709 1708//1708 1697//1697
f 1707//1707 1710//1710 1711//1711
f 1708//1708 1711//1711 1712//1712
f 1706//1706 1709//1709 1713//1713
f 1713//1713 1714//1714 1654//1654
f 1709//1709 1696//1696 1714//1714
f 1714//1714 1705//1705 1660//1660
f 1706//1706 1713//1713 1715//1715
f 1716//1716 1715//1715 1717//1717
f 1713//1713 1654//1654 1657//1657
f 1715//1715 1657//1657 1718//1718
f 1706//1706 1716//1716 1707//1707
f 1707//1707 1719//1719 1710//1710
f 1716//1716 1720//1720 1719//1719
f 1719//1719 1721//1721 1722//1722
f 1723//1723 1724//1724 1725//1725
f 1726//1726 1725//1725 1710//1710
f 1724//1724 1695//1695 1698//1698
f 1725//1725 1698//1698 1712//1712
f 1723//1723 1726//1726 1727//1727
f 1727//1727 1728//1728 1729//1729
f 1726//1726 1710//1710 1722//1722
f 1728//1728 1722//1722 1730//1730
f 1723//1723 1727//1727 1731//1731
f 1732//1732 1731//1731 1270//1270
f 1727//1727 1729//1729 1733//1733
f 1731//1731 1733//1733 1734//1734
f 1723//1723 1732//1732 1724//1724
f 1724//1724 1735//1735 1695//1695
f 1732//1732 1269//1269 1735//1735
f 1735//1735 1265//1265 1701//1701
f 1736//1736 1737//1737 1738//1738
f 1739//1739 1738//1738 1740//1740
f 1737//1737 1741//1741 1742//1742
f 1738//1738 1742//1742 1743//1743
f 1736//1736 1739//1739 1744//1744
f 1744//1744 1745//1745 1746//1746
f 1739//1739 1747//1747 1745//1745
f 1745//1745 1748//1748 1749//1749
f 1736//1736 1744//1744 1750//1750
f 1751//1751 1750//1750 541//541
f 1744//1744 1746//1746 1752//1752
f 1750//1750 1752//1752 1636//1636
f 1736//1736 1751//1751 1737//1737
f 1737//1737 1753//1753 1741//1741
f 1751//1751 540//540 1753//1753
f 1753//1753 534//534 1754//1754
f 1755//1755 1756//1756 1757//1757
f 1757//1757 1758//1758 1741//1741
f 1756//1756 1759//1759 1758//1758
f 1758//1758 1760//1760 1742//1742
f 1755//1755 1757//1757 1761//1761
f 1762//1762 1761//1761 602//602
f 1757//1757 1741//1741 1754//1754
f 1761//1761 1754//1754 536//536
f 1755//1755 1762//1762 1763//1763
f 1763//1763 1764//1764 1385//1385
f 1762//1762 601//601 1764//1764
f 1764//1764 597//597 1385//1385
f 1755//1755 1763//1763 1765//1765
f 1756//1756 1765//1765 1766//1766
f 1763//1763 1384//1384 1765//1765
f 1765//1765 1378//1378 1766//1766
f 1767//1767 1768//1768 1769//1769
f 1770//1770 1769//1769 1760//1760
f 1768//1768 1771//1771 1772//1772
f 1769//1769 1772//1772 1743//1743
f 1767//1767 1770//1770 1773//1773
f 1773//1773 1774//1774 1445//1445
f 1770//1770 1759//1759 1774//1774
f 1774//1774 1766//1766 1381//1381
f 1767//1767 1773//1773 1775//1775
f 1776//1776 1775//1775 1777//1777
f 1773//1773 1444//1444 1775//1775
f 1775//1775 1438//1438 1441//1441
f 1767//1767 1776//1776 1768//1768
f 1768//1768 1778//1778 1771//1771
f 1776//1776 1779//1779 1778//1778
f 1778//1778 1780//1780 1781//1781
f 1782//1782 1783//1783 1784//1784
f 1784//1784 1785//1785 1771//1771
f 1783//1783 1747//1747 1785//1785
f 1785//1785 1740//1740 1772//1772
f 1782//1782 1784//1784 1786//1786
f 1787//1787 1786//1786 1788//1788
f 1784//1784 1771//1771 1781//1781
f 1786//1786 1781//1781 1789//1789
f 1782//1782 1787//1787 1790//1790
f 1790//1790 1791//1791 1792//1792
f 1787//1787 1793//1793 1791//1791
f 1791//1791 1794//1794 1795//1795
f 1782//1782 1790//1790 1796//1796
f 1783//1783 1796//1796 1748//1748
f 1790//1790 1792//1792 1797//1797
f 1796//1796 1797//1797 1798//1798
f 1799//1799 1800//1800 1801//1801
f 1802//1802 1803//1803 1804//1804
f 1800//1800 1805//1805 1806//1806
f 1803//1803 1807//1807 1808//1808
f 1799//1799 1801//1801 1809//1809
f 1810//1810 1809//1809 1811//1811
f 1802//1802 1804//1804 1812//1812
f 1813//1813 1812//1812 1651//1651
f 1799//1799 1810//1810 1814//1814
f 1814//1814 1815//1815 1746//1746
f 1810//1810 1638//1638 1815//1815
f 1815//1815 1635//1635 1752//1752
f 1799//1799 1814//1814 1816//1816
f 1800//1800 1816//1816 1817//1817
f 1814//1814 1746//1746 1749//1749
f 1816//1816 1749//1749 1798//1798
f 1818//1818 1819//1819 1820//1820
f 1821//1821 1820//1820 1822//1822
f 1823//1823 1824//1824 1825//1825
f 1826//1826 1825//1825 1827//1827
f 1818//1818 1821//1821 1828//1828
f 1828//1828 1829//1829 1792//1792
f 1821//1821 1805//1805 1829//1829
f 1829//1829 1817//1817 1797//1797
f 1818//1818 1828//1828 1830//1830
f 1831//1831 1830//1830 1832//1832
f 1828//1828 1792//1792 1795//1795
f 1830//1830 1795//1795 1833//1833
f 1818//1818 1831//1831 1819//1819
f 1823//1823 1834//1834 1824//1824
f 1831//1831 1835//1835 1836//1836
f 1834//1834 1837//1837 1838//1838
f 1839//1839 1840//1840 1841//1841
f 1841//1841 1842//1842 1824//1824
f 1840//1840 1843//1843 1842//1842
f 1842//1842 1844//1844 1825//1825
f 1839//1839 1841//1841 1845//1845
f 1846//1846 1845//1845 1847//1847
f 1841//1841 1824//1824 1838//1838
f 1845//1845 1838//1838 1848//1848
f 1839//1839 1846//1846 1849//1849
f 1849//1849 1850//1850 1851//1851
f 1846//1846 1852//1852 1850//1850
f 1850//1850 1853//1853 1854//1854
f 1839//1839 1849//1849 1855//1855
f 1840//1840 1855//1855 1856//1856
f 1849//1849 1851//1851 1857//1857
f 1855//1855 1857//1857 1858//1858
f 1859//1859 1860//1860 1861//1861
f 1862//1862 1861//1861 1844//1844
f 1860//1860 1804//1804 1808//1808
f 1861//1861 1808//1808 1827//1827
f 1859//1859 1862//1862 1863//1863
f 1863//1863 1864//1864 1865//1865
f 1862//1862 1843//1843 1864//1864
f 1864//1864 1856//1856 1866//1866
f 1859//1859 1863//1863 1867//1867
f 1868//1868 1867//1867 1656//1656
f 1863//1863 1865//1865 1869//1869
f 1867//1867 1869//1869 1718//1718
f 1859//1859 1868//1868 1860//1860
f 1860//1860 1870//1870 1804//1804
f 1868//1868 1655//1655 1870//1870
f 1870//1870 1650//1650 1812//1812
f 1871//1871 1872//1872 1873//1873
f 1874//1874 1873//1873 1875//1875
f 1872//1872 1876//1876 1877//1877
f 1873//1873 1877//1877 1878//1878
f 1871//1871 1874//1874 1879//1879
f 1879//1879 1880//1880 1520//1520
f 1874//1874 1881//1881 1880//1880
f 1880//1880 1882//1882 1524//1524
f 1871//1871 1879//1879 1883//1883
f 1883//1883 1884//1884 1729//1729
f 1879//1879 1520//1520 1884//1884
f 1884//1884 1521//1521 1733//1733
f 1871//1871 1883//1883 1872//1872
f 1872//1872 1885//1885 1876//1876
f 1883//1883 1729//1729 1885//1885
f 1885//1885 1886//1886 1887//1887
f 1888//1888 1889//1889 1890//1890
f 1890//1890 1891//1891 1876//1876
f 1889//1889 1892//1892 1891//1891
f 1891//1891 1893//1893 1877//1877
f 1888//1888 1890//1890 1894//1894
f 1895//1895 1894//1894 1721//1721
f 1890//1890 1876//1876 1887//1887
f 1894//1894 1887//1887 1730//1730
f 1888//1888 1895//1895 1896//1896
f 1896//1896 1897//1897 1865//1865
f 1895//1895 1720//1720 1897//1897
f 1897//1897 1717//1717 1869//1869
f 1888//1888 1896//1896 1898//1898
f 1889//1889 1898//1898 1899//1899
f 1896//1896 1865//1865 1866//1866
f 1898//1898 1866//1866 1858//1858
f 1900//1900 1901//1901 1902//1902
f 1903//1903 1902//1902 1893//1893
f 1901//1901 1904//1904 1905//1905
f 1902//1902 1905//1905 1878//1878
f 1900//1900 1903//1903 1906//1906
f 1906//1906 1907//1907 1851//1851
f 1903//1903 1892//1892 1907//1907
f 1907//1907 1899//1899 1857//1857
f 1900//1900 1906//1906 1908//1908
f 1909//1909 1908//1908 1910//1910
f 1906//1906 1851//1851 1854//1854
f 1908//1908 1854//1854 1911//1911
f 1900//1900 1909//1909 1901//1901
f 1901//1901 1912//1912 1904//1904
f 1909//1909 1913//1913 1912//1912
f 1912//1912 1914//1914 1915//1915
f 1916//1916 1917//1917 1918//1918
f 1918//1918 1919//1919 1904//1904
f 1917//1917 1881//1881 1919//1919
f 1919//1919 1875//1875 1905//1905
f 1916//1916 1918//1918 1920//1920
f 1921//1921 1920//1920 1922//1922
f 1918//1918 1904//1904 1915//1915
f 1920//1920 1915//1915 1923//1923
f 1916//1916 1921//1921 1924//1924
f 1924//1924 1925//1925 1534//1534
f 1921//1921 1926//1926 1925//1925
f 1925//1925 1927//1927 1539//1539
f 1916//1916 1924//1924 1928//1928
f 1917//1917 1928//1928 1882//1882
f 1924//1924 1534//1534 1535//1535
f 1928//1928 1535//1535 1525//1525
f 1929//1929 1930//1930 1931//1931
f 1932//1932 1933//1933 1934//1934
f 1930//1930 1935//1935 1936//1936
f 1933//1933 1937//1937 1938//1938
f 1929//1929 1931//1931 1939//1939
f 1940//1940 1939//1939 1941//1941
f 1932//1932 1934//1934 1942//1942
f 1943//1943 1942//1942 1944//1944
f 1929//1929 1940//1940 1945//1945
f 1945//1945 1946//1946 1947//1947
f 1940//1940 1948//1948 1946//1946
f 1946//1946 1949//1949 1950//1950
f 1929//1929 1945//1945 1930//1930
f 1930//1930 1951//1951 1935//1935
f 1945//1945 1952//1952 1951//1951
f 1951//1951 1953//1953 1954//1954
f 1955//1955 1956//1956 1957//1957
f 1957//1957 1958//1958 1935//1935
f 1959//1959 1960//1960 1961//1961
f 1961//1961 1962//1962 1937//1937
f 1955//1955 1957//1957 1963//1963
f 1964//1964 1963//1963 1965//1965
f 1957//1957 1935//1935 1954//1954
f 1963//1963 1954//1954 1966//1966
f 1955//1955 1964//1964 1967//1967
f 1967//1967 1968//1968 1969//1969
f 1964//1964 1970//1970 1968//1968
f 1968//1968 1971//1971 1972//1972
f 1955//1955 1967//1967 1973//1973
f 1959//1959 1974//1974 1975//1975
f 1967//1967 1969//1969 1976//1976
f 1974//1974 1977//1977 1978//1978
f 1979//1979 1980//1980 1981//1981
f 1981//1981 1982//1982 1962//1962
f 1980//1980 1983//1983 1982//1982
f 1982//1982 1984//1984 1962//1962
f 1979//1979 1981//1981 1985//1985
f 1985//1985 1986//1986 1987//1987
f 1981//1981 1960//1960 1986//1986
f 1986//1986 1975//1975 1988//1988
f 1979//1979 1985//1985 1989//1989
f 1990//1990 1989//1989 1991//1991
f 1985//1985 1987//1987 1992//1992
f 1989//1989 1992//1992 1993//1993
f 1979//1979 1990//1990 1994//1994
f 1980//1980 1994//1994 1995//1995
f 1990//1990 1991//1991 1996//1996
f 1994//1994 1996//1996 1997//1997
f 1998//1998 1999//1999 2000//2000
f 2001//2001 2000//2000 1984//1984
f 1999//1999 1934//1934 1938//1938
f 2000//2000 1938//1938 2002//2002
f 1998//1998 2001//2001 2003//2003
f 2003//2003 2004//2004 2005//2005
f 2001//2001 1983//1983 2004//2004
f 2004//2004 1995//1995 2006//2006
f 1998//1998 2003//2003 2007//2007
f 2008//2008 2007//2007 2009//2009
f 2003//2003 2005//2005 2010//2010
f 2007//2007 2010//2010 2011//2011
f 1998//1998 2008//2008 1999//1999
f 1999//1999 2012//2012 1934//1934
f 2008//2008 2013//2013 2012//2012
f 2012//2012 2014//2014 1942//1942
f 2015//2015 2016//2016 2017//2017
f 2017//2017 2018//2018 2019//2019
f 2016//2016 2020//2020 2018//2018
f 2018//2018 2021//2021 2022//2022
f 2015//2015 2017//2017 2023//2023
f 2024//2024 2023//2023 2025//2025
f 2017//2017 2026//2026 2023//2023
f 2023//2023 2027//2027 2028//2028
f 2015//2015 2024//2024 2029//2029
f 2029//2029 2030//2030 1987//1987
f 2024//2024 2025//2025 2031//2031
f 2030//2030 2031//2031 2032//2032
f 2015//2015 2029//2029 2033//2033
f 2016//2016 2033//2033 2034//2034
f 2029//2029 1987//1987 1988//1988
f 2033//2033 1988//1988 1978//1978
f 2035//2035 2036//2036 2037//2037
f 2038//2038 2039//2039 2021//2021
f 2040//2040 2041//2041 2042//2042
f 2039//2039 2042//2042 2022//2022
f 2035//2035 2043//2043 2044//2044
f 2044//2044 2045//2045 1969//1969
f 2038//2038 2020//2020 2046//2046
f 2046//2046 2034//2034 1977//1977
f 2035//2035 2044//2044 2047//2047
f 2048//2048 2047//2047 2049//2049
f 2044//2044 1969//1969 1972//1972
f 2047//2047 1972//1972 2050//2050
f 2035//2035 2048//2048 2036//2036
f 2040//2040 2051//2051 2041//2041
f 2048//2048 2052//2052 2053//2053
f 2051//2051 2054//2054 2055//2055
f 2056//2056 2057//2057 2058//2058
f 2058//2058 2059//2059 2041//2041
f 2057//2057 2026//2026 2019//2019
f 2059//2059 2019//2019 2022//2022
f 2056//2056 2058//2058 2060//2060
f 2061//2061 2060//2060 2062//2062
f 2058//2058 2041//2041 2055//2055
f 2060//2060 2055//2055 2063//2063
f 2056//2056 2061//2061 2064//2064
f 2064//2064 2065//2065 2066//2066
f 2061//2061 2067//2067 2065//2065
f 2065//2065 2068//2068 2069//2069
f 2056//2056 2064//2064 2070//2070
f 2057//2057 2070//2070 2027//2027
f 2064//2064 2066//2066 2071//2071
f 2070//2070 2071//2071 2072//2072
f 2073//2073 2074//2074 2075//2075
f 2075//2075 2076//2076 2077//2077
f 2074//2074 2078//2078 2076//2076
f 2076//2076 2079//2079 2080//2080
f 2073//2073 2075//2075 2081//2081
f 2082//2082 2081//2081 2083//2083
f 2075//2075 2084//2084 2081//2081
f 2081//2081 2085//2085 2083//2083
f 2073//2073 2082//2082 2086//2086
f 2086//2086 2087//2087 2088//2088
f 2082//2082 2089//2089 2087//2087
f 2087//2087 2090//2090 2091//2091
f 2073//2073 2086//2086 2092//2092
f 2074//2074 2092//2092 2093//2093
f 2086//2086 2088//2088 2094//2094
f 2092//2092 2094//2094 2095//2095
f 2096//2096 2097//2097 2098//2098
f 2099//2099 2100//2100 2079//2079
f 2101//2101 2102//2102 2103//2103
f 2100//2100 2103//2103 2080//2080
f 2096//2096 2104//2104 2105//2105
f 2105//2105 2106//2106 2107//2107
f 2099//2099 2078//2078 2108//2108
f 2108//2108 2093//2093 2109//2109
f 2096//2096 2105//2105 2110//2110
f 2111//2111 2110//2110 1949//1949
f 2105//2105 2107//2107 2110//2110
f 2110//2110 2112//2112 1949//1949
f 2096//2096 2111//2111 2097//2097
f 2101//2101 2113//2113 2102//2102
f 2111//2111 1948//1948 2114//2114
f 2113//2113 2115//2115 2116//2116
f 2117//2117 2118//2118 2119//2119
f 2119//2119 2120//2120 2102//2102
f 2118//2118 2084//2084 2120//2120
f 2120//2120 2077//2077 2080//2080
f 2117//2117 2119//2119 2121//2121
f 2122//2122 2121//2121 2014//2014
f 2119//2119 2102//2102 2116//2116
f 2121//2121 2116//2116 1944//1944
f 2117//2117 2122//2122 2123//2123
f 2123//2123 2124//2124 2125//2125
f 2122//2122 2013//2013 2124//2124
f 2124//2124 2009//2009 2126//2126
f 2117//2117 2123//2123 2127//2127
f 2118//2118 2127//2127 2085//2085
f 2123//2123 2125//2125 2128//2128
f 2127//2127 2128//2128 2129//2129
f 2130//2130 2131//2131 2132//2132
f 2132//2132 2133//2133 2134//2134
f 2131//2131 2135//2135 2133//2133
f 2133//2133 2136//2136 2137//2137
f 2130//2130 2132//2132 2138//2138
f 2139//2139 2138//2138 1418//1418
f 2132//2132 2134//2134 2140//2140
f 2138//2138 2140//2140 1425//1425
f 2130//2130 2139//2139 2141//2141
f 2142//2142 2141//2141 2143//2143
f 2139//2139 1418//1418 1421//1421
f 2141//2141 1421//1421 1607//1607
f 2130//2130 2142//2142 2144//2144
f 2131//2131 2144//2144 2145//2145
f 2142//2142 2146//2146 2144//2144
f 2144//2144 2147//2147 2145//2145
f 2148//2148 2149//2149 2150//2150
f 2151//2151 2150//2150 2136//2136
f 2149//2149 2152//2152 2153//2153
f 2150//2150 2153//2153 2154//2154
f 2148//2148 2151//2151 2155//2155
f 2155//2155 2156//2156 2157//2157
f 2151//2151 2135//2135 2156//2156
f 2156//2156 2145//2145 2158//2158
f 2148//2148 2155//2155 2159//2159
f 2160//2160 2159//2159 2068//2068
f 2155//2155 2157//2157 2161//2161
f 2159//2159 2161//2161 2069//2069
f 2148//2148 2160//2160 2149//2149
f 2149//2149 2162//2162 2152//2152
f 2160//2160 2067//2067 2162//2162
f 2162//2162 2062//2062 2163//2163
f 2164//2164 2165//2165 2166//2166
f 2167//2167 2168//2168 2152//2152
f 2165//2165 2169//2169 2170//2170
f 2168//2168 2171//2171 2153//2153
f 2164//2164 2166//2166 2172//2172
f 2173//2173 2172//2172 2174//2174
f 2167//2167 2152//2152 2163//2163
f 2175//2175 2163//2163 2063//2063
f 2164//2164 2173//2173 2176//2176
f 2176//2176 2177//2177 2178//2178
f 2173//2173 2052//2052 2177//2177
f 2177//2177 2049//2049 2179//2179
f 2164//2164 2176//2176 2180//2180
f 2165//2165 2180//2180 2181//2181
f 2176//2176 2178//2178 2182//2182
f 2180//2180 2182//2182 2183//2183
f 2184//2184 2185//2185 2186//2186
f 2187//2187 2186//2186 2188//2188
f 2189//2189 2134//2134 2137//2137
f 2190//2190 2137//2137 2154//2154
f 2184//2184 2187//2187 2191//2191
f 2191//2191 2192//2192 2193//2193
f 2187//2187 2169//2169 2192//2192
f 2192//2192 2181//2181 2194//2194
f 2184//2184 2191//2191 2195//2195
f 2196//2196 2195//2195 1440//1440
f 2191//2191 2193//2193 2197//2197
f 2195//2195 2197//2197 1441//1441
f 2184//2184 2196//2196 2185//2185
f 2189//2189 2198//2198 2134//2134
f 2196//2196 1439//1439 2199//2199
f 2198//2198 1433//1433 2140//2140
f 2200//2200 2201//2201 2202//2202
f 2202//2202 2203//2203 2204//2204
f 2201//2201 2205//2205 2203//2203
f 2203//2203 2206//2206 2207//2207
f 2200//2200 2202//2202 2208//2208
f 2209//2209 2208//2208 2147//2147
f 2202//2202 2204//2204 2210//2210
f 2208//2208 2210//2210 2211//2211
f 2200//2200 2209//2209 2212//2212
f 2212//2212 2213//2213 1602//1602
f 2209//2209 2146//2146 2213//2213
f 2213//2213 2143//2143 1606//1606
f 2200//2200 2212//2212 2214//2214
f 2201//2201 2214//2214 2215//2215
f 2212//2212 1602//1602 1603//1603
f 2214//2214 1603//1603 1593//1593
f 2216//2216 2217//2217 2218//2218
f 2219//2219 2218//2218 2206//2206
f 2217//2217 2220//2220 2221//2221
f 2218//2218 2221//2221 2222//2222
f 2216//2216 2219//2219 2223//2223
f 2223//2223 2224//2224 1588//1588
f 2219//2219 2205//2205 2224//2224
f 2224//2224 2215//2215 1592//1592
f 2216//2216 2223//2223 2225//2225
f 2226//2226 2225//2225 2227//2227
f 2223//2223 1588//1588 1589//1589
f 2225//2225 1589//1589 1558//1558
f 2216//2216 2226//2226 2217//2217
f 2217//2217 2228//2228 2220//2220
f 2226//2226 2229//2229 2228//2228
f 2228//2228 2230//2230 2231//2231
f 2232//2232 2233//2233 2234//2234
f 2234//2234 2235//2235 2220//2220
f 2233//2233 2236//2236 2235//2235
f 2235//2235 2237//2237 2221//2221
f 2232//2232 2234//2234 2238//2238
f 2239//2239 2238//2238 2240//2240
f 2234//2234 2220//2220 2231//2231
f 2238//2238 2231//2231 2241//2241
f 2232//2232 2239//2239 2242//2242
f 2242//2242 2243//2243 2025//2025
f 2239//2239 2244//2244 2243//2243
f 2243//2243 2245//2245 2031//2031
f 2232//2232 2242//2242 2246//2246
f 2233//2233 2246//2246 2247//2247
f 2242//2242 2025//2025 2028//2028
f 2246//2246 2028//2028 2072//2072
f 2248//2248 2249//2249 2250//2250
f 2251//2251 2250//2250 2237//2237
f 2249//2249 2204//2204 2207//2207
f 2250//2250 2207//2207 2222//2222
f 2248//2248 2251//2251 2252//2252
f 2252//2252 2253//2253 2066//2066
f 2251//2251 2236//2236 2253//2253
f 2253//2253 2247//2247 2071//2071
f 2248//2248 2252//2252 2254//2254
f 2255//2255 2254//2254 2161//2161
f 2252//2252 2066//2066 2256//2256
f 2254//2254 2256//2256 2161//2161
f 2248//2248 2255//2255 2249//2249
f 2249//2249 2257//2257 2204//2204
f 2255//2255 2157//2157 2257//2257
f 2257//2257 2158//2158 2210//2210
f 2258//2258 2259//2259 2260//2260
f 2260//2260 2261//2261 2262//2262
f 2259//2259 2263//2263 2261//2261
f 2261//2261 2264//2264 2265//2265
f 2258//2258 2260//2260 2266//2266
f 2267//2267 2266//2266 2230//2230
f 2260//2260 2262//2262 2268//2268
f 2266//2266 2268//2268 2241//2241
f 2258//2258 2267//2267 2269//2269
f 2269//2269 2270//2270 1552//1552
f 2267//2267 2229//2229 2270//2270
f 2270//2270 2227//2227 1557//1557
f 2258//2258 2269//2269 2271//2271
f 2259//2259 2271//2271 2272//2272
f 2269//2269 1552//1552 1553//1553
f 2271//2271 1553//1553 1545//1545
f 2273//2273 2274//2274 2275//2275
f 2276//2276 2275//2275 2264//2264
f 2274//2274 2277//2277 2278//2278
f 2275//2275 2278//2278 2279//2279
f 2273//2273 2276//2276 2280//2280
f 2281//2281 2280//2280 1544//1544
f 2276//2276 2263//2263 2280//2280
f 2280//2280 2272//2272 1544//1544
f 2273//2273 2281//2281 2282//2282
f 2282//2282 2283//2283 2284//2284
f 2281//2281 1543//1543 2283//2283
f 2283//2283 1538//1538 2285//2285
f 2273//2273 2282//2282 2286//2286
f 2274//2274 2286//2286 2277//2277
f 2282//2282 2284//2284 2287//2287
f 2286//2286 2287//2287 2288//2288
f 2289//2289 2290//2290 2291//2291
f 2291//2291 2292//2292 2277//2277
f 2290//2290 2293//2293 2292//2292
f 2292//2292 2294//2294 2278//2278
f 2289//2289 2291//2291 2295//2295
f 2296//2296 2295//2295 2297//2297
f 2291//2291 2277//2277 2298//2298
f 2295//2295 2298//2298 2288//2288
f 2289//2289 2296//2296 2299//2299
f 2299//2299 2300//2300 2005//2005
f 2296//2296 2301//2301 2300//2300
f 2300//2300 2302//2302 2010//2010
f 2289//2289 2299//2299 2303//2303
f 2290//2290 2303//2303 2304//2304
f 2299//2299 2005//2005 2006//2006
f 2303//2303 2006//2006 1997//1997
f 2305//2305 2306//2306 2307//2307
f 2308//2308 2307//2307 2294//2294
f 2306//2306 2262//2262 2265//2265
f 2307//2307 2265//2265 2279//2279
f 2305//2305 2308//2308 2309//2309
f 2309//2309 2310//2310 1991//1991
f 2308//2308 2293//2293 2310//2310
f 2310//2310 2304//2304 1996//1996
f 2305//2305 2309//2309 2311//2311
f 2312//2312 2311//2311 2245//2245
f 2309//2309 1991//1991 1993//1993
f 2311//2311 1993//1993 2032//2032
f 2305//2305 2312//2312 2306//2306
f 2306//2306 2313//2313 2262//2262
f 2312//2312 2244//2244 2313//2313
f 2313//2313 2240//2240 2268//2268
f 2314//2314 2315//2315 2316//2316
f 2317//2317 2316//2316 2318//2318
f 2315//2315 2319//2319 2320//2320
f 2316//2316 2320//2320 2321//2321
f 2314//2314 2317//2317 2322//2322
f 2322//2322 2323//2323 2284//2284
f 2317//2317 2324//2324 2323//2323
f 2323//2323 2325//2325 2287//2287
f 2314//2314 2322//2322 2326//2326
f 2327//2327 2326//2326 1927//1927
f 2322//2322 2284//2284 2285//2285
f 2326//2326 2285//2285 1540//1540
f 2314//2314 2327//2327 2315//2315
f 2315//2315 2328//2328 2319//2319
f 2327//2327 1926//1926 2328//2328
f 2328//2328 1922//1922 2329//2329
f 2330//2330 2331//2331 2332//2332
f 2332//2332 2333//2333 2319//2319
f 2331//2331 2334//2334 2333//2333
f 2333//2333 2335//2335 2320//2320
f 2330//2330 2332//2332 2336//2336
f 2337//2337 2336//2336 1914//1914
f 2332//2332 2319//2319 2329//2329
f 2336//2336 2329//2329 1923//1923
f 2330//2330 2337//2337 2338//2338
f 2338//2338 2339//2339 2340//2340
f 2337//2337 1913//1913 2339//2339
f 2339//2339 1910//1910 2341//2341
f 2330//2330 2338//2338 2342//2342
f 2331//2331 2342//2342 2343//2343
f 2338//2338 2340//2340 2344//2344
f 2342//2342 2344//2344 2345//2345
f 2346//2346 2347//2347 2348//2348
f 2349//2349 2348//2348 2335//2335
f 2347//2347 2350//2350 2351//2351
f 2348//2348 2351//2351 2321//2321
f 2346//2346 2349//2349 2352//2352
f 2352//2352 2353//2353 2354//2354
f 2349//2349 2334//2334 2353//2353
f 2353//2353 2343//2343 2355//2355
f 2346//2346 2352//2352 2356//2356
f 2357//2357 2356//2356 2090//2090
f 2352//2352 2354//2354 2356//2356
f 2356//2356 2358//2358 2359//2359
f 2346//2346 2357//2357 2347//2347
f 2347//2347 2360//2360 2350//2350
f 2357//2357 2089//2089 2360//2360
f 2360//2360 2083//2083 2361//2361
f 2362//2362 2363//2363 2364//2364
f 2364//2364 2365//2365 2350//2350
f 2363//2363 2324//2324 2365//2365
f 2365//2365 2318//2318 2351//2351
f 2362//2362 2364//2364 2366//2366
f 2366//2366 2367//2367 2125//2125
f 2364//2364 2350//2350 2361//2361
f 2367//2367 2361//2361 2128//2128
f 2362//2362 2366//2366 2368//2368
f 2369//2369 2368//2368 2302//2302
f 2366//2366 2125//2125 2126//2126
f 2368//2368 2126//2126 2011//2011
f 2362//2362 2369//2369 2363//2363
f 2363//2363 2370//2370 2325//2325
f 2369//2369 2301//2301 2370//2370
f 2370//2370 2297//2297 2325//2325
f 2371//2371 2372//2372 2373//2373
f 2374//2374 2375//2375 2376//2376
f 2372//2372 2377//2377 2378//2378
f 2375//2375 2379//2379 2380//2380
f 2371//2371 2373//2373 2381//2381
f 2382//2382 2381//2381 2383//2383
f 2374//2374 2376//2376 2384//2384
f 2385//2385 2384//2384 1848//1848
f 2371//2371 2382//2382 2386//2386
f 2386//2386 2387//2387 2388//2388
f 2382//2382 1835//1835 2387//2387
f 2387//2387 1832//1832 2389//2389
f 2371//2371 2386//2386 2390//2390
f 2372//2372 2390//2390 2391//2391
f 2386//2386 2388//2388 2392//2392
f 2390//2390 2392//2392 2393//2393
f 2394//2394 2395//2395 2396//2396
f 2397//2397 2396//2396 2398//2398
f 2399//2399 2400//2400 2401//2401
f 2402//2402 2401//2401 2403//2403
f 2394//2394 2397//2397 2404//2404
f 2404//2404 2405//2405 2406//2406
f 2397//2397 2377//2377 2405//2405
f 2405//2405 2391//2391 2407//2407
f 2394//2394 2404//2404 2408//2408
f 2409//2409 2408//2408 2112//2112
f 2404//2404 2406//2406 2410//2410
f 2408//2408 2410//2410 1950//1950
f 2394//2394 2409//2409 2395//2395
f 2399//2399 2411//2411 2400//2400
f 2409//2409 2107//2107 2412//2412
f 2411//2411 2109//2109 2095//2095
f 2413//2413 2414//2414 2415//2415
f 2416//2416 2415//2415 2401//2401
f 2414//2414 2417//2417 2415//2415
f 2415//2415 2418//2418 2401//2401
f 2413//2413 2416//2416 2419//2419
f 2419//2419 2420//2420 2088//2088
f 2416//2416 2400//2400 2420//2420
f 2420//2420 2421//2421 2094//2094
f 2413//2413 2419//2419 2422//2422
f 2423//2423 2422//2422 2358//2358
f 2419//2419 2088//2088 2091//2091
f 2422//2422 2091//2091 2359//2359
f 2413//2413 2423//2423 2414//2414
f 2414//2414 2424//2424 2417//2417
f 2423//2423 2354//2354 2424//2424
f 2424//2424 2355//2355 2345//2345
f 2425//2425 2426//2426 2427//2427
f 2428//2428 2427//2427 2418//2418
f 2426//2426 2376//2376 2380//2380
f 2427//2427 2380//2380 2403//2403
f 2425//2425 2428//2428 2429//2429
f 2429//2429 2430//2430 2340//2340
f 2428//2428 2417//2417 2430//2430
f 2430//2430 2431//2431 2344//2344
f 2425//2425 2429//2429 2432//2432
f 2433//2433 2432//2432 1853//1853
f 2429//2429 2340//2340 2341//2341
f 2432//2432 2341//2341 1911//1911
f 2425//2425 2433//2433 2426//2426
f 2426//2426 2434//2434 2376//2376
f 2433//2433 1852//1852 2434//2434
f 2434//2434 1847//1847 2384//2384
f 2435//2435 2436//2436 2437//2437
f 2437//2437 2438//2438 2439//2439
f 2436//2436 2440//2440 2438//2438
f 2438//2438 2441//2441 2442//2442
f 2435//2435 2437//2437 2443//2443
f 2444//2444 2443//2443 1780//1780
f 2437//2437 2439//2439 2445//2445
f 2443//2443 2445//2445 1789//1789
f 2435//2435 2444//2444 2446//2446
f 2446//2446 2447//2447 2193//2193
f 2444//2444 1779//1779 2447//2447
f 2447//2447 1777//1777 2197//2197
f 2435//2435 2446//2446 2448//2448
f 2436//2436 2448//2448 2449//2449
f 2446//2446 2193//2193 2194//2194
f 2448//2448 2194//2194 2183//2183
f 2450//2450 2451//2451 2452//2452
f 2453//2453 2452//2452 2441//2441
f 2451//2451 2454//2454 2455//2455
f 2452//2452 2455//2455 2456//2456
f 2450//2450 2453//2453 2457//2457
f 2457//2457 2458//2458 2178//2178
f 2453//2453 2440//2440 2458//2458
f 2458//2458 2449//2449 2182//2182
f 2450//2450 2457//2457 2459//2459
f 2460//2460 2459//2459 1971//1971
f 2457//2457 2178//2178 2179//2179
f 2459//2459 2179//2179 2050//2050
f 2450//2450 2460//2460 2451//2451
f 2451//2451 2461//2461 2454//2454
f 2460//2460 1970//1970 2461//2461
f 2461//2461 1965//1965 2462//2462
f 2463//2463 2464//2464 2465//2465
f 2465//2465 2466//2466 2454//2454
f 2464//2464 2467//2467 2466//2466
f 2466//2466 2468//2468 2455//2455
f 2463//2463 2465//2465 2469//2469
f 2470//2470 2469//2469 1953//1953
f 2465//2465 2454//2454 2462//2462
f 2469//2469 2462//2462 1966//1966
f 2463//2463 2470//2470 2471//2471
f 2471//2471 2472//2472 2406//2406
f 2470//2470 1952//1952 2472//2472
f 2472//2472 1947//1947 2410//2410
f 2463//2463 2471//2471 2473//2473
f 2464//2464 2473//2473 2474//2474
f 2471//2471 2406//2406 2407//2407
f 2473//2473 2407//2407 2393//2393
f 2475//2475 2476//2476 2477//2477
f 2478//2478 2477//2477 2468//2468
f 2476//2476 2439//2439 2442//2442
f 2477//2477 2442//2442 2456//2456
f 2475//2475 2478//2478 2479//2479
f 2479//2479 2480//2480 2388//2388
f 2478//2478 2467//2467 2480//2480
f 2480//2480 2474//2474 2392//2392
f 2475//2475 2479//2479 2481//2481
f 2482//2482 2481//2481 1794//1794
f 2479//2479 2388//2388 2389//2389
f 2481//2481 2389//2389 1833//1833
f 2475//2475 2482//2482 2476//2476
f 2476//2476 2483//2483 2439//2439
f 2482//2482 1793//1793 2483//2483
f 2483//2483 1788//1788 2445//2445
f 2484//2484 2485//2485 2486//2486
f 2486//2486 2487//2487 2488//2488
f 2484//2484 2486//2486 2490//2490
f 2490//2490 2491//2491 2492//2492
f 2486//2486 2488//2488 2493//2493
f 2491//2491 2493//2493 2494//2494
f 2484//2484 2490//2490 2495//2495
f 2496//2496 2495//2495 2497//2497
f 2490//2490 2492//2492 2498//2498
f 2495//2495 2498//2498 2499//2499
f 2484//2484 2496//2496 2500//2500
f 2502//2502 2503//2503 2504//2504
f 2503//2503 2488//2488 2489//2489
f 2502//2502 2505//2505 2507//2507
f 2508//2508 2507//2507 2509//2509
f 2505//2505 2506//2506 2510//2510
f 2507//2507 2510//2510 2511//2511
f 2502//2502 2508//2508 2503//2503
f 2503//2503 2512//2512 2488//2488
f 2508//2508 2513//2513 2512//2512
f 2512//2512 2514//2514 2493//2493
f 2515//2515 2516//2516 2517//2517
f 2517//2517 2518//2518 2519//2519
f 2516//2516 2520//2520 2521//2521
f 2518//2518 2521//2521 2522//2522
f 2515//2515 2517//2517 2523//2523
f 2524//2524 2523//2523 2525//2525
f 2517//2517 2519//2519 2526//2526
f 2523//2523 2526//2526 2527//2527
f 2515//2515 2524//2524 2528//2528
f 2528//2528 2529//2529 2492//2492
f 2524//2524 2530//2530 2529//2529
f 2529//2529 2531//2531 2498//2498
f 2515//2515 2528//2528 2532//2532
f 2516//2516 2532//2532 2533//2533
f 2528//2528 2492//2492 2534//2534
f 2532//2532 2534//2534 2533//2533
f 2535//2535 2536//2536 2537//2537
f 2537//2537 2538//2538 2539//2539
f 2536//2536 2519//2519 2540//2540
f 2538//2538 2540//2540 2541//2541
f 2535//2535 2537//2537 2542//2542
f 2543//2543 2542//2542 2544//2544
f 2537//2537 2539//2539 2545//2545
f 2542//2542 2545//2545 2546//2546
f 2535//2535 2543//2543 2547//2547
f 2547//2547 2548//2548 2549//2549
f 2543//2543 2550//2550 2548//2548
f 2548//2548 2551//2551 2549//2549
f 2535//2535 2547//2547 2536//2536
f 2536//2536 2552//2552 2519//2519
f 2547//2547 2553//2553 2552//2552
f 2552//2552 2554//2554 2526//2526
f 2555//2555 2556//2556 2557//2557
f 2558//2558 2557//2557 2559//2559
f 2556//2556 2539//2539 2541//2541
f 2557//2557 2541//2541 2522//2522
f 2555//2555 2558//2558 2560//2560
f 2560//2560 2561//2561 2562//2562
f 2558//2558 2563//2563 2561//2561
f 2561//2561 2564//2564 2565//2565
f 2555//2555 2560//2560 2566//2566
f 2567//2567 2566//2566 2568//2568
f 2560//2560 2562//2562 2569//2569
f 2566//2566 2569//2569 2570//2570
f 2555//2555 2567//2567 2556//2556
f 2556//2556 2571//2571 2539//2539
f 2567//2567 2572//2572 2571//2571
f 2571//2571 2573//2573 2545//2545
f 2574//2574 2575//2575 2576//2576
f 2576//2576 2577//2577 2520//2520
f 2575//2575 2563//2563 2577//2577
f 2577//2577 2559//2559 2521//2521
f 2574//2574 2576//2576 2578//2578
f 2579//2579 2578//2578 2514//2514
f 2576//2576 2520//2520 2533//2533
f 2578//2578 2533//2533 2494//2494
f 2574//2574 2579//2579 2580//2580
f 2580//2580 2581//2581 2582//2582
f 2579//2579 2513//2513 2581//2581
f 2581//2581 2509//2509 2583//2583
f 2574//2574 2580//2580 2584//2584
f 2575//2575 2584//2584 2564//2564
f 2580//2580 2582//2582 2585//2585
f 2584//2584 2585//2585 2586//2586
f 2587//2587 2588//2588 2589//2589
f 2590//2590 2589//2589 2591//2591
f 2588//2588 2592//2592 2593//2593
f 2589//2589 2593//2593 2594//2594
f 2587//2587 2590//2590 2595//2595
f 2595//2595 2596//2596 2597//2597
f 2590//2590 2598//2598 2596//2596
f 2596//2596 2599//2599 2600//2600
f 2587//2587 2595//2595 2601//2601
f 2602//2602 2601//2601 2551//2551
f 2595//2595 2597//2597 2603//2603
f 2601//2601 2603//2603 2604//2604
f 2587//2587 2602//2602 2588//2588
f 2588//2588 2605//2605 2592//2592
f 2602//2602 2550//2550 2605//2605
f 2605//2605 2544//2544 2606//2606
f 2607//2607 2608//2608 2609//2609
f 2609//2609 2610//2610 2611//2611
f 2608//2608 2598//2598 2610//2610
f 2610//2610 2591//2591 2612//2612
f 2607//2607 2609//2609 2613//2613
f 2614//2614 2613//2613 2615//2615
f 2609//2609 2611//2611 2616//2616
f 2613//2613 2616//2616 2617//2617
f 2607//2607 2614//2614 2618//2618
f 2618//2618 2619//2619 2620//2620
f 2614//2614 2615//2615 2621//2621
f 2619//2619 2621//2621 2622//2622
f 2607//2607 2618//2618 2623//2623
f 2608//2608 2623//2623 2599//2599
f 2618//2618 2620//2620 2624//2624
f 2623//2623 2624//2624 2625//2625
f 2626//2626 2627//2627 2628//2628
f 2629//2629 2628//2628 2630//2630
f 2627//2627 2611//2611 2612//2612
f 2628//2628 2612//2612 2594//2594
f 2626//2626 2629//2629 2631//2631
f 2631//2631 2632//2632 2633//2633
f 2629//2629 2634//2634 2632//2632
f 2632//2632 2635//2635 2636//2636
f 2626//2626 2631//2631 2637//2637
f 2638//2638 2637//2637 2639//2639
f 2631//2631 2633//2633 2640//2640
f 2637//2637 2640//2640 2641//2641
f 2626//2626 2638//2638 2627//2627
f 2627//2627 2642//2642 2611//2611
f 2638//2638 2643//2643 2642//2642
f 2642//2642 2644//2644 2616//2616
f 2645//2645 2646//2646 2647//2647
f 2647//2647 2648//2648 2592//2592
f 2646//2646 2634//2634 2648//2648
f 2648//2648 2630//2630 2593//2593
f 2645//2645 2647//2647 2649//2649
f 2650//2650 2649//2649 2573//2573
f 2647//2647 2592//2592 2606//2606
f 2649//2649 2606//2606 2546//2546
f 2645//2645 2650//2650 2651//2651
f 2651//2651 2652//2652 2653//2653
f 2650//2650 2572//2572 2652//2652
f 2652//2652 2568//2568 2654//2654
f 2645//2645 2651//2651 2655//2655
f 2646//2646 2655//2655 2635//2635
f 2651//2651 2653//2653 2656//2656
f 2655//2655 2656//2656 2657//2657
f 2659//2659 2658//2658 2660//2660
f 2658//2658 2661//2661 2662//2662
f 2663//2663 2664//2664 2506//2506
f 2659//2659 2665//2665 2664//2664
f 2664//2664 2666//2666 2510//2510
f 2671//2671 2672//2672 2673//2673
f 2674//2674 2673//2673 2675//2675
f 2672//2672 2676//2676 2677//2677
f 2673//2673 2677//2677 2678//2678
f 2671//2671 2674//2674 2679//2679
f 2679//2679 2680//2680 2582//2582
f 2674//2674 2681//2681 2680//2680
f 2680//2680 2682//2682 2585//2585
f 2671//2671 2679//2679 2683//2683
f 2684//2684 2683//2683 2666//2666
f 2679//2679 2582//2582 2583//2583
f 2683//2683 2583//2583 2511//2511
f 2671//2671 2684//2684 2672//2672
f 2672//2672 2685//2685 2676//2676
f 2684//2684 2665//2665 2685//2685
f 2685//2685 2660//2660 2686//2686
f 2687//2687 2688//2688 2689//2689
f 2689//2689 2690//2690 2691//2691
f 2688//2688 2681//2681 2690//2690
f 2690//2690 2675//2675 2692//2692
f 2687//2687 2689//2689 2693//2693
f 2694//2694 2693//2693 2695//2695
f 2689//2689 2691//2691 2696//2696
f 2693//2693 2696//2696 2697//2697
f 2687//2687 2694//2694 2698//2698
f 2698//2698 2699//2699 2562//2562
f 2694//2694 2700//2700 2699//2699
f 2699//2699 2701//2701 2569//2569
f 2687//2687 2698//2698 2702//2702
f 2688//2688 2702//2702 2682//2682
f 2698//2698 2562//2562 2565//2565
f 2702//2702 2565//2565 2586//2586
f 2703//2703 2704//2704 2705//2705
f 2706//2706 2705//2705 2707//2707
f 2704//2704 2691//2691 2692//2692
f 2705//2705 2692//2692 2678//2678
f 2703//2703 2706//2706 2708//2708
f 2708//2708 2709//2709 2710//2710
f 2706//2706 2711//2711 2709//2709
f 2709//2709 2712//2712 2713//2713
f 2703//2703 2708//2708 2714//2714
f 2715//2715 2714//2714 2716//2716
f 2708//2708 2710//2710 2717//2717
f 2714//2714 2717//2717 2718//2718
f 2703//2703 2715//2715 2704//2704
f 2704//2704 2719//2719 2691//2691
f 2715//2715 2720//2720 2719//2719
f 2719//2719 2721//2721 2696//2696
f 2722//2722 2723//2723 2724//2724
f 2724//2724 2725//2725 2676//2676
f 2723//2723 2711//2711 2725//2725
f 2725//2725 2707//2707 2677//2677
f 2722//2722 2724//2724 2726//2726
f 2727//2727 2726//2726 2670//2670
f 2724//2724 2676//2676 2686//2686
f 2726//2726 2686//2686 2662//2662
f 2722//2722 2727//2727 2728//2728
f 2728//2728 2729//2729 2730//2730
f 2727//2727 2669//2669 2729//2729
f 2729//2729 2667//2667 2731//2731
f 2722//2722 2728//2728 2732//2732
f 2723//2723 2732//2732 2712//2712
f 2728//2728 2730//2730 2733//2733
f 2732//2732 2733//2733 2734//2734
f 2735//2735 2736//2736 2737//2737
f 2737//2737 2738//2738 2739//2739
f 2736//2736 2740//2740 2741//2741
f 2738//2738 2741//2741 2742//2742
f 2735//2735 2737//2737 2743//2743
f 2744//2744 2743//2743 2656//2656
f 2737//2737 2739//2739 2745//2745
f 2743//2743 2745//2745 2657//2657
f 2735//2735 2744//2744 2746//2746
f 2746//2746 2747//2747 2701//2701
f 2744//2744 2653//2653 2747//2747
f 2747//2747 2654//2654 2570//2570
f 2735//2735 2746//2746 2736//2736
f 2736//2736 2748//2748 2740//2740
f 2746//2746 2700//2700 2748//2748
f 2748//2748 2695//2695 2749//2749
f 2750//2750 2751//2751 2752//2752
f 2753//2753 2752//2752 2754//2754
f 2751//2751 2739//2739 2742//2742
f 2752//2752 2742//2742 2755//2755
f 2750//2750 2753//2753 2756//2756
f 2757//2757 2758//2758 2759//2759
f 2760//2760 2761//2761 2758//2758
f 2758//2758 2762//2762 2763//2763
f 2750//2750 2756//2756 2764//2764
f 2765//2765 2764//2764 2640//2640
f 2757//2757 2759//2759 2766//2766
f 2764//2764 2767//2767 2641//2641
f 2750//2750 2765//2765 2751//2751
f 2751//2751 2768//2768 2739//2739
f 2765//2765 2633//2633 2768//2768
f 2768//2768 2636//2636 2745//2745
f 2769//2769 2770//2770 2771//2771
f 2772//2772 2773//2773 2774//2774
f 2770//2770 2761//2761 2775//2775
f 2773//2773 2754//2754 2755//2755
f 2769//2769 2776//2776 2777//2777
f 2777//2777 2778//2778 2779//2779
f 2772//2772 2780//2780 2781//2781
f 2781//2781 2782//2782 2783//2783
f 2769//2769 2777//2777 2784//2784
f 2785//2785 2784//2784 2786//2786
f 2777//2777 2779//2779 2787//2787
f 2784//2784 2787//2787 2788//2788
f 2769//2769 2785//2785 2770//2770
f 2770//2770 2789//2789 2761//2761
f 2785//2785 2790//2790 2789//2789
f 2789//2789 2791//2791 2762//2762
f 2792//2792 2793//2793 2794//2794
f 2794//2794 2795//2795 2740//2740
f 2793//2793 2780//2780 2795//2795
f 2795//2795 2774//2774 2741//2741
f 2792//2792 2794//2794 2796//2796
f 2797//2797 2796//2796 2721//2721
f 2794//2794 2740//2740 2749//2749
f 2796//2796 2749//2749 2697//2697
f 2792//2792 2797//2797 2798//2798
f 2798//2798 2799//2799 2800//2800
f 2797//2797 2720//2720 2799//2799
f 2799//2799 2716//2716 2801//2801
f 2792//2792 2798//2798 2802//2802
f 2793//2793 2802//2802 2782//2782
f 2798//2798 2800//2800 2803//2803
f 2802//2802 2803//2803 2804//2804
f 2805//2805 2806//2806 2807//2807
f 2807//2807 2808//2808 2809//2809
f 2806//2806 2810//2810 2808//2808
f 2808//2808 2811//2811 2812//2812
f 2805//2805 2807//2807 2813//2813
f 2814//2814 2813//2813 2554//2554
f 2807//2807 2809//2809 2815//2815
f 2813//2813 2815//2815 2527//2527
f 2805//2805 2814//2814 2816//2816
f 2816//2816 2817//2817 2818//2818
f 2814//2814 2553//2553 2817//2817
f 2817//2817 2549//2549 2604//2604
f 2805//2805 2816//2816 2819//2819
f 2806//2806 2819//2819 2820//2820
f 2816//2816 2818//2818 2821//2821
f 2819//2819 2821//2821 2822//2822
f 2823//2823 2824//2824 2825//2825
f 2826//2826 2825//2825 2827//2827
f 2824//2824 2809//2809 2812//2812
f 2825//2825 2812//2812 2828//2828
f 2823//2823 2826//2826 2829//2829
f 2829//2829 2830//2830 2831//2831
f 2826//2826 2832//2832 2830//2830
f 2830//2830 2833//2833 2834//2834
f 2823//2823 2829//2829 2835//2835
f 2836//2836 2835//2835 2531//2531
f 2829//2829 2831//2831 2837//2837
f 2835//2835 2837//2837 2499//2499
f 2823//2823 2836//2836 2824//2824
f 2824//2824 2838//2838 2809//2809
f 2836//2836 2530//2530 2838//2838
f 2838//2838 2525//2525 2815//2815
f 2839//2839 2840//2840 2841//2841
f 2841//2841 2842//2842 2843//2843
f 2840//2840 2832//2832 2842//2842
f 2842//2842 2827//2827 2844//2844
f 2839//2839 2841//2841 2845//2845
f 2846//2846 2845//2845 2847//2847
f 2841//2841 2843//2843 2848//2848
f 2845//2845 2848//2848 2849//2849
f 2839//2839 2846//2846 2850//2850
f 2850//2850 2851//2851 2852//2852
f 2846//2846 2853//2853 2851//2851
f 2851//2851 2854//2854 2855//2855
f 2839//2839 2850//2850 2856//2856
f 2840//2840 2856//2856 2833//2833
f 2850//2850 2852//2852 2857//2857
f 2856//2856 2857//2857 2858//2858
f 2859//2859 2860//2860 2861//2861
f 2862//2862 2861//2861 2811//2811
f 2860//2860 2843//2843 2844//2844
f 2861//2861 2844//2844 2828//2828
f 2859//2859 2862//2862 2863//2863
f 2863//2863 2864//2864 2865//2865
f 2862//2862 2810//2810 2864//2864
f 2864//2864 2820//2820 2866//2866
f 2859//2859 2863//2863 2867//2867
f 2868//2868 2867//2867 2869//2869
f 2863//2863 2865//2865 2870//2870
f 2867//2867 2870//2870 2871//2871
f 2859//2859 2868//2868 2860//2860
f 2860//2860 2872//2872 2843//2843
f 2868//2868 2873//2873 2872//2872
f 2872//2872 2874//2874 2848//2848
f 2875//2875 2876//2876 2877//2877
f 2877//2877 2878//2878 2879//2879
f 2876//2876 2880//2880 2878//2878
f 2878//2878 2881//2881 2882//2882
f 2875//2875 2877//2877 2883//2883
f 2884//2884 2885//2885 2886//2886
f 2877//2877 2879//2879 2887//2887
f 2885//2885 2888//2888 2889//2889
f 2875//2875 2890//2890 2891//2891
f 2891//2891 2892//2892 2893//2893
f 2884//2884 2894//2894 2895//2895
f 2895//2895 2896//2896 2897//2897
f 2875//2875 2891//2891 2898//2898
f 2876//2876 2898//2898 2899//2899
f 2891//2891 2893//2893 2900//2900
f 2898//2898 2900//2900 2899//2899
f 2901//2901 2902//2902 2903//2903
f 2904//2904 2903//2903 2905//2905
f 2902//2902 2879//2879 2882//2882
f 2903//2903 2882//2882 2906//2906
f 2901//2901 2904//2904 2907//2907
f 2907//2907 2908//2908 2620//2620
f 2904//2904 2909//2909 2908//2908
f 2908//2908 2910//2910 2624//2624
f 2901//2901 2907//2907 2911//2911
f 2912//2912 2911//2911 2913//2913
f 2907//2907 2620//2620 2914//2914
f 2911//2911 2914//2914 2913//2913
f 2901//2901 2912//2912 2902//2902
f 2902//2902 2915//2915 2879//2879
f 2912//2912 2916//2916 2915//2915
f 2917//2917 2918//2918 2888//2888
f 2919//2919 2920//2920 2921//2921
f 2921//2921 2922//2922 2923//2923
f 2920//2920 2909//2909 2922//2922
f 2922//2922 2905//2905 2924//2924
f 2919//2919 2921//2921 2925//2925
f 2926//2926 2925//2925 2821//2821
f 2921//2921 2923//2923 2927//2927
f 2925//2925 2927//2927 2821//2821
f 2919//2919 2926//2926 2928//2928
f 2928//2928 2929//2929 2597//2597
f 2926//2926 2818//2818 2929//2929
f 2929//2929 2930//2930 2603//2603
f 2919//2919 2928//2928 2931//2931
f 2920//2920 2931//2931 2910//2910
f 2928//2928 2597//2597 2600//2600
f 2931//2931 2600//2600 2625//2625
f 2932//2932 2933//2933 2934//2934
f 2934//2934 2935//2935 2881//2881
f 2933//2933 2923//2923 2924//2924
f 2935//2935 2924//2924 2906//2906
f 2932//2932 2934//2934 2936//2936
f 2937//2937 2936//2936 2938//2938
f 2934//2934 2880//2880 2899//2899
f 2936//2936 2899//2899 2939//2939
f 2932//2932 2937//2937 2940//2940
f 2940//2940 2941//2941 2865//2865
f 2937//2937 2942//2942 2941//2941
f 2941//2941 2943//2943 2870//2870
f 2932//2932 2940//2940 2944//2944
f 2933//2933 2944//2944 2923//2923
f 2940//2940 2865//2865 2866//2866
f 2944//2944 2866//2866 2822//2822
f 2945//2945 2852//2852 2855//2855
f 2948//2948 2855//2855 2950//2950
f 2951//2951 2952//2952 2953//2953
f 2953//2953 2954//2954 2831//2831
f 2952//2952 2501//2501 2954//2954
f 2954//2954 2497//2497 2837//2837
f 2951//2951 2953//2953 2955//2955
f 2953//2953 2831//2831 2834//2834
f 2955//2955 2834//2834 2858//2858
f 2956//2956 2957//2957 2958//2958
f 2959//2959 2958//2958 2960//2960
f 2957//2957 2961//2961 2962//2962
f 2958//2958 2962//2962 2963//2963
f 2956//2956 2959//2959 2964//2964
f 2964//2964 2965//2965 2966//2966
f 2959//2959 2967//2967 2965//2965
f 2965//2965 2968//2968 2969//2969
f 2956//2956 2964//2964 2970//2970
f 2971//2971 2970//2970 2896//2896
f 2964//2964 2966//2966 2972//2972
f 2970//2970 2972//2972 2973//2973
f 2956//2956 2971//2971 2957//2957
f 2957//2957 2974//2974 2961//2961
f 2971//2971 2894//2894 2974//2974
f 2974//2974 2886//2886 2975//2975
f 2976//2976 2977//2977 2978//2978
f 2978//2978 2979//2979 2980//2980
f 2977//2977 2967//2967 2979//2979
f 2979//2979 2960//2960 2981//2981
f 2976//2976 2978//2978 2982//2982
f 2983//2983 2982//2982 2984//2984
f 2978//2978 2980//2980 2985//2985
f 2982//2982 2985//2985 2986//2986
f 2976//2976 2983//2983 2987//2987
f 2987//2987 2988//2988 2989//2989
f 2983//2983 2990//2990 2988//2988
f 2988//2988 2991//2991 2992//2992
f 2976//2976 2987//2987 2993//2993
f 2977//2977 2993//2993 2968//2968
f 2987//2987 2989//2989 2994//2994
f 2993//2993 2994//2994 2995//2995
f 2996//2996 2997//2997 2998//2998
f 2999//2999 2998//2998 3000//3000
f 2997//2997 2980//2980 2981//2981
f 2998//2998 2981//2981 2963//2963
f 2996//2996 2999//2999 3001//3001
f 3001//3001 3002//3002 3003//3003
f 2999//2999 3004//3004 3002//3002
f 3002//3002 3005//3005 3006//3006
f 2996//2996 3001//3001 3007//3007
f 3008//3008 3007//3007 3009//3009
f 3001//3001 3003//3003 3010//3010
f 3007//3007 3010//3010 2788//2788
f 2996//2996 3008//3008 2997//2997
f 2997//2997 3011//3011 2980//2980
f 3008//3008 3012//3012 3011//3011
f 3011//3011 3013//3013 2985//2985
f 3014//3014 3015//3015 3016//3016
f 3016//3016 3017//3017 2961//2961
f 3015//3015 3004//3004 3017//3017
f 3017//3017 3000//3000 2962//2962
f 3014//3014 3016//3016 3018//3018
f 3019//3019 3018//3018 2918//2918
f 3016//3016 2961//2961 2975//2975
f 3018//3018 2975//2975 2889//2889
f 3014//3014 3019//3019 3020//3020
f 3020//3020 3021//3021 3022//3022
f 3019//3019 3023//3023 3021//3021
f 3024//3024 2913//2913 2622//2622
f 3014//3014 3020//3020 3025//3025
f 3015//3015 3025//3025 3005//3005
f 3020//3020 3026//3026 3027//3027
f 3025//3025 3027//3027 3028//3028
f 3029//3029 3030//3030 3031//3031
f 3031//3031 3032//3032 3033//3033
f 3030//3030 3034//3034 3032//3032
f 3032//3032 3035//3035 3036//3036
f 3029//3029 3031//3031 3037//3037
f 3038//3038 3037//3037 3027//3027
f 3031//3031 3033//3033 3037//3037
f 3037//3037 3039//3039 3027//3027
f 3029//3029 3038//3038 3040//3040
f 3041//3041 3042//3042 2615//2615
f 3038//3038 3026//3026 3043//3043
f 3042//3042 3044//3044 2621//2621
f 3029//3029 3040//3040 3045//3045
f 3030//3030 3045//3045 3046//3046
f 3041//3041 2615//2615 2617//2617
f 3047//3047 2617//2617 3048//3048
f 3049//3049 3050//3050 3051//3051
f 3051//3051 3052//3052 3053//3053
f 3050//3050 3033//3033 3052//3052
f 3052//3052 3036//3036 3054//3054
f 3049//3049 3051//3051 3055//3055
f 3056//3056 3055//3055 2791//2791
f 3051//3051 3053//3053 3057//3057
f 3055//3055 3057//3057 2763//2763
f 3049//3049 3056//3056 3058//3058
f 3058//3058 3059//3059 3003//3003
f 3056//3056 2790//2790 3059//3059
f 3059//3059 2786//2786 3010//3010
f 3049//3049 3058//3058 3060//3060
f 3050//3050 3060//3060 3039//3039
f 3058//3058 3003//3003 3006//3006
f 3060//3060 3006//3006 3028//3028
f 3061//3061 3062//3062 3063//3063
f 3064//3064 3063//3063 3035//3035
f 3062//3062 3053//3053 3054//3054
f 3063//3063 3054//3054 3065//3065
f 3061//3061 3064//3064 3066//3066
f 3067//3067 3068//3068 2643//2643
f 3064//3064 3034//3034 3069//3069
f 3068//3068 3070//3070 2644//2644
f 3061//3061 3066//3066 3071//3071
f 3072//3072 3071//3071 2766//2766
f 3067//3067 2643//2643 2639//2639
f 3073//3073 2639//2639 2641//2641
f 3061//3061 3072//3072 3062//3062
f 3062//3062 3074//3074 3053//3053
f 3072//3072 2759//2759 3074//3074
f 3074//3074 3075//3075 3057//3057
f 3076//3076 3077//3077 3078//3078
f 3078//3078 3079//3079 3080//3080
f 3077//3077 3081//3081 3079//3079
f 3079//3079 3082//3082 3083//3083
f 3076//3076 3078//3078 3084//3084
f 3085//3085 3084//3084 3086//3086
f 3078//3078 3080//3080 3087//3087
f 3084//3084 3087//3087 3088//3088
f 3076//3076 3085//3085 3089//3089
f 3089//3089 3090//3090 3091//3091
f 3085//3085 3092//3092 3090//3090
f 3090//3090 3093//3093 3094//3094
f 3076//3076 3089//3089 3095//3095
f 3077//3077 3095//3095 3096//3096
f 3089//3089 3091//3091 3097//3097
f 3095//3095 3097//3097 3098//3098
f 3099//3099 3100//3100 3101//3101
f 3102//3102 3101//3101 3103//3103
f 3100//3100 3080//3080 3083//3083
f 3101//3101 3083//3083 3104//3104
f 3099//3099 3102//3102 3105//3105
f 3105//3105 3106//3106 3107//3107
f 3102//3102 3108//3108 3106//3106
f 3106//3106 3109//3109 3110//3110
f 3099//3099 3105//3105 3111//3111
f 3112//3112 3111//3111 3113//3113
f 3105//3105 3107//3107 3114//3114
f 3111//3111 3114//3114 3115//3115
f 3099//3099 3112//3112 3100//3100
f 3100//3100 3116//3116 3080//3080
f 3112//3112 3117//3117 3116//3116
f 3116//3116 3118//3118 3087//3087
f 3119//3119 3120//3120 3121//3121
f 3121//3121 3122//3122 3123//3123
f 3120//3120 3108//3108 3122//3122
f 3122//3122 3103//3103 3124//3124
f 3119//3119 3121//3121 3125//3125
f 3126//3126 3125//3125 3127//3127
f 3121//3121 3123//3123 3128//3128
f 3125//3125 3128//3128 3129//3129
f 3119//3119 3126//3126 3130//3130
f 3130//3130 3131//3131 3132//3132
f 3126//3126 3133//3133 3131//3131
f 3131//3131 3134//3134 3135//3135
f 3119//3119 3130//3130 3136//3136
f 3120//3120 3136//3136 3109//3109
f 3130//3130 3132//3132 3137//3137
f 3136//3136 3137//3137 3138//3138
f 3139//3139 3140//3140 3141//3141
f 3142//3142 3141//3141 3082//3082
f 3140//3140 3123//3123 3124//3124
f 3141//3141 3124//3124 3104//3104
f 3139//3139 3142//3142 3143//3143
f 3143//3143 3144//3144 3145//3145
f 3142//3142 3081//3081 3144//3144
f 3144//3144 3096//3096 3146//3146
f 3139//3139 3143//3143 3147//3147
f 3148//3148 3147//3147 3149//3149
f 3143//3143 3145//3145 3150//3150
f 3147//3147 3150//3150 3151//3151
f 3139//3139 3148//3148 3140//3140
f 3140//3140 3152//3152 3123//3123
f 3148//3148 3153//3153 3152//3152
f 3152//3152 3154//3154 3128//3128
f 3155//3155 3156//3156 3157//3157
f 3158//3158 3157//3157 3159//3159
f 3156//3156 3160//3160 3161//3161
f 3157//3157 3161//3161 3162//3162
f 3155//3155 3158//3158 3163//3163
f 3163//3163 3164//3164 3132//3132
f 3158//3158 3165//3165 3164//3164
f 3164//3164 3166//3166 3137//3137
f 3155//3155 3163//3163 3167//3167
f 3168//3168 3167//3167 3169//3169
f 3163//3163 3132//3132 3135//3135
f 3167//3167 3135//3135 3170//3170
f 3155//3155 3168//3168 3156//3156
f 3156//3156 3171//3171 3160//3160
f 3168//3168 3172//3172 3171//3171
f 3171//3171 3173//3173 3174//3174
f 3175//3175 3176//3176 3177//3177
f 3177//3177 3178//3178 3179//3179
f 3176//3176 3165//3165 3178//3178
f 3178//3178 3159//3159 3180//3180
f 3175//3175 3177//3177 3181//3181
f 3182//3182 3181//3181 3183//3183
f 3177//3177 3179//3179 3184//3184
f 3181//3181 3184//3184 3185//3185
f 3175//3175 3182//3182 3186//3186
f 3186//3186 3187//3187 3107//3107
f 3182//3182 3188//3188 3187//3187
f 3187//3187 3189//3189 3114//3114
f 3175//3175 3186//3186 3190//3190
f 3176//3176 3190//3190 3166//3166
f 3186//3186 3107//3107 3110//3110
f 3190//3190 3110//3110 3138//3138
f 3191//3191 3192//3192 3193//3193
f 3194//3194 3193//3193 3195//3195
f 3192//3192 3179//3179 3180//3180
f 3193//3193 3180//3180 3162//3162
f 3191//3191 3194//3194 3196//3196
f 3196//3196 3197//3197 2989//2989
f 3194//3194 3198//3198 3197//3197
f 3197//3197 3199//3199 2994//2994
f 3191//3191 3196//3196 3200//3200
f 3201//3201 3200//3200 3202//3202
f 3196//3196 2989//2989 2992//2992
f 3200//3200 2992//2992 3203//3203
f 3191//3191 3201//3201 3192//3192
f 3192//3192 3204//3204 3179//3179
f 3201//3201 3205//3205 3204//3204
f 3204//3204 3206//3206 3184//3184
f 3207//3207 3208//3208 3209//3209
f 3209//3209 3210//3210 3160//3160
f 3208//3208 3198//3198 3210//3210
f 3210//3210 3195//3195 3161//3161
f 3207//3207 3209//3209 3211//3211
f 3212//3212 3211//3211 3213//3213
f 3209//3209 3160//3160 3174//3174
f 3211//3211 3174//3174 3214//3214
f 3207//3207 3212//3212 3215//3215
f 3215//3215 3216//3216 2966//2966
f 3212//3212 3217//3217 3216//3216
f 3216//3216 3218//3218 2972//2972
f 3207//3207 3215//3215 3219//3219
f 3208//3208 3219//3219 3199//3199
f 3215//3215 2966//2966 2969//2969
f 3219//3219 2969//2969 2995//2995
f 3220//3220 3221//3221 3222//3222
f 3223//3223 3222//3222 3224//3224
f 3221//3221 3225//3225 3226//3226
f 3222//3222 3226//3226 3227//3227
f 3220//3220 3223//3223 3228//3228
f 3228//3228 3229//3229 2730//2730
f 3223//3223 3230//3230 3229//3229
f 3229//3229 3231//3231 2733//2733
f 3220//3220 3228//3228 3232//3232
f 3233//3233 3232//3232 3234//3234
f 3228//3228 2730//2730 2731//2731
f 3232//3232 2731//2731 2668//2668
f 3220//3220 3233//3233 3221//3221
f 3221//3221 3235//3235 3225//3225
f 3233//3233 3236//3236 3235//3235
f 3235//3235 3237//3237 3238//3238
f 3239//3239 3240//3240 3241//3241
f 3241//3241 3242//3242 3243//3243
f 3240//3240 3230//3230 3242//3242
f 3242//3242 3224//3224 3244//3244
f 3239//3239 3241//3241 3245//3245
f 3246//3246 3245//3245 3247//3247
f 3241//3241 3243//3243 3248//3248
f 3245//3245 3248//3248 3249//3249
f 3239//3239 3246//3246 3250//3250
f 3250//3250 3251//3251 2710//2710
f 3246//3246 3252//3252 3251//3251
f 3251//3251 3253//3253 2717//2717
f 3239//3239 3250//3250 3254//3254
f 3240//3240 3254//3254 3231//3231
f 3250//3250 2710//2710 2713//2713
f 3254//3254 2713//2713 2734//2734
f 3255//3255 3256//3256 3257//3257
f 3257//3257 3258//3258 3259//3259
f 3260//3260 3243//3243 3261//3261
f 3261//3261 3244//3244 3262//3262
f 3255//3255 3257//3257 3263//3263
f 3264//3264 3263//3263 3265//3265
f 3257//3257 3259//3259 3266//3266
f 3263//3263 3266//3266 3267//3267
f 3255//3255 3264//3264 3268//3268
f 3268//3268 3269//3269 3270//3270
f 3264//3264 3271//3271 3269//3269
f 3269//3269 3272//3272 3273//3273
f 3255//3255 3268//3268 3274//3274
f 3260//3260 3275//3275 3243//3243
f 3268//3268 3270//3270 3274//3274
f 3275//3275 3276//3276 3248//3248
f 3277//3277 3278//3278 3279//3279
f 3280//3280 3281//3281 3226//3226
f 3278//3278 3259//3259 3282//3282
f 3281//3281 3262//3262 3227//3227
f 3277//3277 3283//3283 3284//3284
f 3284//3284 3285//3285 3286//3286
f 3280//3280 3225//3225 3287//3287
f 3287//3287 3238//3238 3288//3288
f 3277//3277 3284//3284 3289//3289
f 3290//3290 3289//3289 3291//3291
f 3284//3284 3286//3286 3292//3292
f 3289//3289 3292//3292 3293//3293
f 3277//3277 3290//3290 3278//3278
f 3278//3278 3294//3294 3259//3259
f 3290//3290 3295//3295 3294//3294
f 3294//3294 3296//3296 3266//3266
f 3297//3297 3298//3298 3292//3292
f 3300//3300 3301//3301 3302//3302
f 3302//3302 3303//3303 3304//3304
f 3305//3305 3306//3306 3307//3307
f 3307//3307 3308//3308 3309//3309
f 3300//3300 3302//3302 3310//3310
f 3311//3311 3310//3310 3013//3013
f 3302//3302 3304//3304 3312//3312
f 3310//3310 3312//3312 2986//2986
f 3300//3300 3311//3311 3313//3313
f 3313//3313 3314//3314 2779//2779
f 3311//3311 3012//3012 3314//3314
f 3314//3314 3009//3009 2787//2787
f 3300//3300 3313//3313 3315//3315
f 3305//3305 3316//3316 3317//3317
f 3313//3313 2779//2779 3318//3318
f 3316//3316 2783//2783 2804//2804
f 3319//3319 3320//3320 3321//3321
f 3322//3322 3323//3323 3324//3324
f 3320//3320 3304//3304 3325//3325
f 3326//3326 3309//3309 3327//3327
f 3319//3319 3328//3328 3329//3329
f 3329//3329 3330//3330 3331//3331
f 3322//3322 3332//3332 3333//3333
f 3333//3333 3334//3334 3335//3335
f 3319//3319 3329//3329 3336//3336
f 3337//3337 3336//3336 2991//2991
f 3329//3329 3331//3331 3338//3338
f 3336//3336 3338//3338 3203//3203
f 3319//3319 3337//3337 3320//3320
f 3320//3320 3339//3339 3304//3304
f 3337//3337 2990//2990 3339//3339
f 3339//3339 2984//2984 3312//3312
f 3340//3340 3341//3341 3342//3342
f 3343//3343 3344//3344 3345//3345
f 3341//3341 3332//3332 3346//3346
f 3344//3344 3347//3347 3348//3348
f 3340//3340 3342//3342 3349//3349
f 3350//3350 3349//3349 3351//3351
f 3343//3343 3345//3345 3352//3352
f 3353//3353 3352//3352 3249//3249
f 3340//3340 3350//3350 3354//3354
f 3354//3354 3355//3355 3356//3356
f 3350//3350 3270//3270 3355//3355
f 3355//3355 3273//3273 3357//3357
f 3340//3340 3354//3354 3358//3358
f 3341//3341 3358//3358 3334//3334
f 3354//3354 3356//3356 3359//3359
f 3358//3358 3359//3359 3360//3360
f 3361//3361 3362//3362 3363//3363
f 3364//3364 3363//3363 3308//3308
f 3362//3362 3345//3345 3348//3348
f 3363//3363 3348//3348 3327//3327
f 3361//3361 3364//3364 3365//3365
f 3365//3365 3366//3366 2800//2800
f 3364//3364 3306//3306 3366//3366
f 3366//3366 3317//3317 2803//2803
f 3361//3361 3365//3365 3367//3367
f 3368//3368 3367//3367 3253//3253
f 3365//3365 2800//2800 2801//2801
f 3367//3367 2801//2801 2718//2718
f 3361//3361 3368//3368 3362//3362
f 3362//3362 3369//3369 3345//3345
f 3368//3368 3252//3252 3369//3369
f 3369//3369 3247//3247 3352//3352
f 3370//3370 3371//3371 3372//3372
f 3373//3373 3372//3372 3374//3374
f 3371//3371 3375//3375 3376//3376
f 3372//3372 3376//3376 3377//3377
f 3370//3370 3373//3373 3378//3378
f 3378//3378 3379//3379 3380//3380
f 3373//3373 3374//3374 3379//3379
f 3379//3379 3381//3381 3382//3382
f 3370//3370 3378//3378 3383//3383
f 3384//3384 3383//3383 2854//2854
f 3378//3378 3380//3380 3385//3385
f 3383//3383 3385//3385 2950//2950
f 3370//3370 3384//3384 3371//3371
f 3371//3371 3386//3386 3375//3375
f 3384//3384 2853//2853 3386//3386
f 3386//3386 2847//2847 3387//3387
f 3388//3388 3389//3389 3390//3390
f 3391//3391 3390//3390 3392//3392
f 3389//3389 3374//3374 3377//3377
f 3390//3390 3377//3377 3393//3393
f 3388//3388 3391//3391 3394//3394
f 3394//3394 3395//3395 3396//3396
f 3391//3391 3397//3397 3395//3395
f 3395//3395 3398//3398 3399//3399
f 3388//3388 3394//3394 3400//3400
f 3401//3401 3400//3400 3402//3402
f 3394//3394 3396//3396 3403//3403
f 3400//3400 3403//3403 3404//3404
f 3388//3388 3401//3401 3389//3389
f 3389//3389 3405//3405 3374//3374
f 3401//3401 3406//3406 3405//3405
f 3405//3405 3407//3407 3381//3381
f 3408//3408 3409//3409 3410//3410
f 3410//3410 3411//3411 3412//3412
f 3409//3409 3397//3397 3411//3411
f 3411//3411 3392//3392 3413//3413
f 3408//3408 3410//3410 3414//3414
f 3415//3415 3414//3414 3416//3416
f 3410//3410 3412//3412 3417//3417
f 3414//3414 3417//3417 3418//3418
f 3408//3408 3415//3415 3419//3419
f 3419//3419 3420//3420 3421//3421
f 3415//3415 3422//3422 3420//3420
f 3420//3420 3423//3423 3424//3424
f 3408//3408 3419//3419 3425//3425
f 3409//3409 3425//3425 3398//3398
f 3419//3419 3421//3421 3426//3426
f 3425//3425 3426//3426 3427//3427
f 3428//3428 3429//3429 3430//3430
f 3431//3431 3430//3430 3375//3375
f 3429//3429 3412//3412 3413//3413
f 3430//3430 3413//3413 3393//3393
f 3428//3428 3431//3431 3432//3432
f 3433//3433 3432//3432 2874//2874
f 3431//3431 3375//3375 3387//3387
f 3432//3432 3387//3387 2849//2849
f 3428//3428 3433//3433 3434//3434
f 3434//3434 3435//3435 3436//3436
f 3433//3433 2873//2873 3435//3435
f 3435//3435 2869//2869 3437//3437
f 3428//3428 3434//3434 3429//3429
f 3429//3429 3438//3438 3412//3412
f 3434//3434 3436//3436 3438//3438
f 3438//3438 3439//3439 3417//3417
f 3440//3440 3441//3441 3442//3442
f 3443//3443 3442//3442 3444//3444
f 3441//3441 3445//3445 3446//3446
f 3442//3442 3446//3446 3447//3447
f 3440//3440 3443//3443 3448//3448
f 3448//3448 3449//3449 3450//3450
f 3443//3443 3451//3451 3449//3449
f 3449//3449 3452//3452 3453//3453
f 3440//3440 3448//3448 3454//3454
f 3455//3455 3454//3454 3456//3456
f 3448//3448 3450//3450 3457//3457
f 3454//3454 3457//3457 3458//3458
f 3440//3440 3455//3455 3441//3441
f 3441//3441 3459//3459 3445//3445
f 3455//3455 3460//3460 3459//3459
f 3459//3459 3461//3461 3462//3462
f 3463//3463 3464//3464 3465//3465
f 3465//3465 3466//3466 3467//3467
f 3464//3464 3451//3451 3466//3466
f 3466//3466 3444//3444 3468//3468
f 3463//3463 3465//3465 3469//3469
f 3470//3470 3469//3469 3296//3296
f 3465//3465 3467//3467 3471//3471
f 3469//3469 3471//3471 3267//3267
f 3463//3463 3470//3470 3472//3472
f 3472//3472 3473//3473 3474//3474
f 3470//3470 3295//3295 3473//3473
f 3473//3473 3291//3291 3475//3475
f 3463//3463 3472//3472 3476//3476
f 3464//3464 3476//3476 3452//3452
f 3472//3472 3474//3474 3477//3477
f 3476//3476 3477//3477 3478//3478
f 3479//3479 3480//3480 3481//3481
f 3482//3482 3481//3481 3483//3483
f 3480//3480 3467//3467 3468//3468
f 3481//3481 3468//3468 3447//3447
f 3479//3479 3482//3482 3484//3484
f 3484//3484 3485//3485 3486//3486
f 3482//3482 3487//3487 3485//3485
f 3485//3485 3488//3488 3489//3489
f 3479//3479 3484//3484 3490//3490
f 3491//3491 3490//3490 3272//3272
f 3484//3484 3486//3486 3492//3492
f 3490//3490 3492//3492 3493//3493
f 3479//3479 3491//3491 3480//3480
f 3480//3480 3494//3494 3467//3467
f 3491//3491 3271//3271 3494//3494
f 3494//3494 3265//3265 3471//3471
f 3495//3495 3496//3496 3497//3497
f 3497//3497 3498//3498 3445//3445
f 3496//3496 3487//3487 3498//3498
f 3498//3498 3483//3483 3446//3446
f 3495//3495 3497//3497 3499//3499
f 3500//3500 3499//3499 3501//3501
f 3497//3497 3445//3445 3462//3462
f 3499//3499 3462//3462 3502//3502
f 3495//3495 3500//3500 3503//3503
f 3503//3503 3504//3504 3505//3505
f 3500//3500 3506//3506 3504//3504
f 3504//3504 3507//3507 3508//3508
f 3495//3495 3503//3503 3509//3509
f 3496//3496 3509//3509 3488//3488
f 3503//3503 3505//3505 3510//3510
f 3509//3509 3510//3510 3511//3511
f 3512//3512 3513//3513 3514//3514
f 3514//3514 3515//3515 3516//3516
f 3517//3517 3518//3518 3519//3519
f 3519//3519 3520//3520 3521//3521
f 3512//3512 3514//3514 3522//3522
f 3523//3523 3522//3522 3206//3206
f 3514//3514 3516//3516 3524//3524
f 3522//3522 3524//3524 3185//3185
f 3512//3512 3523//3523 3525//3525
f 3525//3525 3526//3526 3331//3331
f 3523//3523 3205//3205 3526//3526
f 3526//3526 3202//3202 3338//3338
f 3512//3512 3525//3525 3527//3527
f 3517//3517 3528//3528 3529//3529
f 3525//3525 3331//3331 3530//3530
f 3528//3528 3335//3335 3360//3360
f 3531//3531 3532//3532 3533//3533
f 3534//3534 3535//3535 3536//3536
f 3532//3532 3516//3516 3537//3537
f 3535//3535 3521//3521 3538//3538
f 3531//3531 3539//3539 3540//3540
f 3540//3540 3541//3541 3542//3542
f 3534//3534 3543//3543 3544//3544
f 3544//3544 3545//3545 3546//3546
f 3531//3531 3540//3540 3547//3547
f 3548//3548 3547//3547 3189//3189
f 3540//3540 3542//3542 3549//3549
f 3547//3547 3549//3549 3115//3115
f 3531//3531 3548//3548 3532//3532
f 3532//3532 3550//3550 3516//3516
f 3548//3548 3188//3188 3550//3550
f 3550//3550 3183//3183 3524//3524
f 3551//3551 3552//3552 3553//3553
f 3553//3553 3554//3554 3555//3555
f 3552//3552 3543//3543 3554//3554
f 3554//3554 3536//3536 3556//3556
f 3551//3551 3553//3553 3557//3557
f 3558//3558 3557//3557 3510//3510
f 3553//3553 3555//3555 3559//3559
f 3557//3557 3559//3559 3511//3511
f 3551//3551 3558//3558 3560//3560
f 3560//3560 3561//3561 3562//3562
f 3558//3558 3505//3505 3561//3561
f 3561//3561 3508//3508 3563//3563
f 3551//3551 3560//3560 3564//3564
f 3552//3552 3564//3564 3545//3545
f 3560//3560 3562//3562 3565//3565
f 3564//3564 3565//3565 3566//3566
f 3567//3567 3568//3568 3569//3569
f 3570//3570 3569//3569 3520//3520
f 3568//3568 3555//3555 3556//3556
f 3569//3569 3556//3556 3538//3538
f 3567//3567 3570//3570 3571//3571
f 3571//3571 3572//3572 3356//3356
f 3570//3570 3518//3518 3572//3572
f 3572//3572 3529//3529 3359//3359
f 3567//3567 3571//3571 3573//3573
f 3574//3574 3573//3573 3486//3486
f 3571//3571 3356//3356 3357//3357
f 3573//3573 3357//3357 3492//3492
f 3567//3567 3574//3574 3568//3568
f 3568//3568 3575//3575 3555//3555
f 3574//3574 3486//3486 3489//3489
f 3575//3575 3489//3489 3559//3559
f 3576//3576 3577//3577 3578//3578
f 3578//3578 3579//3579 3474//3474
f 3577//3577 3580//3580 3579//3579
f 3579//3579 3581//3581 3477//3477
f 3576//3576 3578//3578 3582//3582
f 3578//3578 3474//3474 3475//3475
f 3582//3582 3475//3475 3293//3293
f 3583//3583 3585//3585 3586//3586
f 3586//3586 3587//3587 3450//3450
f 3585//3585 3588//3588 3587//3587
f 3587//3587 3589//3589 3457//3457
f 3583//3583 3586//3586 3590//3590
f 3584//3584 3590//3590 3581//3581
f 3586//3586 3450//3450 3453//3453
f 3590//3590 3453//3453 3478//3478
f 3591//3591 3402//3402 3592//3592
f 3595//3595 3596//3596 3597//3597
f 3597//3597 3598//3598 3599//3599
f 3596//3596 3600//3600 3598//3598
f 3598//3598 3601//3601 3602//3602
f 3595//3595 3597//3597 3603//3603
f 3604//3604 3605//3605 3173//3173
f 3597//3597 3599//3599 3606//3606
f 3605//3605 3607//3607 3214//3214
f 3595//3595 3608//3608 3609//3609
f 3609//3609 3610//3610 3611//3611
f 3604//3604 3172//3172 3612//3612
f 3612//3612 3169//3169 3613//3613
f 3595//3595 3609//3609 3614//3614
f 3596//3596 3614//3614 3615//3615
f 3609//3609 3611//3611 3616//3616
f 3614//3614 3616//3616 3617//3617
f 3618//3618 3619//3619 3620//3620
f 3621//3621 3620//3620 3622//3622
f 3619//3619 3599//3599 3602//3602
f 3620//3620 3602//3602 3623//3623
f 3618//3618 3621//3621 3624//3624
f 3625//3625 3624//3624 2900//2900
f 3621//3621 3622//3622 3626//3626
f 3624//3624 3626//3626 2939//2939
f 3618//3618 3625//3625 3627//3627
f 3628//3628 3629//3629 3218//3218
f 3625//3625 2893//2893 3630//3630
f 3629//3629 2897//2897 2973//2973
f 3618//3618 3631//3631 3619//3619
f 3619//3619 3632//3632 3599//3599
f 3628//3628 3217//3217 3633//3633
f 3633//3633 3213//3213 3607//3607
f 3634//3634 3635//3635 3636//3636
f 3637//3637 3636//3636 3638//3638
f 3635//3635 3622//3622 3623//3623
f 3636//3636 3623//3623 3639//3639
f 3634//3634 3637//3637 3640//3640
f 3640//3640 3641//3641 3436//3436
f 3637//3637 3642//3642 3641//3641
f 3641//3641 3643//3643 3418//3418
f 3634//3634 3640//3640 3644//3644
f 3645//3645 3644//3644 2943//2943
f 3640//3640 3436//3436 3437//3437
f 3644//3644 3437//3437 2871//2871
f 3634//3634 3645//3645 3635//3635
f 3635//3635 3646//3646 3622//3622
f 3645//3645 2942//2942 3646//3646
f 3646//3646 2938//2938 3626//3626
f 3647//3647 3648//3648 3649//3649
f 3650//3650 3649//3649 3601//3601
f 3648//3648 3642//3642 3638//3638
f 3649//3649 3638//3638 3601//3601
f 3647//3647 3650//3650 3651//3651
f 3651//3651 3652//3652 3653//3653
f 3650//3650 3600//3600 3652//3652
f 3652//3652 3615//3615 3653//3653
f 3647//3647 3651//3651 3654//3654
f 3655//3655 3654//3654 3423//3423
f 3651//3651 3656//3656 3654//3654
f 3654//3654 3657//3657 3423//3423
f 3647//3647 3655//3655 3648//3648
f 3648//3648 3658//3658 3642//3642
f 3655//3655 3422//3422 3658//3658
f 3658//3658 3416//3416 3643//3643
f 3659//3659 3660//3660 3661//3661
f 3661//3661 3662//3662 3663//3663
f 3660//3660 3664//3664 3662//3662
f 3662//3662 3665//3665 3666//3666
f 3659//3659 3661//3661 3667//3667
f 3668//3668 3667//3667 3669//3669
f 3661//3661 3663//3663 3670//3670
f 3667//3667 3670//3670 3671//3671
f 3659//3659 3668//3668 3672//3672
f 3672//3672 3673//3673 3396//3396
f 3668//3668 3674//3674 3673//3673
f 3673//3673 3675//3675 3403//3403
f 3659//3659 3672//3672 3676//3676
f 3660//3660 3676//3676 3677//3677
f 3672//3672 3396//3396 3399//3399
f 3676//3676 3399//3399 3427//3427
f 3678//3678 3679//3679 3680//3680
f 3681//3681 3680//3680 3682//3682
f 3679//3679 3663//3663 3666//3666
f 3680//3680 3666//3666 3683//3683
f 3678//3678 3681//3681 3684//3684
f 3684//3684 3685//3685 3686//3686
f 3681//3681 3687//3687 3685//3685
f 3685//3685 3688//3688 3689//3689
f 3678//3678 3684//3684 3690//3690
f 3691//3691 3690//3690 3692//3692
f 3684//3684 3686//3686 3693//3693
f 3690//3690 3693//3693 3694//3694
f 3678//3678 3691//3691 3679//3679
f 3679//3679 3695//3695 3663//3663
f 3691//3691 3696//3696 3695//3695
f 3695//3695 3697//3697 3670//3670
f 3698//3698 3699//3699 3700//3700
f 3700//3700 3701//3701 3702//3702
f 3699//3699 3687//3687 3701//3701
f 3701//3701 3682//3682 3703//3703
f 3698//3698 3700//3700 3704//3704
f 3705//3705 3704//3704 3706//3706
f 3700//3700 3702//3702 3707//3707
f 3704//3704 3707//3707 3708//3708
f 3698//3698 3705//3705 3709//3709
f 3709//3709 3710//3710 3711//3711
f 3705//3705 3712//3712 3710//3710
f 3710//3710 3713//3713 3714//3714
f 3698//3698 3709//3709 3715//3715
f 3699//3699 3715//3715 3688//3688
f 3709//3709 3711//3711 3716//3716
f 3715//3715 3716//3716 3717//3717
f 3718//3718 3719//3719 3720//3720
f 3721//3721 3720//3720 3665//3665
f 3719//3719 3702//3702 3703//3703
f 3720//3720 3703//3703 3683//3683
f 3718//3718 3721//3721 3722//3722
f 3722//3722 3723//3723 3421//3421
f 3721//3721 3664//3664 3723//3723
f 3723//3723 3677//3677 3426//3426
f 3718//3718 3722//3722 3724//3724
f 3725//3725 3724//3724 3726//3726
f 3722//3722 3421//3421 3424//3424
f 3724//3724 3424//3424 3727//3727
f 3718//3718 3725//3725 3719//3719
f 3719//3719 3728//3728 3702//3702
f 3725//3725 3729//3729 3728//3728
f 3728//3728 3730//3730 3707//3707
f 3731//3731 3732//3732 3733//3733
f 3733//3733 3734//3734 3735//3735
f 3732//3732 3736//3736 3734//3734
f 3734//3734 3737//3737 3738//3738
f 3731//3731 3733//3733 3739//3739
f 3740//3740 3739//3739 3741//3741
f 3733//3733 3735//3735 3742//3742
f 3739//3739 3742//3742 3743//3743
f 3731//3731 3740//3740 3744//3744
f 3744//3744 3745//3745 3686//3686
f 3740//3740 3746//3746 3745//3745
f 3745//3745 3747//3747 3693//3693
f 3731//3731 3744//3744 3748//3748
f 3732//3732 3748//3748 3749//3749
f 3744//3744 3686//3686 3689//3689
f 3748//3748 3689//3689 3717//3717
f 3750//3750 3751//3751 3752//3752
f 3753//3753 3752//3752 3754//3754
f 3751//3751 3735//3735 3738//3738
f 3752//3752 3738//3738 3755//3755
f 3750//3750 3753//3753 3756//3756
f 3756//3756 3757//3757 3758//3758
f 3753//3753 3759//3759 3757//3757
f 3757//3757 3760//3760 3758//3758
f 3750//3750 3756//3756 3761//3761
f 3762//3762 3761//3761 3763//3763
f 3756//3756 3764//3764 3761//3761
f 3761//3761 3765//3765 3763//3763
f 3750//3750 3762//3762 3751//3751
f 3751//3751 3766//3766 3735//3735
f 3762//3762 3767//3767 3766//3766
f 3766//3766 3768//3768 3742//3742
f 3769//3769 3770//3770 3771//3771
f 3771//3771 3772//3772 3773//3773
f 3770//3770 3759//3759 3772//3772
f 3772//3772 3754//3754 3774//3774
f 3769//3769 3771//3771 3775//3775
f 3776//3776 3775//3775 3777//3777
f 3771//3771 3773//3773 3778//3778
f 3775//3775 3778//3778 3779//3779
f 3769//3769 3776//3776 3780//3780
f 3780//3780 3781//3781 3782//3782
f 3776//3776 3783//3783 3781//3781
f 3781//3781 3784//3784 3785//3785
f 3769//3769 3780//3780 3786//3786
f 3770//3770 3786//3786 3760//3760
f 3780//3780 3782//3782 3787//3787
f 3786//3786 3787//3787 3788//3788
f 3789//3789 3790//3790 3791//3791
f 3792//3792 3791//3791 3737//3737
f 3790//3790 3773//3773 3774//3774
f 3791//3791 3774//3774 3755//3755
f 3789//3789 3792//3792 3793//3793
f 3793//3793 3794//3794 3711//3711
f 3792//3792 3736//3736 3794//3794
f 3794//3794 3749//3749 3716//3716
f 3789//3789 3793//3793 3795//3795
f 3796//3796 3795//3795 3797//3797
f 3793//3793 3711//3711 3714//3714
f 3795//3795 3714//3714 3798//3798
f 3789//3789 3796//3796 3790//3790
f 3790//3790 3799//3799 3773//3773
f 3796//3796 3800//3800 3799//3799
f 3799//3799 3801//3801 3778//3778
f 3802//3802 3803//3803 3804//3804
f 3805//3805 3804//3804 3806//3806
f 3803//3803 3807//3807 3808//3808
f 3804//3804 3808//3808 3809//3809
f 3802//3802 3805//3805 3810//3810
f 3810//3810 3811//3811 3812//3812
f 3805//3805 3813//3813 3811//3811
f 3811//3811 3814//3814 3815//3815
f 3802//3802 3810//3810 3816//3816
f 3817//3817 3816//3816 3765//3765
f 3810//3810 3812//3812 3818//3818
f 3816//3816 3818//3818 3819//3819
f 3802//3802 3817//3817 3803//3803
f 3803//3803 3820//3820 3807//3807
f 3817//3817 3764//3764 3820//3820
f 3820//3820 3758//3758 3821//3821
f 3822//3822 3823//3823 3824//3824
f 3824//3824 3825//3825 3826//3826
f 3823//3823 3813//3813 3825//3825
f 3825//3825 3806//3806 3827//3827
f 3822//3822 3824//3824 3828//3828
f 3829//3829 3828//3828 3461//3461
f 3824//3824 3826//3826 3830//3830
f 3828//3828 3830//3830 3502//3502
f 3822//3822 3829//3829 3831//3831
f 3831//3831 3832//3832 3833//3833
f 3829//3829 3460//3460 3832//3832
f 3832//3832 3456//3456 3834//3834
f 3822//3822 3831//3831 3835//3835
f 3823//3823 3835//3835 3814//3814
f 3831//3831 3833//3833 3836//3836
f 3835//3835 3836//3836 3837//3837
f 3838//3838 3839//3839 3840//3840
f 3841//3841 3840//3840 3842//3842
f 3839//3839 3826//3826 3827//3827
f 3840//3840 3827//3827 3809//3809
f 3838//3838 3841//3841 3843//3843
f 3843//3843 3844//3844 3845//3845
f 3841//3841 3846//3846 3844//3844
f 3844//3844 3847//3847 3848//3848
f 3838//3838 3843//3843 3849//3849
f 3850//3850 3849//3849 3507//3507
f 3843//3843 3845//3845 3851//3851
f 3849//3849 3851//3851 3852//3852
f 3838//3838 3850//3850 3839//3839
f 3839//3839 3853//3853 3826//3826
f 3850//3850 3506//3506 3853//3853
f 3853//3853 3501//3501 3830//3830
f 3854//3854 3855//3855 3856//3856
f 3856//3856 3857//3857 3807//3807
f 3855//3855 3846//3846 3857//3857
f 3857//3857 3842//3842 3808//3808
f 3854//3854 3856//3856 3858//3858
f 3859//3859 3858//3858 3787//3787
f 3856//3856 3807//3807 3821//3821
f 3858//3858 3821//3821 3788//3788
f 3854//3854 3859//3859 3860//3860
f 3860//3860 3861//3861 3862//3862
f 3859//3859 3782//3782 3861//3861
f 3861//3861 3785//3785 3863//3863
f 3854//3854 3860//3860 3864//3864
f 3855//3855 3864//3864 3847//3847
f 3860//3860 3862//3862 3865//3865
f 3864//3864 3865//3865 3866//3866
f 3867//3867 3868//3868 3870//3870
f 3871//3871 3870//3870 3697//3697
f 3868//3868 3869//3869 3872//3872
f 3870//3870 3872//3872 3671//3671
f 3867//3867 3871//3871 3873//3873
f 3873//3873 3874//3874 3875//3875
f 3871//3871 3696//3696 3874//3874
f 3874//3874 3692//3692 3876//3876
f 3879//3879 3878//3878 3675//3675
f 3878//3878 3592//3592 3404//3404
f 3877//3877 3880//3880 3869//3869
f 3879//3879 3674//3674 3880//3880
f 3880//3880 3669//3669 3872//3872
f 3881//3881 3882//3882 3883//3883
f 3883//3883 3884//3884 3767//3767
f 3884//3884 3885//3885 3743//3743
f 3881//3881 3883//3883 3886//3886
f 3887//3887 3886//3886 3888//3888
f 3883//3883 3767//3767 3763//3763
f 3886//3886 3763//3763 3819//3819
f 3892//3892 3891//3891 3747//3747
f 3890//3890 3875//3875 3876//3876
f 3891//3891 3876//3876 3694//3694
f 3892//3892 3746//3746 3893//3893
f 3893//3893 3741//3741 3885//3885
f 3894//3894 3895//3895 3896//3896
f 3896//3896 3897//3897 3833//3833
f 3895//3895 3898//3898 3897//3897
f 3897//3897 3899//3899 3836//3836
f 3894//3894 3896//3896 3900//3900
f 3901//3901 3900//3900 3589//3589
f 3896//3896 3833//3833 3834//3834
f 3900//3900 3834//3834 3458//3458
f 3902//3902 3904//3904 3905//3905
f 3905//3905 3906//3906 3812//3812
f 3904//3904 3889//3889 3906//3906
f 3906//3906 3888//3888 3818//3818
f 3902//3902 3905//3905 3907//3907
f 3903//3903 3907//3907 3899//3899
f 3905//3905 3812//3812 3815//3815
f 3907//3907 3815//3815 3837//3837
f 3908//3908 3909//3909 3910//3910
f 3911//3911 3910//3910 3912//3912
f 3909//3909 3913//3913 3914//3914
f 3910//3910 3914//3914 3915//3915
f 3916//3916 3917//3917 3918//3918
f 3918//3918 3919//3919 3154//3154
f 3911//3911 3920//3920 3921//3921
f 3919//3919 3922//3922 3129//3129
f 3916//3916 3918//3918 3923//3923
f 3924//3924 3923//3923 3925//3925
f 3918//3918 3153//3153 3923//3923
f 3923//3923 3149//3149 3151//3151
f 3908//3908 3926//3926 3909//3909
f 3909//3909 3927//3927 3913//3913
f 3926//3926 3928//3928 3927//3927
f 3927//3927 3929//3929 3930//3930
f 3931//3931 3932//3932 3933//3933
f 3934//3934 3933//3933 3935//3935
f 3932//3932 3920//3920 3912//3912
f 3933//3933 3912//3912 3936//3936
f 3931//3931 3934//3934 3937//3937
f 3937//3937 3938//3938 3611//3611
f 3934//3934 3935//3935 3938//3938
f 3938//3938 3939//3939 3616//3616
f 3931//3931 3937//3937 3940//3940
f 3941//3941 3942//3942 3134//3134
f 3937//3937 3611//3611 3943//3943
f 3942//3942 3613//3613 3170//3170
f 3931//3931 3944//3944 3932//3932
f 3932//3932 3945//3945 3920//3920
f 3941//3941 3133//3133 3946//3946
f 3946//3946 3127//3127 3922//3922
f 3947//3947 3948//3948 3949//3949
f 3950//3950 3949//3949 3951//3951
f 3948//3948 3935//3935 3936//3936
f 3949//3949 3936//3936 3915//3915
f 3947//3947 3950//3950 3952//3952
f 3952//3952 3953//3953 3954//3954
f 3950//3950 3955//3955 3953//3953
f 3953//3953 3956//3956 3957//3957
f 3947//3947 3952//3952 3958//3958
f 3959//3959 3958//3958 3657//3657
f 3952//3952 3954//3954 3960//3960
f 3958//3958 3960//3960 3727//3727
f 3947//3947 3959//3959 3948//3948
f 3948//3948 3961//3961 3935//3935
f 3959//3959 3656//3656 3961//3961
f 3961//3961 3653//3653 3617//3617
f 3962//3962 3963//3963 3964//3964
f 3964//3964 3965//3965 3913//3913
f 3963//3963 3955//3955 3965//3965
f 3965//3965 3951//3951 3914//3914
f 3962//3962 3964//3964 3966//3966
f 3967//3967 3966//3966 3968//3968
f 3964//3964 3913//3913 3930//3930
f 3966//3966 3930//3930 3969//3969
f 3962//3962 3967//3967 3970//3970
f 3970//3970 3971//3971 3972//3972
f 3967//3967 3973//3973 3971//3971
f 3971//3971 3974//3974 3975//3975
f 3962//3962 3970//3970 3976//3976
f 3963//3963 3976//3976 3956//3956
f 3970//3970 3972//3972 3977//3977
f 3976//3976 3977//3977 3978//3978
f 3979//3979 3980//3980 3981//3981
f 3981//3981 3982//3982 3983//3983
f 3980//3980 3984//3984 3982//3982
f 3982//3982 3985//3985 3986//3986
f 3979//3979 3981//3981 3987//3987
f 3988//3988 3987//3987 3929//3929
f 3981//3981 3983//3983 3989//3989
f 3987//3987 3989//3989 3969//3969
f 3990//3990 3991//3991 3992//3992
f 3992//3992 3993//3993 3994//3994
f 3991//3991 3995//3995 3993//3993
f 3993//3993 3925//3925 3996//3996
f 3990//3990 3992//3992 3997//3997
f 3998//3998 3997//3997 3999//3999
f 3992//3992 3994//3994 4000//4000
f 3997//3997 4000//4000 4001//4001
f 4002//4002 4003//4003 4004//4004
f 4005//4005 4004//4004 4006//4006
f 4003//4003 3983//3983 3986//3986
f 4004//4004 3986//3986 4007//4007
f 4002//4002 4005//4005 4008//4008
f 4008//4008 4009//4009 4010//4010
f 4005//4005 4011//4011 4009//4009
f 4009//4009 4012//4012 4013//4013
f 4002//4002 4008//4008 4014//4014
f 4015//4015 4014//4014 3974//3974
f 4008//4008 4010//4010 4016//4016
f 4014//4014 4016//4016 4017//4017
f 4002//4002 4015//4015 4003//4003
f 4003//4003 4018//4018 3983//3983
f 4015//4015 3973//3973 4018//4018
f 4018//4018 3968//3968 3989//3989
f 4019//4019 4020//4020 4021//4021
f 4021//4021 4022//4022 4023//4023
f 4020//4020 4011//4011 4022//4022
f 4022//4022 4006//4006 4024//4024
f 4019//4019 4021//4021 4025//4025
f 4026//4026 4025//4025 4027//4027
f 4021//4021 4023//4023 4028//4028
f 4025//4025 4028//4028 4029//4029
f 4019//4019 4026//4026 4030//4030
f 4030//4030 4031//4031 4032//4032
f 4026//4026 4033//4033 4031//4031
f 4031//4031 4034//4034 4035//4035
f 4019//4019 4030//4030 4036//4036
f 4020//4020 4036//4036 4012//4012
f 4030//4030 4032//4032 4037//4037
f 4036//4036 4037//4037 4038//4038
f 4039//4039 4040//4040 4041//4041
f 4042//4042 4041//4041 3985//3985
f 4040//4040 4023//4023 4024//4024
f 4041//4041 4024//4024 4007//4007
f 4043//4043 4044//4044 4045//4045
f 4045//4045 4046//4046 4047//4047
f 4044//4044 4048//4048 4046//4046
f 4046//4046 3999//3999 4049//4049
f 4043//4043 4045//4045 4050//4050
f 4051//4051 4050//4050 4052//4052
f 4045//4045 4047//4047 4053//4053
f 4050//4050 4053//4053 4054//4054
f 4039//4039 4055//4055 4040//4040
f 4040//4040 4056//4056 4023//4023
f 4055//4055 4057//4057 4056//4056
f 4056//4056 4058//4058 4028//4028
f 4059//4059 4060//4060 4061//4061
f 4061//4061 4062//4062 4063//4063
f 4060//4060 4064//4064 4062//4062
f 4062//4062 4065//4065 4066//4066
f 4059//4059 4061//4061 4067//4067
f 4068//4068 4067//4067 3730//3730
f 4061//4061 4063//4063 4069//4069
f 4067//4067 4069//4069 3708//3708
f 4059//4059 4068//4068 4070//4070
f 4070//4070 4071//4071 3954//3954
f 4068//4068 3729//3729 4071//4071
f 4071//4071 3726//3726 3960//3960
f 4059//4059 4070//4070 4072//4072
f 4060//4060 4072//4072 4073//4073
f 4070//4070 3954//3954 3957//3957
f 4072//4072 3957//3957 3978//3978
f 4074//4074 4075//4075 4076//4076
f 4077//4077 4076//4076 4078//4078
f 4075//4075 4063//4063 4066//4066
f 4076//4076 4066//4066 4079//4079
f 4074//4074 4077//4077 4080//4080
f 4080//4080 4081//4081 4082//4082
f 4077//4077 4078//4078 4083//4083
f 4081//4081 4083//4083 4084//4084
f 4074//4074 4080//4080 4085//4085
f 4086//4086 4085//4085 3713//3713
f 4080//4080 4087//4087 4085//4085
f 4085//4085 4088//4088 3713//3713
f 4074//4074 4086//4086 4075//4075
f 4075//4075 4089//4089 4063//4063
f 4086//4086 3712//3712 4089//4089
f 4089//4089 3706//3706 4069//4069
f 4090//4090 4091//4091 4092//4092
f 4093//4093 4092//4092 4065//4065
f 4091//4091 4078//4078 4094//4094
f 4092//4092 4094//4094 4079//4079
f 4090//4090 4093//4093 4095//4095
f 4095//4095 4096//4096 3972//3972
f 4093//4093 4064//4064 4096//4096
f 4096//4096 4073//4073 3977//3977
f 4090//4090 4095//4095 4097//4097
f 4098//4098 4097//4097 4099//4099
f 4095//4095 3972//3972 3975//3975
f 4097//4097 3975//3975 4017//4017
f 4090//4090 4098//4098 4091//4091
f 4091//4091 4100//4100 4078//4078
f 4098//4098 4101//4101 4100//4100
f 4100//4100 4102//4102 4083//4083
f 4103//4103 4104//4104 4105//4105
f 4105//4105 4106//4106 4107//4107
f 4104//4104 4108//4108 4106//4106
f 4106//4106 4109//4109 4110//4110
f 4103//4103 4105//4105 4111//4111
f 4112//4112 4111//4111 3801//3801
f 4105//4105 4107//4107 4113//4113
f 4111//4111 4113//4113 3779//3779
f 4103//4103 4112//4112 4114//4114
f 4114//4114 4115//4115 4116//4116
f 4112//4112 3800//3800 4115//4115
f 4115//4115 3797//3797 4117//4117
f 4103//4103 4114//4114 4118//4118
f 4104//4104 4118//4118 4119//4119
f 4114//4114 4116//4116 4120//4120
f 4118//4118 4120//4120 4121//4121
f 4122//4122 4123//4123 4124//4124
f 4125//4125 4124//4124 4126//4126
f 4123//4123 4107//4107 4110//4110
f 4124//4124 4110//4110 4127//4127
f 4122//4122 4125//4125 4128//4128
f 4128//4128 4129//4129 4130//4130
f 4125//4125 4131//4131 4132//4132
f 4129//4129 4132//4132 4133//4133
f 4122//4122 4128//4128 4134//4134
f 4135//4135 4134//4134 3784//3784
f 4128//4128 4136//4136 4134//4134
f 4134//4134 4137//4137 3784//3784
f 4122//4122 4135//4135 4123//4123
f 4123//4123 4138//4138 4107//4107
f 4135//4135 3783//3783 4138//4138
f 4138//4138 3777//3777 4113//4113
f 4139//4139 4140//4140 4141//4141
f 4142//4142 4141//4141 4143//4143
f 4140//4140 4131//4131 4141//4141
f 4141//4141 4126//4126 4144//4144
f 4139//4139 4142//4142 4145//4145
f 4145//4145 4146//4146 4147//4147
f 4142//4142 4143//4143 4148//4148
f 4146//4146 4148//4148 4149//4149
f 4139//4139 4145//4145 4150//4150
f 4151//4151 4150//4150 4152//4152
f 4145//4145 4147//4147 4153//4153
f 4150//4150 4153//4153 4154//4154
f 4139//4139 4151//4151 4140//4140
f 4140//4140 4155//4155 4131//4131
f 4151//4151 4156//4156 4155//4155
f 4155//4155 4157//4157 4132//4132
f 4158//4158 4159//4159 4160//4160
f 4161//4161 4160//4160 4109//4109
f 4159//4159 4143//4143 4144//4144
f 4160//4160 4144//4144 4127//4127
f 4158//4158 4161//4161 4162//4162
f 4162//4162 4163//4163 4164//4164
f 4161//4161 4108//4108 4163//4163
f 4163//4163 4119//4119 4165//4165
f 4158//4158 4162//4162 4166//4166
f 4167//4167 4166//4166 4168//4168
f 4162//4162 4164//4164 4169//4169
f 4166//4166 4169//4169 4170//4170
f 4158//4158 4167//4167 4159//4159
f 4159//4159 4171//4171 4143//4143
f 4167//4167 4172//4172 4171//4171
f 4171//4171 4173//4173 4148//4148
f 4174//4174 4175//4175 4176//4176
f 4177//4177 4176//4176 4178//4178
f 4175//4175 4179//4179 4180//4180
f 4176//4176 4180//4180 4181//4181
f 4174//4174 4177//4177 4182//4182
f 4182//4182 4183//4183 4116//4116
f 4177//4177 4184//4184 4183//4183
f 4183//4183 4185//4185 4120//4120
f 4174//4174 4182//4182 4186//4186
f 4187//4187 4186//4186 4088//4088
f 4182//4182 4116//4116 4117//4117
f 4186//4186 4117//4117 4088//4088
f 4174//4174 4187//4187 4175//4175
f 4175//4175 4188//4188 4179//4179
f 4187//4187 4087//4087 4188//4188
f 4188//4188 4082//4082 4189//4189
f 4190//4190 4191//4191 4192//4192
f 4192//4192 4193//4193 4194//4194
f 4191//4191 4184//4184 4193//4193
f 4193//4193 4178//4178 4195//4195
f 4190//4190 4192//4192 4196//4196
f 4197//4197 4196//4196 4198//4198
f 4192//4192 4194//4194 4199//4199
f 4196//4196 4199//4199 4200//4200
f 4190//4190 4197//4197 4201//4201
f 4201//4201 4202//4202 4164//4164
f 4197//4197 4203//4203 4202//4202
f 4202//4202 4204//4204 4169//4169
f 4190//4190 4201//4201 4205//4205
f 4191//4191 4205//4205 4185//4185
f 4201//4201 4164//4164 4165//4165
f 4205//4205 4165//4165 4121//4121
f 4206//4206 4207//4207 4208//4208
f 4209//4209 4208//4208 4210//4210
f 4207//4207 4194//4194 4195//4195
f 4208//4208 4195//4195 4181//4181
f 4206//4206 4209//4209 4211//4211
f 4211//4211 4212//4212 4032//4032
f 4209//4209 4213//4213 4212//4212
f 4212//4212 4214//4214 4037//4037
f 4206//4206 4211//4211 4215//4215
f 4216//4216 4215//4215 4217//4217
f 4211//4211 4032//4032 4035//4035
f 4215//4215 4035//4035 4218//4218
f 4206//4206 4216//4216 4207//4207
f 4207//4207 4219//4219 4194//4194
f 4216//4216 4220//4220 4219//4219
f 4219//4219 4221//4221 4199//4199
f 4222//4222 4223//4223 4224//4224
f 4224//4224 4225//4225 4179//4179
f 4223//4223 4213//4213 4225//4225
f 4225//4225 4210//4210 4180//4180
f 4222//4222 4224//4224 4226//4226
f 4227//4227 4226//4226 4102//4102
f 4224//4224 4179//4179 4189//4189
f 4226//4226 4189//4189 4084//4084
f 4222//4222 4227//4227 4228//4228
f 4228//4228 4229//4229 4010//4010
f 4227//4227 4101//4101 4229//4229
f 4229//4229 4099//4099 4016//4016
f 4222//4222 4228//4228 4230//4230
f 4223//4223 4230//4230 4214//4214
f 4228//4228 4010//4010 4013//4013
f 4230//4230 4013//4013 4038//4038
f 4231//4231 4232//4232 4233//4233
f 4234//4234 4235//4235 4236//4236
f 4232//4232 4237//4237 4238//4238
f 4235//4235 4239//4239 4240//4240
f 4231//4231 4241//4241 4242//4242
f 4242//4242 4243//4243 4244//4244
f 4234//4234 4245//4245 4246//4246
f 4246//4246 4247//4247 4248//4248
f 4231//4231 4242//4242 4249//4249
f 4250//4250 4249//4249 3093//3093
f 4242//4242 4244//4244 4251//4251
f 4249//4249 4251//4251 4252//4252
f 4231//4231 4250//4250 4232//4232
f 4232//4232 4253//4253 4237//4237
f 4250//4250 3092//3092 4253//4253
f 4253//4253 3086//3086 4254//4254
f 4255//4255 4256//4256 4257//4257
f 4257//4257 4258//4258 4259//4259
f 4256//4256 4245//4245 4258//4258
f 4258//4258 4236//4236 4260//4260
f 4255//4255 4257//4257 4261//4261
f 4262//4262 4261//4261 4263//4263
f 4257//4257 4259//4259 4264//4264
f 4261//4261 4264//4264 4265//4265
f 4255//4255 4262//4262 4266//4266
f 4266//4266 4267//4267 4268//4268
f 4262//4262 4269//4269 4267//4267
f 4267//4267 4270//4270 4271//4271
f 4255//4255 4266//4266 4272//4272
f 4256//4256 4272//4272 4247//4247
f 4266//4266 4268//4268 4273//4273
f 4272//4272 4273//4273 4274//4274
f 4275//4275 4276//4276 4277//4277
f 4278//4278 4277//4277 4279//4279
f 4276//4276 4259//4259 4260//4260
f 4277//4277 4260//4260 4240//4240
f 4275//4275 4278//4278 4280//4280
f 4280//4280 4281//4281 3562//3562
f 4278//4278 4282//4282 4281//4281
f 4281//4281 4283//4283 3565//3565
f 4275//4275 4280//4280 4284//4284
f 4285//4285 4284//4284 4286//4286
f 4280//4280 3562//3562 3563//3563
f 4284//4284 3563//3563 3852//3852
f 4275//4275 4285//4285 4276//4276
f 4276//4276 4287//4287 4259//4259
f 4285//4285 4288//4288 4287//4287
f 4287//4287 4289//4289 4264//4264
f 4290//4290 4291//4291 4292//4292
f 4292//4292 4293//4293 4237//4237
f 4294//4294 4282//4282 4295//4295
f 4295//4295 4279//4279 4239//4239
f 4290//4290 4292//4292 4296//4296
f 4297//4297 4296//4296 3118//3118
f 4292//4292 4237//4237 4254//4254
f 4296//4296 4254//4254 3088//3088
f 4290//4290 4297//4297 4298//4298
f 4298//4298 4299//4299 3542//3542
f 4297//4297 3117//3117 4299//4299
f 4299//4299 3113//3113 3549//3549
f 4290//4290 4298//4298 4300//4300
f 4294//4294 4301//4301 4283//4283
f 4298//4298 3542//3542 4302//4302
f 4301//4301 3546//3546 3566//3566
f 4303//4303 4304//4304 4305//4305
f 4305//4305 4306//4306 4307//4307
f 4304//4304 4308//4308 4306//4306
f 4306//4306 4309//4309 4310//4310
f 4303//4303 4305//4305 4311//4311
f 4312//4312 4311//4311 4289//4289
f 4305//4305 4307//4307 4313//4313
f 4311//4311 4313//4313 4265//4265
f 4303//4303 4312//4312 4314//4314
f 4314//4314 4315//4315 3845//3845
f 4312//4312 4288//4288 4315//4315
f 4315//4315 4286//4286 3851//3851
f 4303//4303 4314//4314 4316//4316
f 4304//4304 4316//4316 4317//4317
f 4314//4314 3845//3845 3848//3848
f 4316//4316 3848//3848 3866//3866
f 4318//4318 4319//4319 4320//4320
f 4321//4321 4320//4320 4322//4322
f 4319//4319 4307//4307 4310//4310
f 4320//4320 4310//4310 4323//4323
f 4318//4318 4321//4321 4324//4324
f 4324//4324 4325//4325 4326//4326
f 4321//4321 4327//4327 4325//4325
f 4325//4325 4328//4328 4329//4329
f 4318//4318 4324//4324 4330//4330
f 4331//4331 4330//4330 4270//4270
f 4324//4324 4326//4326 4332//4332
f 4330//4330 4332//4332 4333//4333
f 4318//4318 4331//4331 4319//4319
f 4319//4319 4334//4334 4307//4307
f 4331//4331 4269//4269 4334//4334
f 4334//4334 4263//4263 4313//4313
f 4335//4335 4336//4336 4337//4337
f 4338//4338 4337//4337 4309//4309
f 4336//4336 4327//4327 4337//4337
f 4337//4337 4322//4322 4323//4323
f 4335//4335 4338//4338 4339//4339
f 4339//4339 4340//4340 3862//3862
f 4338//4338 4308//4308 4340//4340
f 4340//4340 4317//4317 3865//3865
f 4335//4335 4339//4339 4341//4341
f 4342//4342 4341//4341 4343//4343
f 4339//4339 3862//3862 3863//3863
f 4341//4341 3863//3863 4344//4344
f 4335//4335 4342//4342 4336//4336
f 4336//4336 4345//4345 4328//4328
f 4342//4342 4346//4346 4345//4345
f 4345//4345 4347//4347 4348//4348
f 4349//4349 4350//4350 4351//4351
f 4352//4352 4351//4351 4353//4353
f 4350//4350 4354//4354 4355//4355
f 4351//4351 4355//4355 4356//4356
f 4349//4349 4352//4352 4357//4357
f 4357//4357 4358//4358 3091//3091
f 4352//4352 4359//4359 4358//4358
f 4358//4358 4360//4360 3097//3097
f 4349//4349 4357//4357 4361//4361
f 4362//4362 4361//4361 4363//4363
f 4357//4357 3091//3091 3094//3094
f 4361//4361 3094//3094 4252//4252
f 4349//4349 4362//4362 4350//4350
f 4350//4350 4364//4364 4354//4354
f 4362//4362 4365//4365 4364//4364
f 4364//4364 4366//4366 4367//4367
f 4368//4368 4369//4369 4370//4370
f 4370//4370 4371//4371 4372//4372
f 4369//4369 4359//4359 4371//4371
f 4371//4371 4353//4353 4373//4373
f 4368//4368 4370//4370 4374//4374
f 4375//4375 4374//4374 3994//3994
f 4370//4370 4372//4372 4376//4376
f 4374//4374 4376//4376 4000//4000
f 4368//4368 4375//4375 4377//4377
f 4377//4377 4378//4378 3145//3145
f 4375//4375 3994//3994 3996//3996
f 4378//4378 3996//3996 3150//3150
f 4368//4368 4377//4377 4379//4379
f 4369//4369 4379//4379 4360//4360
f 4377//4377 3145//3145 3146//3146
f 4379//4379 3146//3146 3098//3098
f 4380//4380 4381//4381 4382//4382
f 4383//4383 4382//4382 4384//4384
f 4381//4381 4372//4372 4373//4373
f 4382//4382 4373//4373 4356//4356
f 4380//4380 4383//4383 4385//4385
f 4385//4385 4386//4386 4387//4387
f 4383//4383 4388//4388 4386//4386
f 4386//4386 4389//4389 4390//4390
f 4380//4380 4385//4385 4391//4391
f 4392//4392 4391//4391 4047//4047
f 4385//4385 4387//4387 4393//4393
f 4391//4391 4393//4393 4054//4054
f 4380//4380 4392//4392 4381//4381
f 4381//4381 4394//4394 4372//4372
f 4392//4392 4047//4047 4049//4049
f 4394//4394 4049//4049 4001//4001
f 4395//4395 4396//4396 4397//4397
f 4397//4397 4398//4398 4354//4354
f 4396//4396 4388//4388 4398//4398
f 4398//4398 4384//4384 4355//4355
f 4395//4395 4397//4397 4399//4399
f 4400//4400 4399//4399 4401//4401
f 4397//4397 4354//4354 4367//4367
f 4399//4399 4367//4367 4402//4402
f 4395//4395 4400//4400 4403//4403
f 4403//4403 4404//4404 4405//4405
f 4400//4400 4406//4406 4404//4404
f 4404//4404 4407//4407 4408//4408
f 4395//4395 4403//4403 4409//4409
f 4396//4396 4409//4409 4389//4389
f 4403//4403 4405//4405 4410//4410
f 4409//4409 4410//4410 4411//4411
f 4412//4412 4413//4413 4414//4414
f 4414//4414 4415//4415 4416//4416
f 4417//4417 4418//4418 4419//4419
f 4419//4419 4420//4420 4421//4421
f 4412//4412 4414//4414 4422//4422
f 4423//4423 4422//4422 4366//4366
f 4414//4414 4416//4416 4424//4424
f 4422//4422 4424//4424 4402//4402
f 4412//4412 4423//4423 4425//4425
f 4425//4425 4426//4426 4244//4244
f 4423//4423 4365//4365 4426//4426
f 4426//4426 4363//4363 4251//4251
f 4412//4412 4425//4425 4427//4427
f 4417//4417 4428//4428 4429//4429
f 4425//4425 4244//4244 4430//4430
f 4428//4428 4248//4248 4274//4274
f 4431//4431 4432//4432 4433//4433
f 4434//4434 4435//4435 4436//4436
f 4432//4432 4416//4416 4437//4437
f 4435//4435 4421//4421 4438//4438
f 4431//4431 4439//4439 4440//4440
f 4440//4440 4441//4441 4442//4442
f 4434//4434 4443//4443 4444//4444
f 4444//4444 4445//4445 4446//4446
f 4431//4431 4440//4440 4447//4447
f 4448//4448 4447//4447 4407//4407
f 4440//4440 4442//4442 4449//4449
f 4447//4447 4449//4449 4450//4450
f 4431//4431 4448//4448 4432//4432
f 4432//4432 4451//4451 4416//4416
f 4448//4448 4406//4406 4451//4451
f 4451//4451 4401//4401 4424//4424
f 4452//4452 4453//4453 4454//4454
f 4454//4454 4455//4455 4456//4456
f 4453//4453 4443//4443 4455//4455
f 4455//4455 4436//4436 4457//4457
f 4452//4452 4454//4454 4458//4458
f 4459//4459 4458//4458 4460//4460
f 4454//4454 4456//4456 4461//4461
f 4458//4458 4461//4461 4462//4462
f 4452//4452 4459//4459 4463//4463
f 4463//4463 4464//4464 4465//4465
f 4459//4459 4466//4466 4464//4464
f 4464//4464 4467//4467 4468//4468
f 4452//4452 4463//4463 4469//4469
f 4453//4453 4469//4469 4445//4445
f 4463//4463 4465//4465 4470//4470
f 4469//4469 4470//4470 4471//4471
f 4472//4472 4473//4473 4474//4474
f 4475//4475 4474//4474 4420//4420
f 4473//4473 4456//4456 4457//4457
f 4474//4474 4457//4457 4438//4438
f 4472//4472 4475//4475 4476//4476
f 4476//4476 4477//4477 4268//4268
f 4475//4475 4418//4418 4477//4477
f 4477//4477 4429//4429 4273//4273
f 4472//4472 4476//4476 4478//4478
f 4479//4479 4478//4478 4480//4480
f 4476//4476 4268//4268 4271//4271
f 4478//4478 4271//4271 4333//4333
f 4472//4472 4479//4479 4473//4473
f 4473//4473 4481//4481 4456//4456
f 4479//4479 4482//4482 4481//4481
f 4481//4481 4483//4483 4461//4461
f 4484//4484 4485//4485 4486//4486
f 4487//4487 4486//4486 4488//4488
f 4485//4485 4489//4489 4490//4490
f 4486//4486 4490//4490 4491//4491
f 4484//4484 4487//4487 4492//4492
f 4492//4492 4493//4493 4346//4346
f 4487//4487 4494//4494 4493//4493
f 4493//4493 4495//4495 4347//4347
f 4484//4484 4492//4492 4496//4496
f 4496//4496 4497//4497 4136//4136
f 4492//4492 4346//4346 4497//4497
f 4497//4497 4343//4343 4137//4137
f 4484//4484 4496//4496 4485//4485
f 4485//4485 4498//4498 4489//4489
f 4496//4496 4136//4136 4498//4498
f 4498//4498 4130//4130 4499//4499
f 4500//4500 4501//4501 4502//4502
f 4502//4502 4503//4503 4504//4504
f 4501//4501 4494//4494 4503//4503
f 4503//4503 4488//4488 4505//4505
f 4500//4500 4502//4502 4506//4506
f 4507//4507 4506//4506 4483//4483
f 4502//4502 4504//4504 4508//4508
f 4506//4506 4508//4508 4462//4462
f 4500//4500 4507//4507 4509//4509
f 4509//4509 4510//4510 4326//4326
f 4507//4507 4482//4482 4510//4510
f 4510//4510 4480//4480 4332//4332
f 4500//4500 4509//4509 4511//4511
f 4501//4501 4511//4511 4495//4495
f 4509//4509 4326//4326 4329//4329
f 4511//4511 4329//4329 4348//4348
f 4512//4512 4513//4513 4514//4514
f 4515//4515 4514//4514 4516//4516
f 4513//4513 4504//4504 4505//4505
f 4514//4514 4505//4505 4491//4491
f 4512//4512 4515//4515 4517//4517
f 4517//4517 4518//4518 4519//4519
f 4515//4515 4520//4520 4518//4518
f 4518//4518 4521//4521 4522//4522
f 4512//4512 4517//4517 4523//4523
f 4524//4524 4523//4523 4467//4467
f 4517//4517 4519//4519 4525//4525
f 4523//4523 4525//4525 4526//4526
f 4512//4512 4524//4524 4513//4513
f 4513//4513 4527//4527 4504//4504
f 4524//4524 4466//4466 4527//4527
f 4527//4527 4460//4460 4508//4508
f 4528//4528 4529//4529 4530//4530
f 4530//4530 4531//4531 4489//4489
f 4529//4529 4520//4520 4531//4531
f 4531//4531 4516//4516 4490//4490
f 4528//4528 4530//4530 4532//4532
f 4533//4533 4532//4532 4157//4157
f 4530//4530 4489//4489 4499//4499
f 4532//4532 4499//4499 4133//4133
f 4528//4528 4533//4533 4534//4534
f 4534//4534 4535//4535 4536//4536
f 4533//4533 4156//4156 4535//4535
f 4535//4535 4152//4152 4537//4537
f 4528//4528 4534//4534 4538//4538
f 4529//4529 4538//4538 4521//4521
f 4534//4534 4536//4536 4539//4539
f 4538//4538 4539//4539 4540//4540
f 4541//4541 4542//4542 4543//4543
f 4543//4543 4544//4544 4545//4545
f 4546//4546 4547//4547 4548//4548
f 4548//4548 4549//4549 4550//4550
f 4541//4541 4543//4543 4551//4551
f 4551//4551 4552//4552 4553//4553
f 4543//4543 4554//4554 4552//4552
f 4552//4552 4555//4555 4556//4556
f 4541//4541 4551//4551 4557//4557
f 4557//4557 4558//4558 4559//4559
f 4551//4551 4553//4553 4560//4560
f 4558//4558 4560//4560 4561//4561
f 4541//4541 4557//4557 4562//4562
f 4546//4546 4563//4563 4564//4564
f 4557//4557 4559//4559 4565//4565
f 4563//4563 4566//4566 4567//4567
f 4568//4568 4569//4569 4570//4570
f 4571//4571 4572//4572 4573//4573
f 4569//4569 4554//4554 4574//4574
f 4572//4572 4550//4550 4575//4575
f 4568//4568 4570//4570 4576//4576
f 4577//4577 4576//4576 4578//4578
f 4571//4571 4573//4573 4579//4579
f 4580//4580 4579//4579 4581//4581
f 4568//4568 4577//4577 4582//4582
f 4582//4582 4583//4583 4584//4584
f 4577//4577 4585//4585 4583//4583
f 4583//4583 4586//4586 4587//4587
f 4568//4568 4582//4582 4588//4588
f 4569//4569 4588//4588 4555//4555
f 4582//4582 4584//4584 4589//4589
f 4588//4588 4589//4589 4590//4590
f 4591//4591 4592//4592 4593//4593
f 4593//4593 4594//4594 4595//4595
f 4592//4592 4573//4573 4575//4575
f 4594//4594 4575//4575 4596//4596
f 4591//4591 4593//4593 4597//4597
f 4598//4598 4597//4597 4599//4599
f 4593//4593 4595//4595 4600//4600
f 4597//4597 4600//4600 4601//4601
f 4591//4591 4598//4598 4602//4602
f 4603//4603 4602//4602 4604//4604
f 4598//4598 4605//4605 4602//4602
f 4602//4602 4606//4606 4604//4604
f 4591//4591 4603//4603 4592//4592
f 4592//4592 4607//4607 4573//4573
f 4603//4603 4608//4608 4607//4607
f 4607//4607 4609//4609 4579//4579
f 4610//4610 4611//4611 4612//4612
f 4613//4613 4612//4612 4549//4549
f 4611//4611 4595//4595 4596//4596
f 4612//4612 4596//4596 4614//4614
f 4610//4610 4613//4613 4615//4615
f 4615//4615 4616//4616 4617//4617
f 4613//4613 4547//4547 4616//4616
f 4616//4616 4564//4564 4618//4618
f 4610//4610 4615//4615 4619//4619
f 4620//4620 4619//4619 4621//4621
f 4615//4615 4617//4617 4622//4622
f 4619//4619 4622//4622 4623//4623
f 4610//4610 4620//4620 4611//4611
f 4611//4611 4624//4624 4595//4595
f 4620//4620 4625//4625 4624//4624
f 4624//4624 4626//4626 4600//4600
f 4627//4627 4628//4628 4629//4629
f 4629//4629 4630//4630 4631//4631
f 4628//4628 4632//4632 4633//4633
f 4630//4630 4633//4633 4634//4634
f 4627//4627 4629//4629 4635//4635
f 4636//4636 4635//4635 4609//4609
f 4629//4629 4631//4631 4637//4637
f 4635//4635 4637//4637 4581//4581
f 4627//4627 4636//4636 4638//4638
f 4638//4638 4639//4639 4640//4640
f 4636//4636 4608//4608 4639//4639
f 4639//4639 4604//4604 4641//4641
f 4627//4627 4638//4638 4642//4642
f 4628//4628 4642//4642 4632//4632
f 4638//4638 4643//4643 4642//4642
f 4642//4642 4644//4644 4645//4645
f 4646//4646 4647//4647 4648//4648
f 4649//4649 4650//4650 4651//4651
f 4652//4652 4631//4631 4653//4653
f 4650//4650 4653//4653 4634//4634
f 4646//4646 4654//4654 4655//4655
f 4655//4655 4656//4656 4657//4657
f 4649//4649 4658//4658 4659//4659
f 4659//4659 4660//4660 4661//4661
f 4646//4646 4655//4655 4662//4662
f 4663//4663 4662//4662 4586//4586
f 4655//4655 4657//4657 4664//4664
f 4662//4662 4664//4664 4665//4665
f 4646//4646 4663//4663 4647//4647
f 4652//4652 4666//4666 4631//4631
f 4663//4663 4585//4585 4667//4667
f 4666//4666 4668//4668 4637//4637
f 4669//4669 4670//4670 4671//4671
f 4671//4671 4672//4672 4633//4633
f 4670//4670 4658//4658 4672//4672
f 4672//4672 4651//4651 4634//4634
f 4669//4669 4671//4671 4673//4673
f 4674//4674 4673//4673 4675//4675
f 4671//4671 4632//4632 4645//4645
f 4673//4673 4645//4645 4676//4676
f 4669//4669 4674//4674 4677//4677
f 4677//4677 4678//4678 4679//4679
f 4674//4674 4680//4680 4678//4678
f 4678//4678 4681//4681 4682//4682
f 4669//4669 4677//4677 4683//4683
f 4670//4670 4683//4683 4660//4660
f 4677//4677 4679//4679 4684//4684
f 4683//4683 4684//4684 4685//4685
f 4686//4686 4687//4687 4688//4688
f 4688//4688 4689//4689 4690//4690
f 4687//4687 4691//4691 4692//4692
f 4689//4689 4692//4692 4693//4693
f 4686//4686 4688//4688 4694//4694
f 4695//4695 4694//4694 4696//4696
f 4688//4688 4690//4690 4697//4697
f 4694//4694 4697//4697 4698//4698
f 4686//4686 4695//4695 4699//4699
f 4699//4699 4700//4700 4701//4701
f 4695//4695 4702//4702 4700//4700
f 4700//4700 4703//4703 4704//4704
f 4686//4686 4699//4699 4705//4705
f 4687//4687 4705//4705 4691//4691
f 4699//4699 4701//4701 4706//4706
f 4705//4705 4706//4706 4707//4707
f 4708//4708 4709//4709 4710//4710
f 4711//4711 4712//4712 4713//4713
f 4714//4714 4690//4690 4715//4715
f 4712//4712 4715//4715 4693//4693
f 4708//4708 4716//4716 4717//4717
f 4717//4717 4718//4718 4559//4559
f 4711//4711 4719//4719 4720//4720
f 4720//4720 4721//4721 4566//4566
f 4708//4708 4717//4717 4722//4722
f 4723//4723 4722//4722 4724//4724
f 4717//4717 4559//4559 4725//4725
f 4722//4722 4725//4725 4726//4726
f 4708//4708 4723//4723 4709//4709
f 4714//4714 4727//4727 4690//4690
f 4723//4723 4724//4724 4728//4728
f 4727//4727 4729//4729 4697//4697
f 4730//4730 4731//4731 4732//4732
f 4732//4732 4733//4733 4691//4691
f 4731//4731 4719//4719 4733//4733
f 4733//4733 4713//4713 4693//4693
f 4730//4730 4732//4732 4734//4734
f 4735//4735 4734//4734 4736//4736
f 4732//4732 4691//4691 4707//4707
f 4734//4734 4707//4707 4737//4737
f 4730//4730 4735//4735 4738//4738
f 4738//4738 4739//4739 4617//4617
f 4735//4735 4740//4740 4739//4739
f 4739//4739 4741//4741 4622//4622
f 4730//4730 4738//4738 4742//4742
f 4731//4731 4742//4742 4721//4721
f 4738//4738 4617//4617 4618//4618
f 4742//4742 4618//4618 4567//4567
f 4743//4743 4744//4744 4745//4745
f 4745//4745 4746//4746 4747//4747
f 4744//4744 4748//4748 4746//4746
f 4746//4746 4749//4749 4750//4750
f 4743//4743 4745//4745 4751//4751
f 4752//4752 4751//4751 4753//4753
f 4745//4745 4747//4747 4754//4754
f 4751//4751 4754//4754 4755//4755
f 4743//4743 4752//4752 4756//4756
f 4757//4757 4756//4756 4034//4034
f 4752//4752 4753//4753 4758//4758
f 4756//4756 4758//4758 4218//4218
f 4743//4743 4757//4757 4759//4759
f 4744//4744 4759//4759 4760//4760
f 4757//4757 4033//4033 4759//4759
f 4759//4759 4027//4027 4029//4029
f 4761//4761 4762//4762 4763//4763
f 4764//4764 4763//4763 4765//4765
f 4762//4762 4747//4747 4750//4750
f 4763//4763 4750//4750 4766//4766
f 4761//4761 4764//4764 4767//4767
f 4767//4767 4768//4768 4679//4679
f 4764//4764 4769//4769 4768//4768
f 4768//4768 4770//4770 4684//4684
f 4761//4761 4767//4767 4771//4771
f 4772//4772 4771//4771 4773//4773
f 4767//4767 4679//4679 4774//4774
f 4771//4771 4774//4774 4682//4682
f 4761//4761 4772//4772 4762//4762
f 4762//4762 4775//4775 4747//4747
f 4772//4772 4776//4776 4775//4775
f 4775//4775 4777//4777 4754//4754
f 4778//4778 4779//4779 4780//4780
f 4780//4780 4781//4781 4782//4782
f 4783//4783 4769//4769 4784//4784
f 4784//4784 4765//4765 4785//4785
f 4778//4778 4780//4780 4786//4786
f 4787//4787 4786//4786 4788//4788
f 4780//4780 4782//4782 4789//4789
f 4786//4786 4789//4789 4790//4790
f 4778//4778 4787//4787 4791//4791
f 4791//4791 4792//4792 4657//4657
f 4787//4787 4793//4793 4792//4792
f 4792//4792 4794//4794 4664//4664
f 4778//4778 4791//4791 4795//4795
f 4783//4783 4796//4796 4770//4770
f 4791//4791 4657//4657 4797//4797
f 4796//4796 4661//4661 4685//4685
f 4798//4798 4799//4799 4800//4800
f 4801//4801 4802//4802 4749//4749
f 4799//4799 4782//4782 4803//4803
f 4802//4802 4785//4785 4766//4766
f 4798//4798 4804//4804 4805//4805
f 4805//4805 4806//4806 4807//4807
f 4801//4801 4748//4748 4808//4808
f 4808//4808 4760//4760 4058//4058
f 4798//4798 4805//4805 4809//4809
f 4810//4810 4809//4809 4811//4811
f 4805//4805 4807//4807 4052//4052
f 4809//4809 4052//4052 4054//4054
f 4798//4798 4810//4810 4799//4799
f 4799//4799 4812//4812 4782//4782
f 4810//4810 4813//4813 4812//4812
f 4812//4812 4814//4814 4789//4789
f 4815//4815 4816//4816 4817//4817
f 4817//4817 4818//4818 4819//4819
f 4816//4816 4820//4820 4818//4818
f 4818//4818 4821//4821 4822//4822
f 4815//4815 4817//4817 4823//4823
f 4824//4824 4823//4823 4221//4221
f 4817//4817 4819//4819 4825//4825
f 4823//4823 4825//4825 4200//4200
f 4815//4815 4824//4824 4826//4826
f 4826//4826 4827//4827 4753//4753
f 4824//4824 4220//4220 4827//4827
f 4827//4827 4217//4217 4758//4758
f 4815//4815 4826//4826 4828//4828
f 4816//4816 4828//4828 4829//4829
f 4826//4826 4753//4753 4755//4755
f 4828//4828 4755//4755 4830//4830
f 4831//4831 4832//4832 4833//4833
f 4834//4834 4833//4833 4835//4835
f 4832//4832 4819//4819 4822//4822
f 4833//4833 4822//4822 4836//4836
f 4831//4831 4834//4834 4837//4837
f 4837//4837 4838//4838 4839//4839
f 4834//4834 4840//4840 4838//4838
f 4838//4838 4841//4841 4842//4842
f 4831//4831 4837//4837 4843//4843
f 4844//4844 4843//4843 4204//4204
f 4837//4837 4839//4839 4845//4845
f 4843//4843 4845//4845 4170//4170
f 4831//4831 4844//4844 4832//4832
f 4832//4832 4846//4846 4819//4819
f 4844//4844 4203//4203 4846//4846
f 4846//4846 4198//4198 4825//4825
f 4847//4847 4848//4848 4849//4849
f 4849//4849 4850//4850 4851//4851
f 4848//4848 4840//4840 4850//4850
f 4850//4850 4835//4835 4852//4852
f 4847//4847 4849//4849 4853//4853
f 4854//4854 4853//4853 4644//4644
f 4849//4849 4851//4851 4855//4855
f 4853//4853 4855//4855 4676//4676
f 4847//4847 4854//4854 4856//4856
f 4856//4856 4857//4857 4858//4858
f 4854//4854 4643//4643 4857//4857
f 4857//4857 4640//4640 4859//4859
f 4847//4847 4856//4856 4860//4860
f 4848//4848 4860//4860 4841//4841
f 4856//4856 4858//4858 4861//4861
f 4860//4860 4861//4861 4862//4862
f 4863//4863 4864//4864 4865//4865
f 4866//4866 4865//4865 4821//4821
f 4864//4864 4851//4851 4852//4852
f 4865//4865 4852//4852 4836//4836
f 4863//4863 4866//4866 4867//4867
f 4867//4867 4868//4868 4776//4776
f 4866//4866 4820//4820 4868//4868
f 4868//4868 4829//4829 4777//4777
f 4863//4863 4867//4867 4869//4869
f 4870//4870 4869//4869 4681//4681
f 4867//4867 4776//4776 4773//4773
f 4869//4869 4773//4773 4681//4681
f 4863//4863 4870//4870 4864//4864
f 4864//4864 4871//4871 4851//4851
f 4870//4870 4680//4680 4871//4871
f 4871//4871 4675//4675 4855//4855
f 4872//4872 4873//4873 4874//4874
f 4874//4874 4875//4875 4876//4876
f 4873//4873 4877//4877 4875//4875
f 4875//4875 4878//4878 4879//4879
f 4872//4872 4874//4874 4880//4880
f 4881//4881 4880//4880 4173//4173
f 4874//4874 4876//4876 4882//4882
f 4880//4880 4882//4882 4149//4149
f 4872//4872 4881//4881 4883//4883
f 4883//4883 4884//4884 4839//4839
f 4881//4881 4172//4172 4884//4884
f 4884//4884 4168//4168 4845//4845
f 4872//4872 4883//4883 4885//4885
f 4873//4873 4885//4885 4886//4886
f 4883//4883 4839//4839 4842//4842
f 4885//4885 4842//4842 4862//4862
f 4887//4887 4888//4888 4889//4889
f 4890//4890 4889//4889 4891//4891
f 4888//4888 4876//4876 4879//4879
f 4889//4889 4879//4879 4892//4892
f 4887//4887 4890//4890 4893//4893
f 4894//4894 4893//4893 4895//4895
f 4890//4890 4896//4896 4893//4893
f 4893//4893 4897//4897 4898//4898
f 4887//4887 4894//4894 4899//4899
f 4899//4899 4900//4900 4147//4147
f 4894//4894 4901//4901 4900//4900
f 4900//4900 4902//4902 4153//4153
f 4887//4887 4899//4899 4903//4903
f 4888//4888 4903//4903 4876//4876
f 4899//4899 4147//4147 4904//4904
f 4903//4903 4904//4904 4882//4882
f 4905//4905 4906//4906 4907//4907
f 4907//4907 4908//4908 4909//4909
f 4906//4906 4896//4896 4908//4908
f 4908//4908 4891//4891 4910//4910
f 4905//4905 4907//4907 4911//4911
f 4912//4912 4911//4911 4626//4626
f 4907//4907 4909//4909 4913//4913
f 4911//4911 4913//4913 4601//4601
f 4905//4905 4912//4912 4914//4914
f 4914//4914 4915//4915 4916//4916
f 4912//4912 4625//4625 4915//4915
f 4915//4915 4621//4621 4917//4917
f 4905//4905 4914//4914 4918//4918
f 4906//4906 4918//4918 4897//4897
f 4914//4914 4916//4916 4919//4919
f 4918//4918 4919//4919 4898//4898
f 4920//4920 4921//4921 4922//4922
f 4923//4923 4922//4922 4878//4878
f 4921//4921 4909//4909 4910//4910
f 4922//4922 4910//4910 4892//4892
f 4920//4920 4923//4923 4924//4924
f 4924//4924 4925//4925 4858//4858
f 4923//4923 4877//4877 4925//4925
f 4925//4925 4886//4886 4861//4861
f 4920//4920 4924//4924 4926//4926
f 4927//4927 4926//4926 4606//4606
f 4924//4924 4858//4858 4859//4859
f 4926//4926 4859//4859 4641//4641
f 4920//4920 4927//4927 4921//4921
f 4921//4921 4928//4928 4909//4909
f 4927//4927 4605//4605 4928//4928
f 4928//4928 4599//4599 4913//4913
f 4929//4929 4930//4930 4931//4931
f 4932//4932 4931//4931 4933//4933
f 4930//4930 4934//4934 4935//4935
f 4931//4931 4935//4935 4936//4936
f 4929//4929 4932//4932 4937//4937
f 4937//4937 4938//4938 4536//4536
f 4932//4932 4939//4939 4938//4938
f 4938//4938 4940//4940 4539//4539
f 4929//4929 4937//4937 4941//4941
f 4942//4942 4941//4941 4902//4902
f 4937//4937 4536//4536 4537//4537
f 4941//4941 4537//4537 4154//4154
f 4929//4929 4942//4942 4930//4930
f 4930//4930 4943//4943 4934//4934
f 4942//4942 4901//4901 4943//4943
f 4943//4943 4895//4895 4944//4944
f 4945//4945 4946//4946 4947//4947
f 4947//4947 4948//4948 4949//4949
f 4946//4946 4939//4939 4948//4948
f 4948//4948 4933//4933 4950//4950
f 4945//4945 4947//4947 4951//4951
f 4952//4952 4951//4951 4953//4953
f 4947//4947 4949//4949 4954//4954
f 4951//4951 4954//4954 4955//4955
f 4945//4945 4952//4952 4956//4956
f 4956//4956 4957//4957 4519//4519
f 4952//4952 4958//4958 4957//4957
f 4957//4957 4959//4959 4525//4525
f 4945//4945 4956//4956 4960//4960
f 4946//4946 4960//4960 4940//4940
f 4956//4956 4519//4519 4522//4522
f 4960//4960 4522//4522 4540//4540
f 4961//4961 4962//4962 4963//4963
f 4964//4964 4963//4963 4965//4965
f 4962//4962 4949//4949 4950//4950
f 4963//4963 4950//4950 4936//4936
f 4961//4961 4964//4964 4966//4966
f 4966//4966 4967//4967 4701//4701
f 4964//4964 4968//4968 4967//4967
f 4967//4967 4969//4969 4706//4706
f 4961//4961 4966//4966 4970//4970
f 4971//4971 4970//4970 4972//4972
f 4966//4966 4701//4701 4704//4704
f 4970//4970 4704//4704 4973//4973
f 4961//4961 4971//4971 4962//4962
f 4962//4962 4974//4974 4949//4949
f 4971//4971 4972//4972 4974//4974
f 4974//4974 4975//4975 4954//4954
f 4976//4976 4977//4977 4978//4978
f 4978//4978 4979//4979 4934//4934
f 4977//4977 4968//4968 4979//4979
f 4979//4979 4965//4965 4935//4935
f 4976//4976 4978//4978 4980//4980
f 4980//4980 4981//4981 4916//4916
f 4978//4978 4934//4934 4944//4944
f 4981//4981 4944//4944 4919//4919
f 4976//4976 4980//4980 4982//4982
f 4983//4983 4982//4982 4741//4741
f 4980//4980 4916//4916 4917//4917
f 4982//4982 4917//4917 4623//4623
f 4976//4976 4983//4983 4977//4977
f 4977//4977 4984//4984 4969//4969
f 4983//4983 4740//4740 4984//4984
f 4984//4984 4736//4736 4969//4969
f 4985//4985 4986//4986 4987//4987
f 4987//4987 4988//4988 4989//4989
f 4990//4990 4991//4991 4992//4992
f 4992//4992 4993//4993 4994//4994
f 4985//4985 4987//4987 4995//4995
f 4996//4996 4995//4995 4997//4997
f 4987//4987 4989//4989 4998//4998
f 4995//4995 4998//4998 4999//4999
f 4985//4985 4996//4996 5000//5000
f 5000//5000 5001//5001 4442//4442
f 4996//4996 5002//5002 5001//5001
f 5001//5001 5003//5003 4449//4449
f 4985//4985 5000//5000 5004//5004
f 4990//4990 5005//5005 5006//5006
f 5000//5000 4442//4442 5007//5007
f 5005//5005 4446//4446 4471//4471
f 5008//5008 5009//5009 5010//5010
f 5011//5011 5012//5012 5013//5013
f 5009//5009 4989//4989 5014//5014
f 5012//5012 4994//4994 5015//5015
f 5008//5008 5016//5016 5017//5017
f 5017//5017 5018//5018 4724//4724
f 5011//5011 5019//5019 5020//5020
f 5020//5020 5021//5021 4698//4698
f 5008//5008 5017//5017 5022//5022
f 5023//5023 5022//5022 5024//5024
f 5017//5017 4724//4724 4726//4726
f 5022//5022 4726//4726 4561//4561
f 5008//5008 5023//5023 5009//5009
f 5009//5009 5025//5025 4989//4989
f 5023//5023 5026//5026 5025//5025
f 5025//5025 5027//5027 4998//4998
f 5028//5028 5029//5029 5030//5030
f 5031//5031 5030//5030 5032//5032
f 5029//5029 5019//5019 5013//5013
f 5030//5030 5013//5013 5033//5033
f 5028//5028 5031//5031 5034//5034
f 5034//5034 5035//5035 4972//4972
f 5031//5031 5032//5032 5035//5035
f 5035//5035 5036//5036 4955//4955
f 5028//5028 5034//5034 5037//5037
f 5038//5038 5037//5037 4703//4703
f 5034//5034 4972//4972 5039//5039
f 5037//5037 5039//5039 4973//4973
f 5028//5028 5038//5038 5029//5029
f 5029//5029 5040//5040 5019//5019
f 5038//5038 4702//4702 5040//5040
f 5040//5040 4696//4696 5021//5021
f 5041//5041 5042//5042 5043//5043
f 5044//5044 5043//5043 4993//4993
f 5042//5042 5032//5032 5033//5033
f 5043//5043 5033//5033 5015//5015
f 5041//5041 5044//5044 5045//5045
f 5045//5045 5046//5046 4465//4465
f 5044//5044 4991//4991 5046//5046
f 5046//5046 5006//5006 4470//4470
f 5041//5041 5045//5045 5047//5047
f 5048//5048 5047//5047 4959//4959
f 5045//5045 4465//4465 4468//4468
f 5047//5047 4468//4468 4526//4526
f 5041//5041 5048//5048 5042//5042
f 5042//5042 5049//5049 5032//5032
f 5048//5048 4958//4958 5049//5049
f 5049//5049 4953//4953 5036//5036
f 5050//5050 5051//5051 5052//5052
f 5052//5052 5053//5053 5054//5054
f 5051//5051 5055//5055 5053//5053
f 5053//5053 5056//5056 5057//5057
f 5050//5050 5052//5052 5058//5058
f 5059//5059 5058//5058 4814//4814
f 5052//5052 5054//5054 5060//5060
f 5058//5058 5060//5060 4790//4790
f 5050//5050 5059//5059 5061//5061
f 5061//5061 5062//5062 4387//4387
f 5059//5059 4813//4813 5062//5062
f 5062//5062 4811//4811 4393//4393
f 5050//5050 5061//5061 5063//5063
f 5051//5051 5063//5063 5064//5064
f 5061//5061 4387//4387 4390//4390
f 5063//5063 4390//4390 4411//4411
f 5065//5065 5066//5066 5067//5067
f 5068//5068 5067//5067 5069//5069
f 5066//5066 5054//5054 5057//5057
f 5067//5067 5057//5057 5070//5070
f 5065//5065 5068//5068 5071//5071
f 5071//5071 5072//5072 4584//4584
f 5068//5068 5073//5073 5072//5072
f 5072//5072 5074//5074 4589//4589
f 5065//5065 5071//5071 5075//5075
f 5076//5076 5075//5075 4794//4794
f 5071//5071 4584//4584 4587//4587
f 5075//5075 4587//4587 4665//4665
f 5065//5065 5076//5076 5066//5066
f 5066//5066 5077//5077 5054//5054
f 5076//5076 4793//4793 5077//5077
f 5077//5077 4788//4788 5060//5060
f 5078//5078 5079//5079 5080//5080
f 5080//5080 5081//5081 5082//5082
f 5079//5079 5073//5073 5081//5081
f 5081//5081 5069//5069 5083//5083
f 5078//5078 5080//5080 5084//5084
f 5085//5085 5084//5084 5027//5027
f 5080//5080 5082//5082 5086//5086
f 5084//5084 5086//5086 4999//4999
f 5078//5078 5085//5085 5087//5087
f 5087//5087 5088//5088 4553//4553
f 5085//5085 5026//5026 5088//5088
f 5088//5088 5024//5024 4560//4560
f 5078//5078 5087//5087 5089//5089
f 5079//5079 5089//5089 5074//5074
f 5087//5087 4553//4553 4556//4556
f 5089//5089 4556//4556 4590//4590
f 5090//5090 5091//5091 5092//5092
f 5093//5093 5092//5092 5056//5056
f 5091//5091 5082//5082 5083//5083
f 5092//5092 5083//5083 5070//5070
f 5090//5090 5093//5093 5094//5094
f 5094//5094 5095//5095 4405//4405
f 5093//5093 5055//5055 5095//5095
f 5095//5095 5064//5064 4410//4410
f 5090//5090 5094//5094 5096//5096
f 5097//5097 5096//5096 5003//5003
f 5094//5094 4405//4405 4408//4408
f 5096//5096 4408//4408 4450//4450
f 5090//5090 5097//5097 5091//5091
f 5091//5091 5098//5098 5082//5082
f 5097//5097 5002//5002 5098//5098
f 5098//5098 4997//4997 5086//5086
f 2//2 4//4 3//3
f 11//11 3//3 5//5
f 6//6 7//7 4//4
f 5//5 4//4 8//8
f 10//10 1//1 9//9
f 9//9 3//3 12//12
f 10//10 14//14 13//13
f 14//14 16//16 15//15
f 2//2 1//1 17//17
f 6//6 2//2 18//18
f 17//17 13//13 19//19
f 18//18 17//17 20//20
f 22//22 24//24 23//23
f 6//6 23//23 7//7
f 25//25 26//26 24//24
f 26//26 8//8 7//7
f 23//23 28//28 27//27
f 28//28 30//30 29//29
f 6//6 18//18 28//28
f 18//18 20//20 30//30
f 27//27 32//32 31//31
f 32//32 35//35 33//33
f 32//32 27//27 34//34
f 34//34 83//83 35//35
f 22//22 21//21 36//36
f 25//25 22//22 37//37
f 36//36 31//31 38//38
f 37//37 36//36 39//39
f 43//43 40//40 42//42
f 25//25 43//43 26//26
f 42//42 41//41 45//45
f 26//26 42//42 8//8
f 43//43 47//47 46//46
f 47//47 49//49 48//48
f 25//25 37//37 47//47
f 37//37 39//39 49//49
f 51//51 40//40 50//50
f 56//56 51//51 52//52
f 50//50 46//46 53//53
f 52//52 50//50 54//54
f 51//51 55//55 41//41
f 55//55 58//58 44//44
f 56//56 57//57 55//55
f 57//57 66//66 58//58
f 60//60 62//62 61//61
f 62//62 45//45 44//44
f 11//11 5//5 62//62
f 5//5 8//8 45//45
f 64//64 59//59 63//63
f 67//67 64//64 65//65
f 63//63 61//61 58//58
f 65//65 63//63 66//66
f 11//11 60//60 12//12
f 71//71 68//68 70//70
f 78//78 71//71 72//72
f 70//70 69//69 74//74
f 72//72 70//70 75//75
f 71//71 77//77 76//76
f 77//77 38//38 33//33
f 78//78 79//79 77//77
f 79//79 39//39 38//38
f 81//81 68//68 80//80
f 85//85 81//81 82//82
f 80//80 76//76 35//35
f 82//82 80//80 83//83
f 81//81 84//84 69//69
f 84//84 87//87 73//73
f 85//85 86//86 84//84
f 86//86 97//97 87//87
f 89//89 91//91 90//90
f 91//91 74//74 73//73
f 92//92 93//93 91//91
f 93//93 75//75 74//74
f 95//95 88//88 94//94
f 101//101 95//95 96//96
f 94//94 90//90 87//87
f 96//96 94//94 97//97
f 95//95 99//99 98//98
f 106//106 98//98 100//100
f 101//101 102//102 99//99
f 100//100 99//99 103//103
f 89//89 88//88 104//104
f 92//92 89//89 105//105
f 106//106 107//107 104//104
f 107//107 491//491 105//105
f 111//111 108//108 110//110
f 92//92 111//111 93//93
f 110//110 109//109 113//113
f 93//93 110//110 75//75
f 111//111 115//115 114//114
f 115//115 117//117 116//116
f 92//92 105//105 115//115
f 105//105 491//491 117//117
f 119//119 108//108 118//118
f 124//124 119//119 120//120
f 118//118 114//114 121//121
f 120//120 118//118 122//122
f 119//119 123//123 109//109
f 123//123 126//126 112//112
f 124//124 125//125 123//123
f 125//125 134//134 126//126
f 128//128 130//130 129//129
f 130//130 113//113 112//112
f 78//78 72//72 130//130
f 72//72 75//75 113//113
f 132//132 127//127 131//131
f 137//137 132//132 133//133
f 131//131 129//129 126//126
f 133//133 131//131 134//134
f 132//132 136//136 135//135
f 136//136 53//53 48//48
f 137//137 138//138 136//136
f 138//138 54//54 53//53
f 128//128 127//127 139//139
f 78//78 128//128 79//79
f 139//139 135//135 49//49
f 79//79 139//139 39//39
f 143//143 140//140 142//142
f 149//149 143//143 144//144
f 142//142 141//141 146//146
f 144//144 142//142 147//147
f 151//151 152//152 141//141
f 152//152 153//153 145//145
f 67//67 65//65 152//152
f 65//65 66//66 153//153
f 155//155 157//157 156//156
f 157//157 146//146 145//145
f 158//158 159//159 157//157
f 159//159 147//147 146//146
f 161//161 154//154 160//160
f 56//56 161//161 57//57
f 160//160 156//156 153//153
f 57//57 160//160 66//66
f 161//161 163//163 162//162
f 163//163 165//165 164//164
f 56//56 52//52 163//163
f 52//52 54//54 165//165
f 155//155 154//154 166//166
f 158//158 155//155 167//167
f 166//166 162//162 168//168
f 167//167 166//166 169//169
f 173//173 170//170 172//172
f 158//158 173//173 159//159
f 172//172 171//171 175//175
f 159//159 172//172 147//147
f 173//173 177//177 176//176
f 177//177 179//179 178//178
f 158//158 167//167 177//177
f 167//167 169//169 179//179
f 181//181 170//170 180//180
f 186//186 181//181 182//182
f 180//180 176//176 183//183
f 182//182 180//180 184//184
f 181//181 185//185 171//171
f 185//185 188//188 174//174
f 186//186 187//187 185//185
f 187//187 196//196 188//188
f 190//190 192//192 191//191
f 192//192 175//175 174//174
f 149//149 144//144 192//192
f 144//144 147//147 175//175
f 194//194 189//189 193//193
f 199//199 194//194 195//195
f 193//193 191//191 188//188
f 195//195 193//193 196//196
f 190//190 189//189 201//201
f 149//149 190//190 150//150
f 203//203 205//205 204//204
f 211//211 204//204 206//206
f 207//207 208//208 205//205
f 208//208 225//225 206//206
f 204//204 210//210 209//209
f 210//210 168//168 164//164
f 211//211 212//212 210//210
f 212//212 169//169 168//168
f 209//209 214//214 213//213
f 214//214 138//138 137//137
f 214//214 209//209 165//165
f 138//138 214//214 54//54
f 203//203 202//202 215//215
f 207//207 203//203 216//216
f 215//215 213//213 133//133
f 216//216 215//215 134//134
f 220//220 217//217 219//219
f 207//207 220//220 208//208
f 219//219 218//218 224//224
f 208//208 219//219 225//225
f 220//220 227//227 226//226
f 227//227 125//125 124//124
f 207//207 216//216 227//227
f 216//216 134//134 125//125
f 229//229 217//217 228//228
f 233//233 232//232 520//520
f 228//228 226//226 120//120
f 230//230 228//228 122//122
f 232//232 231//231 221//221
f 231//231 247//247 222//222
f 233//233 234//234 231//231
f 247//247 231//231 235//235
f 239//239 236//236 238//238
f 222//222 239//239 223//223
f 243//243 240//240 242//242
f 224//224 243//243 225//225
f 239//239 245//245 244//244
f 245//245 248//248 246//246
f 222//222 247//247 245//245
f 247//247 235//235 248//248
f 250//250 236//236 249//249
f 255//255 250//250 251//251
f 249//249 244//244 252//252
f 251//251 249//249 253//253
f 250//250 256//256 237//237
f 254//254 258//258 241//241
f 255//255 743//743 256//256
f 257//257 266//266 258//258
f 260//260 262//262 261//261
f 262//262 242//242 241//241
f 211//211 206//206 262//262
f 206//206 225//225 242//242
f 264//264 259//259 263//263
f 269//269 264//264 265//265
f 263//263 261//261 258//258
f 265//265 263//263 266//266
f 264//264 268//268 267//267
f 268//268 183//183 178//178
f 269//269 270//270 268//268
f 270//270 184//184 183//183
f 260//260 259//259 271//271
f 211//211 260//260 212//212
f 271//271 267//267 179//179
f 212//212 271//271 169//169
f 273//273 275//275 274//274
f 275//275 279//279 276//276
f 277//277 278//278 275//275
f 278//278 297//297 279//279
f 281//281 272//272 280//280
f 287//287 281//281 282//282
f 280//280 274//274 283//283
f 282//282 280//280 284//284
f 281//281 286//286 285//285
f 286//286 34//34 29//29
f 287//287 288//288 286//286
f 34//34 286//286 83//83
f 273//273 272//272 289//289
f 277//277 273//273 290//290
f 289//289 285//285 30//30
f 290//290 289//289 20//20
f 294//294 291//291 293//293
f 277//277 294//294 278//278
f 293//293 292//292 296//296
f 278//278 293//293 297//297
f 294//294 299//299 298//298
f 299//299 19//19 15//15
f 277//277 290//290 299//299
f 290//290 20//20 19//19
f 301//301 291//291 300//300
f 300//300 298//298 16//16
f 301//301 302//302 292//292
f 302//302 303//303 295//295
f 305//305 307//307 306//306
f 307//307 296//296 295//295
f 308//308 309//309 307//307
f 309//309 297//297 296//296
f 311//311 304//304 310//310
f 310//310 306//306 303//303
f 311//311 313//313 312//312
f 313//313 315//315 314//314
f 305//305 304//304 316//316
f 308//308 305//305 317//317
f 316//316 312//312 318//318
f 317//317 316//316 319//319
f 323//323 320//320 322//322
f 308//308 323//323 309//309
f 322//322 321//321 279//279
f 309//309 322//322 297//297
f 323//323 325//325 324//324
f 325//325 327//327 326//326
f 308//308 317//317 325//325
f 317//317 319//319 327//327
f 329//329 320//320 328//328
f 334//334 329//329 330//330
f 328//328 324//324 331//331
f 330//330 328//328 332//332
f 329//329 333//333 321//321
f 333//333 283//283 276//276
f 334//334 335//335 333//333
f 335//335 284//284 283//283
f 337//337 339//339 338//338
f 339//339 343//343 340//340
f 341//341 342//342 339//339
f 342//342 367//367 343//343
f 345//345 336//336 344//344
f 352//352 345//345 346//346
f 344//344 338//338 347//347
f 347//347 403//403 346//346
f 345//345 353//353 348//348
f 350//350 355//355 351//351
f 352//352 1035//1035 353//353
f 354//354 419//419 355//355
f 337//337 336//336 356//356
f 341//341 337//337 357//357
f 359//359 349//349 358//358
f 372//372 359//359 360//360
f 364//364 361//361 363//363
f 341//341 364//364 342//342
f 363//363 362//362 366//366
f 342//342 363//363 367//367
f 364//364 369//369 368//368
f 371//371 373//373 472//472
f 341//341 357//357 369//369
f 372//372 360//360 373//373
f 375//375 361//361 374//374
f 101//101 375//375 102//102
f 374//374 368//368 376//376
f 376//376 103//103 102//102
f 375//375 377//377 362//362
f 377//377 378//378 365//365
f 101//101 96//96 377//377
f 96//96 97//97 378//378
f 380//380 382//382 381//381
f 382//382 366//366 365//365
f 383//383 384//384 382//382
f 384//384 367//367 366//366
f 386//386 379//379 385//385
f 85//85 386//386 86//86
f 385//385 381//381 378//378
f 86//86 385//385 97//97
f 386//386 388//388 387//387
f 388//388 288//288 287//287
f 85//85 82//82 388//388
f 82//82 83//83 288//288
f 380//380 379//379 389//389
f 383//383 380//380 390//390
f 389//389 387//387 282//282
f 282//282 284//284 390//390
f 392//392 394//394 393//393
f 383//383 393//393 384//384
f 394//394 392//392 343//343
f 384//384 394//394 367//367
f 396//396 391//391 395//395
f 334//334 396//396 335//335
f 383//383 390//390 395//395
f 335//335 395//395 284//284
f 396//396 398//398 397//397
f 398//398 400//400 399//399
f 334//334 330//330 398//398
f 330//330 332//332 400//400
f 392//392 391//391 401//401
f 340//340 392//392 347//347
f 401//401 397//397 402//402
f 347//347 401//401 403//403
f 407//407 404//404 406//406
f 414//414 407//407 408//408
f 406//406 405//405 410//410
f 408//408 406//406 411//411
f 407//407 413//413 412//412
f 413//413 358//358 351//351
f 414//414 415//415 413//413
f 415//415 360//360 358//358
f 417//417 404//404 416//416
f 421//421 417//417 418//418
f 416//416 412//412 355//355
f 418//418 416//416 419//419
f 417//417 420//420 405//405
f 420//420 423//423 409//409
f 421//421 422//422 420//420
f 422//422 433//433 423//423
f 425//425 427//427 426//426
f 427//427 410//410 409//409
f 428//428 429//429 427//427
f 429//429 411//411 410//410
f 431//431 424//424 430//430
f 437//437 431//431 432//432
f 430//430 426//426 423//423
f 432//432 430//430 433//433
f 431//431 435//435 434//434
f 435//435 439//439 436//436
f 437//437 438//438 435//435
f 438//438 652//652 439//439
f 425//425 424//424 440//440
f 428//428 425//425 441//441
f 440//440 434//434 442//442
f 441//441 440//440 443//443
f 447//447 444//444 446//446
f 428//428 447//447 429//429
f 446//446 445//445 449//449
f 429//429 446//446 411//411
f 447//447 451//451 450//450
f 451//451 453//453 452//452
f 428//428 441//441 451//451
f 441//441 443//443 453//453
f 455//455 444//444 454//454
f 459//459 455//455 456//456
f 454//454 450//450 457//457
f 456//456 454//454 253//253
f 455//455 458//458 445//445
f 458//458 461//461 448//448
f 459//459 460//460 458//458
f 460//460 469//469 461//461
f 463//463 465//465 464//464
f 465//465 449//449 448//448
f 414//414 408//408 465//465
f 408//408 411//411 449//449
f 467//467 462//462 466//466
f 473//473 467//467 468//468
f 466//466 464//464 461//461
f 468//468 466//466 469//469
f 467//467 471//471 470//470
f 475//475 376//376 370//370
f 471//471 467//467 474//474
f 376//376 475//475 103//103
f 463//463 462//462 477//477
f 414//414 463//463 415//415
f 477//477 470//470 373//373
f 415//415 477//477 360//360
f 479//479 481//481 480//480
f 481//481 485//485 482//482
f 483//483 484//484 481//481
f 484//484 514//514 485//485
f 492//492 478//478 486//486
f 106//106 487//487 107//107
f 486//486 480//480 489//489
f 107//107 488//488 491//491
f 492//492 494//494 493//493
f 494//494 474//474 473//473
f 106//106 100//100 495//495
f 100//100 103//103 476//476
f 479//479 478//478 496//496
f 496//496 497//497 483//483
f 496//496 493//493 468//468
f 468//468 469//469 497//497
f 499//499 501//501 500//500
f 501//501 484//484 483//483
f 502//502 503//503 501//501
f 503//503 514//514 484//484
f 505//505 498//498 504//504
f 459//459 505//505 460//460
f 504//504 500//500 497//497
f 460//460 504//504 469//469
f 505//505 507//507 506//506
f 507//507 252//252 246//246
f 459//459 456//456 507//507
f 456//456 253//253 252//252
f 499//499 498//498 508//508
f 502//502 499//499 509//509
f 508//508 506//506 248//248
f 509//509 508//508 235//235
f 513//513 510//510 512//512
f 502//502 513//513 503//503
f 512//512 511//511 485//485
f 503//503 512//512 514//514
f 513//513 516//516 515//515
f 516//516 234//234 233//233
f 502//502 509//509 516//516
f 509//509 235//235 234//234
f 521//521 510//510 517//517
f 116//116 518//518 121//121
f 517//517 515//515 520//520
f 121//121 519//519 122//122
f 521//521 522//522 511//511
f 522//522 489//489 482//482
f 116//116 117//117 523//523
f 117//117 491//491 490//490
f 525//525 527//527 526//526
f 527//527 531//531 528//528
f 529//529 530//530 527//527
f 530//530 553//553 531//531
f 533//533 524//524 532//532
f 540//540 533//533 534//534
f 532//532 526//526 535//535
f 534//534 532//532 536//536
f 533//533 538//538 537//537
f 538//538 542//542 539//539
f 540//540 541//541 538//538
f 541//541 1636//1636 542//542
f 525//525 524//524 543//543
f 529//529 525//525 544//544
f 543//543 537//537 545//545
f 544//544 543//543 546//546
f 550//550 547//547 549//549
f 529//529 550//550 530//530
f 549//549 548//548 552//552
f 530//530 549//549 553//553
f 550//550 555//555 554//554
f 555//555 557//557 556//556
f 529//529 544//544 555//555
f 544//544 546//546 557//557
f 559//559 547//547 558//558
f 564//564 559//559 560//560
f 558//558 554//554 561//561
f 560//560 558//558 562//562
f 559//559 563//563 548//548
f 563//563 566//566 551//551
f 564//564 565//565 563//563
f 565//565 576//576 566//566
f 568//568 570//570 569//569
f 570//570 552//552 551//551
f 571//571 572//572 570//570
f 572//572 553//553 552//552
f 574//574 567//567 573//573
f 580//580 574//574 575//575
f 573//573 569//569 566//566
f 575//575 573//573 576//576
f 574//574 578//578 577//577
f 578//578 582//582 579//579
f 580//580 581//581 578//578
f 581//581 620//620 582//582
f 568//568 567//567 583//583
f 571//571 568//568 584//584
f 583//583 577//577 585//585
f 584//584 583//583 586//586
f 590//590 587//587 589//589
f 571//571 590//590 572//572
f 589//589 588//588 531//531
f 572//572 589//589 553//553
f 590//590 592//592 591//591
f 592//592 594//594 593//593
f 571//571 584//584 592//592
f 584//584 586//586 594//594
f 596//596 587//587 595//595
f 601//601 596//596 597//597
f 595//595 591//591 598//598
f 597//597 595//595 599//599
f 596//596 600//600 588//588
f 600//600 535//535 528//528
f 601//601 602//602 600//600
f 602//602 536//536 535//535
f 606//606 603//603 605//605
f 614//614 606//606 607//607
f 605//605 604//604 609//609
f 607//607 605//605 610//610
f 606//606 612//612 611//611
f 612//612 616//616 613//613
f 614//614 615//615 612//612
f 615//615 667//667 616//616
f 618//618 603//603 617//617
f 580//580 618//618 581//581
f 617//617 611//611 619//619
f 581//581 617//617 620//620
f 618//618 621//621 604//604
f 621//621 622//622 608//608
f 580//580 575//575 621//621
f 575//575 576//576 622//622
f 624//624 626//626 625//625
f 626//626 609//609 608//608
f 627//627 628//628 626//626
f 628//628 610//610 609//609
f 630//630 623//623 629//629
f 564//564 630//630 565//565
f 629//629 625//625 622//622
f 565//565 629//629 576//576
f 630//630 632//632 631//631
f 632//632 634//634 633//633
f 564//564 560//560 632//632
f 560//560 562//562 634//634
f 624//624 623//623 635//635
f 627//627 624//624 636//636
f 635//635 631//631 637//637
f 636//636 635//635 638//638
f 642//642 639//639 641//641
f 627//627 642//642 628//628
f 641//641 640//640 644//644
f 628//628 641//641 610//610
f 642//642 646//646 645//645
f 646//646 648//648 647//647
f 627//627 636//636 646//646
f 636//636 638//638 648//648
f 650//650 639//639 649//649
f 437//437 650//650 438//438
f 649//649 645//645 651//651
f 438//438 649//649 652//652
f 650//650 653//653 640//640
f 653//653 654//654 643//643
f 437//437 432//432 653//653
f 432//432 433//433 654//654
f 656//656 658//658 657//657
f 658//658 644//644 643//643
f 614//614 607//607 658//658
f 607//607 610//610 644//644
f 660//660 655//655 659//659
f 421//421 660//660 422//422
f 659//659 657//657 654//654
f 422//422 659//659 433//433
f 660//660 662//662 661//661
f 662//662 664//664 663//663
f 421//421 418//418 662//662
f 418//418 419//419 664//664
f 656//656 655//655 665//665
f 614//614 656//656 615//615
f 665//665 661//661 666//666
f 615//615 665//665 667//667
f 671//671 668//668 670//670
f 676//676 671//671 672//672
f 670//670 669//669 674//674
f 672//672 670//670 675//675
f 199//199 677//677 200//200
f 677//677 678//678 669//669
f 678//678 679//679 673//673
f 199//199 195//195 678//678
f 195//195 196//196 679//679
f 681//681 683//683 682//682
f 683//683 674//674 673//673
f 684//684 685//685 683//683
f 685//685 675//675 674//674
f 687//687 680//680 686//686
f 186//186 687//687 187//187
f 686//686 682//682 679//679
f 187//187 686//686 196//196
f 687//687 689//689 688//688
f 689//689 691//691 690//690
f 186//186 182//182 689//689
f 182//182 184//184 691//691
f 681//681 680//680 692//692
f 684//684 681//681 693//693
f 692//692 688//688 694//694
f 693//693 692//692 695//695
f 697//697 702//702 698//698
f 700//700 685//685 684//684
f 701//701 722//722 702//702
f 703//703 675//675 685//685
f 705//705 696//696 704//704
f 704//704 790//790 706//706
f 684//684 693//693 707//707
f 693//693 695//695 708//708
f 705//705 710//710 709//709
f 710//710 713//713 711//711
f 706//706 712//712 710//710
f 712//712 913//913 713//713
f 697//697 696//696 714//714
f 701//701 697//697 715//715
f 714//714 709//709 716//716
f 715//715 714//714 717//717
f 721//721 718//718 720//720
f 701//701 721//721 722//722
f 724//724 723//723 672//672
f 703//703 724//724 675//675
f 721//721 726//726 725//725
f 726//726 728//728 727//727
f 701//701 715//715 726//726
f 715//715 717//717 728//728
f 729//729 725//725 730//730
f 732//732 738//738 733//733
f 735//735 740//740 736//736
f 737//737 754//754 738//738
f 739//739 760//760 740//740
f 742//742 731//731 741//741
f 255//255 742//742 743//743
f 745//745 734//734 744//744
f 257//257 745//745 266//266
f 742//742 747//747 746//746
f 747//747 457//457 452//452
f 255//255 251//251 747//747
f 251//251 253//253 457//457
f 732//732 731//731 748//748
f 737//737 732//732 749//749
f 748//748 746//746 453//453
f 749//749 748//748 443//443
f 753//753 750//750 752//752
f 737//737 753//753 754//754
f 5099//5099 755//755 757//757
f 739//739 758//758 760//760
f 753//753 762//762 761//761
f 762//762 442//442 436//436
f 737//737 749//749 762//762
f 749//749 443//443 442//442
f 764//764 750//750 763//763
f 767//767 764//764 765//765
f 763//763 761//761 439//439
f 765//765 763//763 652//652
f 764//764 768//768 751//751
f 766//766 770//770 756//756
f 767//767 947//947 768//768
f 769//769 782//782 770//770
f 772//772 774//774 773//773
f 774//774 757//757 756//756
f 776//776 778//778 777//777
f 778//778 760//760 759//759
f 780//780 771//771 779//779
f 785//785 780//780 781//781
f 779//779 773//773 770//770
f 781//781 779//779 782//782
f 780//780 784//784 783//783
f 784//784 712//712 706//706
f 785//785 786//786 784//784
f 786//786 913//913 712//712
f 772//772 771//771 787//787
f 776//776 775//775 789//789
f 787//787 783//783 790//790
f 789//789 788//788 695//695
f 794//794 791//791 793//793
f 776//776 794//794 778//778
f 793//793 792//792 740//740
f 778//778 793//793 760//760
f 794//794 796//796 795//795
f 796//796 694//694 690//690
f 776//776 789//789 796//796
f 789//789 695//695 694//694
f 798//798 791//791 797//797
f 269//269 798//798 270//270
f 797//797 795//795 691//691
f 270//270 797//797 184//184
f 798//798 799//799 792//792
f 799//799 744//744 736//736
f 269//269 265//265 799//799
f 265//265 266//266 744//744
f 803//803 800//800 802//802
f 809//809 803//803 804//804
f 805//805 806//806 802//802
f 806//806 821//821 804//804
f 803//803 808//808 807//807
f 808//808 318//318 314//314
f 809//809 810//810 808//808
f 810//810 319//319 318//318
f 812//812 800//800 811//811
f 811//811 807//807 315//315
f 812//812 813//813 801//801
f 813//813 814//814 805//805
f 818//818 815//815 817//817
f 805//805 818//818 806//806
f 817//817 816//816 820//820
f 806//806 817//817 821//821
f 818//818 823//823 822//822
f 805//805 814//814 823//823
f 826//826 815//815 825//825
f 831//831 826//826 827//827
f 825//825 822//822 828//828
f 827//827 825//825 829//829
f 826//826 830//830 816//816
f 830//830 833//833 819//819
f 831//831 832//832 830//830
f 832//832 843//843 833//833
f 835//835 837//837 836//836
f 837//837 820//820 819//819
f 838//838 839//839 837//837
f 839//839 821//821 820//820
f 841//841 834//834 840//840
f 847//847 841//841 842//842
f 840//840 836//836 833//833
f 842//842 840//840 843//843
f 841//841 845//845 844//844
f 845//845 849//849 846//846
f 847//847 848//848 845//845
f 848//848 1134//1134 849//849
f 835//835 834//834 850//850
f 838//838 835//835 851//851
f 850//850 844//844 852//852
f 851//851 850//850 853//853
f 857//857 854//854 856//856
f 838//838 857//857 839//839
f 809//809 804//804 856//856
f 839//839 856//856 821//821
f 857//857 859//859 858//858
f 859//859 861//861 860//860
f 838//838 851//851 859//859
f 851//851 853//853 861//861
f 858//858 863//863 862//862
f 863//863 331//331 326//326
f 860//860 864//864 863//863
f 864//864 332//332 331//331
f 855//855 854//854 865//865
f 809//809 855//855 810//810
f 865//865 862//862 327//327
f 810//810 865//865 319//319
f 869//869 866//866 868//868
f 877//877 869//869 870//870
f 868//868 867//867 872//872
f 870//870 868//868 873//873
f 869//869 875//875 874//874
f 875//875 879//879 876//876
f 877//877 878//878 875//875
f 878//878 934//934 879//879
f 881//881 866//866 880//880
f 886//886 881//881 882//882
f 880//880 874//874 883//883
f 882//882 880//880 884//884
f 881//881 885//885 867//867
f 885//885 888//888 871//871
f 886//886 887//887 885//885
f 887//887 897//897 888//888
f 890//890 892//892 891//891
f 892//892 872//872 871//871
f 893//893 894//894 892//892
f 894//894 873//873 872//872
f 896//896 889//889 895//895
f 895//895 891//891 888//888
f 896//896 899//899 898//898
f 899//899 730//730 727//727
f 890//890 889//889 900//900
f 893//893 890//890 901//901
f 900//900 898//898 728//728
f 901//901 900//900 717//717
f 905//905 902//902 904//904
f 893//893 905//905 894//894
f 904//904 903//903 907//907
f 894//894 904//904 873//873
f 905//905 909//909 908//908
f 909//909 716//716 711//711
f 893//893 901//901 909//909
f 901//901 717//717 716//716
f 911//911 902//902 910//910
f 915//915 911//911 912//912
f 910//910 908//908 713//713
f 912//912 910//910 913//913
f 911//911 914//914 903//903
f 914//914 917//917 906//906
f 915//915 916//916 914//914
f 916//916 925//925 917//917
f 919//919 921//921 920//920
f 921//921 907//907 906//906
f 877//877 870//870 921//921
f 870//870 873//873 907//907
f 923//923 918//918 922//922
f 929//929 923//923 924//924
f 922//922 920//920 917//917
f 924//924 922//922 925//925
f 923//923 927//927 926//926
f 927//927 931//931 928//928
f 929//929 930//930 927//927
f 930//930 1254//1254 931//931
f 919//919 918//918 932//932
f 877//877 919//919 878//878
f 932//932 926//926 933//933
f 878//878 932//932 934//934
f 936//936 942//942 937//937
f 939//939 944//944 940//940
f 941//941 958//958 942//942
f 943//943 963//963 944//944
f 946//946 935//935 945//945
f 767//767 946//946 947//947
f 949//949 938//938 948//948
f 769//769 949//949 782//782
f 946//946 951//951 950//950
f 951//951 651//651 647//647
f 767//767 765//765 951//951
f 765//765 652//652 651//651
f 936//936 935//935 952//952
f 941//941 936//936 953//953
f 952//952 950//950 648//648
f 953//953 952//952 638//638
f 957//957 954//954 956//956
f 941//941 957//957 958//958
f 962//962 959//959 961//961
f 943//943 962//962 963//963
f 957//957 965//965 964//964
f 965//965 637//637 633//633
f 941//941 953//953 965//965
f 953//953 638//638 637//637
f 967//967 954//954 966//966
f 970//970 967//967 968//968
f 966//966 964//964 634//634
f 968//968 966//966 562//562
f 967//967 971//971 955//955
f 969//969 973//973 960//960
f 970//970 1686//1686 971//971
f 972//972 983//983 973//973
f 975//975 977//977 976//976
f 977//977 961//961 960//960
f 978//978 979//979 977//977
f 979//979 963//963 961//961
f 981//981 974//974 980//980
f 986//986 981//981 982//982
f 980//980 976//976 973//973
f 982//982 980//980 983//983
f 981//981 985//985 984//984
f 985//985 930//930 929//929
f 986//986 987//987 985//985
f 987//987 1254//1254 930//930
f 975//975 974//974 988//988
f 978//978 975//975 989//989
f 988//988 984//984 924//924
f 989//989 988//988 925//925
f 993//993 990//990 992//992
f 978//978 993//993 979//979
f 992//992 991//991 944//944
f 979//979 992//992 963//963
f 993//993 995//995 994//994
f 915//915 994//994 916//916
f 978//978 989//989 995//995
f 989//989 925//925 916//916
f 997//997 990//990 996//996
f 785//785 997//997 786//786
f 915//915 912//912 996//996
f 912//912 913//913 786//786
f 997//997 998//998 991//991
f 998//998 948//948 940//940
f 785//785 781//781 998//998
f 781//781 782//782 948//948
f 882//882 884//884 999//999
f 1001//1001 1003//1003 1002//1002
f 1003//1003 1007//1007 1004//1004
f 1005//1005 1006//1006 1003//1003
f 1006//1006 1045//1045 1007//1007
f 1009//1009 1000//1000 1008//1008
f 1016//1016 1009//1009 1010//1010
f 1008//1008 1002//1002 1011//1011
f 1010//1010 1008//1008 1012//1012
f 1009//1009 1017//1017 1013//1013
f 1015//1015 619//619 613//613
f 1016//1016 1330//1330 1017//1017
f 1018//1018 620//620 619//619
f 1001//1001 1000//1000 1019//1019
f 1005//1005 1001//1001 1020//1020
f 1021//1021 1014//1014 616//616
f 1032//1032 1021//1021 667//667
f 1025//1025 1022//1022 1024//1024
f 1005//1005 1025//1025 1006//1006
f 1026//1026 1027//1027 1024//1024
f 1027//1027 1045//1045 1006//1006
f 1025//1025 1031//1031 1028//1028
f 1030//1030 666//666 663//663
f 1005//1005 1020//1020 1031//1031
f 1032//1032 667//667 666//666
f 1034//1034 1022//1022 1033//1033
f 352//352 1034//1034 1035//1035
f 1036//1036 1029//1029 664//664
f 354//354 1036//1036 419//419
f 1023//1023 1022//1022 1037//1037
f 1026//1026 1023//1023 1038//1038
f 1037//1037 1034//1034 346//346
f 1038//1038 1037//1037 403//403
f 1042//1042 1039//1039 1041//1041
f 1026//1026 1042//1042 1027//1027
f 1041//1041 1040//1040 1044//1044
f 1027//1027 1041//1041 1045//1045
f 1042//1042 1047//1047 1046//1046
f 1047//1047 402//402 399//399
f 1026//1026 1038//1038 1047//1047
f 1038//1038 403//403 402//402
f 1049//1049 1039//1039 1048//1048
f 860//860 1049//1049 864//864
f 1048//1048 1046//1046 400//400
f 864//864 1048//1048 332//332
f 1049//1049 1050//1050 1040//1040
f 1050//1050 1057//1057 1043//1043
f 860//860 861//861 1050//1050
f 1057//1057 1050//1050 853//853
f 1054//1054 1051//1051 1053//1053
f 1043//1043 1054//1054 1044//1044
f 1053//1053 1052//1052 1007//1007
f 1007//1007 1045//1045 1044//1044
f 1054//1054 1056//1056 1055//1055
f 1056//1056 852//852 846//846
f 1043//1043 1057//1057 1056//1056
f 1057//1057 853//853 852//852
f 1059//1059 1051//1051 1058//1058
f 1058//1058 1061//1061 1060//1060
f 1058//1058 1055//1055 849//849
f 849//849 1134//1134 1061//1061
f 1059//1059 1062//1062 1052//1052
f 1062//1062 1011//1011 1004//1004
f 1062//1062 1059//1059 1063//1063
f 1063//1063 1012//1012 1011//1011
f 1065//1065 1067//1067 1066//1066
f 1067//1067 1071//1071 1068//1068
f 1069//1069 1070//1070 1067//1067
f 1070//1070 1089//1089 1071//1071
f 1073//1073 1064//1064 1072//1072
f 831//831 1073//1073 832//832
f 1072//1072 1066//1066 1074//1074
f 832//832 1072//1072 843//843
f 1073//1073 1076//1076 1075//1075
f 1076//1076 1078//1078 1077//1077
f 831//831 827//827 1076//1076
f 827//827 829//829 1078//1078
f 1065//1065 1064//1064 1079//1079
f 1069//1069 1065//1065 1080//1080
f 1079//1079 1075//1075 1081//1081
f 1080//1080 1079//1079 1082//1082
f 1086//1086 1083//1083 1085//1085
f 1069//1069 1086//1086 1070//1070
f 1085//1085 1084//1084 1088//1088
f 1070//1070 1085//1085 1089//1089
f 1086//1086 1091//1091 1090//1090
f 1091//1091 1093//1093 1092//1092
f 1069//1069 1080//1080 1091//1091
f 1080//1080 1082//1082 1093//1093
f 1095//1095 1083//1083 1094//1094
f 1100//1100 1095//1095 1096//1096
f 1094//1094 1090//1090 1097//1097
f 1096//1096 1094//1094 1098//1098
f 1095//1095 1099//1099 1084//1084
f 1099//1099 1102//1102 1087//1087
f 1100//1100 1101//1101 1099//1099
f 1101//1101 1112//1112 1102//1102
f 1104//1104 1106//1106 1105//1105
f 1106//1106 1088//1088 1087//1087
f 1107//1107 1108//1108 1106//1106
f 1108//1108 1089//1089 1088//1088
f 1110//1110 1103//1103 1109//1109
f 1116//1116 1110//1110 1111//1111
f 1109//1109 1105//1105 1102//1102
f 1111//1111 1109//1109 1112//1112
f 1110//1110 1114//1114 1113//1113
f 1114//1114 1118//1118 1115//1115
f 1116//1116 1117//1117 1114//1114
f 1117//1117 1205//1205 1118//1118
f 1104//1104 1103//1103 1119//1119
f 1107//1107 1104//1104 1120//1120
f 1119//1119 1113//1113 1121//1121
f 1120//1120 1119//1119 1122//1122
f 1126//1126 1123//1123 1125//1125
f 1107//1107 1126//1126 1108//1108
f 1125//1125 1124//1124 1071//1071
f 1108//1108 1125//1125 1089//1089
f 1126//1126 1128//1128 1127//1127
f 1128//1128 1130//1130 1129//1129
f 1107//1107 1120//1120 1128//1128
f 1120//1120 1122//1122 1130//1130
f 1132//1132 1123//1123 1131//1131
f 847//847 1132//1132 848//848
f 1131//1131 1127//1127 1133//1133
f 848//848 1131//1131 1134//1134
f 1132//1132 1135//1135 1124//1124
f 1135//1135 1074//1074 1068//1068
f 847//847 842//842 1135//1135
f 842//842 843//843 1074//1074
f 1137//1137 1139//1139 1138//1138
f 1139//1139 1143//1143 1140//1140
f 1141//1141 1142//1142 1139//1139
f 1142//1142 1161//1161 1143//1143
f 1145//1145 1136//1136 1144//1144
f 1100//1100 1145//1145 1101//1101
f 1144//1144 1138//1138 1146//1146
f 1101//1101 1144//1144 1112//1112
f 1145//1145 1148//1148 1147//1147
f 1148//1148 1150//1150 1149//1149
f 1100//1100 1096//1096 1148//1148
f 1096//1096 1098//1098 1150//1150
f 1137//1137 1136//1136 1151//1151
f 1141//1141 1137//1137 1152//1152
f 1151//1151 1147//1147 1153//1153
f 1152//1152 1151//1151 1154//1154
f 1158//1158 1155//1155 1157//1157
f 1141//1141 1158//1158 1142//1142
f 1157//1157 1156//1156 1160//1160
f 1142//1142 1157//1157 1161//1161
f 1158//1158 1163//1163 1162//1162
f 1163//1163 1165//1165 1164//1164
f 1141//1141 1152//1152 1163//1163
f 1152//1152 1154//1154 1165//1165
f 1167//1167 1155//1155 1166//1166
f 1166//1166 1170//1170 1168//1168
f 1166//1166 1162//1162 1169//1169
f 1169//1169 1222//1222 1170//1170
f 1167//1167 1171//1171 1156//1156
f 1171//1171 1173//1173 1159//1159
f 1171//1171 1167//1167 1172//1172
f 1172//1172 1183//1183 1173//1173
f 1175//1175 1177//1177 1176//1176
f 1177//1177 1160//1160 1159//1159
f 1178//1178 1179//1179 1177//1177
f 1179//1179 1161//1161 1160//1160
f 1181//1181 1174//1174 1180//1180
f 1187//1187 1181//1181 1182//1182
f 1180//1180 1176//1176 1173//1173
f 1182//1182 1180//1180 1183//1183
f 1181//1181 1185//1185 1184//1184
f 1185//1185 1189//1189 1186//1186
f 1187//1187 1188//1188 1185//1185
f 1188//1188 1734//1734 1189//1189
f 1175//1175 1174//1174 1190//1190
f 1178//1178 1175//1175 1191//1191
f 1190//1190 1184//1184 1192//1192
f 1191//1191 1190//1190 1193//1193
f 1197//1197 1194//1194 1196//1196
f 1178//1178 1197//1197 1179//1179
f 1196//1196 1195//1195 1143//1143
f 1179//1179 1196//1196 1161//1161
f 1197//1197 1199//1199 1198//1198
f 1199//1199 1201//1201 1200//1200
f 1178//1178 1191//1191 1199//1199
f 1191//1191 1193//1193 1201//1201
f 1203//1203 1194//1194 1202//1202
f 1116//1116 1203//1203 1117//1117
f 1202//1202 1198//1198 1204//1204
f 1117//1117 1202//1202 1205//1205
f 1203//1203 1206//1206 1195//1195
f 1206//1206 1146//1146 1140//1140
f 1116//1116 1111//1111 1206//1206
f 1111//1111 1112//1112 1146//1146
f 1210//1210 1207//1207 1209//1209
f 1217//1217 1210//1210 1211//1211
f 1209//1209 1208//1208 1213//1213
f 1211//1211 1209//1209 1214//1214
f 1210//1210 1216//1216 1215//1215
f 1216//1216 1172//1172 1168//1168
f 1217//1217 1218//1218 1216//1216
f 1218//1218 1183//1183 1172//1172
f 1220//1220 1207//1207 1219//1219
f 1224//1224 1220//1220 1221//1221
f 1219//1219 1215//1215 1170//1170
f 1221//1221 1219//1219 1222//1222
f 1220//1220 1223//1223 1208//1208
f 1223//1223 1226//1226 1212//1212
f 1224//1224 1225//1225 1223//1223
f 1225//1225 1236//1236 1226//1226
f 1228//1228 1230//1230 1229//1229
f 1230//1230 1213//1213 1212//1212
f 1231//1231 1232//1232 1230//1230
f 1232//1232 1214//1214 1213//1213
f 1234//1234 1227//1227 1233//1233
f 1239//1239 1234//1234 1235//1235
f 1233//1233 1229//1229 1226//1226
f 1235//1235 1233//1233 1236//1236
f 1234//1234 1238//1238 1237//1237
f 1238//1238 883//883 876//876
f 1239//1239 1240//1240 1238//1238
f 1240//1240 884//884 883//883
f 1228//1228 1227//1227 1241//1241
f 1231//1231 1228//1228 1242//1242
f 1241//1241 1237//1237 879//879
f 1242//1242 1241//1241 934//934
f 1246//1246 1243//1243 1245//1245
f 1231//1231 1246//1246 1232//1232
f 1245//1245 1244//1244 1248//1248
f 1232//1232 1245//1245 1214//1214
f 1246//1246 1250//1250 1249//1249
f 1250//1250 933//933 928//928
f 1231//1231 1242//1242 1250//1250
f 1242//1242 934//934 933//933
f 1252//1252 1243//1243 1251//1251
f 1256//1256 1252//1252 1253//1253
f 1251//1251 1249//1249 931//931
f 1253//1253 1251//1251 1254//1254
f 1252//1252 1255//1255 1244//1244
f 1255//1255 1258//1258 1247//1247
f 1256//1256 1257//1257 1255//1255
f 1257//1257 1266//1266 1258//1258
f 1260//1260 1262//1262 1261//1261
f 1262//1262 1248//1248 1247//1247
f 1217//1217 1211//1211 1262//1262
f 1211//1211 1214//1214 1248//1248
f 1264//1264 1259//1259 1263//1263
f 1269//1269 1264//1264 1265//1265
f 1263//1263 1261//1261 1258//1258
f 1265//1265 1263//1263 1266//1266
f 1264//1264 1268//1268 1267//1267
f 1268//1268 1188//1188 1187//1187
f 1269//1269 1270//1270 1268//1268
f 1270//1270 1734//1734 1188//1188
f 1260//1260 1259//1259 1271//1271
f 1217//1217 1260//1260 1218//1218
f 1271//1271 1267//1267 1182//1182
f 1218//1218 1271//1271 1183//1183
f 1272//1272 1098//1098 1097//1097
f 1278//1278 1273//1273 1277//1277
f 1164//1164 1278//1278 1169//1169
f 1277//1277 1275//1275 1279//1279
f 1169//1169 1277//1277 1222//1222
f 1278//1278 1280//1280 1274//1274
f 1164//1164 1165//1165 1280//1280
f 1283//1283 1280//1280 1154//1154
f 1282//1282 1153//1153 1149//1149
f 1283//1283 1154//1154 1153//1153
f 1284//1284 1281//1281 1150//1150
f 1272//1272 1284//1284 1098//1098
f 1239//1239 1286//1286 1240//1240
f 1240//1240 1285//1285 884//884
f 1239//1239 1235//1235 1287//1287
f 1235//1235 1236//1236 1288//1288
f 1292//1292 1289//1289 1291//1291
f 1224//1224 1292//1292 1225//1225
f 1291//1291 1290//1290 1288//1288
f 1225//1225 1291//1291 1236//1236
f 1292//1292 1294//1294 1293//1293
f 1294//1294 1279//1279 1276//1276
f 1224//1224 1221//1221 1294//1294
f 1221//1221 1222//1222 1279//1279
f 1298//1298 1295//1295 1297//1297
f 1306//1306 1298//1298 1299//1299
f 1297//1297 1296//1296 1301//1301
f 1299//1299 1297//1297 1302//1302
f 1298//1298 1304//1304 1303//1303
f 1304//1304 1308//1308 1305//1305
f 1306//1306 1307//1307 1304//1304
f 1307//1307 1365//1365 1308//1308
f 1312//1312 1309//1309 1311//1311
f 1311//1311 598//598 593//593
f 1311//1311 1310//1310 1314//1314
f 598//598 1311//1311 599//599
f 1312//1312 1316//1316 1315//1315
f 1300//1300 1296//1296 5100//5100
f 1316//1316 1312//1312 594//594
f 1317//1317 1316//1316 586//586
f 1321//1321 1318//1318 1320//1320
f 1300//1300 1321//1321 1301//1301
f 1322//1322 1323//1323 1320//1320
f 1323//1323 1302//1302 1301//1301
f 1321//1321 1327//1327 1324//1324
f 1326//1326 585//585 579//579
f 1300//1300 5100//5100 1327//1327
f 1317//1317 586//586 585//585
f 1329//1329 1318//1318 1328//1328
f 1016//1016 1329//1329 1330//1330
f 1331//1331 1325//1325 582//582
f 1018//1018 1331//1331 620//620
f 1329//1329 1332//1332 1319//1319
f 1332//1332 1333//1333 1322//1322
f 1016//1016 1010//1010 1332//1332
f 1010//1010 1012//1012 1333//1333
f 1337//1337 1334//1334 1336//1336
f 1322//1322 1337//1337 1323//1323
f 1336//1336 1335//1335 1339//1339
f 1323//1323 1336//1336 1302//1302
f 1337//1337 1341//1341 1340//1340
f 1341//1341 1063//1063 1060//1060
f 1322//1322 1333//1333 1341//1341
f 1063//1063 1341//1341 1012//1012
f 1343//1343 1334//1334 1342//1342
f 1346//1346 1343//1343 1344//1344
f 1342//1342 1340//1340 1061//1061
f 1344//1344 1342//1342 1134//1134
f 1343//1343 1345//1345 1335//1335
f 1345//1345 1348//1348 1338//1338
f 1346//1346 1347//1347 1345//1345
f 1347//1347 1356//1356 1348//1348
f 1350//1350 1352//1352 1351//1351
f 1352//1352 1339//1339 1338//1338
f 1306//1306 1299//1299 1352//1352
f 1299//1299 1302//1302 1339//1339
f 1354//1354 1349//1349 1353//1353
f 1360//1360 1354//1354 1355//1355
f 1353//1353 1351//1351 1348//1348
f 1355//1355 1353//1353 1356//1356
f 1354//1354 1358//1358 1357//1357
f 1358//1358 1362//1362 1359//1359
f 1360//1360 1361//1361 1358//1358
f 1361//1361 1401//1401 1362//1362
f 1350//1350 1349//1349 1363//1363
f 1306//1306 1350//1350 1307//1307
f 1363//1363 1357//1357 1364//1364
f 1307//1307 1363//1363 1365//1365
f 1367//1367 1369//1369 1368//1368
f 1369//1369 1373//1373 1370//1370
f 1371//1371 1372//1372 1369//1369
f 1372//1372 1395//1395 1373//1373
f 1377//1377 1374//1374 1376//1376
f 1384//1384 1377//1377 1378//1378
f 1376//1376 1375//1375 1380//1380
f 1378//1378 1376//1376 1381//1381
f 1377//1377 1383//1383 1382//1382
f 1383//1383 1314//1314 1313//1313
f 1384//1384 1385//1385 1383//1383
f 1385//1385 599//599 1314//1314
f 1367//1367 1366//1366 1387//1387
f 1371//1371 1367//1367 1388//1388
f 1387//1387 1386//1386 1308//1308
f 1388//1388 1387//1387 1365//1365
f 1392//1392 1389//1389 1391//1391
f 1371//1371 1392//1392 1372//1372
f 1391//1391 1390//1390 1394//1394
f 1372//1372 1391//1391 1395//1395
f 1392//1392 1397//1397 1396//1396
f 1397//1397 1364//1364 1359//1359
f 1371//1371 1388//1388 1397//1397
f 1388//1388 1365//1365 1364//1364
f 1399//1399 1389//1389 1398//1398
f 1403//1403 1399//1399 1400//1400
f 1398//1398 1396//1396 1362//1362
f 1400//1400 1398//1398 1401//1401
f 1399//1399 1402//1402 1390//1390
f 1402//1402 1405//1405 1393//1393
f 1403//1403 1404//1404 1402//1402
f 1404//1404 1415//1415 1405//1405
f 1407//1407 1409//1409 1408//1408
f 1409//1409 1394//1394 1393//1393
f 1410//1410 1411//1411 1409//1409
f 1411//1411 1395//1395 1394//1394
f 1413//1413 1406//1406 1412//1412
f 1419//1419 1413//1413 1414//1414
f 1412//1412 1408//1408 1405//1405
f 1414//1414 1412//1412 1415//1415
f 1413//1413 1417//1417 1416//1416
f 1417//1417 1421//1421 1418//1418
f 1419//1419 1420//1420 1417//1417
f 1420//1420 1607//1607 1421//1421
f 1407//1407 1406//1406 1422//1422
f 1410//1410 1407//1407 1423//1423
f 1422//1422 1416//1416 1424//1424
f 1423//1423 1422//1422 1425//1425
f 1429//1429 1426//1426 1428//1428
f 1410//1410 1429//1429 1411//1411
f 1428//1428 1427//1427 1373//1373
f 1411//1411 1428//1428 1395//1395
f 1429//1429 1431//1431 1430//1430
f 1431//1431 1433//1433 1432//1432
f 1410//1410 1423//1423 1431//1431
f 1423//1423 1425//1425 1433//1433
f 1437//1437 1434//1434 1436//1436
f 1444//1444 1437//1437 1438//1438
f 1436//1436 1435//1435 1440//1440
f 1438//1438 1436//1436 1441//1441
f 1437//1437 1443//1443 1442//1442
f 1443//1443 1380//1380 1379//1379
f 1444//1444 1445//1445 1443//1443
f 1445//1445 1381//1381 1380//1380
f 1447//1447 1449//1449 1448//1448
f 1449//1449 1453//1453 1450//1450
f 1451//1451 1452//1452 1449//1449
f 1452//1452 1467//1467 1453//1453
f 1455//1455 1446//1446 1454//1454
f 1346//1346 1455//1455 1347//1347
f 1454//1454 1448//1448 1456//1456
f 1347//1347 1454//1454 1356//1356
f 1455//1455 1458//1458 1457//1457
f 1458//1458 1133//1133 1129//1129
f 1346//1346 1344//1344 1458//1458
f 1344//1344 1134//1134 1133//1133
f 1447//1447 1446//1446 1459//1459
f 1451//1451 1447//1447 1460//1460
f 1459//1459 1457//1457 1130//1130
f 1460//1460 1459//1459 1122//1122
f 1464//1464 1461//1461 1463//1463
f 1451//1451 1464//1464 1452//1452
f 1465//1465 1466//1466 1463//1463
f 1452//1452 1463//1463 1467//1467
f 1464//1464 1469//1469 1468//1468
f 1469//1469 1121//1121 1115//1115
f 1451//1451 1460//1460 1469//1469
f 1460//1460 1122//1122 1121//1121
f 1471//1471 1461//1461 1470//1470
f 1470//1470 1473//1473 1472//1472
f 1470//1470 1468//1468 1118//1118
f 1118//1118 1205//1205 1473//1473
f 1471//1471 1474//1474 1462//1462
f 1465//1465 1462//1462 1475//1475
f 1474//1474 1471//1471 1476//1476
f 1475//1475 1474//1474 1477//1477
f 1481//1481 1478//1478 1480//1480
f 1465//1465 1481//1481 1466//1466
f 1480//1480 1479//1479 1453//1453
f 1466//1466 1480//1480 1467//1467
f 1481//1481 1483//1483 1482//1482
f 1483//1483 1485//1485 1484//1484
f 1465//1465 1475//1475 1483//1483
f 1475//1475 1477//1477 1485//1485
f 1487//1487 1478//1478 1486//1486
f 1360//1360 1487//1487 1361//1361
f 1486//1486 1482//1482 1488//1488
f 1361//1361 1486//1486 1401//1401
f 1487//1487 1489//1489 1479//1479
f 1489//1489 1456//1456 1450//1450
f 1360//1360 1355//1355 1489//1489
f 1355//1355 1356//1356 1456//1456
f 1491//1491 1493//1493 1492//1492
f 1493//1493 1497//1497 1494//1494
f 1495//1495 1496//1496 1493//1493
f 1496//1496 1515//1515 1497//1497
f 1499//1499 1490//1490 1498//1498
f 1505//1505 1499//1499 1500//1500
f 1498//1498 1492//1492 1501//1501
f 1500//1500 1498//1498 1502//1502
f 1499//1499 1504//1504 1503//1503
f 1504//1504 1204//1204 1200//1200
f 1505//1505 1506//1506 1504//1504
f 1506//1506 1205//1205 1204//1204
f 1491//1491 1490//1490 1507//1507
f 1495//1495 1491//1491 1508//1508
f 1507//1507 1503//1503 1201//1201
f 1508//1508 1507//1507 1193//1193
f 1512//1512 1509//1509 1511//1511
f 1495//1495 1512//1512 1496//1496
f 1511//1511 1510//1510 1514//1514
f 1496//1496 1511//1511 1515//1515
f 1512//1512 1517//1517 1516//1516
f 1517//1517 1192//1192 1186//1186
f 1495//1495 1508//1508 1517//1517
f 1508//1508 1193//1193 1192//1192
f 1519//1519 1509//1509 1518//1518
f 1518//1518 1521//1521 1520//1520
f 1518//1518 1516//1516 1189//1189
f 1189//1189 1734//1734 1521//1521
f 1519//1519 1522//1522 1510//1510
f 1513//1513 1510//1510 1523//1523
f 1522//1522 1519//1519 1524//1524
f 1523//1523 1522//1522 1525//1525
f 1529//1529 1526//1526 1528//1528
f 1528//1528 1514//1514 1513//1513
f 1530//1530 1531//1531 1528//1528
f 1531//1531 1515//1515 1514//1514
f 1529//1529 1533//1533 1532//1532
f 1533//1533 1535//1535 1534//1534
f 1513//1513 1523//1523 1533//1533
f 1523//1523 1525//1525 1535//1535
f 1537//1537 1526//1526 1536//1536
f 1543//1543 1537//1537 1538//1538
f 1536//1536 1532//1532 1539//1539
f 1538//1538 1536//1536 1540//1540
f 1537//1537 1541//1541 1527//1527
f 1530//1530 1527//1527 1542//1542
f 1543//1543 1544//1544 1541//1541
f 1542//1542 1541//1541 1545//1545
f 1549//1549 1546//1546 1548//1548
f 1530//1530 1549//1549 1531//1531
f 1548//1548 1547//1547 1497//1497
f 1531//1531 1548//1548 1515//1515
f 1549//1549 1551//1551 1550//1550
f 1551//1551 1553//1553 1552//1552
f 1530//1530 1542//1542 1551//1551
f 1542//1542 1545//1545 1553//1553
f 1555//1555 1546//1546 1554//1554
f 1560//1560 1555//1555 1556//1556
f 1554//1554 1550//1550 1557//1557
f 1556//1556 1554//1554 1558//1558
f 1555//1555 1559//1559 1547//1547
f 1559//1559 1501//1501 1494//1494
f 1560//1560 1561//1561 1559//1559
f 1561//1561 1502//1502 1501//1501
f 1565//1565 1562//1562 1564//1564
f 1572//1572 1565//1565 1566//1566
f 1564//1564 1563//1563 1568//1568
f 1566//1566 1564//1564 1569//1569
f 1565//1565 1571//1571 1570//1570
f 1571//1571 1476//1476 1472//1472
f 1572//1572 1573//1573 1571//1571
f 1573//1573 1477//1477 1476//1476
f 1575//1575 1562//1562 1574//1574
f 1505//1505 1575//1575 1506//1506
f 1574//1574 1570//1570 1473//1473
f 1473//1473 1205//1205 1506//1506
f 1575//1575 1576//1576 1563//1563
f 1576//1576 1577//1577 1567//1567
f 1505//1505 1500//1500 1576//1576
f 1500//1500 1502//1502 1577//1577
f 1579//1579 1581//1581 1580//1580
f 1581//1581 1568//1568 1567//1567
f 1582//1582 1583//1583 1581//1581
f 1583//1583 1569//1569 1568//1568
f 1585//1585 1578//1578 1584//1584
f 1560//1560 1585//1585 1561//1561
f 1584//1584 1580//1580 1577//1577
f 1561//1561 1584//1584 1502//1502
f 1585//1585 1587//1587 1586//1586
f 1587//1587 1589//1589 1588//1588
f 1560//1560 1556//1556 1587//1587
f 1556//1556 1558//1558 1589//1589
f 1579//1579 1578//1578 1590//1590
f 1582//1582 1579//1579 1591//1591
f 1590//1590 1586//1586 1592//1592
f 1591//1591 1590//1590 1593//1593
f 1597//1597 1594//1594 1596//1596
f 1582//1582 1597//1597 1583//1583
f 1596//1596 1595//1595 1599//1599
f 1583//1583 1596//1596 1569//1569
f 1597//1597 1601//1601 1600//1600
f 1601//1601 1603//1603 1602//1602
f 1582//1582 1591//1591 1601//1601
f 1591//1591 1593//1593 1603//1603
f 1605//1605 1594//1594 1604//1604
f 1419//1419 1605//1605 1420//1420
f 1604//1604 1600//1600 1606//1606
f 1420//1420 1604//1604 1607//1607
f 1605//1605 1608//1608 1595//1595
f 1608//1608 1609//1609 1598//1598
f 1419//1419 1414//1414 1608//1608
f 1414//1414 1415//1415 1609//1609
f 1611//1611 1613//1613 1612//1612
f 1613//1613 1599//1599 1598//1598
f 1572//1572 1566//1566 1613//1613
f 1566//1566 1569//1569 1599//1599
f 1615//1615 1610//1610 1614//1614
f 1403//1403 1615//1615 1404//1404
f 1614//1614 1612//1612 1609//1609
f 1404//1404 1614//1614 1415//1415
f 1615//1615 1617//1617 1616//1616
f 1617//1617 1488//1488 1484//1484
f 1403//1403 1400//1400 1617//1617
f 1400//1400 1401//1401 1488//1488
f 1611//1611 1610//1610 1618//1618
f 1572//1572 1611//1611 1573//1573
f 1618//1618 1616//1616 1485//1485
f 1573//1573 1618//1618 1477//1477
f 1622//1622 1619//1619 1621//1621
f 1631//1631 1622//1622 1623//1623
f 1627//1627 1624//1624 1626//1626
f 1683//1683 1627//1627 1628//1628
f 1622//1622 1630//1630 1629//1629
f 1630//1630 545//545 539//539
f 1631//1631 1632//1632 1630//1630
f 1632//1632 546//546 545//545
f 1634//1634 1619//1619 1633//1633
f 1638//1638 1634//1634 1635//1635
f 1633//1633 1629//1629 542//542
f 1635//1635 1633//1633 1636//1636
f 1634//1634 1639//1639 1620//1620
f 1637//1637 1641//1641 1625//1625
f 1638//1638 1811//1811 1639//1639
f 1640//1640 1651//1651 1641//1641
f 1643//1643 1645//1645 1644//1644
f 1645//1645 1626//1626 1625//1625
f 1646//1646 1647//1647 1645//1645
f 1647//1647 1628//1628 1626//1626
f 1649//1649 1642//1642 1648//1648
f 1655//1655 1649//1649 1650//1650
f 1648//1648 1644//1644 1641//1641
f 1650//1650 1648//1648 1651//1651
f 1649//1649 1653//1653 1652//1652
f 1653//1653 1657//1657 1654//1654
f 1655//1655 1656//1656 1653//1653
f 1656//1656 1718//1718 1657//1657
f 1643//1643 1642//1642 1658//1658
f 1646//1646 1643//1643 1659//1659
f 1658//1658 1652//1652 1660//1660
f 1659//1659 1658//1658 1661//1661
f 1665//1665 1662//1662 1664//1664
f 1646//1646 1665//1665 1647//1647
f 1664//1664 1663//1663 1667//1667
f 1647//1647 1664//1664 1628//1628
f 1665//1665 1669//1669 1668//1668
f 1669//1669 1671//1671 1670//1670
f 1646//1646 1659//1659 1669//1669
f 1659//1659 1661//1661 1671//1671
f 1673//1673 1662//1662 1672//1672
f 986//986 1673//1673 987//987
f 1672//1672 1668//1668 1674//1674
f 987//987 1672//1672 1254//1254
f 1673//1673 1675//1675 1663//1663
f 1675//1675 1676//1676 1666//1666
f 986//986 982//982 1675//1675
f 982//982 983//983 1676//1676
f 1678//1678 1682//1682 1679//1679
f 1681//1681 1667//1667 1666//1666
f 1631//1631 1623//1623 1682//1682
f 1683//1683 1628//1628 1667//1667
f 1685//1685 1677//1677 1684//1684
f 970//970 1685//1685 1686//1686
f 1687//1687 1680//1680 1676//1676
f 972//972 1687//1687 983//983
f 1685//1685 1689//1689 1688//1688
f 1689//1689 561//561 556//556
f 970//970 968//968 1689//1689
f 968//968 562//562 561//561
f 1678//1678 1677//1677 1690//1690
f 1631//1631 1678//1678 1632//1632
f 1690//1690 1688//1688 557//557
f 1632//1632 1690//1690 546//546
f 1692//1692 1694//1694 1693//1693
f 1694//1694 1698//1698 1695//1695
f 1696//1696 1697//1697 1694//1694
f 1697//1697 1712//1712 1698//1698
f 1700//1700 1691//1691 1699//1699
f 1256//1256 1700//1700 1257//1257
f 1699//1699 1693//1693 1701//1701
f 1257//1257 1699//1699 1266//1266
f 1700//1700 1703//1703 1702//1702
f 1703//1703 1674//1674 1670//1670
f 1256//1256 1253//1253 1703//1703
f 1253//1253 1254//1254 1674//1674
f 1692//1692 1691//1691 1704//1704
f 1696//1696 1692//1692 1705//1705
f 1704//1704 1702//1702 1671//1671
f 1705//1705 1704//1704 1661//1661
f 1709//1709 1706//1706 1708//1708
f 1696//1696 1709//1709 1697//1697
f 1708//1708 1707//1707 1711//1711
f 1697//1697 1708//1708 1712//1712
f 1709//1709 1714//1714 1713//1713
f 1714//1714 1660//1660 1654//1654
f 1696//1696 1705//1705 1714//1714
f 1705//1705 1661//1661 1660//1660
f 1716//1716 1706//1706 1715//1715
f 1720//1720 1716//1716 1717//1717
f 1715//1715 1713//1713 1657//1657
f 1717//1717 1715//1715 1718//1718
f 1716//1716 1719//1719 1707//1707
f 1719//1719 1722//1722 1710//1710
f 1720//1720 1721//1721 1719//1719
f 1721//1721 1730//1730 1722//1722
f 1726//1726 1723//1723 1725//1725
f 1725//1725 1711//1711 1710//1710
f 1725//1725 1724//1724 1698//1698
f 1711//1711 1725//1725 1712//1712
f 1726//1726 1728//1728 1727//1727
f 1728//1728 1886//1886 1729//1729
f 1728//1728 1726//1726 1722//1722
f 1886//1886 1728//1728 1730//1730
f 1732//1732 1723//1723 1731//1731
f 1269//1269 1732//1732 1270//1270
f 1731//1731 1727//1727 1733//1733
f 1270//1270 1731//1731 1734//1734
f 1732//1732 1735//1735 1724//1724
f 1735//1735 1701//1701 1695//1695
f 1269//1269 1265//1265 1735//1735
f 1265//1265 1266//1266 1701//1701
f 1739//1739 1736//1736 1738//1738
f 1747//1747 1739//1739 1740//1740
f 1738//1738 1737//1737 1742//1742
f 1740//1740 1738//1738 1743//1743
f 1739//1739 1745//1745 1744//1744
f 1745//1745 1749//1749 1746//1746
f 1747//1747 1748//1748 1745//1745
f 1748//1748 1798//1798 1749//1749
f 1751//1751 1736//1736 1750//1750
f 540//540 1751//1751 541//541
f 1750//1750 1744//1744 1752//1752
f 541//541 1750//1750 1636//1636
f 1751//1751 1753//1753 1737//1737
f 1753//1753 1754//1754 1741//1741
f 540//540 534//534 1753//1753
f 534//534 536//536 1754//1754
f 1756//1756 1758//1758 1757//1757
f 1758//1758 1742//1742 1741//1741
f 1759//1759 1760//1760 1758//1758
f 1760//1760 1743//1743 1742//1742
f 1762//1762 1755//1755 1761//1761
f 601//601 1762//1762 602//602
f 1761//1761 1757//1757 1754//1754
f 602//602 1761//1761 536//536
f 1762//1762 1764//1764 1763//1763
f 1384//1384 1763//1763 1385//1385
f 601//601 597//597 1764//1764
f 597//597 599//599 1385//1385
f 1756//1756 1755//1755 1765//1765
f 1759//1759 1756//1756 1766//1766
f 1384//1384 1378//1378 1765//1765
f 1378//1378 1381//1381 1766//1766
f 1770//1770 1767//1767 1769//1769
f 1759//1759 1770//1770 1760//1760
f 1769//1769 1768//1768 1772//1772
f 1760//1760 1769//1769 1743//1743
f 1770//1770 1774//1774 1773//1773
f 1444//1444 1773//1773 1445//1445
f 1759//1759 1766//1766 1774//1774
f 1445//1445 1774//1774 1381//1381
f 1776//1776 1767//1767 1775//1775
f 1779//1779 1776//1776 1777//1777
f 1444//1444 1438//1438 1775//1775
f 1777//1777 1775//1775 1441//1441
f 1776//1776 1778//1778 1768//1768
f 1778//1778 1781//1781 1771//1771
f 1779//1779 1780//1780 1778//1778
f 1780//1780 1789//1789 1781//1781
f 1783//1783 1785//1785 1784//1784
f 1785//1785 1772//1772 1771//1771
f 1747//1747 1740//1740 1785//1785
f 1740//1740 1743//1743 1772//1772
f 1787//1787 1782//1782 1786//1786
f 1793//1793 1787//1787 1788//1788
f 1786//1786 1784//1784 1781//1781
f 1788//1788 1786//1786 1789//1789
f 1787//1787 1791//1791 1790//1790
f 1791//1791 1795//1795 1792//1792
f 1793//1793 1794//1794 1791//1791
f 1794//1794 1833//1833 1795//1795
f 1783//1783 1782//1782 1796//1796
f 1747//1747 1783//1783 1748//1748
f 1796//1796 1790//1790 1797//1797
f 1748//1748 1796//1796 1798//1798
f 1800//1800 1806//1806 1801//1801
f 1803//1803 1808//1808 1804//1804
f 1805//1805 1822//1822 1806//1806
f 1807//1807 1827//1827 1808//1808
f 1810//1810 1799//1799 1809//1809
f 1638//1638 1810//1810 1811//1811
f 1813//1813 1802//1802 1812//1812
f 1640//1640 1813//1813 1651//1651
f 1810//1810 1815//1815 1814//1814
f 1815//1815 1752//1752 1746//1746
f 1638//1638 1635//1635 1815//1815
f 1635//1635 1636//1636 1752//1752
f 1800//1800 1799//1799 1816//1816
f 1805//1805 1800//1800 1817//1817
f 1816//1816 1814//1814 1749//1749
f 1817//1817 1816//1816 1798//1798
f 1821//1821 1818//1818 1820//1820
f 1805//1805 1821//1821 1822//1822
f 1826//1826 1823//1823 1825//1825
f 1807//1807 1826//1826 1827//1827
f 1821//1821 1829//1829 1828//1828
f 1829//1829 1797//1797 1792//1792
f 1805//1805 1817//1817 1829//1829
f 1817//1817 1798//1798 1797//1797
f 1831//1831 1818//1818 1830//1830
f 1835//1835 1831//1831 1832//1832
f 1830//1830 1828//1828 1795//1795
f 1832//1832 1830//1830 1833//1833
f 1831//1831 1836//1836 1819//1819
f 1834//1834 1838//1838 1824//1824
f 1835//1835 2383//2383 1836//1836
f 1837//1837 1848//1848 1838//1838
f 1840//1840 1842//1842 1841//1841
f 1842//1842 1825//1825 1824//1824
f 1843//1843 1844//1844 1842//1842
f 1844//1844 1827//1827 1825//1825
f 1846//1846 1839//1839 1845//1845
f 1852//1852 1846//1846 1847//1847
f 1845//1845 1841//1841 1838//1838
f 1847//1847 1845//1845 1848//1848
f 1846//1846 1850//1850 1849//1849
f 1850//1850 1854//1854 1851//1851
f 1852//1852 1853//1853 1850//1850
f 1853//1853 1911//1911 1854//1854
f 1840//1840 1839//1839 1855//1855
f 1843//1843 1840//1840 1856//1856
f 1855//1855 1849//1849 1857//1857
f 1856//1856 1855//1855 1858//1858
f 1862//1862 1859//1859 1861//1861
f 1843//1843 1862//1862 1844//1844
f 1861//1861 1860//1860 1808//1808
f 1844//1844 1861//1861 1827//1827
f 1862//1862 1864//1864 1863//1863
f 1864//1864 1866//1866 1865//1865
f 1843//1843 1856//1856 1864//1864
f 1856//1856 1858//1858 1866//1866
f 1868//1868 1859//1859 1867//1867
f 1655//1655 1868//1868 1656//1656
f 1867//1867 1863//1863 1869//1869
f 1656//1656 1867//1867 1718//1718
f 1868//1868 1870//1870 1860//1860
f 1870//1870 1812//1812 1804//1804
f 1655//1655 1650//1650 1870//1870
f 1650//1650 1651//1651 1812//1812
f 1874//1874 1871//1871 1873//1873
f 1881//1881 1874//1874 1875//1875
f 1873//1873 1872//1872 1877//1877
f 1875//1875 1873//1873 1878//1878
f 1874//1874 1880//1880 1879//1879
f 1880//1880 1524//1524 1520//1520
f 1881//1881 1882//1882 1880//1880
f 1882//1882 1525//1525 1524//1524
f 1879//1879 1884//1884 1883//1883
f 1884//1884 1733//1733 1729//1729
f 1520//1520 1521//1521 1884//1884
f 1521//1521 1734//1734 1733//1733
f 1883//1883 1885//1885 1872//1872
f 1885//1885 1887//1887 1876//1876
f 1729//1729 1886//1886 1885//1885
f 1886//1886 1730//1730 1887//1887
f 1889//1889 1891//1891 1890//1890
f 1891//1891 1877//1877 1876//1876
f 1892//1892 1893//1893 1891//1891
f 1893//1893 1878//1878 1877//1877
f 1895//1895 1888//1888 1894//1894
f 1720//1720 1895//1895 1721//1721
f 1894//1894 1890//1890 1887//1887
f 1721//1721 1894//1894 1730//1730
f 1895//1895 1897//1897 1896//1896
f 1897//1897 1869//1869 1865//1865
f 1720//1720 1717//1717 1897//1897
f 1717//1717 1718//1718 1869//1869
f 1889//1889 1888//1888 1898//1898
f 1892//1892 1889//1889 1899//1899
f 1898//1898 1896//1896 1866//1866
f 1899//1899 1898//1898 1858//1858
f 1903//1903 1900//1900 1902//1902
f 1892//1892 1903//1903 1893//1893
f 1902//1902 1901//1901 1905//1905
f 1893//1893 1902//1902 1878//1878
f 1903//1903 1907//1907 1906//1906
f 1907//1907 1857//1857 1851//1851
f 1892//1892 1899//1899 1907//1907
f 1899//1899 1858//1858 1857//1857
f 1909//1909 1900//1900 1908//1908
f 1913//1913 1909//1909 1910//1910
f 1908//1908 1906//1906 1854//1854
f 1910//1910 1908//1908 1911//1911
f 1909//1909 1912//1912 1901//1901
f 1912//1912 1915//1915 1904//1904
f 1913//1913 1914//1914 1912//1912
f 1914//1914 1923//1923 1915//1915
f 1917//1917 1919//1919 1918//1918
f 1919//1919 1905//1905 1904//1904
f 1881//1881 1875//1875 1919//1919
f 1875//1875 1878//1878 1905//1905
f 1921//1921 1916//1916 1920//1920
f 1926//1926 1921//1921 1922//1922
f 1920//1920 1918//1918 1915//1915
f 1922//1922 1920//1920 1923//1923
f 1921//1921 1925//1925 1924//1924
f 1925//1925 1539//1539 1534//1534
f 1926//1926 1927//1927 1925//1925
f 1927//1927 1540//1540 1539//1539
f 1917//1917 1916//1916 1928//1928
f 1881//1881 1917//1917 1882//1882
f 1928//1928 1924//1924 1535//1535
f 1882//1882 1928//1928 1525//1525
f 1930//1930 5101//5101 1931//1931
f 1933//1933 1938//1938 1934//1934
f 5101//5101 1930//1930 1936//1936
f 1937//1937 2002//2002 1938//1938
f 1940//1940 1929//1929 1939//1939
f 1948//1948 1940//1940 1941//1941
f 1943//1943 1932//1932 1942//1942
f 2115//2115 1943//1943 1944//1944
f 1940//1940 1946//1946 1945//1945
f 1952//1952 1945//1945 1947//1947
f 1948//1948 1949//1949 1946//1946
f 1947//1947 1946//1946 1950//1950
f 1945//1945 1951//1951 1930//1930
f 1951//1951 1954//1954 1935//1935
f 1952//1952 1953//1953 1951//1951
f 1953//1953 1966//1966 1954//1954
f 1956//1956 1958//1958 1957//1957
f 1958//1958 1936//1936 1935//1935
f 1960//1960 1962//1962 1961//1961
f 1962//1962 2002//2002 1937//1937
f 1964//1964 1955//1955 1963//1963
f 1970//1970 1964//1964 1965//1965
f 1963//1963 1957//1957 1954//1954
f 1965//1965 1963//1963 1966//1966
f 1964//1964 1968//1968 1967//1967
f 1968//1968 1972//1972 1969//1969
f 1970//1970 1971//1971 1968//1968
f 1971//1971 2050//2050 1972//1972
f 1956//1956 1955//1955 1973//1973
f 1960//1960 1959//1959 1975//1975
f 1973//1973 1967//1967 1976//1976
f 1975//1975 1974//1974 1978//1978
f 1980//1980 1982//1982 1981//1981
f 1960//1960 1981//1981 1962//1962
f 1983//1983 1984//1984 1982//1982
f 1984//1984 2002//2002 1962//1962
f 1981//1981 1986//1986 1985//1985
f 1986//1986 1988//1988 1987//1987
f 1960//1960 1975//1975 1986//1986
f 1975//1975 1978//1978 1988//1988
f 1990//1990 1979//1979 1989//1989
f 1989//1989 1993//1993 1991//1991
f 1989//1989 1985//1985 1992//1992
f 1992//1992 2032//2032 1993//1993
f 1980//1980 1979//1979 1994//1994
f 1983//1983 1980//1980 1995//1995
f 1994//1994 1990//1990 1996//1996
f 1995//1995 1994//1994 1997//1997
f 2001//2001 1998//1998 2000//2000
f 1983//1983 2001//2001 1984//1984
f 2000//2000 1999//1999 1938//1938
f 1984//1984 2000//2000 2002//2002
f 2001//2001 2004//2004 2003//2003
f 2004//2004 2006//2006 2005//2005
f 1983//1983 1995//1995 2004//2004
f 1995//1995 1997//1997 2006//2006
f 2008//2008 1998//1998 2007//2007
f 2013//2013 2008//2008 2009//2009
f 2007//2007 2003//2003 2010//2010
f 2009//2009 2007//2007 2011//2011
f 2008//2008 2012//2012 1999//1999
f 2012//2012 1942//1942 1934//1934
f 2013//2013 2014//2014 2012//2012
f 2014//2014 1944//1944 1942//1942
f 2016//2016 2018//2018 2017//2017
f 2026//2026 2017//2017 2019//2019
f 2020//2020 2021//2021 2018//2018
f 2019//2019 2018//2018 2022//2022
f 2024//2024 2015//2015 2023//2023
f 2023//2023 2028//2028 2025//2025
f 2026//2026 2027//2027 2023//2023
f 2027//2027 2072//2072 2028//2028
f 2024//2024 2030//2030 2029//2029
f 2030//2030 1992//1992 1987//1987
f 2030//2030 2024//2024 2031//2031
f 1992//1992 2030//2030 2032//2032
f 2016//2016 2015//2015 2033//2033
f 2020//2020 2016//2016 2034//2034
f 2033//2033 2029//2029 1988//1988
f 2034//2034 2033//2033 1978//1978
f 2043//2043 2035//2035 2037//2037
f 2020//2020 2038//2038 2021//2021
f 2039//2039 2040//2040 2042//2042
f 2021//2021 2039//2039 2022//2022
f 2043//2043 2045//2045 2044//2044
f 2045//2045 1976//1976 1969//1969
f 2020//2020 2034//2034 2046//2046
f 2034//2034 1978//1978 1977//1977
f 2048//2048 2035//2035 2047//2047
f 2052//2052 2048//2048 2049//2049
f 2047//2047 2044//2044 1972//1972
f 2049//2049 2047//2047 2050//2050
f 2048//2048 2053//2053 2036//2036
f 2051//2051 2055//2055 2041//2041
f 2052//2052 2174//2174 2053//2053
f 2054//2054 2063//2063 2055//2055
f 2057//2057 2059//2059 2058//2058
f 2059//2059 2042//2042 2041//2041
f 2059//2059 2057//2057 2019//2019
f 2042//2042 2059//2059 2022//2022
f 2061//2061 2056//2056 2060//2060
f 2067//2067 2061//2061 2062//2062
f 2060//2060 2058//2058 2055//2055
f 2062//2062 2060//2060 2063//2063
f 2061//2061 2065//2065 2064//2064
f 2065//2065 2256//2256 2066//2066
f 2067//2067 2068//2068 2065//2065
f 2256//2256 2065//2065 2069//2069
f 2057//2057 2056//2056 2070//2070
f 2026//2026 2057//2057 2027//2027
f 2070//2070 2064//2064 2071//2071
f 2027//2027 2070//2070 2072//2072
f 2074//2074 2076//2076 2075//2075
f 2084//2084 2075//2075 2077//2077
f 2078//2078 2079//2079 2076//2076
f 2077//2077 2076//2076 2080//2080
f 2082//2082 2073//2073 2081//2081
f 2089//2089 2082//2082 2083//2083
f 2084//2084 2085//2085 2081//2081
f 2085//2085 2129//2129 2083//2083
f 2082//2082 2087//2087 2086//2086
f 2087//2087 2091//2091 2088//2088
f 2089//2089 2090//2090 2087//2087
f 2090//2090 2359//2359 2091//2091
f 2074//2074 2073//2073 2092//2092
f 2078//2078 2074//2074 2093//2093
f 2092//2092 2086//2086 2094//2094
f 2093//2093 2092//2092 2095//2095
f 2104//2104 2096//2096 2098//2098
f 2078//2078 2099//2099 2079//2079
f 2100//2100 2101//2101 2103//2103
f 2079//2079 2100//2100 2080//2080
f 2104//2104 2106//2106 2105//2105
f 2106//2106 5102//5102 2107//2107
f 2078//2078 2093//2093 2108//2108
f 2093//2093 2095//2095 2109//2109
f 2111//2111 2096//2096 2110//2110
f 1948//1948 2111//2111 1949//1949
f 2107//2107 2112//2112 2110//2110
f 2112//2112 1950//1950 1949//1949
f 2111//2111 2114//2114 2097//2097
f 2113//2113 2116//2116 2102//2102
f 1948//1948 1941//1941 2114//2114
f 2115//2115 1944//1944 2116//2116
f 2118//2118 2120//2120 2119//2119
f 2120//2120 2103//2103 2102//2102
f 2084//2084 2077//2077 2120//2120
f 2103//2103 2120//2120 2080//2080
f 2122//2122 2117//2117 2121//2121
f 2013//2013 2122//2122 2014//2014
f 2121//2121 2119//2119 2116//2116
f 2014//2014 2121//2121 1944//1944
f 2122//2122 2124//2124 2123//2123
f 2124//2124 2126//2126 2125//2125
f 2013//2013 2009//2009 2124//2124
f 2009//2009 2011//2011 2126//2126
f 2118//2118 2117//2117 2127//2127
f 2084//2084 2118//2118 2085//2085
f 2127//2127 2123//2123 2128//2128
f 2085//2085 2127//2127 2129//2129
f 2131//2131 2133//2133 2132//2132
f 2133//2133 2137//2137 2134//2134
f 2135//2135 2136//2136 2133//2133
f 2136//2136 2154//2154 2137//2137
f 2139//2139 2130//2130 2138//2138
f 2138//2138 1424//1424 1418//1418
f 2138//2138 2132//2132 2140//2140
f 1424//1424 2138//2138 1425//1425
f 2142//2142 2130//2130 2141//2141
f 2146//2146 2142//2142 2143//2143
f 2141//2141 2139//2139 1421//1421
f 2143//2143 2141//2141 1607//1607
f 2131//2131 2130//2130 2144//2144
f 2135//2135 2131//2131 2145//2145
f 2146//2146 2147//2147 2144//2144
f 2147//2147 2211//2211 2145//2145
f 2151//2151 2148//2148 2150//2150
f 2135//2135 2151//2151 2136//2136
f 2150//2150 2149//2149 2153//2153
f 2136//2136 2150//2150 2154//2154
f 2151//2151 2156//2156 2155//2155
f 2156//2156 2158//2158 2157//2157
f 2135//2135 2145//2145 2156//2156
f 2145//2145 2211//2211 2158//2158
f 2160//2160 2148//2148 2159//2159
f 2067//2067 2160//2160 2068//2068
f 2159//2159 2155//2155 2161//2161
f 2068//2068 2159//2159 2069//2069
f 2160//2160 2162//2162 2149//2149
f 2162//2162 2163//2163 2152//2152
f 2067//2067 2062//2062 2162//2162
f 2062//2062 2063//2063 2163//2163
f 2165//2165 2170//2170 2166//2166
f 2168//2168 2153//2153 2152//2152
f 2169//2169 2188//2188 2170//2170
f 2171//2171 2154//2154 2153//2153
f 2173//2173 2164//2164 2172//2172
f 2052//2052 2173//2173 2174//2174
f 2175//2175 2167//2167 2163//2163
f 2054//2054 2175//2175 2063//2063
f 2173//2173 2177//2177 2176//2176
f 2177//2177 2179//2179 2178//2178
f 2052//2052 2049//2049 2177//2177
f 2049//2049 2050//2050 2179//2179
f 2165//2165 2164//2164 2180//2180
f 2169//2169 2165//2165 2181//2181
f 2180//2180 2176//2176 2182//2182
f 2181//2181 2180//2180 2183//2183
f 2187//2187 2184//2184 2186//2186
f 2169//2169 2187//2187 2188//2188
f 2190//2190 2189//2189 2137//2137
f 2171//2171 2190//2190 2154//2154
f 2187//2187 2192//2192 2191//2191
f 2192//2192 2194//2194 2193//2193
f 2169//2169 2181//2181 2192//2192
f 2181//2181 2183//2183 2194//2194
f 2196//2196 2184//2184 2195//2195
f 1439//1439 2196//2196 1440//1440
f 2195//2195 2191//2191 2197//2197
f 1440//1440 2195//2195 1441//1441
f 2196//2196 2199//2199 2185//2185
f 2198//2198 2140//2140 2134//2134
f 1432//1432 1433//1433 2198//2198
f 1433//1433 1425//1425 2140//2140
f 2201//2201 2203//2203 2202//2202
f 2203//2203 2207//2207 2204//2204
f 2205//2205 2206//2206 2203//2203
f 2206//2206 2222//2222 2207//2207
f 2209//2209 2200//2200 2208//2208
f 2146//2146 2209//2209 2147//2147
f 2208//2208 2202//2202 2210//2210
f 2147//2147 2208//2208 2211//2211
f 2209//2209 2213//2213 2212//2212
f 2213//2213 1606//1606 1602//1602
f 2146//2146 2143//2143 2213//2213
f 2143//2143 1607//1607 1606//1606
f 2201//2201 2200//2200 2214//2214
f 2205//2205 2201//2201 2215//2215
f 2214//2214 2212//2212 1603//1603
f 2215//2215 2214//2214 1593//1593
f 2219//2219 2216//2216 2218//2218
f 2205//2205 2219//2219 2206//2206
f 2218//2218 2217//2217 2221//2221
f 2206//2206 2218//2218 2222//2222
f 2219//2219 2224//2224 2223//2223
f 2224//2224 1592//1592 1588//1588
f 2205//2205 2215//2215 2224//2224
f 2215//2215 1593//1593 1592//1592
f 2226//2226 2216//2216 2225//2225
f 2229//2229 2226//2226 2227//2227
f 2225//2225 2223//2223 1589//1589
f 2227//2227 2225//2225 1558//1558
f 2226//2226 2228//2228 2217//2217
f 2228//2228 2231//2231 2220//2220
f 2229//2229 2230//2230 2228//2228
f 2230//2230 2241//2241 2231//2231
f 2233//2233 2235//2235 2234//2234
f 2235//2235 2221//2221 2220//2220
f 2236//2236 2237//2237 2235//2235
f 2237//2237 2222//2222 2221//2221
f 2239//2239 2232//2232 2238//2238
f 2244//2244 2239//2239 2240//2240
f 2238//2238 2234//2234 2231//2231
f 2240//2240 2238//2238 2241//2241
f 2239//2239 2243//2243 2242//2242
f 2243//2243 2031//2031 2025//2025
f 2244//2244 2245//2245 2243//2243
f 2245//2245 2032//2032 2031//2031
f 2233//2233 2232//2232 2246//2246
f 2236//2236 2233//2233 2247//2247
f 2246//2246 2242//2242 2028//2028
f 2247//2247 2246//2246 2072//2072
f 2251//2251 2248//2248 2250//2250
f 2236//2236 2251//2251 2237//2237
f 2250//2250 2249//2249 2207//2207
f 2237//2237 2250//2250 2222//2222
f 2251//2251 2253//2253 2252//2252
f 2253//2253 2071//2071 2066//2066
f 2236//2236 2247//2247 2253//2253
f 2247//2247 2072//2072 2071//2071
f 2255//2255 2248//2248 2254//2254
f 2157//2157 2255//2255 2161//2161
f 2254//2254 2252//2252 2256//2256
f 2256//2256 2069//2069 2161//2161
f 2255//2255 2257//2257 2249//2249
f 2257//2257 2210//2210 2204//2204
f 2157//2157 2158//2158 2257//2257
f 2158//2158 2211//2211 2210//2210
f 2259//2259 2261//2261 2260//2260
f 2261//2261 2265//2265 2262//2262
f 2263//2263 2264//2264 2261//2261
f 2264//2264 2279//2279 2265//2265
f 2267//2267 2258//2258 2266//2266
f 2229//2229 2267//2267 2230//2230
f 2266//2266 2260//2260 2268//2268
f 2230//2230 2266//2266 2241//2241
f 2267//2267 2270//2270 2269//2269
f 2270//2270 1557//1557 1552//1552
f 2229//2229 2227//2227 2270//2270
f 2227//2227 1558//1558 1557//1557
f 2259//2259 2258//2258 2271//2271
f 2263//2263 2259//2259 2272//2272
f 2271//2271 2269//2269 1553//1553
f 2272//2272 2271//2271 1545//1545
f 2276//2276 2273//2273 2275//2275
f 2263//2263 2276//2276 2264//2264
f 2275//2275 2274//2274 2278//2278
f 2264//2264 2275//2275 2279//2279
f 2281//2281 2273//2273 2280//2280
f 1543//1543 2281//2281 1544//1544
f 2263//2263 2272//2272 2280//2280
f 2272//2272 1545//1545 1544//1544
f 2281//2281 2283//2283 2282//2282
f 2283//2283 2285//2285 2284//2284
f 1543//1543 1538//1538 2283//2283
f 1538//1538 1540//1540 2285//2285
f 2274//2274 2273//2273 2286//2286
f 2286//2286 2298//2298 2277//2277
f 2286//2286 2282//2282 2287//2287
f 2298//2298 2286//2286 2288//2288
f 2290//2290 2292//2292 2291//2291
f 2292//2292 2278//2278 2277//2277
f 2293//2293 2294//2294 2292//2292
f 2294//2294 2279//2279 2278//2278
f 2296//2296 2289//2289 2295//2295
f 2301//2301 2296//2296 2297//2297
f 2295//2295 2291//2291 2298//2298
f 2297//2297 2295//2295 2288//2288
f 2296//2296 2300//2300 2299//2299
f 2300//2300 2010//2010 2005//2005
f 2301//2301 2302//2302 2300//2300
f 2302//2302 2011//2011 2010//2010
f 2290//2290 2289//2289 2303//2303
f 2293//2293 2290//2290 2304//2304
f 2303//2303 2299//2299 2006//2006
f 2304//2304 2303//2303 1997//1997
f 2308//2308 2305//2305 2307//2307
f 2293//2293 2308//2308 2294//2294
f 2307//2307 2306//2306 2265//2265
f 2294//2294 2307//2307 2279//2279
f 2308//2308 2310//2310 2309//2309
f 2310//2310 1996//1996 1991//1991
f 2293//2293 2304//2304 2310//2310
f 2304//2304 1997//1997 1996//1996
f 2312//2312 2305//2305 2311//2311
f 2244//2244 2312//2312 2245//2245
f 2311//2311 2309//2309 1993//1993
f 2245//2245 2311//2311 2032//2032
f 2312//2312 2313//2313 2306//2306
f 2313//2313 2268//2268 2262//2262
f 2244//2244 2240//2240 2313//2313
f 2240//2240 2241//2241 2268//2268
f 2317//2317 2314//2314 2316//2316
f 2324//2324 2317//2317 2318//2318
f 2316//2316 2315//2315 2320//2320
f 2318//2318 2316//2316 2321//2321
f 2317//2317 2323//2323 2322//2322
f 2323//2323 2287//2287 2284//2284
f 2324//2324 2325//2325 2323//2323
f 2325//2325 2288//2288 2287//2287
f 2327//2327 2314//2314 2326//2326
f 1926//1926 2327//2327 1927//1927
f 2326//2326 2322//2322 2285//2285
f 1927//1927 2326//2326 1540//1540
f 2327//2327 2328//2328 2315//2315
f 2328//2328 2329//2329 2319//2319
f 1926//1926 1922//1922 2328//2328
f 1922//1922 1923//1923 2329//2329
f 2331//2331 2333//2333 2332//2332
f 2333//2333 2320//2320 2319//2319
f 2334//2334 2335//2335 2333//2333
f 2335//2335 2321//2321 2320//2320
f 2337//2337 2330//2330 2336//2336
f 1913//1913 2337//2337 1914//1914
f 2336//2336 2332//2332 2329//2329
f 1914//1914 2336//2336 1923//1923
f 2337//2337 2339//2339 2338//2338
f 2339//2339 2341//2341 2340//2340
f 1913//1913 1910//1910 2339//2339
f 1910//1910 1911//1911 2341//2341
f 2331//2331 2330//2330 2342//2342
f 2334//2334 2331//2331 2343//2343
f 2342//2342 2338//2338 2344//2344
f 2343//2343 2342//2342 2345//2345
f 2349//2349 2346//2346 2348//2348
f 2334//2334 2349//2349 2335//2335
f 2348//2348 2347//2347 2351//2351
f 2335//2335 2348//2348 2321//2321
f 2349//2349 2353//2353 2352//2352
f 2353//2353 2355//2355 2354//2354
f 2334//2334 2343//2343 2353//2353
f 2343//2343 2345//2345 2355//2355
f 2357//2357 2346//2346 2356//2356
f 2089//2089 2357//2357 2090//2090
f 2354//2354 2358//2358 2356//2356
f 2090//2090 2356//2356 2359//2359
f 2357//2357 2360//2360 2347//2347
f 2360//2360 2361//2361 2350//2350
f 2089//2089 2083//2083 2360//2360
f 2083//2083 2129//2129 2361//2361
f 2363//2363 2365//2365 2364//2364
f 2365//2365 2351//2351 2350//2350
f 2324//2324 2318//2318 2365//2365
f 2318//2318 2321//2321 2351//2351
f 2364//2364 2367//2367 2366//2366
f 2367//2367 2128//2128 2125//2125
f 2367//2367 2364//2364 2361//2361
f 2361//2361 2129//2129 2128//2128
f 2369//2369 2362//2362 2368//2368
f 2301//2301 2369//2369 2302//2302
f 2368//2368 2366//2366 2126//2126
f 2302//2302 2368//2368 2011//2011
f 2369//2369 2370//2370 2363//2363
f 2324//2324 2363//2363 2325//2325
f 2301//2301 2297//2297 2370//2370
f 2297//2297 2288//2288 2325//2325
f 2372//2372 2378//2378 2373//2373
f 2375//2375 2380//2380 2376//2376
f 2377//2377 2398//2398 2378//2378
f 2379//2379 2403//2403 2380//2380
f 2382//2382 2371//2371 2381//2381
f 1835//1835 2382//2382 2383//2383
f 2385//2385 2374//2374 2384//2384
f 1837//1837 2385//2385 1848//1848
f 2382//2382 2387//2387 2386//2386
f 2387//2387 2389//2389 2388//2388
f 1835//1835 1832//1832 2387//2387
f 1832//1832 1833//1833 2389//2389
f 2372//2372 2371//2371 2390//2390
f 2377//2377 2372//2372 2391//2391
f 2390//2390 2386//2386 2392//2392
f 2391//2391 2390//2390 2393//2393
f 2397//2397 2394//2394 2396//2396
f 2377//2377 2397//2397 2398//2398
f 2402//2402 2399//2399 2401//2401
f 2379//2379 2402//2402 2403//2403
f 2397//2397 2405//2405 2404//2404
f 2405//2405 2407//2407 2406//2406
f 2377//2377 2391//2391 2405//2405
f 2391//2391 2393//2393 2407//2407
f 2409//2409 2394//2394 2408//2408
f 2107//2107 2409//2409 2112//2112
f 2408//2408 2404//2404 2410//2410
f 2112//2112 2408//2408 1950//1950
f 2409//2409 2412//2412 2395//2395
f 2411//2411 2421//2421 2400//2400
f 2107//2107 5102//5102 2412//2412
f 2421//2421 2411//2411 2095//2095
f 2416//2416 2413//2413 2415//2415
f 2400//2400 2416//2416 2401//2401
f 2417//2417 2418//2418 2415//2415
f 2418//2418 2403//2403 2401//2401
f 2416//2416 2420//2420 2419//2419
f 2420//2420 2094//2094 2088//2088
f 2400//2400 2421//2421 2420//2420
f 2421//2421 2095//2095 2094//2094
f 2423//2423 2413//2413 2422//2422
f 2354//2354 2423//2423 2358//2358
f 2422//2422 2419//2419 2091//2091
f 2358//2358 2422//2422 2359//2359
f 2423//2423 2424//2424 2414//2414
f 2424//2424 2431//2431 2417//2417
f 2354//2354 2355//2355 2424//2424
f 2431//2431 2424//2424 2345//2345
f 2428//2428 2425//2425 2427//2427
f 2417//2417 2428//2428 2418//2418
f 2427//2427 2426//2426 2380//2380
f 2418//2418 2427//2427 2403//2403
f 2428//2428 2430//2430 2429//2429
f 2430//2430 2344//2344 2340//2340
f 2417//2417 2431//2431 2430//2430
f 2431//2431 2345//2345 2344//2344
f 2433//2433 2425//2425 2432//2432
f 1852//1852 2433//2433 1853//1853
f 2432//2432 2429//2429 2341//2341
f 1853//1853 2432//2432 1911//1911
f 2433//2433 2434//2434 2426//2426
f 2434//2434 2384//2384 2376//2376
f 1852//1852 1847//1847 2434//2434
f 1847//1847 1848//1848 2384//2384
f 2436//2436 2438//2438 2437//2437
f 2438//2438 2442//2442 2439//2439
f 2440//2440 2441//2441 2438//2438
f 2441//2441 2456//2456 2442//2442
f 2444//2444 2435//2435 2443//2443
f 1779//1779 2444//2444 1780//1780
f 2443//2443 2437//2437 2445//2445
f 1780//1780 2443//2443 1789//1789
f 2444//2444 2447//2447 2446//2446
f 2447//2447 2197//2197 2193//2193
f 1779//1779 1777//1777 2447//2447
f 1777//1777 1441//1441 2197//2197
f 2436//2436 2435//2435 2448//2448
f 2440//2440 2436//2436 2449//2449
f 2448//2448 2446//2446 2194//2194
f 2449//2449 2448//2448 2183//2183
f 2453//2453 2450//2450 2452//2452
f 2440//2440 2453//2453 2441//2441
f 2452//2452 2451//2451 2455//2455
f 2441//2441 2452//2452 2456//2456
f 2453//2453 2458//2458 2457//2457
f 2458//2458 2182//2182 2178//2178
f 2440//2440 2449//2449 2458//2458
f 2449//2449 2183//2183 2182//2182
f 2460//2460 2450//2450 2459//2459
f 1970//1970 2460//2460 1971//1971
f 2459//2459 2457//2457 2179//2179
f 1971//1971 2459//2459 2050//2050
f 2460//2460 2461//2461 2451//2451
f 2461//2461 2462//2462 2454//2454
f 1970//1970 1965//1965 2461//2461
f 1965//1965 1966//1966 2462//2462
f 2464//2464 2466//2466 2465//2465
f 2466//2466 2455//2455 2454//2454
f 2467//2467 2468//2468 2466//2466
f 2468//2468 2456//2456 2455//2455
f 2470//2470 2463//2463 2469//2469
f 1952//1952 2470//2470 1953//1953
f 2469//2469 2465//2465 2462//2462
f 1953//1953 2469//2469 1966//1966
f 2470//2470 2472//2472 2471//2471
f 2472//2472 2410//2410 2406//2406
f 1952//1952 1947//1947 2472//2472
f 1947//1947 1950//1950 2410//2410
f 2464//2464 2463//2463 2473//2473
f 2467//2467 2464//2464 2474//2474
f 2473//2473 2471//2471 2407//2407
f 2474//2474 2473//2473 2393//2393
f 2478//2478 2475//2475 2477//2477
f 2467//2467 2478//2478 2468//2468
f 2477//2477 2476//2476 2442//2442
f 2468//2468 2477//2477 2456//2456
f 2478//2478 2480//2480 2479//2479
f 2480//2480 2392//2392 2388//2388
f 2467//2467 2474//2474 2480//2480
f 2474//2474 2393//2393 2392//2392
f 2482//2482 2475//2475 2481//2481
f 1793//1793 2482//2482 1794//1794
f 2481//2481 2479//2479 2389//2389
f 1794//1794 2481//2481 1833//1833
f 2482//2482 2483//2483 2476//2476
f 2483//2483 2445//2445 2439//2439
f 1793//1793 1788//1788 2483//2483
f 1788//1788 1789//1789 2445//2445
f 2485//2485 2487//2487 2486//2486
f 2487//2487 2489//2489 2488//2488
f 2486//2486 2491//2491 2490//2490
f 2491//2491 2534//2534 2492//2492
f 2491//2491 2486//2486 2493//2493
f 2534//2534 2491//2491 2494//2494
f 2496//2496 2484//2484 2495//2495
f 2501//2501 2496//2496 2497//2497
f 2495//2495 2490//2490 2498//2498
f 2497//2497 2495//2495 2499//2499
f 2485//2485 2484//2484 2500//2500
f 2504//2504 2503//2503 2489//2489
f 2508//2508 2502//2502 2507//2507
f 2513//2513 2508//2508 2509//2509
f 2507//2507 2505//2505 2510//2510
f 2509//2509 2507//2507 2511//2511
f 2508//2508 2512//2512 2503//2503
f 2512//2512 2493//2493 2488//2488
f 2513//2513 2514//2514 2512//2512
f 2514//2514 2494//2494 2493//2493
f 2516//2516 2518//2518 2517//2517
f 2518//2518 2540//2540 2519//2519
f 2518//2518 2516//2516 2521//2521
f 2540//2540 2518//2518 2522//2522
f 2524//2524 2515//2515 2523//2523
f 2530//2530 2524//2524 2525//2525
f 2523//2523 2517//2517 2526//2526
f 2525//2525 2523//2523 2527//2527
f 2524//2524 2529//2529 2528//2528
f 2529//2529 2498//2498 2492//2492
f 2530//2530 2531//2531 2529//2529
f 2531//2531 2499//2499 2498//2498
f 2516//2516 2515//2515 2532//2532
f 2520//2520 2516//2516 2533//2533
f 2532//2532 2528//2528 2534//2534
f 2534//2534 2494//2494 2533//2533
f 2536//2536 2538//2538 2537//2537
f 2538//2538 2541//2541 2539//2539
f 2538//2538 2536//2536 2540//2540
f 2540//2540 2522//2522 2541//2541
f 2543//2543 2535//2535 2542//2542
f 2550//2550 2543//2543 2544//2544
f 2542//2542 2537//2537 2545//2545
f 2544//2544 2542//2542 2546//2546
f 2543//2543 2548//2548 2547//2547
f 2553//2553 2547//2547 2549//2549
f 2550//2550 2551//2551 2548//2548
f 2551//2551 2604//2604 2549//2549
f 2547//2547 2552//2552 2536//2536
f 2552//2552 2526//2526 2519//2519
f 2553//2553 2554//2554 2552//2552
f 2554//2554 2527//2527 2526//2526
f 2558//2558 2555//2555 2557//2557
f 2563//2563 2558//2558 2559//2559
f 2557//2557 2556//2556 2541//2541
f 2559//2559 2557//2557 2522//2522
f 2558//2558 2561//2561 2560//2560
f 2561//2561 2565//2565 2562//2562
f 2563//2563 2564//2564 2561//2561
f 2564//2564 2586//2586 2565//2565
f 2567//2567 2555//2555 2566//2566
f 2572//2572 2567//2567 2568//2568
f 2566//2566 2560//2560 2569//2569
f 2568//2568 2566//2566 2570//2570
f 2567//2567 2571//2571 2556//2556
f 2571//2571 2545//2545 2539//2539
f 2572//2572 2573//2573 2571//2571
f 2573//2573 2546//2546 2545//2545
f 2575//2575 2577//2577 2576//2576
f 2577//2577 2521//2521 2520//2520
f 2563//2563 2559//2559 2577//2577
f 2559//2559 2522//2522 2521//2521
f 2579//2579 2574//2574 2578//2578
f 2513//2513 2579//2579 2514//2514
f 2578//2578 2576//2576 2533//2533
f 2514//2514 2578//2578 2494//2494
f 2579//2579 2581//2581 2580//2580
f 2581//2581 2583//2583 2582//2582
f 2513//2513 2509//2509 2581//2581
f 2509//2509 2511//2511 2583//2583
f 2575//2575 2574//2574 2584//2584
f 2563//2563 2575//2575 2564//2564
f 2584//2584 2580//2580 2585//2585
f 2564//2564 2584//2584 2586//2586
f 2590//2590 2587//2587 2589//2589
f 2598//2598 2590//2590 2591//2591
f 2589//2589 2588//2588 2593//2593
f 2591//2591 2589//2589 2594//2594
f 2590//2590 2596//2596 2595//2595
f 2596//2596 2600//2600 2597//2597
f 2598//2598 2599//2599 2596//2596
f 2599//2599 2625//2625 2600//2600
f 2602//2602 2587//2587 2601//2601
f 2550//2550 2602//2602 2551//2551
f 2601//2601 2595//2595 2603//2603
f 2551//2551 2601//2601 2604//2604
f 2602//2602 2605//2605 2588//2588
f 2605//2605 2606//2606 2592//2592
f 2550//2550 2544//2544 2605//2605
f 2544//2544 2546//2546 2606//2606
f 2608//2608 2610//2610 2609//2609
f 2610//2610 2612//2612 2611//2611
f 2598//2598 2591//2591 2610//2610
f 2591//2591 2594//2594 2612//2612
f 2614//2614 2607//2607 2613//2613
f 2613//2613 2617//2617 2615//2615
f 2613//2613 2609//2609 2616//2616
f 2616//2616 3048//3048 2617//2617
f 2614//2614 2619//2619 2618//2618
f 2619//2619 2914//2914 2620//2620
f 2619//2619 2614//2614 2621//2621
f 2914//2914 2619//2619 2622//2622
f 2608//2608 2607//2607 2623//2623
f 2598//2598 2608//2608 2599//2599
f 2623//2623 2618//2618 2624//2624
f 2599//2599 2623//2623 2625//2625
f 2629//2629 2626//2626 2628//2628
f 2634//2634 2629//2629 2630//2630
f 2628//2628 2627//2627 2612//2612
f 2630//2630 2628//2628 2594//2594
f 2629//2629 2632//2632 2631//2631
f 2632//2632 2636//2636 2633//2633
f 2634//2634 2635//2635 2632//2632
f 2635//2635 2657//2657 2636//2636
f 2638//2638 2626//2626 2637//2637
f 2643//2643 2638//2638 2639//2639
f 2637//2637 2631//2631 2640//2640
f 2639//2639 2637//2637 2641//2641
f 2638//2638 2642//2642 2627//2627
f 2642//2642 2616//2616 2611//2611
f 2643//2643 2644//2644 2642//2642
f 2644//2644 3048//3048 2616//2616
f 2646//2646 2648//2648 2647//2647
f 2648//2648 2593//2593 2592//2592
f 2634//2634 2630//2630 2648//2648
f 2630//2630 2594//2594 2593//2593
f 2650//2650 2645//2645 2649//2649
f 2572//2572 2650//2650 2573//2573
f 2649//2649 2647//2647 2606//2606
f 2573//2573 2649//2649 2546//2546
f 2650//2650 2652//2652 2651//2651
f 2652//2652 2654//2654 2653//2653
f 2572//2572 2568//2568 2652//2652
f 2568//2568 2570//2570 2654//2654
f 2646//2646 2645//2645 2655//2655
f 2634//2634 2646//2646 2635//2635
f 2655//2655 2651//2651 2656//2656
f 2635//2635 2655//2655 2657//2657
f 2665//2665 2659//2659 2660//2660
f 2660//2660 2658//2658 2662//2662
f 2659//2659 2664//2664 2663//2663
f 2664//2664 2510//2510 2506//2506
f 2665//2665 2666//2666 2664//2664
f 2666//2666 2511//2511 2510//2510
f 2670//2670 2662//2662 2661//2661
f 2674//2674 2671//2671 2673//2673
f 2681//2681 2674//2674 2675//2675
f 2673//2673 2672//2672 2677//2677
f 2675//2675 2673//2673 2678//2678
f 2674//2674 2680//2680 2679//2679
f 2680//2680 2585//2585 2582//2582
f 2681//2681 2682//2682 2680//2680
f 2682//2682 2586//2586 2585//2585
f 2684//2684 2671//2671 2683//2683
f 2665//2665 2684//2684 2666//2666
f 2683//2683 2679//2679 2583//2583
f 2666//2666 2683//2683 2511//2511
f 2684//2684 2685//2685 2672//2672
f 2685//2685 2686//2686 2676//2676
f 2665//2665 2660//2660 2685//2685
f 2660//2660 2662//2662 2686//2686
f 2688//2688 2690//2690 2689//2689
f 2690//2690 2692//2692 2691//2691
f 2681//2681 2675//2675 2690//2690
f 2675//2675 2678//2678 2692//2692
f 2694//2694 2687//2687 2693//2693
f 2700//2700 2694//2694 2695//2695
f 2693//2693 2689//2689 2696//2696
f 2695//2695 2693//2693 2697//2697
f 2694//2694 2699//2699 2698//2698
f 2699//2699 2569//2569 2562//2562
f 2700//2700 2701//2701 2699//2699
f 2701//2701 2570//2570 2569//2569
f 2688//2688 2687//2687 2702//2702
f 2681//2681 2688//2688 2682//2682
f 2702//2702 2698//2698 2565//2565
f 2682//2682 2702//2702 2586//2586
f 2706//2706 2703//2703 2705//2705
f 2711//2711 2706//2706 2707//2707
f 2705//2705 2704//2704 2692//2692
f 2707//2707 2705//2705 2678//2678
f 2706//2706 2709//2709 2708//2708
f 2709//2709 2713//2713 2710//2710
f 2711//2711 2712//2712 2709//2709
f 2712//2712 2734//2734 2713//2713
f 2715//2715 2703//2703 2714//2714
f 2720//2720 2715//2715 2716//2716
f 2714//2714 2708//2708 2717//2717
f 2716//2716 2714//2714 2718//2718
f 2715//2715 2719//2719 2704//2704
f 2719//2719 2696//2696 2691//2691
f 2720//2720 2721//2721 2719//2719
f 2721//2721 2697//2697 2696//2696
f 2723//2723 2725//2725 2724//2724
f 2725//2725 2677//2677 2676//2676
f 2711//2711 2707//2707 2725//2725
f 2707//2707 2678//2678 2677//2677
f 2727//2727 2722//2722 2726//2726
f 2669//2669 2727//2727 2670//2670
f 2726//2726 2724//2724 2686//2686
f 2670//2670 2726//2726 2662//2662
f 2727//2727 2729//2729 2728//2728
f 2729//2729 2731//2731 2730//2730
f 2669//2669 2667//2667 2729//2729
f 2667//2667 2668//2668 2731//2731
f 2723//2723 2722//2722 2732//2732
f 2711//2711 2723//2723 2712//2712
f 2732//2732 2728//2728 2733//2733
f 2712//2712 2732//2732 2734//2734
f 2736//2736 2738//2738 2737//2737
f 2738//2738 2742//2742 2739//2739
f 2738//2738 2736//2736 2741//2741
f 2741//2741 2755//2755 2742//2742
f 2744//2744 2735//2735 2743//2743
f 2653//2653 2744//2744 2656//2656
f 2743//2743 2737//2737 2745//2745
f 2656//2656 2743//2743 2657//2657
f 2744//2744 2747//2747 2746//2746
f 2700//2700 2746//2746 2701//2701
f 2653//2653 2654//2654 2747//2747
f 2701//2701 2747//2747 2570//2570
f 2746//2746 2748//2748 2736//2736
f 2748//2748 2749//2749 2740//2740
f 2700//2700 2695//2695 2748//2748
f 2695//2695 2697//2697 2749//2749
f 2753//2753 2750//2750 2752//2752
f 2761//2761 2760//2760 2775//2775
f 2752//2752 2751//2751 2742//2742
f 2754//2754 2752//2752 2755//2755
f 2760//2760 2758//2758 2757//2757
f 2758//2758 3075//3075 2759//2759
f 2761//2761 2762//2762 2758//2758
f 3075//3075 2758//2758 2763//2763
f 2765//2765 2750//2750 2764//2764
f 2633//2633 2765//2765 2640//2640
f 2764//2764 2756//2756 2767//2767
f 2640//2640 2764//2764 2641//2641
f 2765//2765 2768//2768 2751//2751
f 2768//2768 2745//2745 2739//2739
f 2633//2633 2636//2636 2768//2768
f 2636//2636 2657//2657 2745//2745
f 2776//2776 2769//2769 2771//2771
f 2780//2780 2772//2772 2774//2774
f 2771//2771 2770//2770 2775//2775
f 2774//2774 2773//2773 2755//2755
f 2776//2776 2778//2778 2777//2777
f 2778//2778 3318//3318 2779//2779
f 2780//2780 2782//2782 2781//2781
f 2782//2782 2804//2804 2783//2783
f 2785//2785 2769//2769 2784//2784
f 2790//2790 2785//2785 2786//2786
f 2784//2784 2777//2777 2787//2787
f 2786//2786 2784//2784 2788//2788
f 2785//2785 2789//2789 2770//2770
f 2789//2789 2762//2762 2761//2761
f 2790//2790 2791//2791 2789//2789
f 2791//2791 2763//2763 2762//2762
f 2793//2793 2795//2795 2794//2794
f 2795//2795 2741//2741 2740//2740
f 2780//2780 2774//2774 2795//2795
f 2774//2774 2755//2755 2741//2741
f 2797//2797 2792//2792 2796//2796
f 2720//2720 2797//2797 2721//2721
f 2796//2796 2794//2794 2749//2749
f 2721//2721 2796//2796 2697//2697
f 2797//2797 2799//2799 2798//2798
f 2799//2799 2801//2801 2800//2800
f 2720//2720 2716//2716 2799//2799
f 2716//2716 2718//2718 2801//2801
f 2793//2793 2792//2792 2802//2802
f 2780//2780 2793//2793 2782//2782
f 2802//2802 2798//2798 2803//2803
f 2782//2782 2802//2802 2804//2804
f 2806//2806 2808//2808 2807//2807
f 2808//2808 2812//2812 2809//2809
f 2810//2810 2811//2811 2808//2808
f 2811//2811 2828//2828 2812//2812
f 2814//2814 2805//2805 2813//2813
f 2553//2553 2814//2814 2554//2554
f 2813//2813 2807//2807 2815//2815
f 2554//2554 2813//2813 2527//2527
f 2814//2814 2817//2817 2816//2816
f 2817//2817 2930//2930 2818//2818
f 2553//2553 2549//2549 2817//2817
f 2930//2930 2817//2817 2604//2604
f 2806//2806 2805//2805 2819//2819
f 2810//2810 2806//2806 2820//2820
f 2819//2819 2816//2816 2821//2821
f 2820//2820 2819//2819 2822//2822
f 2826//2826 2823//2823 2825//2825
f 2832//2832 2826//2826 2827//2827
f 2825//2825 2824//2824 2812//2812
f 2827//2827 2825//2825 2828//2828
f 2826//2826 2830//2830 2829//2829
f 2830//2830 2834//2834 2831//2831
f 2832//2832 2833//2833 2830//2830
f 2833//2833 2858//2858 2834//2834
f 2836//2836 2823//2823 2835//2835
f 2530//2530 2836//2836 2531//2531
f 2835//2835 2829//2829 2837//2837
f 2531//2531 2835//2835 2499//2499
f 2836//2836 2838//2838 2824//2824
f 2838//2838 2815//2815 2809//2809
f 2530//2530 2525//2525 2838//2838
f 2525//2525 2527//2527 2815//2815
f 2840//2840 2842//2842 2841//2841
f 2842//2842 2844//2844 2843//2843
f 2832//2832 2827//2827 2842//2842
f 2827//2827 2828//2828 2844//2844
f 2846//2846 2839//2839 2845//2845
f 2853//2853 2846//2846 2847//2847
f 2845//2845 2841//2841 2848//2848
f 2847//2847 2845//2845 2849//2849
f 2846//2846 2851//2851 2850//2850
f 2851//2851 2855//2855 2852//2852
f 2853//2853 2854//2854 2851//2851
f 2854//2854 2950//2950 2855//2855
f 2840//2840 2839//2839 2856//2856
f 2832//2832 2840//2840 2833//2833
f 2856//2856 2850//2850 2857//2857
f 2833//2833 2856//2856 2858//2858
f 2862//2862 2859//2859 2861//2861
f 2810//2810 2862//2862 2811//2811
f 2861//2861 2860//2860 2844//2844
f 2811//2811 2861//2861 2828//2828
f 2862//2862 2864//2864 2863//2863
f 2864//2864 2866//2866 2865//2865
f 2810//2810 2820//2820 2864//2864
f 2820//2820 2822//2822 2866//2866
f 2868//2868 2859//2859 2867//2867
f 2873//2873 2868//2868 2869//2869
f 2867//2867 2863//2863 2870//2870
f 2869//2869 2867//2867 2871//2871
f 2868//2868 2872//2872 2860//2860
f 2872//2872 2848//2848 2843//2843
f 2873//2873 2874//2874 2872//2872
f 2874//2874 2849//2849 2848//2848
f 2876//2876 2878//2878 2877//2877
f 2878//2878 2882//2882 2879//2879
f 2880//2880 2881//2881 2878//2878
f 2881//2881 2906//2906 2882//2882
f 2890//2890 2875//2875 2883//2883
f 2894//2894 2884//2884 2886//2886
f 2883//2883 2877//2877 2887//2887
f 2886//2886 2885//2885 2889//2889
f 2890//2890 2892//2892 2891//2891
f 2892//2892 3630//3630 2893//2893
f 2894//2894 2896//2896 2895//2895
f 2896//2896 2973//2973 2897//2897
f 2876//2876 2875//2875 2898//2898
f 2880//2880 2876//2876 2899//2899
f 2898//2898 2891//2891 2900//2900
f 2900//2900 2939//2939 2899//2899
f 2904//2904 2901//2901 2903//2903
f 2909//2909 2904//2904 2905//2905
f 2903//2903 2902//2902 2882//2882
f 2905//2905 2903//2903 2906//2906
f 2904//2904 2908//2908 2907//2907
f 2908//2908 2624//2624 2620//2620
f 2909//2909 2910//2910 2908//2908
f 2910//2910 2625//2625 2624//2624
f 2912//2912 2901//2901 2911//2911
f 2916//2916 2912//2912 2913//2913
f 2911//2911 2907//2907 2914//2914
f 2914//2914 2622//2622 2913//2913
f 2912//2912 2915//2915 2902//2902
f 2915//2915 2887//2887 2879//2879
f 3023//3023 2918//2918 2917//2917
f 2918//2918 2889//2889 2888//2888
f 2920//2920 2922//2922 2921//2921
f 2922//2922 2924//2924 2923//2923
f 2909//2909 2905//2905 2922//2922
f 2905//2905 2906//2906 2924//2924
f 2926//2926 2919//2919 2925//2925
f 2818//2818 2926//2926 2821//2821
f 2925//2925 2921//2921 2927//2927
f 2927//2927 2822//2822 2821//2821
f 2926//2926 2929//2929 2928//2928
f 2929//2929 2603//2603 2597//2597
f 2818//2818 2930//2930 2929//2929
f 2930//2930 2604//2604 2603//2603
f 2920//2920 2919//2919 2931//2931
f 2909//2909 2920//2920 2910//2910
f 2931//2931 2928//2928 2600//2600
f 2910//2910 2931//2931 2625//2625
f 2933//2933 2935//2935 2934//2934
f 2880//2880 2934//2934 2881//2881
f 2935//2935 2933//2933 2924//2924
f 2881//2881 2935//2935 2906//2906
f 2937//2937 2932//2932 2936//2936
f 2942//2942 2937//2937 2938//2938
f 2936//2936 2934//2934 2899//2899
f 2938//2938 2936//2936 2939//2939
f 2937//2937 2941//2941 2940//2940
f 2941//2941 2870//2870 2865//2865
f 2942//2942 2943//2943 2941//2941
f 2943//2943 2871//2871 2870//2870
f 2933//2933 2932//2932 2944//2944
f 2944//2944 2927//2927 2923//2923
f 2944//2944 2940//2940 2866//2866
f 2927//2927 2944//2944 2822//2822
f 2946//2946 2857//2857 2852//2852
f 2947//2947 2858//2858 2857//2857
f 2952//2952 2954//2954 2953//2953
f 2954//2954 2837//2837 2831//2831
f 2501//2501 2497//2497 2954//2954
f 2497//2497 2499//2499 2837//2837
f 2955//2955 2953//2953 2834//2834
f 2947//2947 2955//2955 2858//2858
f 2959//2959 2956//2956 2958//2958
f 2967//2967 2959//2959 2960//2960
f 2958//2958 2957//2957 2962//2962
f 2960//2960 2958//2958 2963//2963
f 2959//2959 2965//2965 2964//2964
f 2965//2965 2969//2969 2966//2966
f 2967//2967 2968//2968 2965//2965
f 2968//2968 2995//2995 2969//2969
f 2971//2971 2956//2956 2970//2970
f 2894//2894 2971//2971 2896//2896
f 2970//2970 2964//2964 2972//2972
f 2896//2896 2970//2970 2973//2973
f 2971//2971 2974//2974 2957//2957
f 2974//2974 2975//2975 2961//2961
f 2894//2894 2886//2886 2974//2974
f 2886//2886 2889//2889 2975//2975
f 2977//2977 2979//2979 2978//2978
f 2979//2979 2981//2981 2980//2980
f 2967//2967 2960//2960 2979//2979
f 2960//2960 2963//2963 2981//2981
f 2983//2983 2976//2976 2982//2982
f 2990//2990 2983//2983 2984//2984
f 2982//2982 2978//2978 2985//2985
f 2984//2984 2982//2982 2986//2986
f 2983//2983 2988//2988 2987//2987
f 2988//2988 2992//2992 2989//2989
f 2990//2990 2991//2991 2988//2988
f 2991//2991 3203//3203 2992//2992
f 2977//2977 2976//2976 2993//2993
f 2967//2967 2977//2977 2968//2968
f 2993//2993 2987//2987 2994//2994
f 2968//2968 2993//2993 2995//2995
f 2999//2999 2996//2996 2998//2998
f 3004//3004 2999//2999 3000//3000
f 2998//2998 2997//2997 2981//2981
f 3000//3000 2998//2998 2963//2963
f 2999//2999 3002//3002 3001//3001
f 3002//3002 3006//3006 3003//3003
f 3004//3004 3005//3005 3002//3002
f 3005//3005 3028//3028 3006//3006
f 3008//3008 2996//2996 3007//3007
f 3012//3012 3008//3008 3009//3009
f 3007//3007 3001//3001 3010//3010
f 3009//3009 3007//3007 2788//2788
f 3008//3008 3011//3011 2997//2997
f 3011//3011 2985//2985 2980//2980
f 3012//3012 3013//3013 3011//3011
f 3013//3013 2986//2986 2985//2985
f 3015//3015 3017//3017 3016//3016
f 3017//3017 2962//2962 2961//2961
f 3004//3004 3000//3000 3017//3017
f 3000//3000 2963//2963 2962//2962
f 3019//3019 3014//3014 3018//3018
f 3023//3023 3019//3019 2918//2918
f 3018//3018 3016//3016 2975//2975
f 2918//2918 3018//3018 2889//2889
f 3019//3019 3021//3021 3020//3020
f 3026//3026 3020//3020 3022//3022
f 2916//2916 2913//2913 3024//3024
f 3044//3044 3024//3024 2622//2622
f 3015//3015 3014//3014 3025//3025
f 3004//3004 3015//3015 3005//3005
f 3025//3025 3020//3020 3027//3027
f 3005//3005 3025//3025 3028//3028
f 3030//3030 3032//3032 3031//3031
f 3032//3032 3036//3036 3033//3033
f 3034//3034 3035//3035 3032//3032
f 3035//3035 3065//3065 3036//3036
f 3038//3038 3029//3029 3037//3037
f 3026//3026 3038//3038 3027//3027
f 3033//3033 3039//3039 3037//3037
f 3039//3039 3028//3028 3027//3027
f 3038//3038 3043//3043 3040//3040
f 3042//3042 2621//2621 2615//2615
f 3026//3026 3022//3022 3043//3043
f 3044//3044 2622//2622 2621//2621
f 3030//3030 3029//3029 3045//3045
f 3034//3034 3030//3030 3046//3046
f 3047//3047 3041//3041 2617//2617
f 3070//3070 3047//3047 3048//3048
f 3050//3050 3052//3052 3051//3051
f 3052//3052 3054//3054 3053//3053
f 3033//3033 3036//3036 3052//3052
f 3036//3036 3065//3065 3054//3054
f 3056//3056 3049//3049 3055//3055
f 2790//2790 3056//3056 2791//2791
f 3055//3055 3051//3051 3057//3057
f 2791//2791 3055//3055 2763//2763
f 3056//3056 3059//3059 3058//3058
f 3059//3059 3010//3010 3003//3003
f 2790//2790 2786//2786 3059//3059
f 2786//2786 2788//2788 3010//3010
f 3050//3050 3049//3049 3060//3060
f 3033//3033 3050//3050 3039//3039
f 3060//3060 3058//3058 3006//3006
f 3039//3039 3060//3060 3028//3028
f 3064//3064 3061//3061 3063//3063
f 3034//3034 3064//3064 3035//3035
f 3063//3063 3062//3062 3054//3054
f 3035//3035 3063//3063 3065//3065
f 3064//3064 3069//3069 3066//3066
f 3068//3068 2644//2644 2643//2643
f 3034//3034 3046//3046 3069//3069
f 3070//3070 3048//3048 2644//2644
f 3072//3072 3061//3061 3071//3071
f 2759//2759 3072//3072 2766//2766
f 3073//3073 3067//3067 2639//2639
f 2767//2767 3073//3073 2641//2641
f 3072//3072 3074//3074 3062//3062
f 3074//3074 3057//3057 3053//3053
f 2759//2759 3075//3075 3074//3074
f 3075//3075 2763//2763 3057//3057
f 3077//3077 3079//3079 3078//3078
f 3079//3079 3083//3083 3080//3080
f 3081//3081 3082//3082 3079//3079
f 3082//3082 3104//3104 3083//3083
f 3085//3085 3076//3076 3084//3084
f 3092//3092 3085//3085 3086//3086
f 3084//3084 3078//3078 3087//3087
f 3086//3086 3084//3084 3088//3088
f 3085//3085 3090//3090 3089//3089
f 3090//3090 3094//3094 3091//3091
f 3092//3092 3093//3093 3090//3090
f 3093//3093 4252//4252 3094//3094
f 3077//3077 3076//3076 3095//3095
f 3081//3081 3077//3077 3096//3096
f 3095//3095 3089//3089 3097//3097
f 3096//3096 3095//3095 3098//3098
f 3102//3102 3099//3099 3101//3101
f 3108//3108 3102//3102 3103//3103
f 3101//3101 3100//3100 3083//3083
f 3103//3103 3101//3101 3104//3104
f 3102//3102 3106//3106 3105//3105
f 3106//3106 3110//3110 3107//3107
f 3108//3108 3109//3109 3106//3106
f 3109//3109 3138//3138 3110//3110
f 3112//3112 3099//3099 3111//3111
f 3117//3117 3112//3112 3113//3113
f 3111//3111 3105//3105 3114//3114
f 3113//3113 3111//3111 3115//3115
f 3112//3112 3116//3116 3100//3100
f 3116//3116 3087//3087 3080//3080
f 3117//3117 3118//3118 3116//3116
f 3118//3118 3088//3088 3087//3087
f 3120//3120 3122//3122 3121//3121
f 3122//3122 3124//3124 3123//3123
f 3108//3108 3103//3103 3122//3122
f 3103//3103 3104//3104 3124//3124
f 3126//3126 3119//3119 3125//3125
f 3133//3133 3126//3126 3127//3127
f 3125//3125 3121//3121 3128//3128
f 3127//3127 3125//3125 3129//3129
f 3126//3126 3131//3131 3130//3130
f 3131//3131 3135//3135 3132//3132
f 3133//3133 3134//3134 3131//3131
f 3134//3134 3170//3170 3135//3135
f 3120//3120 3119//3119 3136//3136
f 3108//3108 3120//3120 3109//3109
f 3136//3136 3130//3130 3137//3137
f 3109//3109 3136//3136 3138//3138
f 3142//3142 3139//3139 3141//3141
f 3081//3081 3142//3142 3082//3082
f 3141//3141 3140//3140 3124//3124
f 3082//3082 3141//3141 3104//3104
f 3142//3142 3144//3144 3143//3143
f 3144//3144 3146//3146 3145//3145
f 3081//3081 3096//3096 3144//3144
f 3096//3096 3098//3098 3146//3146
f 3148//3148 3139//3139 3147//3147
f 3153//3153 3148//3148 3149//3149
f 3147//3147 3143//3143 3150//3150
f 3149//3149 3147//3147 3151//3151
f 3148//3148 3152//3152 3140//3140
f 3152//3152 3128//3128 3123//3123
f 3153//3153 3154//3154 3152//3152
f 3154//3154 3129//3129 3128//3128
f 3158//3158 3155//3155 3157//3157
f 3165//3165 3158//3158 3159//3159
f 3157//3157 3156//3156 3161//3161
f 3159//3159 3157//3157 3162//3162
f 3158//3158 3164//3164 3163//3163
f 3164//3164 3137//3137 3132//3132
f 3165//3165 3166//3166 3164//3164
f 3166//3166 3138//3138 3137//3137
f 3168//3168 3155//3155 3167//3167
f 3172//3172 3168//3168 3169//3169
f 3167//3167 3163//3163 3135//3135
f 3169//3169 3167//3167 3170//3170
f 3168//3168 3171//3171 3156//3156
f 3171//3171 3174//3174 3160//3160
f 3172//3172 3173//3173 3171//3171
f 3173//3173 3214//3214 3174//3174
f 3176//3176 3178//3178 3177//3177
f 3178//3178 3180//3180 3179//3179
f 3165//3165 3159//3159 3178//3178
f 3159//3159 3162//3162 3180//3180
f 3182//3182 3175//3175 3181//3181
f 3188//3188 3182//3182 3183//3183
f 3181//3181 3177//3177 3184//3184
f 3183//3183 3181//3181 3185//3185
f 3182//3182 3187//3187 3186//3186
f 3187//3187 3114//3114 3107//3107
f 3188//3188 3189//3189 3187//3187
f 3189//3189 3115//3115 3114//3114
f 3176//3176 3175//3175 3190//3190
f 3165//3165 3176//3176 3166//3166
f 3190//3190 3186//3186 3110//3110
f 3166//3166 3190//3190 3138//3138
f 3194//3194 3191//3191 3193//3193
f 3198//3198 3194//3194 3195//3195
f 3193//3193 3192//3192 3180//3180
f 3195//3195 3193//3193 3162//3162
f 3194//3194 3197//3197 3196//3196
f 3197//3197 2994//2994 2989//2989
f 3198//3198 3199//3199 3197//3197
f 3199//3199 2995//2995 2994//2994
f 3201//3201 3191//3191 3200//3200
f 3205//3205 3201//3201 3202//3202
f 3200//3200 3196//3196 2992//2992
f 3202//3202 3200//3200 3203//3203
f 3201//3201 3204//3204 3192//3192
f 3204//3204 3184//3184 3179//3179
f 3205//3205 3206//3206 3204//3204
f 3206//3206 3185//3185 3184//3184
f 3208//3208 3210//3210 3209//3209
f 3210//3210 3161//3161 3160//3160
f 3198//3198 3195//3195 3210//3210
f 3195//3195 3162//3162 3161//3161
f 3212//3212 3207//3207 3211//3211
f 3217//3217 3212//3212 3213//3213
f 3211//3211 3209//3209 3174//3174
f 3213//3213 3211//3211 3214//3214
f 3212//3212 3216//3216 3215//3215
f 3216//3216 2972//2972 2966//2966
f 3217//3217 3218//3218 3216//3216
f 3218//3218 2973//2973 2972//2972
f 3208//3208 3207//3207 3219//3219
f 3198//3198 3208//3208 3199//3199
f 3219//3219 3215//3215 2969//2969
f 3199//3199 3219//3219 2995//2995
f 3223//3223 3220//3220 3222//3222
f 3230//3230 3223//3223 3224//3224
f 3222//3222 3221//3221 3226//3226
f 3224//3224 3222//3222 3227//3227
f 3223//3223 3229//3229 3228//3228
f 3229//3229 2733//2733 2730//2730
f 3230//3230 3231//3231 3229//3229
f 3231//3231 2734//2734 2733//2733
f 3233//3233 3220//3220 3232//3232
f 3236//3236 3233//3233 3234//3234
f 3232//3232 3228//3228 2731//2731
f 3234//3234 3232//3232 2668//2668
f 3233//3233 3235//3235 3221//3221
f 3235//3235 3238//3238 3225//3225
f 3236//3236 3237//3237 3235//3235
f 3237//3237 3288//3288 3238//3238
f 3240//3240 3242//3242 3241//3241
f 3242//3242 3244//3244 3243//3243
f 3230//3230 3224//3224 3242//3242
f 3224//3224 3227//3227 3244//3244
f 3246//3246 3239//3239 3245//3245
f 3252//3252 3246//3246 3247//3247
f 3245//3245 3241//3241 3248//3248
f 3247//3247 3245//3245 3249//3249
f 3246//3246 3251//3251 3250//3250
f 3251//3251 2717//2717 2710//2710
f 3252//3252 3253//3253 3251//3251
f 3253//3253 2718//2718 2717//2717
f 3240//3240 3239//3239 3254//3254
f 3230//3230 3240//3240 3231//3231
f 3254//3254 3250//3250 2713//2713
f 3231//3231 3254//3254 2734//2734
f 3256//3256 3258//3258 3257//3257
f 3258//3258 3282//3282 3259//3259
f 3243//3243 3244//3244 3261//3261
f 3244//3244 3227//3227 3262//3262
f 3264//3264 3255//3255 3263//3263
f 3271//3271 3264//3264 3265//3265
f 3263//3263 3257//3257 3266//3266
f 3265//3265 3263//3263 3267//3267
f 3264//3264 3269//3269 3268//3268
f 3269//3269 3273//3273 3270//3270
f 3271//3271 3272//3272 3269//3269
f 3272//3272 3493//3493 3273//3273
f 3256//3256 3255//3255 3274//3274
f 3275//3275 3248//3248 3243//3243
f 3270//3270 3351//3351 3274//3274
f 3276//3276 3249//3249 3248//3248
f 3283//3283 3277//3277 3279//3279
f 3225//3225 3280//3280 3226//3226
f 3279//3279 3278//3278 3282//3282
f 3226//3226 3281//3281 3227//3227
f 3283//3283 3285//3285 3284//3284
f 3285//3285 5103//5103 3286//3286
f 3225//3225 3238//3238 3287//3287
f 3299//3299 3287//3287 3288//3288
f 3290//3290 3277//3277 3289//3289
f 3295//3295 3290//3290 3291//3291
f 3289//3289 3284//3284 3292//3292
f 3291//3291 3289//3289 3293//3293
f 3290//3290 3294//3294 3278//3278
f 3294//3294 3266//3266 3259//3259
f 3295//3295 3296//3296 3294//3294
f 3296//3296 3267//3267 3266//3266
f 3297//3297 3292//3292 3286//3286
f 3298//3298 3293//3293 3292//3292
f 3301//3301 3303//3303 3302//3302
f 3303//3303 3325//3325 3304//3304
f 3306//3306 3308//3308 3307//3307
f 3308//3308 3327//3327 3309//3309
f 3311//3311 3300//3300 3310//3310
f 3012//3012 3311//3311 3013//3013
f 3310//3310 3302//3302 3312//3312
f 3013//3013 3310//3310 2986//2986
f 3311//3311 3314//3314 3313//3313
f 3314//3314 2787//2787 2779//2779
f 3012//3012 3009//3009 3314//3314
f 3009//3009 2788//2788 2787//2787
f 3301//3301 3300//3300 3315//3315
f 3306//3306 3305//3305 3317//3317
f 3315//3315 3313//3313 3318//3318
f 3317//3317 3316//3316 2804//2804
f 3328//3328 3319//3319 3321//3321
f 3332//3332 3322//3322 3324//3324
f 3321//3321 3320//3320 3325//3325
f 3347//3347 3326//3326 3327//3327
f 3328//3328 3330//3330 3329//3329
f 3330//3330 3530//3530 3331//3331
f 3332//3332 3334//3334 3333//3333
f 3334//3334 3360//3360 3335//3335
f 3337//3337 3319//3319 3336//3336
f 2990//2990 3337//3337 2991//2991
f 3336//3336 3329//3329 3338//3338
f 2991//2991 3336//3336 3203//3203
f 3337//3337 3339//3339 3320//3320
f 3339//3339 3312//3312 3304//3304
f 2990//2990 2984//2984 3339//3339
f 2984//2984 2986//2986 3312//3312
f 3341//3341 3346//3346 3342//3342
f 3344//3344 3348//3348 3345//3345
f 3332//3332 3324//3324 3346//3346
f 3347//3347 3327//3327 3348//3348
f 3350//3350 3340//3340 3349//3349
f 3270//3270 3350//3350 3351//3351
f 3353//3353 3343//3343 3352//3352
f 3276//3276 3353//3353 3249//3249
f 3350//3350 3355//3355 3354//3354
f 3355//3355 3357//3357 3356//3356
f 3270//3270 3273//3273 3355//3355
f 3273//3273 3493//3493 3357//3357
f 3341//3341 3340//3340 3358//3358
f 3332//3332 3341//3341 3334//3334
f 3358//3358 3354//3354 3359//3359
f 3334//3334 3358//3358 3360//3360
f 3364//3364 3361//3361 3363//3363
f 3306//3306 3364//3364 3308//3308
f 3363//3363 3362//3362 3348//3348
f 3308//3308 3363//3363 3327//3327
f 3364//3364 3366//3366 3365//3365
f 3366//3366 2803//2803 2800//2800
f 3306//3306 3317//3317 3366//3366
f 3317//3317 2804//2804 2803//2803
f 3368//3368 3361//3361 3367//3367
f 3252//3252 3368//3368 3253//3253
f 3367//3367 3365//3365 2801//2801
f 3253//3253 3367//3367 2718//2718
f 3368//3368 3369//3369 3362//3362
f 3369//3369 3352//3352 3345//3345
f 3252//3252 3247//3247 3369//3369
f 3247//3247 3249//3249 3352//3352
f 3373//3373 3370//3370 3372//3372
f 3372//3372 3377//3377 3374//3374
f 3372//3372 3371//3371 3376//3376
f 3376//3376 3393//3393 3377//3377
f 3373//3373 3379//3379 3378//3378
f 3379//3379 3382//3382 3380//3380
f 3374//3374 3381//3381 3379//3379
f 3381//3381 3594//3594 3382//3382
f 3384//3384 3370//3370 3383//3383
f 2853//2853 3384//3384 2854//2854
f 3383//3383 3378//3378 3385//3385
f 2854//2854 3383//3383 2950//2950
f 3384//3384 3386//3386 3371//3371
f 3386//3386 3387//3387 3375//3375
f 2853//2853 2847//2847 3386//3386
f 2847//2847 2849//2849 3387//3387
f 3391//3391 3388//3388 3390//3390
f 3397//3397 3391//3391 3392//3392
f 3390//3390 3389//3389 3377//3377
f 3392//3392 3390//3390 3393//3393
f 3391//3391 3395//3395 3394//3394
f 3395//3395 3399//3399 3396//3396
f 3397//3397 3398//3398 3395//3395
f 3398//3398 3427//3427 3399//3399
f 3401//3401 3388//3388 3400//3400
f 3406//3406 3401//3401 3402//3402
f 3400//3400 3394//3394 3403//3403
f 3402//3402 3400//3400 3404//3404
f 3401//3401 3405//3405 3389//3389
f 3405//3405 3381//3381 3374//3374
f 3406//3406 3407//3407 3405//3405
f 3407//3407 3594//3594 3381//3381
f 3409//3409 3411//3411 3410//3410
f 3411//3411 3413//3413 3412//3412
f 3397//3397 3392//3392 3411//3411
f 3392//3392 3393//3393 3413//3413
f 3415//3415 3408//3408 3414//3414
f 3422//3422 3415//3415 3416//3416
f 3414//3414 3410//3410 3417//3417
f 3416//3416 3414//3414 3418//3418
f 3415//3415 3420//3420 3419//3419
f 3420//3420 3424//3424 3421//3421
f 3422//3422 3423//3423 3420//3420
f 3423//3423 3727//3727 3424//3424
f 3409//3409 3408//3408 3425//3425
f 3397//3397 3409//3409 3398//3398
f 3425//3425 3419//3419 3426//3426
f 3398//3398 3425//3425 3427//3427
f 3431//3431 3428//3428 3430//3430
f 3430//3430 3376//3376 3375//3375
f 3430//3430 3429//3429 3413//3413
f 3376//3376 3430//3430 3393//3393
f 3433//3433 3428//3428 3432//3432
f 2873//2873 3433//3433 2874//2874
f 3432//3432 3431//3431 3387//3387
f 2874//2874 3432//3432 2849//2849
f 3433//3433 3435//3435 3434//3434
f 3435//3435 3437//3437 3436//3436
f 2873//2873 2869//2869 3435//3435
f 2869//2869 2871//2871 3437//3437
f 3434//3434 3438//3438 3429//3429
f 3438//3438 3417//3417 3412//3412
f 3436//3436 3439//3439 3438//3438
f 3439//3439 3418//3418 3417//3417
f 3443//3443 3440//3440 3442//3442
f 3451//3451 3443//3443 3444//3444
f 3442//3442 3441//3441 3446//3446
f 3444//3444 3442//3442 3447//3447
f 3443//3443 3449//3449 3448//3448
f 3449//3449 3453//3453 3450//3450
f 3451//3451 3452//3452 3449//3449
f 3452//3452 3478//3478 3453//3453
f 3455//3455 3440//3440 3454//3454
f 3460//3460 3455//3455 3456//3456
f 3454//3454 3448//3448 3457//3457
f 3456//3456 3454//3454 3458//3458
f 3455//3455 3459//3459 3441//3441
f 3459//3459 3462//3462 3445//3445
f 3460//3460 3461//3461 3459//3459
f 3461//3461 3502//3502 3462//3462
f 3464//3464 3466//3466 3465//3465
f 3466//3466 3468//3468 3467//3467
f 3451//3451 3444//3444 3466//3466
f 3444//3444 3447//3447 3468//3468
f 3470//3470 3463//3463 3469//3469
f 3295//3295 3470//3470 3296//3296
f 3469//3469 3465//3465 3471//3471
f 3296//3296 3469//3469 3267//3267
f 3470//3470 3473//3473 3472//3472
f 3473//3473 3475//3475 3474//3474
f 3295//3295 3291//3291 3473//3473
f 3291//3291 3293//3293 3475//3475
f 3464//3464 3463//3463 3476//3476
f 3451//3451 3464//3464 3452//3452
f 3476//3476 3472//3472 3477//3477
f 3452//3452 3476//3476 3478//3478
f 3482//3482 3479//3479 3481//3481
f 3487//3487 3482//3482 3483//3483
f 3481//3481 3480//3480 3468//3468
f 3483//3483 3481//3481 3447//3447
f 3482//3482 3485//3485 3484//3484
f 3485//3485 3489//3489 3486//3486
f 3487//3487 3488//3488 3485//3485
f 3488//3488 3511//3511 3489//3489
f 3491//3491 3479//3479 3490//3490
f 3271//3271 3491//3491 3272//3272
f 3490//3490 3484//3484 3492//3492
f 3272//3272 3490//3490 3493//3493
f 3491//3491 3494//3494 3480//3480
f 3494//3494 3471//3471 3467//3467
f 3271//3271 3265//3265 3494//3494
f 3265//3265 3267//3267 3471//3471
f 3496//3496 3498//3498 3497//3497
f 3498//3498 3446//3446 3445//3445
f 3487//3487 3483//3483 3498//3498
f 3483//3483 3447//3447 3446//3446
f 3500//3500 3495//3495 3499//3499
f 3506//3506 3500//3500 3501//3501
f 3499//3499 3497//3497 3462//3462
f 3501//3501 3499//3499 3502//3502
f 3500//3500 3504//3504 3503//3503
f 3504//3504 3508//3508 3505//3505
f 3506//3506 3507//3507 3504//3504
f 3507//3507 3852//3852 3508//3508
f 3496//3496 3495//3495 3509//3509
f 3487//3487 3496//3496 3488//3488
f 3509//3509 3503//3503 3510//3510
f 3488//3488 3509//3509 3511//3511
f 3513//3513 3515//3515 3514//3514
f 3515//3515 3537//3537 3516//3516
f 3518//3518 3520//3520 3519//3519
f 3520//3520 3538//3538 3521//3521
f 3523//3523 3512//3512 3522//3522
f 3205//3205 3523//3523 3206//3206
f 3522//3522 3514//3514 3524//3524
f 3206//3206 3522//3522 3185//3185
f 3523//3523 3526//3526 3525//3525
f 3526//3526 3338//3338 3331//3331
f 3205//3205 3202//3202 3526//3526
f 3202//3202 3203//3203 3338//3338
f 3513//3513 3512//3512 3527//3527
f 3518//3518 3517//3517 3529//3529
f 3527//3527 3525//3525 3530//3530
f 3529//3529 3528//3528 3360//3360
f 3539//3539 3531//3531 3533//3533
f 3543//3543 3534//3534 3536//3536
f 3533//3533 3532//3532 3537//3537
f 3536//3536 3535//3535 3538//3538
f 3539//3539 3541//3541 3540//3540
f 3541//3541 4302//4302 3542//3542
f 3543//3543 3545//3545 3544//3544
f 3545//3545 3566//3566 3546//3546
f 3548//3548 3531//3531 3547//3547
f 3188//3188 3548//3548 3189//3189
f 3547//3547 3540//3540 3549//3549
f 3189//3189 3547//3547 3115//3115
f 3548//3548 3550//3550 3532//3532
f 3550//3550 3524//3524 3516//3516
f 3188//3188 3183//3183 3550//3550
f 3183//3183 3185//3185 3524//3524
f 3552//3552 3554//3554 3553//3553
f 3554//3554 3556//3556 3555//3555
f 3543//3543 3536//3536 3554//3554
f 3536//3536 3538//3538 3556//3556
f 3558//3558 3551//3551 3557//3557
f 3505//3505 3558//3558 3510//3510
f 3557//3557 3553//3553 3559//3559
f 3510//3510 3557//3557 3511//3511
f 3558//3558 3561//3561 3560//3560
f 3561//3561 3563//3563 3562//3562
f 3505//3505 3508//3508 3561//3561
f 3508//3508 3852//3852 3563//3563
f 3552//3552 3551//3551 3564//3564
f 3543//3543 3552//3552 3545//3545
f 3564//3564 3560//3560 3565//3565
f 3545//3545 3564//3564 3566//3566
f 3570//3570 3567//3567 3569//3569
f 3518//3518 3570//3570 3520//3520
f 3569//3569 3568//3568 3556//3556
f 3520//3520 3569//3569 3538//3538
f 3570//3570 3572//3572 3571//3571
f 3572//3572 3359//3359 3356//3356
f 3518//3518 3529//3529 3572//3572
f 3529//3529 3360//3360 3359//3359
f 3574//3574 3567//3567 3573//3573
f 3573//3573 3492//3492 3486//3486
f 3573//3573 3571//3571 3357//3357
f 3357//3357 3493//3493 3492//3492
f 3574//3574 3575//3575 3568//3568
f 3575//3575 3559//3559 3555//3555
f 3575//3575 3574//3574 3489//3489
f 3489//3489 3511//3511 3559//3559
f 3577//3577 3579//3579 3578//3578
f 3579//3579 3477//3477 3474//3474
f 3580//3580 3581//3581 3579//3579
f 3581//3581 3478//3478 3477//3477
f 3582//3582 3578//3578 3475//3475
f 3298//3298 3582//3582 3293//3293
f 3585//3585 3587//3587 3586//3586
f 3587//3587 3457//3457 3450//3450
f 3588//3588 3589//3589 3587//3587
f 3589//3589 3458//3458 3457//3457
f 3584//3584 3583//3583 3590//3590
f 3580//3580 3584//3584 3581//3581
f 3590//3590 3586//3586 3453//3453
f 3581//3581 3590//3590 3478//3478
f 3406//3406 3402//3402 3591//3591
f 3402//3402 3404//3404 3592//3592
f 3593//3593 3385//3385 3380//3380
f 2949//2949 2950//2950 3385//3385
f 3596//3596 3598//3598 3597//3597
f 3598//3598 3602//3602 3599//3599
f 3600//3600 3601//3601 3598//3598
f 3601//3601 3639//3639 3602//3602
f 3608//3608 3595//3595 3603//3603
f 3172//3172 3604//3604 3173//3173
f 3603//3603 3597//3597 3606//3606
f 3173//3173 3605//3605 3214//3214
f 3608//3608 3610//3610 3609//3609
f 3610//3610 3943//3943 3611//3611
f 3172//3172 3169//3169 3612//3612
f 3169//3169 3170//3170 3613//3613
f 3596//3596 3595//3595 3614//3614
f 3600//3600 3596//3596 3615//3615
f 3614//3614 3609//3609 3616//3616
f 3615//3615 3614//3614 3617//3617
f 3621//3621 3618//3618 3620//3620
f 3620//3620 3623//3623 3622//3622
f 3620//3620 3619//3619 3602//3602
f 3602//3602 3639//3639 3623//3623
f 3625//3625 3618//3618 3624//3624
f 2893//2893 3625//3625 2900//2900
f 3624//3624 3621//3621 3626//3626
f 2900//2900 3624//3624 2939//2939
f 3631//3631 3618//3618 3627//3627
f 3217//3217 3628//3628 3218//3218
f 3627//3627 3625//3625 3630//3630
f 3218//3218 3629//3629 2973//2973
f 3631//3631 3632//3632 3619//3619
f 3632//3632 3606//3606 3599//3599
f 3217//3217 3213//3213 3633//3633
f 3213//3213 3214//3214 3607//3607
f 3637//3637 3634//3634 3636//3636
f 3642//3642 3637//3637 3638//3638
f 3636//3636 3635//3635 3623//3623
f 3638//3638 3636//3636 3639//3639
f 3637//3637 3641//3641 3640//3640
f 3641//3641 3439//3439 3436//3436
f 3642//3642 3643//3643 3641//3641
f 3439//3439 3641//3641 3418//3418
f 3645//3645 3634//3634 3644//3644
f 2942//2942 3645//3645 2943//2943
f 3644//3644 3640//3640 3437//3437
f 2943//2943 3644//3644 2871//2871
f 3645//3645 3646//3646 3635//3635
f 3646//3646 3626//3626 3622//3622
f 2942//2942 2938//2938 3646//3646
f 2938//2938 2939//2939 3626//3626
f 3650//3650 3647//3647 3649//3649
f 3600//3600 3650//3650 3601//3601
f 3649//3649 3648//3648 3638//3638
f 3638//3638 3639//3639 3601//3601
f 3650//3650 3652//3652 3651//3651
f 3656//3656 3651//3651 3653//3653
f 3600//3600 3615//3615 3652//3652
f 3615//3615 3617//3617 3653//3653
f 3655//3655 3647//3647 3654//3654
f 3422//3422 3655//3655 3423//3423
f 3656//3656 3657//3657 3654//3654
f 3657//3657 3727//3727 3423//3423
f 3655//3655 3658//3658 3648//3648
f 3658//3658 3643//3643 3642//3642
f 3422//3422 3416//3416 3658//3658
f 3416//3416 3418//3418 3643//3643
f 3660//3660 3662//3662 3661//3661
f 3662//3662 3666//3666 3663//3663
f 3664//3664 3665//3665 3662//3662
f 3665//3665 3683//3683 3666//3666
f 3668//3668 3659//3659 3667//3667
f 3674//3674 3668//3668 3669//3669
f 3667//3667 3661//3661 3670//3670
f 3669//3669 3667//3667 3671//3671
f 3668//3668 3673//3673 3672//3672
f 3673//3673 3403//3403 3396//3396
f 3674//3674 3675//3675 3673//3673
f 3675//3675 3404//3404 3403//3403
f 3660//3660 3659//3659 3676//3676
f 3664//3664 3660//3660 3677//3677
f 3676//3676 3672//3672 3399//3399
f 3677//3677 3676//3676 3427//3427
f 3681//3681 3678//3678 3680//3680
f 3687//3687 3681//3681 3682//3682
f 3680//3680 3679//3679 3666//3666
f 3682//3682 3680//3680 3683//3683
f 3681//3681 3685//3685 3684//3684
f 3685//3685 3689//3689 3686//3686
f 3687//3687 3688//3688 3685//3685
f 3688//3688 3717//3717 3689//3689
f 3691//3691 3678//3678 3690//3690
f 3696//3696 3691//3691 3692//3692
f 3690//3690 3684//3684 3693//3693
f 3692//3692 3690//3690 3694//3694
f 3691//3691 3695//3695 3679//3679
f 3695//3695 3670//3670 3663//3663
f 3696//3696 3697//3697 3695//3695
f 3697//3697 3671//3671 3670//3670
f 3699//3699 3701//3701 3700//3700
f 3701//3701 3703//3703 3702//3702
f 3687//3687 3682//3682 3701//3701
f 3682//3682 3683//3683 3703//3703
f 3705//3705 3698//3698 3704//3704
f 3712//3712 3705//3705 3706//3706
f 3704//3704 3700//3700 3707//3707
f 3706//3706 3704//3704 3708//3708
f 3705//3705 3710//3710 3709//3709
f 3710//3710 3714//3714 3711//3711
f 3712//3712 3713//3713 3710//3710
f 3713//3713 3798//3798 3714//3714
f 3699//3699 3698//3698 3715//3715
f 3687//3687 3699//3699 3688//3688
f 3715//3715 3709//3709 3716//3716
f 3688//3688 3715//3715 3717//3717
f 3721//3721 3718//3718 3720//3720
f 3664//3664 3721//3721 3665//3665
f 3720//3720 3719//3719 3703//3703
f 3665//3665 3720//3720 3683//3683
f 3721//3721 3723//3723 3722//3722
f 3723//3723 3426//3426 3421//3421
f 3664//3664 3677//3677 3723//3723
f 3677//3677 3427//3427 3426//3426
f 3725//3725 3718//3718 3724//3724
f 3729//3729 3725//3725 3726//3726
f 3724//3724 3722//3722 3424//3424
f 3726//3726 3724//3724 3727//3727
f 3725//3725 3728//3728 3719//3719
f 3728//3728 3707//3707 3702//3702
f 3729//3729 3730//3730 3728//3728
f 3730//3730 3708//3708 3707//3707
f 3732//3732 3734//3734 3733//3733
f 3734//3734 3738//3738 3735//3735
f 3736//3736 3737//3737 3734//3734
f 3737//3737 3755//3755 3738//3738
f 3740//3740 3731//3731 3739//3739
f 3746//3746 3740//3740 3741//3741
f 3739//3739 3733//3733 3742//3742
f 3741//3741 3739//3739 3743//3743
f 3740//3740 3745//3745 3744//3744
f 3745//3745 3693//3693 3686//3686
f 3746//3746 3747//3747 3745//3745
f 3747//3747 3694//3694 3693//3693
f 3732//3732 3731//3731 3748//3748
f 3736//3736 3732//3732 3749//3749
f 3748//3748 3744//3744 3689//3689
f 3749//3749 3748//3748 3717//3717
f 3753//3753 3750//3750 3752//3752
f 3759//3759 3753//3753 3754//3754
f 3752//3752 3751//3751 3738//3738
f 3754//3754 3752//3752 3755//3755
f 3753//3753 3757//3757 3756//3756
f 3764//3764 3756//3756 3758//3758
f 3759//3759 3760//3760 3757//3757
f 3760//3760 3788//3788 3758//3758
f 3762//3762 3750//3750 3761//3761
f 3767//3767 3762//3762 3763//3763
f 3764//3764 3765//3765 3761//3761
f 3765//3765 3819//3819 3763//3763
f 3762//3762 3766//3766 3751//3751
f 3766//3766 3742//3742 3735//3735
f 3767//3767 3768//3768 3766//3766
f 3768//3768 3743//3743 3742//3742
f 3770//3770 3772//3772 3771//3771
f 3772//3772 3774//3774 3773//3773
f 3759//3759 3754//3754 3772//3772
f 3754//3754 3755//3755 3774//3774
f 3776//3776 3769//3769 3775//3775
f 3783//3783 3776//3776 3777//3777
f 3775//3775 3771//3771 3778//3778
f 3777//3777 3775//3775 3779//3779
f 3776//3776 3781//3781 3780//3780
f 3781//3781 3785//3785 3782//3782
f 3783//3783 3784//3784 3781//3781
f 3784//3784 4344//4344 3785//3785
f 3770//3770 3769//3769 3786//3786
f 3759//3759 3770//3770 3760//3760
f 3786//3786 3780//3780 3787//3787
f 3760//3760 3786//3786 3788//3788
f 3792//3792 3789//3789 3791//3791
f 3736//3736 3792//3792 3737//3737
f 3791//3791 3790//3790 3774//3774
f 3737//3737 3791//3791 3755//3755
f 3792//3792 3794//3794 3793//3793
f 3794//3794 3716//3716 3711//3711
f 3736//3736 3749//3749 3794//3794
f 3749//3749 3717//3717 3716//3716
f 3796//3796 3789//3789 3795//3795
f 3800//3800 3796//3796 3797//3797
f 3795//3795 3793//3793 3714//3714
f 3797//3797 3795//3795 3798//3798
f 3796//3796 3799//3799 3790//3790
f 3799//3799 3778//3778 3773//3773
f 3800//3800 3801//3801 3799//3799
f 3801//3801 3779//3779 3778//3778
f 3805//3805 3802//3802 3804//3804
f 3813//3813 3805//3805 3806//3806
f 3804//3804 3803//3803 3808//3808
f 3806//3806 3804//3804 3809//3809
f 3805//3805 3811//3811 3810//3810
f 3811//3811 3815//3815 3812//3812
f 3813//3813 3814//3814 3811//3811
f 3814//3814 3837//3837 3815//3815
f 3817//3817 3802//3802 3816//3816
f 3764//3764 3817//3817 3765//3765
f 3816//3816 3810//3810 3818//3818
f 3765//3765 3816//3816 3819//3819
f 3817//3817 3820//3820 3803//3803
f 3820//3820 3821//3821 3807//3807
f 3764//3764 3758//3758 3820//3820
f 3758//3758 3788//3788 3821//3821
f 3823//3823 3825//3825 3824//3824
f 3825//3825 3827//3827 3826//3826
f 3813//3813 3806//3806 3825//3825
f 3806//3806 3809//3809 3827//3827
f 3829//3829 3822//3822 3828//3828
f 3460//3460 3829//3829 3461//3461
f 3828//3828 3824//3824 3830//3830
f 3461//3461 3828//3828 3502//3502
f 3829//3829 3832//3832 3831//3831
f 3832//3832 3834//3834 3833//3833
f 3460//3460 3456//3456 3832//3832
f 3456//3456 3458//3458 3834//3834
f 3823//3823 3822//3822 3835//3835
f 3813//3813 3823//3823 3814//3814
f 3835//3835 3831//3831 3836//3836
f 3814//3814 3835//3835 3837//3837
f 3841//3841 3838//3838 3840//3840
f 3846//3846 3841//3841 3842//3842
f 3840//3840 3839//3839 3827//3827
f 3842//3842 3840//3840 3809//3809
f 3841//3841 3844//3844 3843//3843
f 3844//3844 3848//3848 3845//3845
f 3846//3846 3847//3847 3844//3844
f 3847//3847 3866//3866 3848//3848
f 3850//3850 3838//3838 3849//3849
f 3506//3506 3850//3850 3507//3507
f 3849//3849 3843//3843 3851//3851
f 3507//3507 3849//3849 3852//3852
f 3850//3850 3853//3853 3839//3839
f 3853//3853 3830//3830 3826//3826
f 3506//3506 3501//3501 3853//3853
f 3501//3501 3502//3502 3830//3830
f 3855//3855 3857//3857 3856//3856
f 3857//3857 3808//3808 3807//3807
f 3846//3846 3842//3842 3857//3857
f 3842//3842 3809//3809 3808//3808
f 3859//3859 3854//3854 3858//3858
f 3782//3782 3859//3859 3787//3787
f 3858//3858 3856//3856 3821//3821
f 3787//3787 3858//3858 3788//3788
f 3859//3859 3861//3861 3860//3860
f 3861//3861 3863//3863 3862//3862
f 3782//3782 3785//3785 3861//3861
f 3785//3785 4344//4344 3863//3863
f 3855//3855 3854//3854 3864//3864
f 3846//3846 3855//3855 3847//3847
f 3864//3864 3860//3860 3865//3865
f 3847//3847 3864//3864 3866//3866
f 3871//3871 3867//3867 3870//3870
f 3696//3696 3871//3871 3697//3697
f 3870//3870 3868//3868 3872//3872
f 3697//3697 3870//3870 3671//3671
f 3871//3871 3874//3874 3873//3873
f 3874//3874 3876//3876 3875//3875
f 3696//3696 3692//3692 3874//3874
f 3692//3692 3694//3694 3876//3876
f 3674//3674 3879//3879 3675//3675
f 3675//3675 3878//3878 3404//3404
f 3879//3879 3880//3880 3877//3877
f 3880//3880 3872//3872 3869//3869
f 3674//3674 3669//3669 3880//3880
f 3669//3669 3671//3671 3872//3872
f 3882//3882 3884//3884 3883//3883
f 3884//3884 3768//3768 3767//3767
f 3768//3768 3884//3884 3743//3743
f 3887//3887 3881//3881 3886//3886
f 3889//3889 3887//3887 3888//3888
f 3886//3886 3883//3883 3763//3763
f 3888//3888 3886//3886 3819//3819
f 3746//3746 3892//3892 3747//3747
f 3891//3891 3890//3890 3876//3876
f 3747//3747 3891//3891 3694//3694
f 3746//3746 3741//3741 3893//3893
f 3741//3741 3743//3743 3885//3885
f 3895//3895 3897//3897 3896//3896
f 3897//3897 3836//3836 3833//3833
f 3898//3898 3899//3899 3897//3897
f 3899//3899 3837//3837 3836//3836
f 3901//3901 3894//3894 3900//3900
f 3588//3588 3901//3901 3589//3589
f 3900//3900 3896//3896 3834//3834
f 3589//3589 3900//3900 3458//3458
f 3904//3904 3906//3906 3905//3905
f 3906//3906 3818//3818 3812//3812
f 3889//3889 3888//3888 3906//3906
f 3888//3888 3819//3819 3818//3818
f 3903//3903 3902//3902 3907//3907
f 3898//3898 3903//3903 3899//3899
f 3907//3907 3905//3905 3815//3815
f 3899//3899 3907//3907 3837//3837
f 3911//3911 3908//3908 3910//3910
f 3920//3920 3911//3911 3912//3912
f 3910//3910 3909//3909 3914//3914
f 3912//3912 3910//3910 3915//3915
f 3917//3917 3919//3919 3918//3918
f 3153//3153 3918//3918 3154//3154
f 3919//3919 3917//3917 3922//3922
f 3154//3154 3919//3919 3129//3129
f 3924//3924 3916//3916 3923//3923
f 3995//3995 3924//3924 3925//3925
f 3153//3153 3149//3149 3923//3923
f 3925//3925 3923//3923 3151//3151
f 3926//3926 3927//3927 3909//3909
f 3927//3927 3930//3930 3913//3913
f 3928//3928 3929//3929 3927//3927
f 3929//3929 3969//3969 3930//3930
f 3934//3934 3931//3931 3933//3933
f 3933//3933 3936//3936 3935//3935
f 3933//3933 3932//3932 3912//3912
f 3912//3912 3915//3915 3936//3936
f 3934//3934 3938//3938 3937//3937
f 3938//3938 3616//3616 3611//3611
f 3935//3935 3939//3939 3938//3938
f 3939//3939 3617//3617 3616//3616
f 3944//3944 3931//3931 3940//3940
f 3133//3133 3941//3941 3134//3134
f 3940//3940 3937//3937 3943//3943
f 3134//3134 3942//3942 3170//3170
f 3944//3944 3945//3945 3932//3932
f 3945//3945 3921//3921 3920//3920
f 3133//3133 3127//3127 3946//3946
f 3127//3127 3129//3129 3922//3922
f 3950//3950 3947//3947 3949//3949
f 3955//3955 3950//3950 3951//3951
f 3949//3949 3948//3948 3936//3936
f 3951//3951 3949//3949 3915//3915
f 3950//3950 3953//3953 3952//3952
f 3953//3953 3957//3957 3954//3954
f 3955//3955 3956//3956 3953//3953
f 3956//3956 3978//3978 3957//3957
f 3959//3959 3947//3947 3958//3958
f 3656//3656 3959//3959 3657//3657
f 3958//3958 3952//3952 3960//3960
f 3657//3657 3958//3958 3727//3727
f 3959//3959 3961//3961 3948//3948
f 3961//3961 3939//3939 3935//3935
f 3656//3656 3653//3653 3961//3961
f 3939//3939 3961//3961 3617//3617
f 3963//3963 3965//3965 3964//3964
f 3965//3965 3914//3914 3913//3913
f 3955//3955 3951//3951 3965//3965
f 3951//3951 3915//3915 3914//3914
f 3967//3967 3962//3962 3966//3966
f 3973//3973 3967//3967 3968//3968
f 3966//3966 3964//3964 3930//3930
f 3968//3968 3966//3966 3969//3969
f 3967//3967 3971//3971 3970//3970
f 3971//3971 3975//3975 3972//3972
f 3973//3973 3974//3974 3971//3971
f 3974//3974 4017//4017 3975//3975
f 3963//3963 3962//3962 3976//3976
f 3955//3955 3963//3963 3956//3956
f 3976//3976 3970//3970 3977//3977
f 3956//3956 3976//3976 3978//3978
f 3980//3980 3982//3982 3981//3981
f 3982//3982 3986//3986 3983//3983
f 3984//3984 3985//3985 3982//3982
f 3985//3985 4007//4007 3986//3986
f 3988//3988 3979//3979 3987//3987
f 3928//3928 3988//3988 3929//3929
f 3987//3987 3981//3981 3989//3989
f 3929//3929 3987//3987 3969//3969
f 3991//3991 3993//3993 3992//3992
f 3993//3993 3996//3996 3994//3994
f 3995//3995 3925//3925 3993//3993
f 3925//3925 3151//3151 3996//3996
f 3998//3998 3990//3990 3997//3997
f 4048//4048 3998//3998 3999//3999
f 3997//3997 3992//3992 4000//4000
f 3999//3999 3997//3997 4001//4001
f 4005//4005 4002//4002 4004//4004
f 4011//4011 4005//4005 4006//4006
f 4004//4004 4003//4003 3986//3986
f 4006//4006 4004//4004 4007//4007
f 4005//4005 4009//4009 4008//4008
f 4009//4009 4013//4013 4010//4010
f 4011//4011 4012//4012 4009//4009
f 4012//4012 4038//4038 4013//4013
f 4015//4015 4002//4002 4014//4014
f 3973//3973 4015//4015 3974//3974
f 4014//4014 4008//4008 4016//4016
f 3974//3974 4014//4014 4017//4017
f 4015//4015 4018//4018 4003//4003
f 4018//4018 3989//3989 3983//3983
f 3973//3973 3968//3968 4018//4018
f 3968//3968 3969//3969 3989//3989
f 4020//4020 4022//4022 4021//4021
f 4022//4022 4024//4024 4023//4023
f 4011//4011 4006//4006 4022//4022
f 4006//4006 4007//4007 4024//4024
f 4026//4026 4019//4019 4025//4025
f 4033//4033 4026//4026 4027//4027
f 4025//4025 4021//4021 4028//4028
f 4027//4027 4025//4025 4029//4029
f 4026//4026 4031//4031 4030//4030
f 4031//4031 4035//4035 4032//4032
f 4033//4033 4034//4034 4031//4031
f 4034//4034 4218//4218 4035//4035
f 4020//4020 4019//4019 4036//4036
f 4011//4011 4020//4020 4012//4012
f 4036//4036 4030//4030 4037//4037
f 4012//4012 4036//4036 4038//4038
f 4042//4042 4039//4039 4041//4041
f 3984//3984 4042//4042 3985//3985
f 4041//4041 4040//4040 4024//4024
f 3985//3985 4041//4041 4007//4007
f 4044//4044 4046//4046 4045//4045
f 4046//4046 4049//4049 4047//4047
f 4048//4048 3999//3999 4046//4046
f 3999//3999 4001//4001 4049//4049
f 4051//4051 4043//4043 4050//4050
f 4807//4807 4051//4051 4052//4052
f 4050//4050 4045//4045 4053//4053
f 4052//4052 4050//4050 4054//4054
f 4055//4055 4056//4056 4040//4040
f 4056//4056 4028//4028 4023//4023
f 4057//4057 4058//4058 4056//4056
f 4058//4058 4029//4029 4028//4028
f 4060//4060 4062//4062 4061//4061
f 4062//4062 4066//4066 4063//4063
f 4064//4064 4065//4065 4062//4062
f 4065//4065 4079//4079 4066//4066
f 4068//4068 4059//4059 4067//4067
f 3729//3729 4068//4068 3730//3730
f 4067//4067 4061//4061 4069//4069
f 3730//3730 4067//4067 3708//3708
f 4068//4068 4071//4071 4070//4070
f 4071//4071 3960//3960 3954//3954
f 3729//3729 3726//3726 4071//4071
f 3726//3726 3727//3727 3960//3960
f 4060//4060 4059//4059 4072//4072
f 4064//4064 4060//4060 4073//4073
f 4072//4072 4070//4070 3957//3957
f 4073//4073 4072//4072 3978//3978
f 4077//4077 4074//4074 4076//4076
f 4076//4076 4094//4094 4078//4078
f 4076//4076 4075//4075 4066//4066
f 4094//4094 4076//4076 4079//4079
f 4077//4077 4081//4081 4080//4080
f 4087//4087 4080//4080 4082//4082
f 4081//4081 4077//4077 4083//4083
f 4082//4082 4081//4081 4084//4084
f 4086//4086 4074//4074 4085//4085
f 3712//3712 4086//4086 3713//3713
f 4087//4087 4088//4088 4085//4085
f 4088//4088 3798//3798 3713//3713
f 4086//4086 4089//4089 4075//4075
f 4089//4089 4069//4069 4063//4063
f 3712//3712 3706//3706 4089//4089
f 3706//3706 3708//3708 4069//4069
f 4093//4093 4090//4090 4092//4092
f 4064//4064 4093//4093 4065//4065
f 4092//4092 4091//4091 4094//4094
f 4065//4065 4092//4092 4079//4079
f 4093//4093 4096//4096 4095//4095
f 4096//4096 3977//3977 3972//3972
f 4064//4064 4073//4073 4096//4096
f 4073//4073 3978//3978 3977//3977
f 4098//4098 4090//4090 4097//4097
f 4101//4101 4098//4098 4099//4099
f 4097//4097 4095//4095 3975//3975
f 4099//4099 4097//4097 4017//4017
f 4098//4098 4100//4100 4091//4091
f 4100//4100 4083//4083 4078//4078
f 4101//4101 4102//4102 4100//4100
f 4102//4102 4084//4084 4083//4083
f 4104//4104 4106//4106 4105//4105
f 4106//4106 4110//4110 4107//4107
f 4108//4108 4109//4109 4106//4106
f 4109//4109 4127//4127 4110//4110
f 4112//4112 4103//4103 4111//4111
f 3800//3800 4112//4112 3801//3801
f 4111//4111 4105//4105 4113//4113
f 3801//3801 4111//4111 3779//3779
f 4112//4112 4115//4115 4114//4114
f 4115//4115 4117//4117 4116//4116
f 3800//3800 3797//3797 4115//4115
f 3797//3797 3798//3798 4117//4117
f 4104//4104 4103//4103 4118//4118
f 4108//4108 4104//4104 4119//4119
f 4118//4118 4114//4114 4120//4120
f 4119//4119 4118//4118 4121//4121
f 4125//4125 4122//4122 4124//4124
f 4131//4131 4125//4125 4126//4126
f 4124//4124 4123//4123 4110//4110
f 4126//4126 4124//4124 4127//4127
f 4125//4125 4129//4129 4128//4128
f 4136//4136 4128//4128 4130//4130
f 4129//4129 4125//4125 4132//4132
f 4130//4130 4129//4129 4133//4133
f 4135//4135 4122//4122 4134//4134
f 3783//3783 4135//4135 3784//3784
f 4136//4136 4137//4137 4134//4134
f 4137//4137 4344//4344 3784//3784
f 4135//4135 4138//4138 4123//4123
f 4138//4138 4113//4113 4107//4107
f 3783//3783 3777//3777 4138//4138
f 3777//3777 3779//3779 4113//4113
f 4142//4142 4139//4139 4141//4141
f 4141//4141 4144//4144 4143//4143
f 4131//4131 4126//4126 4141//4141
f 4126//4126 4127//4127 4144//4144
f 4142//4142 4146//4146 4145//4145
f 4146//4146 4904//4904 4147//4147
f 4146//4146 4142//4142 4148//4148
f 4904//4904 4146//4146 4149//4149
f 4151//4151 4139//4139 4150//4150
f 4156//4156 4151//4151 4152//4152
f 4150//4150 4145//4145 4153//4153
f 4152//4152 4150//4150 4154//4154
f 4151//4151 4155//4155 4140//4140
f 4155//4155 4132//4132 4131//4131
f 4156//4156 4157//4157 4155//4155
f 4157//4157 4133//4133 4132//4132
f 4161//4161 4158//4158 4160//4160
f 4108//4108 4161//4161 4109//4109
f 4160//4160 4159//4159 4144//4144
f 4109//4109 4160//4160 4127//4127
f 4161//4161 4163//4163 4162//4162
f 4163//4163 4165//4165 4164//4164
f 4108//4108 4119//4119 4163//4163
f 4119//4119 4121//4121 4165//4165
f 4167//4167 4158//4158 4166//4166
f 4172//4172 4167//4167 4168//4168
f 4166//4166 4162//4162 4169//4169
f 4168//4168 4166//4166 4170//4170
f 4167//4167 4171//4171 4159//4159
f 4171//4171 4148//4148 4143//4143
f 4172//4172 4173//4173 4171//4171
f 4173//4173 4149//4149 4148//4148
f 4177//4177 4174//4174 4176//4176
f 4184//4184 4177//4177 4178//4178
f 4176//4176 4175//4175 4180//4180
f 4178//4178 4176//4176 4181//4181
f 4177//4177 4183//4183 4182//4182
f 4183//4183 4120//4120 4116//4116
f 4184//4184 4185//4185 4183//4183
f 4185//4185 4121//4121 4120//4120
f 4187//4187 4174//4174 4186//4186
f 4087//4087 4187//4187 4088//4088
f 4186//4186 4182//4182 4117//4117
f 4117//4117 3798//3798 4088//4088
f 4187//4187 4188//4188 4175//4175
f 4188//4188 4189//4189 4179//4179
f 4087//4087 4082//4082 4188//4188
f 4082//4082 4084//4084 4189//4189
f 4191//4191 4193//4193 4192//4192
f 4193//4193 4195//4195 4194//4194
f 4184//4184 4178//4178 4193//4193
f 4178//4178 4181//4181 4195//4195
f 4197//4197 4190//4190 4196//4196
f 4203//4203 4197//4197 4198//4198
f 4196//4196 4192//4192 4199//4199
f 4198//4198 4196//4196 4200//4200
f 4197//4197 4202//4202 4201//4201
f 4202//4202 4169//4169 4164//4164
f 4203//4203 4204//4204 4202//4202
f 4204//4204 4170//4170 4169//4169
f 4191//4191 4190//4190 4205//4205
f 4184//4184 4191//4191 4185//4185
f 4205//4205 4201//4201 4165//4165
f 4185//4185 4205//4205 4121//4121
f 4209//4209 4206//4206 4208//4208
f 4213//4213 4209//4209 4210//4210
f 4208//4208 4207//4207 4195//4195
f 4210//4210 4208//4208 4181//4181
f 4209//4209 4212//4212 4211//4211
f 4212//4212 4037//4037 4032//4032
f 4213//4213 4214//4214 4212//4212
f 4214//4214 4038//4038 4037//4037
f 4216//4216 4206//4206 4215//4215
f 4220//4220 4216//4216 4217//4217
f 4215//4215 4211//4211 4035//4035
f 4217//4217 4215//4215 4218//4218
f 4216//4216 4219//4219 4207//4207
f 4219//4219 4199//4199 4194//4194
f 4220//4220 4221//4221 4219//4219
f 4221//4221 4200//4200 4199//4199
f 4223//4223 4225//4225 4224//4224
f 4225//4225 4180//4180 4179//4179
f 4213//4213 4210//4210 4225//4225
f 4210//4210 4181//4181 4180//4180
f 4227//4227 4222//4222 4226//4226
f 4101//4101 4227//4227 4102//4102
f 4226//4226 4224//4224 4189//4189
f 4102//4102 4226//4226 4084//4084
f 4227//4227 4229//4229 4228//4228
f 4229//4229 4016//4016 4010//4010
f 4101//4101 4099//4099 4229//4229
f 4099//4099 4017//4017 4016//4016
f 4223//4223 4222//4222 4230//4230
f 4213//4213 4223//4223 4214//4214
f 4230//4230 4228//4228 4013//4013
f 4214//4214 4230//4230 4038//4038
f 4241//4241 4231//4231 4233//4233
f 4245//4245 4234//4234 4236//4236
f 4233//4233 4232//4232 4238//4238
f 4236//4236 4235//4235 4240//4240
f 4241//4241 4243//4243 4242//4242
f 4243//4243 4430//4430 4244//4244
f 4245//4245 4247//4247 4246//4246
f 4247//4247 4274//4274 4248//4248
f 4250//4250 4231//4231 4249//4249
f 3092//3092 4250//4250 3093//3093
f 4249//4249 4242//4242 4251//4251
f 3093//3093 4249//4249 4252//4252
f 4250//4250 4253//4253 4232//4232
f 4253//4253 4254//4254 4237//4237
f 3092//3092 3086//3086 4253//4253
f 3086//3086 3088//3088 4254//4254
f 4256//4256 4258//4258 4257//4257
f 4258//4258 4260//4260 4259//4259
f 4245//4245 4236//4236 4258//4258
f 4236//4236 4240//4240 4260//4260
f 4262//4262 4255//4255 4261//4261
f 4269//4269 4262//4262 4263//4263
f 4261//4261 4257//4257 4264//4264
f 4263//4263 4261//4261 4265//4265
f 4262//4262 4267//4267 4266//4266
f 4267//4267 4271//4271 4268//4268
f 4269//4269 4270//4270 4267//4267
f 4270//4270 4333//4333 4271//4271
f 4256//4256 4255//4255 4272//4272
f 4245//4245 4256//4256 4247//4247
f 4272//4272 4266//4266 4273//4273
f 4247//4247 4272//4272 4274//4274
f 4278//4278 4275//4275 4277//4277
f 4282//4282 4278//4278 4279//4279
f 4277//4277 4276//4276 4260//4260
f 4279//4279 4277//4277 4240//4240
f 4278//4278 4281//4281 4280//4280
f 4281//4281 3565//3565 3562//3562
f 4282//4282 4283//4283 4281//4281
f 4283//4283 3566//3566 3565//3565
f 4285//4285 4275//4275 4284//4284
f 4288//4288 4285//4285 4286//4286
f 4284//4284 4280//4280 3563//3563
f 4286//4286 4284//4284 3852//3852
f 4285//4285 4287//4287 4276//4276
f 4287//4287 4264//4264 4259//4259
f 4288//4288 4289//4289 4287//4287
f 4289//4289 4265//4265 4264//4264
f 4291//4291 4293//4293 4292//4292
f 4293//4293 4238//4238 4237//4237
f 4282//4282 4279//4279 4295//4295
f 4279//4279 4240//4240 4239//4239
f 4297//4297 4290//4290 4296//4296
f 3117//3117 4297//4297 3118//3118
f 4296//4296 4292//4292 4254//4254
f 3118//3118 4296//4296 3088//3088
f 4297//4297 4299//4299 4298//4298
f 4299//4299 3549//3549 3542//3542
f 3117//3117 3113//3113 4299//4299
f 3113//3113 3115//3115 3549//3549
f 4291//4291 4290//4290 4300//4300
f 4282//4282 4294//4294 4283//4283
f 4300//4300 4298//4298 4302//4302
f 4283//4283 4301//4301 3566//3566
f 4304//4304 4306//4306 4305//4305
f 4306//4306 4310//4310 4307//4307
f 4308//4308 4309//4309 4306//4306
f 4309//4309 4323//4323 4310//4310
f 4312//4312 4303//4303 4311//4311
f 4288//4288 4312//4312 4289//4289
f 4311//4311 4305//4305 4313//4313
f 4289//4289 4311//4311 4265//4265
f 4312//4312 4315//4315 4314//4314
f 4315//4315 3851//3851 3845//3845
f 4288//4288 4286//4286 4315//4315
f 4286//4286 3852//3852 3851//3851
f 4304//4304 4303//4303 4316//4316
f 4308//4308 4304//4304 4317//4317
f 4316//4316 4314//4314 3848//3848
f 4317//4317 4316//4316 3866//3866
f 4321//4321 4318//4318 4320//4320
f 4327//4327 4321//4321 4322//4322
f 4320//4320 4319//4319 4310//4310
f 4322//4322 4320//4320 4323//4323
f 4321//4321 4325//4325 4324//4324
f 4325//4325 4329//4329 4326//4326
f 4327//4327 4328//4328 4325//4325
f 4328//4328 4348//4348 4329//4329
f 4331//4331 4318//4318 4330//4330
f 4269//4269 4331//4331 4270//4270
f 4330//4330 4324//4324 4332//4332
f 4270//4270 4330//4330 4333//4333
f 4331//4331 4334//4334 4319//4319
f 4334//4334 4313//4313 4307//4307
f 4269//4269 4263//4263 4334//4334
f 4263//4263 4265//4265 4313//4313
f 4338//4338 4335//4335 4337//4337
f 4308//4308 4338//4338 4309//4309
f 4327//4327 4322//4322 4337//4337
f 4309//4309 4337//4337 4323//4323
f 4338//4338 4340//4340 4339//4339
f 4340//4340 3865//3865 3862//3862
f 4308//4308 4317//4317 4340//4340
f 4317//4317 3866//3866 3865//3865
f 4342//4342 4335//4335 4341//4341
f 4346//4346 4342//4342 4343//4343
f 4341//4341 4339//4339 3863//3863
f 4343//4343 4341//4341 4344//4344
f 4342//4342 4345//4345 4336//4336
f 4327//4327 4336//4336 4328//4328
f 4346//4346 4347//4347 4345//4345
f 4328//4328 4345//4345 4348//4348
f 4352//4352 4349//4349 4351//4351
f 4359//4359 4352//4352 4353//4353
f 4351//4351 4350//4350 4355//4355
f 4353//4353 4351//4351 4356//4356
f 4352//4352 4358//4358 4357//4357
f 4358//4358 3097//3097 3091//3091
f 4359//4359 4360//4360 4358//4358
f 4360//4360 3098//3098 3097//3097
f 4362//4362 4349//4349 4361//4361
f 4365//4365 4362//4362 4363//4363
f 4361//4361 4357//4357 3094//3094
f 4363//4363 4361//4361 4252//4252
f 4362//4362 4364//4364 4350//4350
f 4364//4364 4367//4367 4354//4354
f 4365//4365 4366//4366 4364//4364
f 4366//4366 4402//4402 4367//4367
f 4369//4369 4371//4371 4370//4370
f 4371//4371 4373//4373 4372//4372
f 4359//4359 4353//4353 4371//4371
f 4353//4353 4356//4356 4373//4373
f 4375//4375 4368//4368 4374//4374
f 4374//4374 4000//4000 3994//3994
f 4374//4374 4370//4370 4376//4376
f 4376//4376 4001//4001 4000//4000
f 4375//4375 4378//4378 4377//4377
f 4378//4378 3150//3150 3145//3145
f 4378//4378 4375//4375 3996//3996
f 3996//3996 3151//3151 3150//3150
f 4369//4369 4368//4368 4379//4379
f 4359//4359 4369//4369 4360//4360
f 4379//4379 4377//4377 3146//3146
f 4360//4360 4379//4379 3098//3098
f 4383//4383 4380//4380 4382//4382
f 4388//4388 4383//4383 4384//4384
f 4382//4382 4381//4381 4373//4373
f 4384//4384 4382//4382 4356//4356
f 4383//4383 4386//4386 4385//4385
f 4386//4386 4390//4390 4387//4387
f 4388//4388 4389//4389 4386//4386
f 4389//4389 4411//4411 4390//4390
f 4392//4392 4380//4380 4391//4391
f 4391//4391 4053//4053 4047//4047
f 4391//4391 4385//4385 4393//4393
f 4053//4053 4391//4391 4054//4054
f 4392//4392 4394//4394 4381//4381
f 4394//4394 4376//4376 4372//4372
f 4394//4394 4392//4392 4049//4049
f 4376//4376 4394//4394 4001//4001
f 4396//4396 4398//4398 4397//4397
f 4398//4398 4355//4355 4354//4354
f 4388//4388 4384//4384 4398//4398
f 4384//4384 4356//4356 4355//4355
f 4400//4400 4395//4395 4399//4399
f 4406//4406 4400//4400 4401//4401
f 4399//4399 4397//4397 4367//4367
f 4401//4401 4399//4399 4402//4402
f 4400//4400 4404//4404 4403//4403
f 4404//4404 4408//4408 4405//4405
f 4406//4406 4407//4407 4404//4404
f 4407//4407 4450//4450 4408//4408
f 4396//4396 4395//4395 4409//4409
f 4388//4388 4396//4396 4389//4389
f 4409//4409 4403//4403 4410//4410
f 4389//4389 4409//4409 4411//4411
f 4413//4413 4415//4415 4414//4414
f 4415//4415 4437//4437 4416//4416
f 4418//4418 4420//4420 4419//4419
f 4420//4420 4438//4438 4421//4421
f 4423//4423 4412//4412 4422//4422
f 4365//4365 4423//4423 4366//4366
f 4422//4422 4414//4414 4424//4424
f 4366//4366 4422//4422 4402//4402
f 4423//4423 4426//4426 4425//4425
f 4426//4426 4251//4251 4244//4244
f 4365//4365 4363//4363 4426//4426
f 4363//4363 4252//4252 4251//4251
f 4413//4413 4412//4412 4427//4427
f 4418//4418 4417//4417 4429//4429
f 4427//4427 4425//4425 4430//4430
f 4429//4429 4428//4428 4274//4274
f 4439//4439 4431//4431 4433//4433
f 4443//4443 4434//4434 4436//4436
f 4433//4433 4432//4432 4437//4437
f 4436//4436 4435//4435 4438//4438
f 4439//4439 4441//4441 4440//4440
f 4441//4441 5007//5007 4442//4442
f 4443//4443 4445//4445 4444//4444
f 4445//4445 4471//4471 4446//4446
f 4448//4448 4431//4431 4447//4447
f 4406//4406 4448//4448 4407//4407
f 4447//4447 4440//4440 4449//4449
f 4407//4407 4447//4447 4450//4450
f 4448//4448 4451//4451 4432//4432
f 4451//4451 4424//4424 4416//4416
f 4406//4406 4401//4401 4451//4451
f 4401//4401 4402//4402 4424//4424
f 4453//4453 4455//4455 4454//4454
f 4455//4455 4457//4457 4456//4456
f 4443//4443 4436//4436 4455//4455
f 4436//4436 4438//4438 4457//4457
f 4459//4459 4452//4452 4458//4458
f 4466//4466 4459//4459 4460//4460
f 4458//4458 4454//4454 4461//4461
f 4460//4460 4458//4458 4462//4462
f 4459//4459 4464//4464 4463//4463
f 4464//4464 4468//4468 4465//4465
f 4466//4466 4467//4467 4464//4464
f 4467//4467 4526//4526 4468//4468
f 4453//4453 4452//4452 4469//4469
f 4443//4443 4453//4453 4445//4445
f 4469//4469 4463//4463 4470//4470
f 4445//4445 4469//4469 4471//4471
f 4475//4475 4472//4472 4474//4474
f 4418//4418 4475//4475 4420//4420
f 4474//4474 4473//4473 4457//4457
f 4420//4420 4474//4474 4438//4438
f 4475//4475 4477//4477 4476//4476
f 4477//4477 4273//4273 4268//4268
f 4418//4418 4429//4429 4477//4477
f 4429//4429 4274//4274 4273//4273
f 4479//4479 4472//4472 4478//4478
f 4482//4482 4479//4479 4480//4480
f 4478//4478 4476//4476 4271//4271
f 4480//4480 4478//4478 4333//4333
f 4479//4479 4481//4481 4473//4473
f 4481//4481 4461//4461 4456//4456
f 4482//4482 4483//4483 4481//4481
f 4483//4483 4462//4462 4461//4461
f 4487//4487 4484//4484 4486//4486
f 4494//4494 4487//4487 4488//4488
f 4486//4486 4485//4485 4490//4490
f 4488//4488 4486//4486 4491//4491
f 4487//4487 4493//4493 4492//4492
f 4493//4493 4347//4347 4346//4346
f 4494//4494 4495//4495 4493//4493
f 4495//4495 4348//4348 4347//4347
f 4492//4492 4497//4497 4496//4496
f 4497//4497 4137//4137 4136//4136
f 4346//4346 4343//4343 4497//4497
f 4343//4343 4344//4344 4137//4137
f 4496//4496 4498//4498 4485//4485
f 4498//4498 4499//4499 4489//4489
f 4136//4136 4130//4130 4498//4498
f 4130//4130 4133//4133 4499//4499
f 4501//4501 4503//4503 4502//4502
f 4503//4503 4505//4505 4504//4504
f 4494//4494 4488//4488 4503//4503
f 4488//4488 4491//4491 4505//4505
f 4507//4507 4500//4500 4506//4506
f 4482//4482 4507//4507 4483//4483
f 4506//4506 4502//4502 4508//4508
f 4483//4483 4506//4506 4462//4462
f 4507//4507 4510//4510 4509//4509
f 4510//4510 4332//4332 4326//4326
f 4482//4482 4480//4480 4510//4510
f 4480//4480 4333//4333 4332//4332
f 4501//4501 4500//4500 4511//4511
f 4494//4494 4501//4501 4495//4495
f 4511//4511 4509//4509 4329//4329
f 4495//4495 4511//4511 4348//4348
f 4515//4515 4512//4512 4514//4514
f 4520//4520 4515//4515 4516//4516
f 4514//4514 4513//4513 4505//4505
f 4516//4516 4514//4514 4491//4491
f 4515//4515 4518//4518 4517//4517
f 4518//4518 4522//4522 4519//4519
f 4520//4520 4521//4521 4518//4518
f 4521//4521 4540//4540 4522//4522
f 4524//4524 4512//4512 4523//4523
f 4466//4466 4524//4524 4467//4467
f 4523//4523 4517//4517 4525//4525
f 4467//4467 4523//4523 4526//4526
f 4524//4524 4527//4527 4513//4513
f 4527//4527 4508//4508 4504//4504
f 4466//4466 4460//4460 4527//4527
f 4460//4460 4462//4462 4508//4508
f 4529//4529 4531//4531 4530//4530
f 4531//4531 4490//4490 4489//4489
f 4520//4520 4516//4516 4531//4531
f 4516//4516 4491//4491 4490//4490
f 4533//4533 4528//4528 4532//4532
f 4156//4156 4533//4533 4157//4157
f 4532//4532 4530//4530 4499//4499
f 4157//4157 4532//4532 4133//4133
f 4533//4533 4535//4535 4534//4534
f 4535//4535 4537//4537 4536//4536
f 4156//4156 4152//4152 4535//4535
f 4152//4152 4154//4154 4537//4537
f 4529//4529 4528//4528 4538//4538
f 4520//4520 4529//4529 4521//4521
f 4538//4538 4534//4534 4539//4539
f 4521//4521 4538//4538 4540//4540
f 4542//4542 4544//4544 4543//4543
f 4554//4554 4543//4543 4545//4545
f 4547//4547 4549//4549 4548//4548
f 4549//4549 4614//4614 4550//4550
f 4543//4543 4552//4552 4551//4551
f 4552//4552 4556//4556 4553//4553
f 4554//4554 4555//4555 4552//4552
f 4555//4555 4590//4590 4556//4556
f 4551//4551 4558//4558 4557//4557
f 4558//4558 4725//4725 4559//4559
f 4558//4558 4551//4551 4560//4560
f 4725//4725 4558//4558 4561//4561
f 4542//4542 4541//4541 4562//4562
f 4547//4547 4546//4546 4564//4564
f 4562//4562 4557//4557 4565//4565
f 4564//4564 4563//4563 4567//4567
f 4569//4569 4574//4574 4570//4570
f 4572//4572 4575//4575 4573//4573
f 4554//4554 4545//4545 4574//4574
f 4550//4550 4614//4614 4575//4575
f 4577//4577 4568//4568 4576//4576
f 4585//4585 4577//4577 4578//4578
f 4580//4580 4571//4571 4579//4579
f 4668//4668 4580//4580 4581//4581
f 4577//4577 4583//4583 4582//4582
f 4583//4583 4587//4587 4584//4584
f 4585//4585 4586//4586 4583//4583
f 4586//4586 4665//4665 4587//4587
f 4569//4569 4568//4568 4588//4588
f 4554//4554 4569//4569 4555//4555
f 4588//4588 4582//4582 4589//4589
f 4555//4555 4588//4588 4590//4590
f 4592//4592 4594//4594 4593//4593
f 4594//4594 4596//4596 4595//4595
f 4594//4594 4592//4592 4575//4575
f 4575//4575 4614//4614 4596//4596
f 4598//4598 4591//4591 4597//4597
f 4605//4605 4598//4598 4599//4599
f 4597//4597 4593//4593 4600//4600
f 4599//4599 4597//4597 4601//4601
f 4603//4603 4591//4591 4602//4602
f 4608//4608 4603//4603 4604//4604
f 4605//4605 4606//4606 4602//4602
f 4606//4606 4641//4641 4604//4604
f 4603//4603 4607//4607 4592//4592
f 4607//4607 4579//4579 4573//4573
f 4608//4608 4609//4609 4607//4607
f 4609//4609 4581//4581 4579//4579
f 4613//4613 4610//4610 4612//4612
f 4547//4547 4613//4613 4549//4549
f 4612//4612 4611//4611 4596//4596
f 4549//4549 4612//4612 4614//4614
f 4613//4613 4616//4616 4615//4615
f 4616//4616 4618//4618 4617//4617
f 4547//4547 4564//4564 4616//4616
f 4564//4564 4567//4567 4618//4618
f 4620//4620 4610//4610 4619//4619
f 4625//4625 4620//4620 4621//4621
f 4619//4619 4615//4615 4622//4622
f 4621//4621 4619//4619 4623//4623
f 4620//4620 4624//4624 4611//4611
f 4624//4624 4600//4600 4595//4595
f 4625//4625 4626//4626 4624//4624
f 4626//4626 4601//4601 4600//4600
f 4628//4628 4630//4630 4629//4629
f 4630//4630 4653//4653 4631//4631
f 4630//4630 4628//4628 4633//4633
f 4653//4653 4630//4630 4634//4634
f 4636//4636 4627//4627 4635//4635
f 4608//4608 4636//4636 4609//4609
f 4635//4635 4629//4629 4637//4637
f 4609//4609 4635//4635 4581//4581
f 4636//4636 4639//4639 4638//4638
f 4643//4643 4638//4638 4640//4640
f 4608//4608 4604//4604 4639//4639
f 4640//4640 4639//4639 4641//4641
f 4628//4628 4627//4627 4642//4642
f 4642//4642 4645//4645 4632//4632
f 4643//4643 4644//4644 4642//4642
f 4644//4644 4676//4676 4645//4645
f 4654//4654 4646//4646 4648//4648
f 4658//4658 4649//4649 4651//4651
f 4650//4650 4652//4652 4653//4653
f 4651//4651 4650//4650 4634//4634
f 4654//4654 4656//4656 4655//4655
f 4656//4656 4797//4797 4657//4657
f 4658//4658 4660//4660 4659//4659
f 4660//4660 4685//4685 4661//4661
f 4663//4663 4646//4646 4662//4662
f 4585//4585 4663//4663 4586//4586
f 4662//4662 4655//4655 4664//4664
f 4586//4586 4662//4662 4665//4665
f 4663//4663 4667//4667 4647//4647
f 4666//4666 4637//4637 4631//4631
f 4585//4585 4578//4578 4667//4667
f 4668//4668 4581//4581 4637//4637
f 4670//4670 4672//4672 4671//4671
f 4632//4632 4671//4671 4633//4633
f 4658//4658 4651//4651 4672//4672
f 4633//4633 4672//4672 4634//4634
f 4674//4674 4669//4669 4673//4673
f 4680//4680 4674//4674 4675//4675
f 4673//4673 4671//4671 4645//4645
f 4675//4675 4673//4673 4676//4676
f 4674//4674 4678//4678 4677//4677
f 4678//4678 4774//4774 4679//4679
f 4680//4680 4681//4681 4678//4678
f 4774//4774 4678//4678 4682//4682
f 4670//4670 4669//4669 4683//4683
f 4658//4658 4670//4670 4660//4660
f 4683//4683 4677//4677 4684//4684
f 4660//4660 4683//4683 4685//4685
f 4687//4687 4689//4689 4688//4688
f 4689//4689 4715//4715 4690//4690
f 4689//4689 4687//4687 4692//4692
f 4715//4715 4689//4689 4693//4693
f 4695//4695 4686//4686 4694//4694
f 4702//4702 4695//4695 4696//4696
f 4694//4694 4688//4688 4697//4697
f 4696//4696 4694//4694 4698//4698
f 4695//4695 4700//4700 4699//4699
f 4700//4700 4704//4704 4701//4701
f 4702//4702 4703//4703 4700//4700
f 4703//4703 4973//4973 4704//4704
f 4687//4687 4686//4686 4705//4705
f 4705//4705 4707//4707 4691//4691
f 4705//4705 4699//4699 4706//4706
f 4706//4706 4737//4737 4707//4707
f 4716//4716 4708//4708 4710//4710
f 4719//4719 4711//4711 4713//4713
f 4712//4712 4714//4714 4715//4715
f 4713//4713 4712//4712 4693//4693
f 4716//4716 4718//4718 4717//4717
f 4718//4718 4565//4565 4559//4559
f 4719//4719 4721//4721 4720//4720
f 4721//4721 4567//4567 4566//4566
f 4723//4723 4708//4708 4722//4722
f 4722//4722 4726//4726 4724//4724
f 4722//4722 4717//4717 4725//4725
f 4725//4725 4561//4561 4726//4726
f 4723//4723 4728//4728 4709//4709
f 4727//4727 4697//4697 4690//4690
f 4724//4724 5104//5104 4728//4728
f 4729//4729 4698//4698 4697//4697
f 4731//4731 4733//4733 4732//4732
f 4733//4733 4692//4692 4691//4691
f 4719//4719 4713//4713 4733//4733
f 4692//4692 4733//4733 4693//4693
f 4735//4735 4730//4730 4734//4734
f 4740//4740 4735//4735 4736//4736
f 4734//4734 4732//4732 4707//4707
f 4736//4736 4734//4734 4737//4737
f 4735//4735 4739//4739 4738//4738
f 4739//4739 4622//4622 4617//4617
f 4740//4740 4741//4741 4739//4739
f 4741//4741 4623//4623 4622//4622
f 4731//4731 4730//4730 4742//4742
f 4719//4719 4731//4731 4721//4721
f 4742//4742 4738//4738 4618//4618
f 4721//4721 4742//4742 4567//4567
f 4744//4744 4746//4746 4745//4745
f 4746//4746 4750//4750 4747//4747
f 4748//4748 4749//4749 4746//4746
f 4749//4749 4766//4766 4750//4750
f 4752//4752 4743//4743 4751//4751
f 4751//4751 4755//4755 4753//4753
f 4751//4751 4745//4745 4754//4754
f 4754//4754 4830//4830 4755//4755
f 4757//4757 4743//4743 4756//4756
f 4033//4033 4757//4757 4034//4034
f 4756//4756 4752//4752 4758//4758
f 4034//4034 4756//4756 4218//4218
f 4744//4744 4743//4743 4759//4759
f 4748//4748 4744//4744 4760//4760
f 4033//4033 4027//4027 4759//4759
f 4760//4760 4759//4759 4029//4029
f 4764//4764 4761//4761 4763//4763
f 4769//4769 4764//4764 4765//4765
f 4763//4763 4762//4762 4750//4750
f 4765//4765 4763//4763 4766//4766
f 4764//4764 4768//4768 4767//4767
f 4768//4768 4684//4684 4679//4679
f 4769//4769 4770//4770 4768//4768
f 4770//4770 4685//4685 4684//4684
f 4772//4772 4761//4761 4771//4771
f 4776//4776 4772//4772 4773//4773
f 4771//4771 4767//4767 4774//4774
f 4773//4773 4771//4771 4682//4682
f 4772//4772 4775//4775 4762//4762
f 4775//4775 4754//4754 4747//4747
f 4776//4776 4777//4777 4775//4775
f 4777//4777 4830//4830 4754//4754
f 4779//4779 4781//4781 4780//4780
f 4781//4781 4803//4803 4782//4782
f 4769//4769 4765//4765 4784//4784
f 4765//4765 4766//4766 4785//4785
f 4787//4787 4778//4778 4786//4786
f 4793//4793 4787//4787 4788//4788
f 4786//4786 4780//4780 4789//4789
f 4788//4788 4786//4786 4790//4790
f 4787//4787 4792//4792 4791//4791
f 4792//4792 4664//4664 4657//4657
f 4793//4793 4794//4794 4792//4792
f 4794//4794 4665//4665 4664//4664
f 4779//4779 4778//4778 4795//4795
f 4769//4769 4783//4783 4770//4770
f 4795//4795 4791//4791 4797//4797
f 4770//4770 4796//4796 4685//4685
f 4804//4804 4798//4798 4800//4800
f 4748//4748 4801//4801 4749//4749
f 4800//4800 4799//4799 4803//4803
f 4749//4749 4802//4802 4766//4766
f 4804//4804 4806//4806 4805//4805
f 4808//4808 4058//4058 4057//4057
f 4748//4748 4760//4760 4808//4808
f 4760//4760 4029//4029 4058//4058
f 4810//4810 4798//4798 4809//4809
f 4813//4813 4810//4810 4811//4811
f 4809//4809 4805//4805 4052//4052
f 4811//4811 4809//4809 4054//4054
f 4810//4810 4812//4812 4799//4799
f 4812//4812 4789//4789 4782//4782
f 4813//4813 4814//4814 4812//4812
f 4814//4814 4790//4790 4789//4789
f 4816//4816 4818//4818 4817//4817
f 4818//4818 4822//4822 4819//4819
f 4820//4820 4821//4821 4818//4818
f 4821//4821 4836//4836 4822//4822
f 4824//4824 4815//4815 4823//4823
f 4220//4220 4824//4824 4221//4221
f 4823//4823 4817//4817 4825//4825
f 4221//4221 4823//4823 4200//4200
f 4824//4824 4827//4827 4826//4826
f 4827//4827 4758//4758 4753//4753
f 4220//4220 4217//4217 4827//4827
f 4217//4217 4218//4218 4758//4758
f 4816//4816 4815//4815 4828//4828
f 4820//4820 4816//4816 4829//4829
f 4828//4828 4826//4826 4755//4755
f 4829//4829 4828//4828 4830//4830
f 4834//4834 4831//4831 4833//4833
f 4840//4840 4834//4834 4835//4835
f 4833//4833 4832//4832 4822//4822
f 4835//4835 4833//4833 4836//4836
f 4834//4834 4838//4838 4837//4837
f 4838//4838 4842//4842 4839//4839
f 4840//4840 4841//4841 4838//4838
f 4841//4841 4862//4862 4842//4842
f 4844//4844 4831//4831 4843//4843
f 4203//4203 4844//4844 4204//4204
f 4843//4843 4837//4837 4845//4845
f 4204//4204 4843//4843 4170//4170
f 4844//4844 4846//4846 4832//4832
f 4846//4846 4825//4825 4819//4819
f 4203//4203 4198//4198 4846//4846
f 4198//4198 4200//4200 4825//4825
f 4848//4848 4850//4850 4849//4849
f 4850//4850 4852//4852 4851//4851
f 4840//4840 4835//4835 4850//4850
f 4835//4835 4836//4836 4852//4852
f 4854//4854 4847//4847 4853//4853
f 4643//4643 4854//4854 4644//4644
f 4853//4853 4849//4849 4855//4855
f 4644//4644 4853//4853 4676//4676
f 4854//4854 4857//4857 4856//4856
f 4857//4857 4859//4859 4858//4858
f 4643//4643 4640//4640 4857//4857
f 4640//4640 4641//4641 4859//4859
f 4848//4848 4847//4847 4860//4860
f 4840//4840 4848//4848 4841//4841
f 4860//4860 4856//4856 4861//4861
f 4841//4841 4860//4860 4862//4862
f 4866//4866 4863//4863 4865//4865
f 4820//4820 4866//4866 4821//4821
f 4865//4865 4864//4864 4852//4852
f 4821//4821 4865//4865 4836//4836
f 4866//4866 4868//4868 4867//4867
f 4868//4868 4777//4777 4776//4776
f 4820//4820 4829//4829 4868//4868
f 4829//4829 4830//4830 4777//4777
f 4870//4870 4863//4863 4869//4869
f 4680//4680 4870//4870 4681//4681
f 4869//4869 4867//4867 4773//4773
f 4773//4773 4682//4682 4681//4681
f 4870//4870 4871//4871 4864//4864
f 4871//4871 4855//4855 4851//4851
f 4680//4680 4675//4675 4871//4871
f 4675//4675 4676//4676 4855//4855
f 4873//4873 4875//4875 4874//4874
f 4875//4875 4879//4879 4876//4876
f 4877//4877 4878//4878 4875//4875
f 4878//4878 4892//4892 4879//4879
f 4881//4881 4872//4872 4880//4880
f 4172//4172 4881//4881 4173//4173
f 4880//4880 4874//4874 4882//4882
f 4173//4173 4880//4880 4149//4149
f 4881//4881 4884//4884 4883//4883
f 4884//4884 4845//4845 4839//4839
f 4172//4172 4168//4168 4884//4884
f 4168//4168 4170//4170 4845//4845
f 4873//4873 4872//4872 4885//4885
f 4877//4877 4873//4873 4886//4886
f 4885//4885 4883//4883 4842//4842
f 4886//4886 4885//4885 4862//4862
f 4890//4890 4887//4887 4889//4889
f 4896//4896 4890//4890 4891//4891
f 4889//4889 4888//4888 4879//4879
f 4891//4891 4889//4889 4892//4892
f 4894//4894 4887//4887 4893//4893
f 4901//4901 4894//4894 4895//4895
f 4896//4896 4897//4897 4893//4893
f 4895//4895 4893//4893 4898//4898
f 4894//4894 4900//4900 4899//4899
f 4900//4900 4153//4153 4147//4147
f 4901//4901 4902//4902 4900//4900
f 4902//4902 4154//4154 4153//4153
f 4888//4888 4887//4887 4903//4903
f 4903//4903 4882//4882 4876//4876
f 4903//4903 4899//4899 4904//4904
f 4904//4904 4149//4149 4882//4882
f 4906//4906 4908//4908 4907//4907
f 4908//4908 4910//4910 4909//4909
f 4896//4896 4891//4891 4908//4908
f 4891//4891 4892//4892 4910//4910
f 4912//4912 4905//4905 4911//4911
f 4625//4625 4912//4912 4626//4626
f 4911//4911 4907//4907 4913//4913
f 4626//4626 4911//4911 4601//4601
f 4912//4912 4915//4915 4914//4914
f 4915//4915 4917//4917 4916//4916
f 4625//4625 4621//4621 4915//4915
f 4621//4621 4623//4623 4917//4917
f 4906//4906 4905//4905 4918//4918
f 4896//4896 4906//4906 4897//4897
f 4918//4918 4914//4914 4919//4919
f 4897//4897 4918//4918 4898//4898
f 4923//4923 4920//4920 4922//4922
f 4877//4877 4923//4923 4878//4878
f 4922//4922 4921//4921 4910//4910
f 4878//4878 4922//4922 4892//4892
f 4923//4923 4925//4925 4924//4924
f 4925//4925 4861//4861 4858//4858
f 4877//4877 4886//4886 4925//4925
f 4886//4886 4862//4862 4861//4861
f 4927//4927 4920//4920 4926//4926
f 4605//4605 4927//4927 4606//4606
f 4926//4926 4924//4924 4859//4859
f 4606//4606 4926//4926 4641//4641
f 4927//4927 4928//4928 4921//4921
f 4928//4928 4913//4913 4909//4909
f 4605//4605 4599//4599 4928//4928
f 4599//4599 4601//4601 4913//4913
f 4932//4932 4929//4929 4931//4931
f 4939//4939 4932//4932 4933//4933
f 4931//4931 4930//4930 4935//4935
f 4933//4933 4931//4931 4936//4936
f 4932//4932 4938//4938 4937//4937
f 4938//4938 4539//4539 4536//4536
f 4939//4939 4940//4940 4938//4938
f 4940//4940 4540//4540 4539//4539
f 4942//4942 4929//4929 4941//4941
f 4901//4901 4942//4942 4902//4902
f 4941//4941 4937//4937 4537//4537
f 4902//4902 4941//4941 4154//4154
f 4942//4942 4943//4943 4930//4930
f 4943//4943 4944//4944 4934//4934
f 4901//4901 4895//4895 4943//4943
f 4895//4895 4898//4898 4944//4944
f 4946//4946 4948//4948 4947//4947
f 4948//4948 4950//4950 4949//4949
f 4939//4939 4933//4933 4948//4948
f 4933//4933 4936//4936 4950//4950
f 4952//4952 4945//4945 4951//4951
f 4958//4958 4952//4952 4953//4953
f 4951//4951 4947//4947 4954//4954
f 4953//4953 4951//4951 4955//4955
f 4952//4952 4957//4957 4956//4956
f 4957//4957 4525//4525 4519//4519
f 4958//4958 4959//4959 4957//4957
f 4959//4959 4526//4526 4525//4525
f 4946//4946 4945//4945 4960//4960
f 4939//4939 4946//4946 4940//4940
f 4960//4960 4956//4956 4522//4522
f 4940//4940 4960//4960 4540//4540
f 4964//4964 4961//4961 4963//4963
f 4968//4968 4964//4964 4965//4965
f 4963//4963 4962//4962 4950//4950
f 4965//4965 4963//4963 4936//4936
f 4964//4964 4967//4967 4966//4966
f 4967//4967 4706//4706 4701//4701
f 4968//4968 4969//4969 4967//4967
f 4969//4969 4737//4737 4706//4706
f 4971//4971 4961//4961 4970//4970
f 4970//4970 5039//5039 4972//4972
f 4970//4970 4966//4966 4704//4704
f 5039//5039 4970//4970 4973//4973
f 4971//4971 4974//4974 4962//4962
f 4974//4974 4954//4954 4949//4949
f 4972//4972 4975//4975 4974//4974
f 4975//4975 4955//4955 4954//4954
f 4977//4977 4979//4979 4978//4978
f 4979//4979 4935//4935 4934//4934
f 4968//4968 4965//4965 4979//4979
f 4965//4965 4936//4936 4935//4935
f 4978//4978 4981//4981 4980//4980
f 4981//4981 4919//4919 4916//4916
f 4981//4981 4978//4978 4944//4944
f 4944//4944 4898//4898 4919//4919
f 4983//4983 4976//4976 4982//4982
f 4740//4740 4983//4983 4741//4741
f 4982//4982 4980//4980 4917//4917
f 4741//4741 4982//4982 4623//4623
f 4983//4983 4984//4984 4977//4977
f 4968//4968 4977//4977 4969//4969
f 4740//4740 4736//4736 4984//4984
f 4736//4736 4737//4737 4969//4969
f 4986//4986 4988//4988 4987//4987
f 4988//4988 5014//5014 4989//4989
f 4991//4991 4993//4993 4992//4992
f 4993//4993 5015//5015 4994//4994
f 4996//4996 4985//4985 4995//4995
f 5002//5002 4996//4996 4997//4997
f 4995//4995 4987//4987 4998//4998
f 4997//4997 4995//4995 4999//4999
f 4996//4996 5001//5001 5000//5000
f 5001//5001 4449//4449 4442//4442
f 5002//5002 5003//5003 5001//5001
f 5003//5003 4450//4450 4449//4449
f 4986//4986 4985//4985 5004//5004
f 4991//4991 4990//4990 5006//5006
f 5004//5004 5000//5000 5007//5007
f 5006//5006 5005//5005 4471//4471
f 5016//5016 5008//5008 5010//5010
f 5019//5019 5011//5011 5013//5013
f 5010//5010 5009//5009 5014//5014
f 5013//5013 5012//5012 5015//5015
f 5016//5016 5018//5018 5017//5017
f 5018//5018 5104//5104 4724//4724
f 5019//5019 5021//5021 5020//5020
f 4729//4729 5020//5020 4698//4698
f 5023//5023 5008//5008 5022//5022
f 5026//5026 5023//5023 5024//5024
f 5022//5022 5017//5017 4726//4726
f 5024//5024 5022//5022 4561//4561
f 5023//5023 5025//5025 5009//5009
f 5025//5025 4998//4998 4989//4989
f 5026//5026 5027//5027 5025//5025
f 5027//5027 4999//4999 4998//4998
f 5031//5031 5028//5028 5030//5030
f 5030//5030 5033//5033 5032//5032
f 5030//5030 5029//5029 5013//5013
f 5013//5013 5015//5015 5033//5033
f 5031//5031 5035//5035 5034//5034
f 5035//5035 4975//4975 4972//4972
f 5032//5032 5036//5036 5035//5035
f 4975//4975 5035//5035 4955//4955
f 5038//5038 5028//5028 5037//5037
f 4702//4702 5038//5038 4703//4703
f 5037//5037 5034//5034 5039//5039
f 4703//4703 5037//5037 4973//4973
f 5038//5038 5040//5040 5029//5029
f 5040//5040 5021//5021 5019//5019
f 4702//4702 4696//4696 5040//5040
f 4696//4696 4698//4698 5021//5021
f 5044//5044 5041//5041 5043//5043
f 4991//4991 5044//5044 4993//4993
f 5043//5043 5042//5042 5033//5033
f 4993//4993 5043//5043 5015//5015
f 5044//5044 5046//5046 5045//5045
f 5046//5046 4470//4470 4465//4465
f 4991//4991 5006//5006 5046//5046
f 5006//5006 4471//4471 4470//4470
f 5048//5048 5041//5041 5047//5047
f 4958//4958 5048//5048 4959//4959
f 5047//5047 5045//5045 4468//4468
f 4959//4959 5047//5047 4526//4526
f 5048//5048 5049//5049 5042//5042
f 5049//5049 5036//5036 5032//5032
f 4958//4958 4953//4953 5049//5049
f 4953//4953 4955//4955 5036//5036
f 5051//5051 5053//5053 5052//5052
f 5053//5053 5057//5057 5054//5054
f 5055//5055 5056//5056 5053//5053
f 5056//5056 5070//5070 5057//5057
f 5059//5059 5050//5050 5058//5058
f 4813//4813 5059//5059 4814//4814
f 5058//5058 5052//5052 5060//5060
f 4814//4814 5058//5058 4790//4790
f 5059//5059 5062//5062 5061//5061
f 5062//5062 4393//4393 4387//4387
f 4813//4813 4811//4811 5062//5062
f 4811//4811 4054//4054 4393//4393
f 5051//5051 5050//5050 5063//5063
f 5055//5055 5051//5051 5064//5064
f 5063//5063 5061//5061 4390//4390
f 5064//5064 5063//5063 4411//4411
f 5068//5068 5065//5065 5067//5067
f 5073//5073 5068//5068 5069//5069
f 5067//5067 5066//5066 5057//5057
f 5069//5069 5067//5067 5070//5070
f 5068//5068 5072//5072 5071//5071
f 5072//5072 4589//4589 4584//4584
f 5073//5073 5074//5074 5072//5072
f 5074//5074 4590//4590 4589//4589
f 5076//5076 5065//5065 5075//5075
f 4793//4793 5076//5076 4794//4794
f 5075//5075 5071//5071 4587//4587
f 4794//4794 5075//5075 4665//4665
f 5076//5076 5077//5077 5066//5066
f 5077//5077 5060//5060 5054//5054
f 4793//4793 4788//4788 5077//5077
f 4788//4788 4790//4790 5060//5060
f 5079//5079 5081//5081 5080//5080
f 5081//5081 5083//5083 5082//5082
f 5073//5073 5069//5069 5081//5081
f 5069//5069 5070//5070 5083//5083
f 5085//5085 5078//5078 5084//5084
f 5026//5026 5085//5085 5027//5027
f 5084//5084 5080//5080 5086//5086
f 5027//5027 5084//5084 4999//4999
f 5085//5085 5088//5088 5087//5087
f 5088//5088 4560//4560 4553//4553
f 5026//5026 5024//5024 5088//5088
f 5024//5024 4561//4561 4560//4560
f 5079//5079 5078//5078 5089//5089
f 5073//5073 5079//5079 5074//5074
f 5089//5089 5087//5087 4556//4556
f 5074//5074 5089//5089 4590//4590
f 5093//5093 5090//5090 5092//5092
f 5055//5055 5093//5093 5056//5056
f 5092//5092 5091//5091 5083//5083
f 5056//5056 5092//5092 5070//5070
f 5093//5093 5095//5095 5094//5094
f 5095//5095 4410//4410 4405//4405
f 5055//5055 5064//5064 5095//5095
f 5064//5064 4411//4411 4410//4410
f 5097//5097 5090//5090 5096//5096
f 5002//5002 5097//5097 5003//5003
f 5096//5096 5094//5094 4408//4408
f 5003//5003 5096//5096 4450//4450
f 5097//5097 5098//5098 5091//5091
f 5098//5098 5086//5086 5082//5082
f 5002//5002 4997//4997 5098//5098
f 4997//4997 4999//4999 5086//5086
