# Created by Open3D 
# object name: both_feet
# number of vertices: 5104
# number of triangles: 9533
v 0.354035 0.076791 -0.119452
vn 0.480681 0.287432 -0.828449
v 0.35326 0.071941 -0.121776
vn 0.469343 0.307742 -0.827655
v 0.348095 0.076289 -0.122926
vn 0.401704 0.29373 -0.867385
v 0.348026 0.070644 -0.12491
vn 0.376901 0.295494 -0.877855
v 0.342679 0.073106 -0.126086
vn 0.259789 0.285694 -0.922436
v 0.352822 0.067073 -0.123805
vn 0.449205 0.283652 -0.847205
v 0.347648 0.06586 -0.126628
vn 0.351449 0.265214 -0.897856
v 0.342769 0.068478 -0.127431
vn 0.22776 0.262127 -0.937771
v 0.350465 0.080235 -0.120368
vn 0.451638 0.280033 -0.847116
v 0.354977 0.081273 -0.117493
vn 0.482244 0.253582 -0.838533
v 0.342062 0.077289 -0.124937
vn 0.255191 0.296482 -0.920313
v 0.344621 0.081815 -0.122673
vn 0.324221 0.302493 -0.896314
v 0.35904 0.077315 -0.116306
vn 0.544467 0.244485 -0.802361
v 0.359953 0.081983 -0.114486
vn 0.565185 0.202423 -0.799744
v 0.364062 0.077316 -0.112424
vn 0.631554 0.202082 -0.748533
v 0.365011 0.081993 -0.110554
vn 0.642959 0.161553 -0.748668
v 0.358378 0.072777 -0.118278
vn 0.545115 0.283628 -0.788926
v 0.357979 0.067901 -0.120396
vn 0.545382 0.289964 -0.786435
v 0.36338 0.072796 -0.114443
vn 0.625798 0.243326 -0.74106
v 0.362801 0.068271 -0.116464
vn 0.628391 0.256193 -0.7345
v 0.351617 0.057262 -0.127351
vn 0.416357 0.254691 -0.872799
v 0.347622 0.0584 -0.128699
vn 0.314493 0.242603 -0.917735
v 0.351618 0.061853 -0.125943
vn 0.42368 0.253433 -0.869636
v 0.346586 0.061998 -0.128062
vn 0.316856 0.249165 -0.915161
v 0.34295 0.059495 -0.129722
vn 0.182271 0.222593 -0.957721
v 0.342662 0.063997 -0.128636
vn 0.190939 0.24627 -0.950207
v 0.356308 0.05729 -0.124783
vn 0.521804 0.224908 -0.822883
v 0.35749 0.062948 -0.12254
vn 0.530133 0.245292 -0.81166
v 0.361783 0.058096 -0.120557
vn 0.625924 0.194737 -0.75518
v 0.362476 0.063568 -0.118442
vn 0.635448 0.234471 -0.735683
v 0.352973 0.053453 -0.127764
vn 0.439682 0.193584 -0.877043
v 0.356598 0.052447 -0.125836
vn 0.545971 0.158134 -0.822745
v 0.353985 0.048944 -0.127983
vn 0.473755 0.103461 -0.874558
v 0.360314 0.052728 -0.123067
vn 0.612074 0.158295 -0.774796
v 0.358039 0.048372 -0.125334
vn 0.576706 0.0932687 -0.81161
v 0.348545 0.054233 -0.129454
vn 0.301443 0.189735 -0.934416
v 0.343744 0.054943 -0.130502
vn 0.185778 0.171302 -0.967544
v 0.349542 0.0497 -0.129884
vn 0.32022 0.122878 -0.93934
v 0.344589 0.050238 -0.13101
vn 0.179481 0.123073 -0.976032
v 0.331931 0.061675 -0.129993
vn -0.0344316 0.206809 -0.977775
v 0.331283 0.066467 -0.128955
vn -0.0535708 0.22899 -0.971954
v 0.337341 0.065571 -0.128939
vn 0.0812319 0.225935 -0.97075
v 0.337799 0.060749 -0.130031
vn 0.0695278 0.222344 -0.972486
v 0.330806 0.071155 -0.127723
vn -0.085973 0.269254 -0.959224
v 0.337038 0.070258 -0.127921
vn 0.0881116 0.249369 -0.964392
v 0.332845 0.056793 -0.131018
vn -0.0313488 0.188041 -0.981661
v 0.338492 0.055879 -0.131063
vn 0.079756 0.179927 -0.980441
v 0.33375 0.051615 -0.131957
vn -0.0117422 0.12399 -0.992214
v 0.339274 0.051137 -0.131638
vn 0.0980944 0.111459 -0.988916
v 0.326787 0.056971 -0.130453
vn -0.170838 0.168499 -0.970785
v 0.325655 0.061925 -0.129305
vn -0.194925 0.206014 -0.958938
v 0.320441 0.056791 -0.128839
vn -0.385277 0.14306 -0.911644
v 0.327857 0.051947 -0.131434
vn -0.148692 0.137702 -0.979249
v 0.321733 0.051811 -0.129921
vn -0.342535 0.116735 -0.932225
v 0.324907 0.066809 -0.12794
vn -0.231823 0.254475 -0.938883
v 0.319369 0.062004 -0.127394
vn -0.432013 0.200192 -0.879368
v 0.318672 0.066989 -0.12571
vn -0.486472 0.287986 -0.824869
v 0.324442 0.071585 -0.126384
vn -0.288363 0.295436 -0.910804
v 0.330631 0.080343 -0.12466
vn -0.149697 0.374044 -0.91525
v 0.337207 0.07934 -0.125202
vn 0.0786699 0.327813 -0.941462
v 0.330554 0.075822 -0.126309
vn -0.100825 0.309548 -0.945524
v 0.336794 0.074786 -0.126702
vn 0.079658 0.285827 -0.954965
v 0.324012 0.076236 -0.124877
vn -0.348837 0.350127 -0.869324
v 0.324326 0.080601 -0.122785
vn -0.417333 0.407772 -0.81213
v 0.318511 0.076112 -0.121287
vn -0.589029 0.364842 -0.721065
v 0.318394 0.071535 -0.123387
vn -0.548725 0.343335 -0.762248
v 0.318609 0.080546 -0.119213
vn -0.626697 0.354785 -0.693815
v 0.355519 0.038257 -0.127849
vn 0.494486 0.0220242 -0.868907
v 0.356196 0.032428 -0.127404
vn 0.49154 -0.0449431 -0.869694
v 0.351768 0.033029 -0.129613
vn 0.384107 -0.0502006 -0.921923
v 0.351112 0.038909 -0.130062
vn 0.374719 0.0084465 -0.9271
v 0.347077 0.033551 -0.131183
vn 0.244774 -0.0514772 -0.968213
v 0.356646 0.026748 -0.126663
vn 0.51825 -0.0969577 -0.849716
v 0.352277 0.027292 -0.128865
vn 0.390017 -0.0847358 -0.916901
v 0.347719 0.027814 -0.130608
vn 0.268469 -0.0898286 -0.959091
v 0.354772 0.043934 -0.127982
vn 0.498486 0.06373 -0.864552
v 0.350285 0.044596 -0.130095
vn 0.353143 0.0667709 -0.933184
v 0.346277 0.039473 -0.131586
vn 0.225102 0.0100034 -0.974284
v 0.345389 0.045143 -0.13146
vn 0.194837 0.0801766 -0.977553
v 0.359058 0.043325 -0.125147
vn 0.570943 0.082478 -0.816836
v 0.359944 0.037682 -0.125117
vn 0.577104 0.0268902 -0.816228
v 0.363248 0.042434 -0.122164
vn 0.632491 0.0742581 -0.771
v 0.362251 0.047785 -0.122219
vn 0.619354 0.112814 -0.776964
v 0.360505 0.031979 -0.124573
vn 0.602285 -0.0573469 -0.796219
v 0.3641 0.03719 -0.121738
vn 0.673205 -0.000891176 -0.739455
v 0.364361 0.031555 -0.121201
vn 0.694725 -0.0790873 -0.714914
v 0.360647 0.02631 -0.123732
vn 0.628836 -0.128267 -0.766885
v 0.357211 0.016231 -0.124282
vn 0.577337 -0.202936 -0.790885
v 0.353216 0.016599 -0.126868
vn 0.47021 -0.202544 -0.858999
v 0.356809 0.021251 -0.125678
vn 0.557286 -0.159207 -0.814914
v 0.352786 0.021691 -0.128196
vn 0.420602 -0.12609 -0.89844
v 0.348995 0.01727 -0.128976
vn 0.323426 -0.163546 -0.932013
v 0.348306 0.022638 -0.129791
vn 0.282469 -0.106871 -0.953305
v 0.360541 0.020891 -0.122688
vn 0.645761 -0.167146 -0.74502
v 0.36088 0.016034 -0.121179
vn 0.660102 -0.202771 -0.723291
v 0.364013 0.020599 -0.119348
vn 0.715055 -0.167502 -0.678705
v 0.364256 0.025968 -0.120298
vn 0.709343 -0.144034 -0.68999
v 0.358073 0.011719 -0.122268
vn 0.597859 -0.260955 -0.757936
v 0.361646 0.011665 -0.119116
vn 0.675717 -0.250209 -0.693399
v 0.358842 0.00744 -0.119966
vn 0.594484 -0.394833 -0.700497
v 0.36424 0.015903 -0.117759
vn 0.718531 -0.201252 -0.665741
v 0.364782 0.011895 -0.115788
vn 0.726289 -0.24912 -0.640659
v 0.362271 0.007474 -0.11674
vn 0.670492 -0.37991 -0.637267
v 0.354252 0.011957 -0.125041
vn 0.504018 -0.260976 -0.823321
v 0.349449 0.011857 -0.127549
vn 0.381544 -0.253061 -0.889036
v 0.355272 0.007803 -0.122776
vn 0.517315 -0.392295 -0.760585
v 0.351611 0.007971 -0.125139
vn 0.448371 -0.375834 -0.810994
v 0.339323 0.01891 -0.131011
vn 0.0656992 -0.124367 -0.990059
v 0.338325 0.024308 -0.13158
vn 0.0307684 -0.0837554 -0.996011
v 0.343506 0.023285 -0.131039
vn 0.157358 -0.103185 -0.982136
v 0.344249 0.018144 -0.130294
vn 0.18496 -0.133017 -0.973702
v 0.337341 0.029414 -0.131989
vn 0.00305531 -0.0750454 -0.997175
v 0.342779 0.02863 -0.131615
vn 0.124689 -0.0795572 -0.989001
v 0.340282 0.01403 -0.130155
vn 0.087883 -0.192163 -0.97742
v 0.344927 0.013183 -0.129376
vn 0.215819 -0.214003 -0.952693
v 0.341112 0.009699 -0.129008
vn 0.104093 -0.305677 -0.946428
v 0.345327 0.00882 -0.128012
vn 0.23278 -0.329651 -0.914956
v 0.335323 0.014891 -0.130538
vn -0.0050274 -0.175486 -0.984469
v 0.333993 0.020005 -0.131201
vn -0.0514892 -0.0962723 -0.994022
v 0.329905 0.015892 -0.130422
vn -0.118767 -0.132492 -0.984043
v 0.336603 0.010427 -0.129496
vn 0.0226779 -0.279129 -0.959986
v 0.331763 0.011153 -0.129602
vn -0.0655743 -0.254136 -0.964943
v 0.332722 0.025325 -0.131501
vn -0.0914522 -0.0752151 -0.992965
v 0.328153 0.021402 -0.130583
vn -0.175871 -0.0667377 -0.982148
v 0.326713 0.026875 -0.130672
vn -0.217803 -0.0740213 -0.973182
v 0.331491 0.030882 -0.131827
vn -0.110975 -0.0786365 -0.990707
v 0.335414 0.040689 -0.132523
vn -0.00428465 0.00555075 -0.999975
v 0.341085 0.039833 -0.132362
vn 0.0856647 0.0160024 -0.996196
v 0.336395 0.03505 -0.132383
vn -0.00884786 -0.0494951 -0.998735
v 0.342007 0.034014 -0.132128
vn 0.103933 -0.0515206 -0.993249
v 0.33053 0.036455 -0.132153
vn -0.119151 -0.056738 -0.991254
v 0.329553 0.041961 -0.132252
vn -0.114585 -0.00811572 -0.99338
v 0.32445 0.038324 -0.131113
vn -0.264263 -0.0623463 -0.962434
v 0.325472 0.032584 -0.130892
vn -0.244568 -0.0844107 -0.965951
v 0.334461 0.046465 -0.13236
vn 0.00527362 0.0563677 -0.998396
v 0.328766 0.047084 -0.132018
vn -0.116497 0.0591992 -0.991425
v 0.323782 0.043479 -0.131222
vn -0.277088 -0.005771 -0.960827
v 0.323913 0.04796 -0.131061
vn -0.270244 0.0780703 -0.959621
v 0.340047 0.045605 -0.132089
vn 0.0874928 0.0748108 -0.993352
v 0.310488 0.079896 -0.109002
vn -0.832558 0.300902 -0.465087
v 0.30997 0.075302 -0.111029
vn -0.813425 0.340822 -0.47136
v 0.3068 0.074889 -0.105177
vn -0.861261 0.309765 -0.402834
v 0.30731 0.079434 -0.10311
vn -0.879808 0.253035 -0.402382
v 0.304026 0.074564 -0.099085
vn -0.893906 0.273275 -0.355321
v 0.309285 0.070832 -0.113474
vn -0.792882 0.367217 -0.486302
v 0.305972 0.070411 -0.107375
vn -0.843742 0.370968 -0.38792
v 0.303274 0.069942 -0.101029
vn -0.883573 0.341898 -0.320007
v 0.307463 0.084129 -0.101525
vn -0.901756 0.164351 -0.399781
v 0.304596 0.079099 -0.097126
vn -0.904797 0.222308 -0.363209
v 0.304734 0.083672 -0.09552
vn -0.923567 0.151562 -0.352213
v 0.314187 0.080229 -0.114466
vn -0.763456 0.331503 -0.554293
v 0.313739 0.075731 -0.116538
vn -0.73094 0.35257 -0.584312
v 0.313374 0.071263 -0.118782
vn -0.700819 0.356476 -0.617882
v 0.308703 0.061073 -0.118419
vn -0.762727 0.226876 -0.60562
v 0.304689 0.060623 -0.112476
vn -0.839626 0.23891 -0.487801
v 0.308763 0.066179 -0.115952
vn -0.780376 0.318644 -0.538033
v 0.305062 0.065739 -0.109914
vn -0.837151 0.336758 -0.431013
v 0.301165 0.06027 -0.106001
vn -0.889764 0.247589 -0.383431
v 0.302068 0.065433 -0.103477
vn -0.878798 0.354005 -0.319992
v 0.313262 0.066644 -0.121243
vn -0.67831 0.305216 -0.668385
v 0.313779 0.061638 -0.123497
vn -0.643445 0.205304 -0.737448
v 0.309402 0.055679 -0.120721
vn -0.726167 0.150067 -0.67094
v 0.314657 0.056344 -0.12539
vn -0.600348 0.137802 -0.787777
v 0.310294 0.050024 -0.122502
vn -0.689937 0.0745689 -0.720019
v 0.315695 0.050942 -0.126907
vn -0.554186 0.0888139 -0.827641
v 0.304892 0.055062 -0.115007
vn -0.829113 0.168677 -0.533029
v 0.301222 0.054524 -0.108538
vn -0.889573 0.158268 -0.428498
v 0.305367 0.049338 -0.117256
vn -0.799777 0.0758859 -0.595481
v 0.301504 0.048641 -0.110998
vn -0.886407 0.0715547 -0.457344
v 0.297234 0.059418 -0.092048
vn -0.95705 0.230408 -0.175978
v 0.298242 0.064524 -0.089972
vn -0.945212 0.261791 -0.195036
v 0.29994 0.064961 -0.096797
vn -0.91656 0.321973 -0.237172
v 0.298812 0.059856 -0.099326
vn -0.935323 0.253834 -0.246452
v 0.299124 0.069382 -0.088129
vn -0.946186 0.234494 -0.223034
v 0.300968 0.069552 -0.094539
vn -0.918422 0.280466 -0.278997
v 0.296568 0.053947 -0.094396
vn -0.974027 0.130406 -0.18511
v 0.298305 0.054296 -0.101643
vn -0.944015 0.143128 -0.297238
v 0.296513 0.047957 -0.096807
vn -0.979245 0.0170404 -0.201964
v 0.298441 0.048198 -0.104099
vn -0.943204 0.0443143 -0.329246
v 0.295331 0.053567 -0.087019
vn -0.989184 0.101255 -0.106122
v 0.296019 0.059085 -0.084868
vn -0.975984 0.187068 -0.111629
v 0.294936 0.053354 -0.079588
vn -0.998915 0.0456179 0.00932966
v 0.295351 0.047596 -0.089313
vn -0.993552 -0.00775334 -0.113115
v 0.294889 0.047499 -0.081954
vn -0.998046 -0.0582691 0.0225644
v 0.296986 0.064262 -0.08324
vn -0.969058 0.209344 -0.130773
v 0.295472 0.059007 -0.077813
vn -0.991596 0.128358 -0.0161503
v 0.296343 0.064109 -0.076459
vn -0.988216 0.138231 -0.0657451
v 0.297728 0.069147 -0.081665
vn -0.969357 0.1816 -0.165431
v 0.300283 0.078503 -0.085047
vn -0.952343 0.138604 -0.271722
v 0.302271 0.07877 -0.091171
vn -0.932117 0.189168 -0.308826
v 0.299909 0.073989 -0.086674
vn -0.947798 0.204988 -0.244252
v 0.301635 0.074236 -0.092896
vn -0.923425 0.242862 -0.29716
v 0.298302 0.073806 -0.08028
vn -0.968544 0.151025 -0.197771
v 0.298594 0.078263 -0.078965
vn -0.971546 0.0823332 -0.222081
v 0.297248 0.073651 -0.073948
vn -0.986325 0.0920914 -0.136683
v 0.296792 0.068981 -0.075171
vn -0.986539 0.120555 -0.110491
v 0.300256 0.082923 -0.083623
vn -0.961315 0.0791299 -0.263842
v 0.29844 0.082798 -0.07765
vn -0.976608 0.0286343 -0.213113
v 0.297233 0.078241 -0.072731
vn -0.98467 0.004817 -0.174362
v 0.296928 0.082926 -0.071561
vn -0.98475 -0.0209768 -0.172709
v 0.302337 0.083223 -0.089591
vn -0.945681 0.121065 -0.301712
v 0.314558 0.037151 -0.126424
vn -0.576803 -0.0540758 -0.815091
v 0.314855 0.03147 -0.12606
vn -0.568387 -0.0917842 -0.817626
v 0.309233 0.035331 -0.121825
vn -0.729339 -0.0592852 -0.681579
v 0.310915 0.028617 -0.122429
vn -0.680369 -0.0922623 -0.727039
v 0.306528 0.027174 -0.117303
vn -0.799971 -0.0417653 -0.598583
v 0.316062 0.025395 -0.126201
vn -0.543035 -0.0752852 -0.836328
v 0.311581 0.022381 -0.122489
vn -0.664881 -0.023558 -0.746578
v 0.312622 0.043273 -0.125154
vn -0.637843 0.0169153 -0.769981
v 0.306761 0.042933 -0.119176
vn -0.768686 -0.00709665 -0.639586
v 0.30441 0.035287 -0.115132
vn -0.839683 -0.0668252 -0.53895
v 0.302622 0.042222 -0.11324
vn -0.864479 -0.0322933 -0.50163
v 0.318667 0.040641 -0.129092
vn -0.454925 -0.029788 -0.890032
v 0.318713 0.046172 -0.129148
vn -0.465479 0.0423821 -0.884044
v 0.319532 0.034666 -0.129116
vn -0.411912 -0.0805101 -0.90766
v 0.320711 0.028821 -0.129024
vn -0.391368 -0.083018 -0.916482
v 0.319948 0.013165 -0.127703
vn -0.386838 -0.106846 -0.915937
v 0.315612 0.009073 -0.125143
vn -0.476283 -0.105555 -0.872934
v 0.313114 0.015414 -0.123959
vn -0.594639 -0.00103096 -0.803992
v 0.31767 0.019183 -0.126757
vn -0.49311 -0.0334824 -0.869323
v 0.315612 0.009073 -0.125143
vn -0.438765 -0.468793 -0.766628
v 0.313466 0.005003 -0.121165
vn -0.506286 -0.626599 -0.592493
v 0.309043 0.010648 -0.120665
vn -0.655275 -0.423387 -0.625586
v 0.309043 0.010648 -0.120665
vn -0.68246 0.0228777 -0.730565
v 0.307414 0.018207 -0.118271
vn -0.752962 0.0342188 -0.657174
v 0.323951 0.017324 -0.129468
vn -0.287545 -0.0790478 -0.954499
v 0.322205 0.022914 -0.129213
vn -0.357055 -0.0611387 -0.93208
v 0.326096 0.012079 -0.12921
vn -0.187617 -0.212031 -0.959084
v 0.32258 0.008172 -0.127326
vn -0.256358 -0.250682 -0.933509
v 0.328574 0.007712 -0.128192
vn -0.117783 -0.305434 -0.9449
v 0.320234 0.004038 -0.123998
vn -0.315291 -0.638661 -0.701929
v 0.32258 0.008172 -0.127326
vn -0.257663 -0.481105 -0.837943
v 0.326137 0.004208 -0.125977
vn -0.186078 -0.550083 -0.814116
v 0.325117 0.001397 -0.123257
vn -0.221835 -0.852767 -0.47284
v 0.322842 0.001395 -0.120509
vn -0.150362 -0.970872 -0.186544
v 0.306065 0.00505 -0.109661
vn -0.656051 -0.730266 -0.190547
v 0.301388 0.011569 -0.107813
vn -0.821105 -0.538207 -0.19005
v 0.303805 0.011404 -0.114574
vn -0.780944 -0.488803 -0.388842
v 0.308396 0.005481 -0.116037
vn -0.616877 -0.681421 -0.393863
v 0.301388 0.011569 -0.107813
vn -0.954044 -0.0244639 -0.298666
v 0.300317 0.019768 -0.105363
vn -0.958888 -0.0332112 -0.281833
v 0.302979 0.020036 -0.112014
vn -0.882495 0.0179768 -0.469979
v 0.303805 0.011404 -0.114574
vn -0.843878 0.052392 -0.53397
v 0.312751 0.001967 -0.11044
vn -0.281598 -0.955355 -0.0894339
v 0.314885 0.00195 -0.116048
vn -0.301795 -0.93645 -0.178832
v 0.319571 0.0014 -0.111253
vn -0.0807529 -0.996671 -0.0112599
v 0.318235 0.001774 -0.119855
vn -0.25747 -0.902274 -0.345847
v 0.321112 0.001353 -0.116177
vn -0.0840753 -0.99609 -0.0271156
v 0.311426 0.002088 -0.104176
vn -0.272949 -0.961868 -0.017577
v 0.304697 0.005284 -0.102676
vn -0.660873 -0.747868 -0.0627695
v 0.310757 0.002341 -0.097488
vn -0.28281 -0.958821 0.0260881
v 0.318468 0.001483 -0.105696
vn -0.0780603 -0.996935 0.00517736
v 0.317892 0.00159 -0.099635
vn -0.0823894 -0.996392 0.0203826
v 0.300003 0.011638 -0.100504
vn -0.985032 -0.102037 -0.138925
v 0.304206 0.005729 -0.095402
vn -0.666083 -0.744975 0.0366871
v 0.300003 0.011638 -0.100504
vn -0.820475 -0.569922 -0.0448312
v 0.299731 0.012461 -0.092996
vn -0.988818 -0.149099 0.00277537
v 0.298755 0.020068 -0.09836
vn -0.990227 -0.0795172 -0.114573
v 0.29848 0.034628 -0.101247
vn -0.964221 -0.0975122 -0.246513
v 0.300806 0.034767 -0.108481
vn -0.916903 -0.0786647 -0.39128
v 0.29969 0.027452 -0.103265
vn -0.963348 -0.0478404 -0.263954
v 0.302089 0.027619 -0.110042
vn -0.899864 -0.0322256 -0.434978
v 0.298237 0.027665 -0.096015
vn -0.989513 -0.0866617 -0.11556
v 0.29699 0.034581 -0.093799
vn -0.986334 -0.125855 -0.106327
v 0.297903 0.027814 -0.088507
vn -0.991294 -0.126353 0.0370268
v 0.298532 0.020407 -0.090843
vn -0.992999 -0.115957 0.0225071
v 0.297303 0.041461 -0.099131
vn -0.972299 -0.0672813 -0.223846
v 0.296028 0.041285 -0.091609
vn -0.98859 -0.0997105 -0.112907
v 0.29686 0.034742 -0.086406
vn -0.982469 -0.182443 0.0383231
v 0.295451 0.04113 -0.084397
vn -0.986879 -0.159879 0.0225678
v 0.299379 0.041724 -0.106374
vn -0.933668 -0.0470295 -0.355039
v 0.371095 0.058754 -0.110827
vn 0.760935 0.159231 -0.628986
v 0.371657 0.06385 -0.108943
vn 0.746141 0.160687 -0.646106
v 0.375347 0.059038 -0.105387
vn 0.799888 0.107793 -0.59039
v 0.376031 0.064256 -0.103565
vn 0.787915 0.117045 -0.604558
v 0.379312 0.059405 -0.099601
vn 0.837309 0.0629803 -0.543091
v 0.372223 0.068702 -0.107048
vn 0.731782 0.178716 -0.65769
v 0.376597 0.06917 -0.101784
vn 0.776753 0.140888 -0.613845
v 0.379976 0.064759 -0.09796
vn 0.82872 0.0793583 -0.554008
v 0.374682 0.053254 -0.107399
vn 0.817583 0.0995972 -0.567132
v 0.370346 0.052823 -0.113413
vn 0.763233 0.144482 -0.629762
v 0.373535 0.04649 -0.110221
vn 0.827539 0.0714871 -0.556838
v 0.378752 0.053863 -0.10116
vn 0.848865 0.0513627 -0.526109
v 0.377795 0.047524 -0.103167
vn 0.865344 0.0117824 -0.501041
v 0.366581 0.058213 -0.116092
vn 0.700558 0.185253 -0.68913
v 0.365391 0.052042 -0.118775
vn 0.679551 0.157306 -0.716565
v 0.369224 0.047045 -0.115921
vn 0.755004 0.0993323 -0.648153
v 0.365831 0.046494 -0.119465
vn 0.673314 0.108871 -0.731297
v 0.367163 0.063593 -0.113956
vn 0.701218 0.204736 -0.682917
v 0.367602 0.06841 -0.111991
vn 0.68829 0.216643 -0.692331
v 0.373401 0.077947 -0.103259
vn 0.725797 0.127303 -0.676027
v 0.377776 0.078466 -0.098214
vn 0.771054 0.0867139 -0.630838
v 0.377099 0.073879 -0.099988
vn 0.769776 0.142384 -0.622231
v 0.372771 0.07342 -0.105107
vn 0.724694 0.17938 -0.665313
v 0.381828 0.079011 -0.092812
vn 0.818805 0.0410636 -0.572601
v 0.381103 0.074455 -0.094559
vn 0.819596 0.100848 -0.563997
v 0.380569 0.069745 -0.09628
vn 0.822464 0.103977 -0.559234
v 0.368817 0.077722 -0.107975
vn 0.683688 0.165641 -0.710728
v 0.368121 0.073053 -0.10997
vn 0.68275 0.2116 -0.699341
v 0.369812 0.08223 -0.106239
vn 0.690381 0.115394 -0.714183
v 0.374437 0.0826 -0.101599
vn 0.73313 0.0746957 -0.675974
v 0.378842 0.083049 -0.096595
vn 0.780187 0.0348549 -0.624574
v 0.382825 0.083698 -0.091378
vn 0.821949 -0.0106409 -0.569462
v 0.388323 0.080792 -0.081675
vn 0.899706 -0.0899842 -0.427121
v 0.387629 0.076108 -0.083013
vn 0.908525 0.0116009 -0.41767
v 0.385346 0.07983 -0.087365
vn 0.863309 -0.0134979 -0.504496
v 0.384623 0.075152 -0.088819
vn 0.865345 0.053097 -0.498357
v 0.387068 0.071303 -0.084589
vn 0.905 0.045362 -0.422985
v 0.384067 0.07043 -0.090523
vn 0.867236 0.0738985 -0.492382
v 0.38643 0.084501 -0.086057
vn 0.860403 -0.0871858 -0.5021
v 0.389708 0.08531 -0.080612
vn 0.88898 -0.176748 -0.422463
v 0.390961 0.081781 -0.075916
vn 0.921789 -0.158622 -0.353758
v 0.392363 0.086176 -0.07488
vn 0.92084 -0.209791 -0.328698
v 0.393011 0.082675 -0.07029
vn 0.940682 -0.176335 -0.289867
v 0.394292 0.0869 -0.069215
vn 0.941802 -0.205829 -0.265788
v 0.389964 0.077162 -0.077083
vn 0.935674 -0.0388547 -0.350719
v 0.389571 0.072404 -0.078438
vn 0.937162 0.0290209 -0.347685
v 0.392056 0.078208 -0.071302
vn 0.946922 -0.0784524 -0.311743
v 0.39152 0.073517 -0.072465
vn 0.949189 0.00534537 -0.314662
v 0.386099 0.060968 -0.08752
vn 0.900975 0.0125676 -0.433689
v 0.382953 0.060151 -0.093611
vn 0.869998 0.0286471 -0.492222
v 0.38357 0.065433 -0.092099
vn 0.868285 0.0546182 -0.493049
v 0.386609 0.066264 -0.08612
vn 0.90283 0.0399862 -0.428134
v 0.388865 0.061819 -0.081281
vn 0.92741 0.0149587 -0.373747
v 0.38921 0.067222 -0.079982
vn 0.933087 0.0340031 -0.35804
v 0.391012 0.062898 -0.075106
vn 0.946664 0.0290743 -0.320908
v 0.391258 0.068379 -0.073827
vn 0.949828 0.0329887 -0.311027
v 0.388229 0.056174 -0.082702
vn 0.922394 -0.0268564 -0.385316
v 0.385403 0.05528 -0.088933
vn 0.900436 -0.0174334 -0.434639
v 0.387472 0.050112 -0.083882
vn 0.921102 -0.076235 -0.381784
v 0.390737 0.057147 -0.076395
vn 0.941028 -0.0173466 -0.337884
v 0.38991 0.050995 -0.077619
vn 0.935297 -0.0799351 -0.344717
v 0.382206 0.054413 -0.095137
vn 0.878588 0.0108031 -0.477458
v 0.38461 0.049312 -0.090095
vn 0.905197 -0.0637644 -0.420182
v 0.381369 0.047929 -0.096806
vn 0.888984 -0.0389767 -0.456276
v 0.377776 0.012849 -0.091912
vn 0.93457 -0.259042 -0.243878
v 0.37656 0.013179 -0.096803
vn 0.921745 -0.262904 -0.285076
v 0.37857 0.017523 -0.092955
vn 0.947268 -0.196649 -0.253006
v 0.377335 0.018034 -0.097665
vn 0.936611 -0.177552 -0.302052
v 0.379042 0.022086 -0.094004
vn 0.945444 -0.165651 -0.280529
v 0.374872 0.013542 -0.101973
vn 0.891968 -0.244716 -0.380141
v 0.375728 0.018684 -0.102399
vn 0.899419 -0.158508 -0.407334
v 0.377917 0.023021 -0.098453
vn 0.935115 -0.14634 -0.322714
v 0.379328 0.01666 -0.088756
vn 0.946758 -0.214824 -0.239793
v 0.378907 0.01269 -0.087226
vn 0.940519 -0.257045 -0.222153
v 0.381053 0.017708 -0.083355
vn 0.938163 -0.240657 -0.248865
v 0.380757 0.02243 -0.088655
vn 0.940012 -0.201532 -0.275249
v 0.376712 0.008601 -0.090788
vn 0.92261 -0.299388 -0.243225
v 0.376712 0.008601 -0.090788
vn 0.848162 -0.478558 -0.227162
v 0.377889 0.00862 -0.085917
vn 0.866906 -0.447668 -0.219244
v 0.374748 0.004643 -0.089571
vn 0.7646 -0.608807 -0.211521
v 0.379654 0.012496 -0.083096
vn 0.937553 -0.271136 -0.217899
v 0.377889 0.00862 -0.085917
vn 0.934178 -0.287588 -0.211198
v 0.379299 0.009238 -0.080728
vn 0.892767 -0.400495 -0.206326
v 0.376459 0.004795 -0.084177
vn 0.785816 -0.584378 -0.202474
v 0.375168 0.00864 -0.096077
vn 0.908815 -0.314895 -0.273673
v 0.373507 0.00894 -0.101371
vn 0.884698 -0.31357 -0.34494
v 0.373259 0.004555 -0.094995
vn 0.754414 -0.614769 -0.230039
v 0.375168 0.00864 -0.096077
vn 0.842797 -0.463043 -0.27438
v 0.371567 0.004717 -0.100305
vn 0.751653 -0.594767 -0.285081
v 0.370109 0.015273 -0.110535
vn 0.788872 -0.184318 -0.586266
v 0.370409 0.019962 -0.111458
vn 0.800977 -0.151127 -0.579307
v 0.37331 0.019336 -0.107066
vn 0.843194 -0.141343 -0.518697
v 0.372623 0.014123 -0.106681
vn 0.838809 -0.208364 -0.502974
v 0.370912 0.025357 -0.11213
vn 0.807317 -0.132094 -0.575143
v 0.373893 0.024896 -0.10746
vn 0.850162 -0.117476 -0.513248
v 0.376247 0.023961 -0.103014
vn 0.893763 -0.118053 -0.432726
v 0.369161 0.01076 -0.110152
vn 0.769535 -0.28211 -0.572914
v 0.371345 0.009506 -0.106164
vn 0.822853 -0.30669 -0.478388
v 0.367402 0.006367 -0.109786
vn 0.733896 -0.368767 -0.570445
v 0.371345 0.009506 -0.106164
vn 0.795328 -0.401343 -0.454288
v 0.373507 0.00894 -0.101371
vn 0.82442 -0.442443 -0.352953
v 0.369585 0.005098 -0.105351
vn 0.736248 -0.537856 -0.41067
v 0.367459 0.012395 -0.112805
vn 0.74751 -0.240869 -0.61904
v 0.367311 0.015768 -0.114266
vn 0.755833 -0.195175 -0.624998
v 0.365731 0.008603 -0.113241
vn 0.722766 -0.338562 -0.602483
v 0.367283 0.020359 -0.11555
vn 0.759987 -0.1596 -0.630038
v 0.367632 0.025685 -0.116352
vn 0.764587 -0.144263 -0.628168
v 0.371346 0.036225 -0.113771
vn 0.798098 -0.0572767 -0.599799
v 0.374389 0.035967 -0.108946
vn 0.864179 -0.0819765 -0.496462
v 0.371331 0.030901 -0.112737
vn 0.81395 -0.121418 -0.568105
v 0.374391 0.03061 -0.107863
vn 0.860356 -0.105214 -0.498717
v 0.377122 0.035403 -0.103541
vn 0.898954 -0.0781164 -0.431021
v 0.376743 0.029521 -0.103129
vn 0.896882 -0.0906275 -0.432884
v 0.367967 0.031267 -0.117288
vn 0.758778 -0.10839 -0.642268
v 0.367884 0.036862 -0.117821
vn 0.741107 -0.021357 -0.671047
v 0.370805 0.041786 -0.114346
vn 0.778049 0.0334936 -0.62731
v 0.367187 0.042092 -0.118565
vn 0.720434 0.0354155 -0.692619
v 0.373753 0.040557 -0.110606
vn 0.841262 0.00804784 -0.540568
v 0.37636 0.04115 -0.105758
vn 0.884264 -0.0154707 -0.466731
v 0.38181 0.035529 -0.092266
vn 0.918857 -0.140637 -0.368677
v 0.380156 0.027864 -0.093819
vn 0.937103 -0.146689 -0.316734
v 0.379175 0.03314 -0.098222
vn 0.922899 -0.0996863 -0.371915
v 0.378228 0.027632 -0.099312
vn 0.927602 -0.103549 -0.358932
v 0.379746 0.040615 -0.098755
vn 0.90325 -0.0819938 -0.421208
v 0.383244 0.042346 -0.091493
vn 0.908025 -0.119907 -0.40139
v 0.384638 0.036864 -0.086114
vn 0.915547 -0.174839 -0.362223
v 0.386292 0.04377 -0.084861
vn 0.917666 -0.131561 -0.374942
v 0.387282 0.038254 -0.079722
vn 0.923943 -0.182227 -0.336338
v 0.388782 0.044633 -0.078691
vn 0.929957 -0.135977 -0.3416
v 0.382782 0.030055 -0.087081
vn 0.92726 -0.189508 -0.322918
v 0.385379 0.031795 -0.081031
vn 0.919993 -0.228183 -0.318663
v 0.383132 0.024836 -0.082336
vn 0.931371 -0.232562 -0.280114
v 0.365967 -0.001302 -0.084583
vn 0.132019 -0.990511 -0.0382053
v 0.359134 -0.000933 -0.080785
vn -0.0575439 -0.99828 0.0112314
v 0.35776 -0.000893 -0.086585
vn -0.0576936 -0.9983 0.00833265
v 0.364449 -0.001253 -0.090231
vn 0.130804 -0.990422 -0.0442031
v 0.356323 -0.000861 -0.092327
vn -0.0566295 -0.998344 0.0101309
v 0.351562 -0.000379 -0.076665
vn -0.0686862 -0.997515 0.0157034
v 0.350338 -0.000368 -0.082596
vn -0.0677872 -0.997615 0.0129758
v 0.349063 -0.000365 -0.088507
vn -0.0656199 -0.997763 0.012803
v 0.371549 0.000984 -0.087627
vn 0.498473 -0.854855 -0.14404
v 0.369887 0.000995 -0.093111
vn 0.492256 -0.857406 -0.150131
v 0.362844 -0.001218 -0.095808
vn 0.134824 -0.989802 -0.0459806
v 0.368164 0.001048 -0.098566
vn 0.493908 -0.852971 -0.168807
v 0.373116 0.001025 -0.0821
vn 0.507235 -0.853703 -0.117915
v 0.367333 -0.001301 -0.078896
vn 0.138266 -0.990161 -0.0215451
v 0.374448 0.001146 -0.076542
vn 0.515179 -0.852741 -0.0861571
v 0.377978 0.00514 -0.078734
vn 0.804135 -0.567069 -0.178326
v 0.360365 -0.000916 -0.074992
vn -0.0527417 -0.998407 0.0200471
v 0.368489 -0.001192 -0.073244
vn 0.147185 -0.989102 -0.00376812
v 0.361435 -0.000833 -0.069284
vn -0.0462146 -0.998599 0.025776
v 0.352697 -0.000355 -0.070786
vn -0.0655934 -0.997652 0.0196812
v 0.336358 0.000896 -0.068522
vn -0.0772241 -0.996859 0.0175423
v 0.335313 0.000861 -0.074641
vn -0.0759535 -0.99693 0.019019
v 0.343915 0.000255 -0.072551
vn -0.0740037 -0.997114 0.0169531
v 0.342801 0.000226 -0.078577
vn -0.0728499 -0.997194 0.0172143
v 0.334287 0.000817 -0.080803
vn -0.0749872 -0.996988 0.0198158
v 0.341679 0.000204 -0.084617
vn -0.0709546 -0.997338 0.0168211
v 0.344975 0.00026 -0.066603
vn -0.0723831 -0.997224 0.0174354
v 0.337358 0.000915 -0.062508
vn -0.0778629 -0.99681 0.0175096
v 0.34593 0.000301 -0.060841
vn -0.0694903 -0.997398 0.019192
v 0.353707 -0.00029 -0.065048
vn -0.0605654 -0.997915 0.022283
v 0.32894 0.001557 -0.06455
vn -0.0819386 -0.996448 0.0194058
v 0.329927 0.001584 -0.058455
vn -0.0829481 -0.996383 0.0184402
v 0.321749 0.002247 -0.060657
vn -0.0950581 -0.995227 0.0220603
v 0.338276 0.000948 -0.056701
vn -0.0767479 -0.996881 0.0183627
v 0.330826 0.001618 -0.052598
vn -0.0827724 -0.996383 0.0192144
v 0.322767 0.002281 -0.054476
vn -0.094865 -0.995296 0.0196603
v 0.327929 0.001505 -0.070794
vn -0.0806262 -0.996537 0.0203154
v 0.326957 0.001462 -0.077119
vn -0.0804256 -0.996544 0.0208014
v 0.320675 0.002201 -0.067029
vn -0.0947879 -0.995231 0.0230218
v 0.319679 0.002142 -0.073523
vn -0.0956911 -0.995169 0.0219738
v 0.332536 0.000679 -0.093123
vn -0.0689786 -0.997416 0.0200906
v 0.339606 0.000156 -0.096541
vn -0.065279 -0.997768 0.0140691
v 0.340599 0.00018 -0.090634
vn -0.068086 -0.997544 0.0164204
v 0.33335 0.000765 -0.086986
vn -0.0721052 -0.997167 0.0214333
v 0.346565 -0.000344 -0.099996
vn -0.0643785 -0.997866 0.0108599
v 0.3478 -0.000349 -0.094341
vn -0.0645669 -0.997829 0.0130024
v 0.325395 0.001268 -0.089821
vn -0.0761281 -0.996763 0.0258286
v 0.326078 0.001384 -0.083473
vn -0.0791816 -0.996559 0.024494
v 0.318194 0.001955 -0.086675
vn -0.0950905 -0.994998 0.0306206
v 0.318831 0.002082 -0.080088
vn -0.0959924 -0.995068 0.0250078
v 0.324961 0.001157 -0.096064
vn -0.0723542 -0.997162 0.020823
v 0.331914 0.000615 -0.099073
vn -0.0668863 -0.997651 0.0148071
v 0.324842 0.001068 -0.102033
vn -0.0702326 -0.997449 0.0127736
v 0.317847 0.001771 -0.093241
vn -0.090294 -0.995434 0.030941
v 0.338729 0.000148 -0.102194
vn -0.0639392 -0.997897 0.0106277
v 0.331532 0.00057 -0.104659
vn -0.0660107 -0.997783 0.00845272
v 0.33798 0.000144 -0.107438
vn -0.0635197 -0.997975 0.00345773
v 0.345383 -0.000314 -0.105353
vn -0.0633529 -0.997975 0.00575934
v 0.359441 -0.001098 -0.106445
vn 0.166859 -0.980585 -0.103014
v 0.361202 -0.001204 -0.101258
vn 0.141047 -0.988331 -0.0575104
v 0.353352 -0.000804 -0.103369
vn -0.0568998 -0.998372 0.00400458
v 0.35485 -0.000847 -0.097961
vn -0.0571586 -0.998303 0.0110986
v 0.351825 -0.000723 -0.108472
vn -0.0486745 -0.998688 -0.0158838
v 0.357889 -0.000779 -0.112347
vn 0.275638 -0.914868 -0.295026
v 0.350416 -0.000523 -0.114309
vn 0.0216675 -0.991392 -0.129121
v 0.344194 -0.000249 -0.110278
vn -0.0596672 -0.998198 -0.0064259
v 0.364263 0.001736 -0.10866
vn 0.565047 -0.734283 -0.376231
v 0.362958 0.003887 -0.11328
vn 0.58438 -0.653558 -0.481001
v 0.367402 0.006367 -0.109786
vn 0.70405 -0.521582 -0.48194
v 0.355365 0.000903 -0.116505
vn 0.274419 -0.826571 -0.4914
v 0.359029 0.003211 -0.116526
vn 0.480056 -0.692721 -0.538223
v 0.362958 0.003887 -0.11328
vn 0.671021 -0.436368 -0.599428
v 0.359029 0.003211 -0.116526
vn 0.589076 -0.495395 -0.638415
v 0.366443 0.001149 -0.103858
vn 0.511193 -0.824139 -0.243878
v 0.34904 0.001634 -0.121648
vn 0.364928 -0.767283 -0.527356
v 0.345382 -0.000154 -0.121215
vn 0.176217 -0.937973 -0.298586
v 0.346129 0.001937 -0.123726
vn 0.279932 -0.678852 -0.678821
v 0.342752 7e-05 -0.122561
vn 0.0979792 -0.912402 -0.397394
v 0.342799 0.002419 -0.125088
vn 0.173143 -0.608557 -0.77439
v 0.341675 -2.2e-05 -0.119339
vn -0.0561905 -0.998209 -0.0205347
v 0.339431 0.000177 -0.121826
vn -0.0559316 -0.997472 -0.0438284
v 0.340009 0.000339 -0.123876
vn 0.103804 -0.799018 -0.59228
v 0.349071 0.004589 -0.124552
vn 0.363934 -0.624765 -0.690812
v 0.352368 0.004329 -0.122355
vn 0.468516 -0.481429 -0.740755
v 0.349071 0.004589 -0.124552
vn 0.405384 -0.450828 -0.795247
v 0.345858 0.005092 -0.126196
vn 0.226193 -0.560501 -0.796665
v 0.345858 0.005092 -0.126196
vn 0.269573 -0.41129 -0.87073
v 0.348359 0.007709 -0.126511
vn 0.350955 -0.370759 -0.859865
v 0.352368 0.004329 -0.122355
vn 0.394735 -0.683069 -0.614493
v 0.351996 0.001288 -0.119042
vn 0.297288 -0.840571 -0.452836
v 0.355916 0.00392 -0.119728
vn 0.390328 -0.703071 -0.59442
v 0.355916 0.00392 -0.119728
vn 0.519282 -0.492206 -0.698627
v 0.347085 -0.000288 -0.118393
vn 0.10999 -0.981655 -0.155739
v 0.343046 -0.000144 -0.115271
vn -0.0559706 -0.99838 -0.0102679
v 0.331949 0.000536 -0.11442
vn -0.0664198 -0.997755 -0.00860903
v 0.332231 0.000582 -0.118343
vn -0.0686501 -0.997379 -0.022846
v 0.337169 0.000239 -0.1166
vn -0.0632421 -0.997937 -0.0110579
v 0.336726 0.000323 -0.120099
vn -0.0680905 -0.997407 -0.0232869
v 0.332766 0.000653 -0.121575
vn -0.0752234 -0.995232 -0.0620883
v 0.336409 0.000426 -0.122549
vn -0.0803753 -0.994372 -0.069025
v 0.337328 0.000198 -0.112119
vn -0.0628594 -0.998013 -0.0043161
v 0.331408 0.000567 -0.109748
vn -0.065874 -0.997828 -0.000303431
v 0.325785 0.000959 -0.112549
vn -0.0712757 -0.997429 -0.0074678
v 0.325131 0.000993 -0.107569
vn -0.0702238 -0.997526 0.00328551
v 0.326724 0.00095 -0.116912
vn -0.075305 -0.996894 -0.0230522
v 0.327868 0.000965 -0.120683
vn -0.0785303 -0.995504 -0.0529643
v 0.335539 0.003364 -0.126439
vn -0.00673109 -0.524764 -0.851221
v 0.339355 0.002885 -0.125923
vn 0.0840279 -0.534172 -0.841189
v 0.337201 0.000587 -0.124478
vn -0.00896269 -0.755965 -0.65455
v 0.333744 0.000839 -0.124342
vn -0.0856424 -0.830326 -0.550658
v 0.338319 0.000287 -0.123097
vn -0.0615122 -0.992903 -0.101779
v 0.331337 0.003845 -0.126557
vn -0.0917202 -0.541159 -0.835903
v 0.329341 0.001141 -0.123971
vn -0.11763 -0.856159 -0.503146
v 0.333536 0.007113 -0.128348
vn -0.0362968 -0.450393 -0.892092
v 0.337867 0.00642 -0.127958
vn 0.0530541 -0.358482 -0.932028
v 0.333536 0.007113 -0.128348
vn -0.0240367 -0.32623 -0.944985
v 0.328574 0.007712 -0.128192
vn -0.127527 -0.448773 -0.8845
v 0.337867 0.00642 -0.127958
vn 0.0421812 -0.468773 -0.882311
v 0.342037 0.005742 -0.127288
vn 0.113884 -0.507575 -0.854048
v 0.342037 0.005742 -0.127288
vn 0.136114 -0.384851 -0.912887
v 0.344342 0.002291 0.012896
vn -0.0815905 -0.996651 -0.00543558
v 0.344045 0.002061 0.007508
vn -0.0675521 -0.997206 0.0319031
v 0.35177 0.001706 0.008668
vn -0.0800531 -0.99679 0.000689017
v 0.35138 0.001417 0.003299
vn -0.0639882 -0.997199 0.0387299
v 0.359373 0.001088 0.004516
vn -0.0786429 -0.996891 0.00495553
v 0.343724 0.002002 0.002239
vn -0.0809576 -0.996583 0.0163774
v 0.35102 0.001346 -0.001932
vn -0.0765455 -0.996892 0.0186457
v 0.358933 0.000781 -0.00083
vn -0.0606 -0.99738 0.0395054
v 0.352127 0.001384 0.014651
vn -0.0909167 -0.995613 -0.0221144
v 0.344593 0.001987 0.018861
vn -0.0878394 -0.995696 -0.0295525
v 0.352587 0.001356 0.020772
vn -0.0757576 -0.997124 -0.00217834
v 0.359827 0.00078 0.010483
vn -0.0920915 -0.995526 -0.0211251
v 0.360424 0.000744 0.016589
vn -0.0796481 -0.996821 0.00194167
v 0.337123 0.002835 0.017073
vn -0.0880834 -0.995929 -0.0191245
v 0.337212 0.002446 0.023028
vn -0.0937352 -0.995059 -0.0327232
v 0.330121 0.003388 0.021101
vn -0.274544 -0.96065 -0.0421631
v 0.344896 0.001883 0.024982
vn -0.07089 -0.997468 -0.0056621
v 0.337378 0.002399 0.029059
vn -0.08126 -0.996691 -0.00212768
v 0.329972 0.003116 0.026897
vn -0.255065 -0.966345 -0.0334364
v 0.336948 0.00267 0.011692
vn -0.0794327 -0.996625 0.0207182
v 0.33669 0.002649 0.006426
vn -0.0917219 -0.995699 0.0130629
v 0.330181 0.003334 0.015708
vn -0.286839 -0.957978 0.00148761
v 0.330095 0.003382 0.010498
vn -0.304109 -0.952599 0.00855709
v 0.343127 0.001857 -0.007785
vn -0.0812229 -0.996416 0.0236268
v 0.350448 0.001179 -0.011916
vn -0.074351 -0.996962 0.0231951
v 0.350717 0.001267 -0.006982
vn -0.0759839 -0.996889 0.0209396
v 0.343411 0.001944 -0.002843
vn -0.08191 -0.996458 0.0190532
v 0.358011 0.000558 -0.015989
vn -0.0651277 -0.997664 0.0206111
v 0.358259 0.00064 -0.011071
vn -0.0684682 -0.997475 0.0188538
v 0.358553 0.000717 -0.006032
vn -0.0707641 -0.997329 0.0180716
v 0.336102 0.002542 -0.003658
vn -0.0928642 -0.995453 0.0212194
v 0.336399 0.0026 0.001307
vn -0.0926863 -0.995578 0.0152777
v 0.329514 0.003304 0.000381
vn -0.325281 -0.94514 0.0300551
v 0.329746 0.003336 0.005394
vn -0.318953 -0.947611 0.0173842
v 0.335836 0.002446 -0.00852
vn -0.0921487 -0.995396 0.0263541
v 0.342862 0.001754 -0.012641
vn -0.0797267 -0.996456 0.026813
v 0.335563 0.002334 -0.013292
vn -0.0901464 -0.995457 0.0306534
v 0.329189 0.003234 -0.00447
vn -0.324936 -0.945078 0.0352743
v 0.328987 0.00313 -0.009258
vn -0.318825 -0.946768 0.0445096
v 0.350199 0.001076 -0.016758
vn -0.0721025 -0.997054 0.026181
v 0.342593 0.00164 -0.017398
vn -0.0783635 -0.996493 0.0293374
v 0.349953 0.000959 -0.021511
vn -0.070188 -0.997165 0.0271064
v 0.357797 0.000463 -0.020813
vn -0.0615475 -0.997842 0.0228837
v 0.373065 -0.00038 -0.023566
vn -0.0347648 -0.999351 0.00938354
v 0.37329 -0.000356 -0.018664
vn -0.0404567 -0.999161 0.00638015
v 0.365636 2.8e-05 -0.019912
vn -0.0546335 -0.998387 0.0154611
v 0.365853 8.4e-05 -0.015007
vn -0.0592247 -0.998154 0.0134361
v 0.373589 -0.000334 -0.013637
vn -0.0466725 -0.998896 0.00539455
v 0.366145 0.00013 -0.009973
vn -0.0626961 -0.997938 0.0137564
v 0.365455 -4.8e-05 -0.024726
vn -0.0502314 -0.998556 0.0190351
v 0.372863 -0.000436 -0.028384
vn -0.0281783 -0.999556 0.00968675
v 0.365266 -0.000139 -0.029476
vn -0.0465688 -0.998742 0.0186051
v 0.357583 0.000365 -0.025561
vn -0.0592692 -0.997965 0.0234979
v 0.380101 -0.000538 -0.026853
vn 0.138156 -0.990019 -0.0278472
v 0.3798 -0.000517 -0.031676
vn 0.179718 -0.979378 -0.0923035
v 0.386629 0.001815 -0.029595
vn 0.486949 -0.859374 -0.156065
v 0.372657 -0.000465 -0.033146
vn 0.00302589 -0.999747 -0.0222688
v 0.379571 0.000323 -0.03641
vn 0.236791 -0.961856 -0.136978
v 0.386137 0.002484 -0.034335
vn 0.532339 -0.819366 -0.212729
v 0.380394 -0.000547 -0.021966
vn 0.0967226 -0.994963 -0.0263496
v 0.38077 -0.000571 -0.016951
vn 0.0571535 -0.998051 -0.025049
v 0.387116 0.001292 -0.024757
vn 0.411971 -0.900991 -0.135996
v 0.387587 0.000761 -0.019773
vn 0.33187 -0.935952 -0.117717
v 0.374516 -8.9e-05 -0.003101
vn -0.0703082 -0.997524 -0.00130208
v 0.367007 0.000471 0.000564
vn -0.0762694 -0.997083 0.00286503
v 0.366526 0.000182 -0.004766
vn -0.055863 -0.997818 0.035197
v 0.373993 -0.000312 -0.008431
vn -0.048078 -0.998579 0.0230011
v 0.381219 -0.000559 -0.006387
vn -0.034923 -0.999387 0.00253753
v 0.381243 -0.000641 -0.011744
vn 0.0024049 -0.999549 -0.0299302
v 0.388231 -0.00076 -0.009537
vn 0.220527 -0.9722 -0.0787102
v 0.387671 0.000243 -0.014899
vn 0.260658 -0.954334 -0.145958
v 0.3818 -0.000861 -0.000816
vn -0.0451605 -0.998111 -0.04166
v 0.375114 -0.000459 0.002824
vn -0.0840671 -0.996108 -0.0264863
v 0.382402 -0.000954 0.005148
vn -0.043868 -0.999002 -0.00839385
v 0.387153 -0.000559 -0.004731
vn 0.13547 -0.989853 -0.0428891
v 0.389102 -0.001002 0.000302
vn 0.159984 -0.983636 -0.082863
v 0.367529 0.000145 0.006508
vn -0.0915109 -0.995556 -0.0222231
v 0.375218 -0.000458 0.008792
vn -0.0749973 -0.997184 -0.00064748
v 0.368232 9e-05 0.012602
vn -0.080476 -0.996756 0.00131309
v 0.372171 -0.000548 -0.042573
vn 0.0867139 -0.996233 -0.000303812
v 0.364829 -0.000307 -0.038865
vn -0.0379947 -0.999073 0.0202519
v 0.364529 -0.000393 -0.04359
vn -0.0360932 -0.999131 0.0208216
v 0.371836 -0.000628 -0.047332
vn 0.105092 -0.994461 0.00155793
v 0.364144 -0.00048 -0.048398
vn -0.0359932 -0.999134 0.0208713
v 0.357094 0.000178 -0.034897
vn -0.0563845 -0.998126 0.0237775
v 0.356767 7.8e-05 -0.039589
vn -0.0550312 -0.998189 0.0242989
v 0.35636 -1.4e-05 -0.044347
vn -0.054605 -0.998249 0.0227396
v 0.378822 0.001 -0.045764
vn 0.359228 -0.930528 -0.0712231
v 0.378358 0.001133 -0.050497
vn 0.407712 -0.909815 -0.0775104
v 0.384009 0.004465 -0.048043
vn 0.674087 -0.713742 -0.190209
v 0.371419 -0.000718 -0.052185
vn 0.120651 -0.992694 -0.00157404
v 0.377819 0.001277 -0.055353
vn 0.453066 -0.887914 -0.0796196
v 0.383153 0.004985 -0.052695
vn 0.722995 -0.66279 -0.194904
v 0.379238 0.000793 -0.041082
vn 0.305946 -0.947417 -0.0937945
v 0.372445 -0.000487 -0.037861
vn 0.0556411 -0.998397 -0.0103499
v 0.384829 0.004058 -0.043485
vn 0.62468 -0.757843 -0.18828
v 0.385552 0.003404 -0.038942
vn 0.573077 -0.789971 -0.218011
v 0.365066 -0.00022 -0.034173
vn -0.0420662 -0.998953 0.017994
v 0.357359 0.000268 -0.030241
vn -0.0579984 -0.998057 0.0227766
v 0.341918 0.001413 -0.026739
vn -0.0766824 -0.996638 0.0288624
v 0.34148 0.001313 -0.031417
vn -0.0757548 -0.996712 0.0287549
v 0.349388 0.000755 -0.030854
vn -0.0674305 -0.99739 0.0258087
v 0.34901 0.000656 -0.035526
vn -0.0660619 -0.997453 0.0269033
v 0.340966 0.00121 -0.036147
vn -0.0748652 -0.996769 0.0291033
v 0.348569 0.000558 -0.040269
vn -0.0655844 -0.997515 0.02574
v 0.349692 0.000853 -0.026195
vn -0.0687761 -0.99729 0.0261184
v 0.342283 0.001523 -0.022079
vn -0.0777303 -0.996546 0.0292131
v 0.334824 0.002113 -0.022604
vn -0.08905 -0.995547 0.0309351
v 0.335234 0.002216 -0.017968
vn -0.0889881 -0.995556 0.0308244
v 0.328267 0.002884 -0.018558
vn -0.319412 -0.946083 0.0538866
v 0.328701 0.00299 -0.013937
vn -0.318299 -0.94688 0.0458676
v 0.334297 0.002008 -0.027265
vn -0.0891642 -0.995538 0.0308803
v 0.333704 0.001918 -0.032003
vn -0.0888193 -0.995541 0.0317694
v 0.327679 0.002798 -0.023209
vn -0.314378 -0.946992 0.0661285
v 0.326946 0.002721 -0.027945
vn -0.302947 -0.950512 0.0689239
v 0.339778 0.001042 -0.04599
vn -0.0748667 -0.996948 0.0221494
v 0.347452 0.000402 -0.050133
vn -0.0664783 -0.99758 0.0203777
v 0.348056 0.000472 -0.04512
vn -0.0657436 -0.997569 0.0230895
v 0.340403 0.001117 -0.040988
vn -0.0741925 -0.996892 0.0264899
v 0.355277 -0.000159 -0.054289
vn -0.0564614 -0.998207 0.0198789
v 0.355867 -9.1e-05 -0.04923
vn -0.0551767 -0.998256 0.0209846
v 0.332386 0.001715 -0.041854
vn -0.0838888 -0.996111 0.0269291
v 0.33307 0.001812 -0.036849
vn -0.0858559 -0.995743 0.0335214
v 0.325417 0.002479 -0.037807
vn -0.238169 -0.968329 0.0749342
v 0.326218 0.00263 -0.032805
vn -0.271991 -0.958565 0.0846961
v 0.33165 0.001662 -0.047083
vn -0.0830154 -0.996304 0.0220516
v 0.339073 0.000988 -0.051212
vn -0.0759101 -0.996923 0.0195258
v 0.324521 0.002392 -0.043028
vn -0.198128 -0.977863 0.0673057
v 0.323666 0.002316 -0.048569
vn -0.130497 -0.989348 0.0645063
v 0.346752 0.000349 -0.055367
vn -0.067722 -0.997522 0.01909
v 0.354565 -0.000223 -0.059554
vn -0.0579163 -0.998113 0.0204151
v 0.370221 -0.000915 -0.062366
vn 0.144491 -0.989489 -0.00590325
v 0.370894 -0.000808 -0.057184
vn 0.134526 -0.990905 -0.00331352
v 0.363061 -0.000646 -0.05846
vn -0.0391619 -0.999022 0.0205071
v 0.363662 -0.000567 -0.053344
vn -0.0371445 -0.999104 0.0202613
v 0.36233 -0.000724 -0.063772
vn -0.0418714 -0.998843 0.023671
v 0.369425 -0.00104 -0.067716
vn 0.150727 -0.988574 -0.00188615
v 0.376282 0.001401 -0.065632
vn 0.50309 -0.861106 -0.0734596
v 0.375394 0.001326 -0.071011
vn 0.510184 -0.857101 -0.0713476
v 0.380435 0.005421 -0.067916
vn 0.793781 -0.590451 -0.145876
v 0.379251 0.005336 -0.073331
vn 0.807103 -0.568359 -0.159851
v 0.377172 0.001359 -0.060431
vn 0.487583 -0.869001 -0.0842598
v 0.38125 0.00553 -0.062558
vn 0.779202 -0.610443 -0.14214
v 0.382198 0.005307 -0.057479
vn 0.761769 -0.623467 -0.17606
v 0.294896 0.079202 -0.060707
vn -0.974857 -0.0920907 -0.202912
v 0.295518 0.074087 -0.061386
vn -0.981176 -0.0463483 -0.18747
v 0.294167 0.075307 -0.055507
vn -0.980727 -0.0795607 -0.178453
v 0.293624 0.080389 -0.055224
vn -0.98336 -0.0860867 -0.159976
v 0.293144 0.077587 -0.05003
vn -0.9926 -0.0716211 -0.0980572
v 0.295624 0.069188 -0.062285
vn -0.991497 0.00767571 -0.129903
v 0.294546 0.070266 -0.055855
vn -0.985818 -0.0609663 -0.156352
v 0.29352 0.07249 -0.049961
vn -0.99105 -0.0797277 -0.107067
v 0.292827 0.082778 -0.050309
vn -0.994009 -0.0654038 -0.0875719
v 0.296128 0.078524 -0.066465
vn -0.982356 -0.0578472 -0.177849
v 0.296611 0.073792 -0.067621
vn -0.990542 0.0210709 -0.13558
v 0.296212 0.068934 -0.068634
vn -0.99349 0.0769915 -0.0839666
v 0.295826 0.05897 -0.063842
vn -0.99884 -0.0481423 0.000138525
v 0.295611 0.059265 -0.057154
vn -0.992222 -0.116959 -0.0426198
v 0.295667 0.064132 -0.062932
vn -0.997789 -0.0136087 -0.0650583
v 0.295002 0.065085 -0.056236
vn -0.991163 -0.0866151 -0.100463
v 0.295056 0.060558 -0.049458
vn -0.984048 -0.174842 -0.0328528
v 0.294047 0.067035 -0.049961
vn -0.988224 -0.126128 -0.0866342
v 0.295934 0.064041 -0.069606
vn -0.997581 0.054316 -0.0433746
v 0.295688 0.058958 -0.070946
vn -0.998804 0.0415596 0.0257692
v 0.296135 0.053378 -0.065277
vn -0.993222 -0.0888154 0.074979
v 0.295428 0.053213 -0.07238
vn -0.996087 -0.02137 0.0857608
v 0.296647 0.047484 -0.067077
vn -0.980377 -0.151669 0.125923
v 0.295584 0.047461 -0.07457
vn -0.986238 -0.118281 0.115518
v 0.296473 0.053578 -0.058432
vn -0.98659 -0.162145 0.0186994
v 0.296323 0.053939 -0.051518
vn -0.976569 -0.214699 0.0147792
v 0.297465 0.047731 -0.060129
vn -0.979291 -0.184329 0.0837316
v 0.297791 0.048017 -0.053182
vn -0.972603 -0.227674 0.046985
v 0.295529 0.059599 -0.037832
vn -0.969651 -0.22703 0.0907393
v 0.294554 0.064478 -0.038169
vn -0.979494 -0.182024 0.0863669
v 0.294941 0.060525 -0.042994
vn -0.975262 -0.210919 0.066157
v 0.294941 0.060525 -0.042994
vn -0.973879 -0.226315 -0.018478
v 0.29409 0.065121 -0.043962
vn -0.985771 -0.16438 -0.0351466
v 0.293651 0.069101 -0.038614
vn -0.987545 -0.138006 0.0755552
v 0.29409 0.065121 -0.043962
vn -0.984642 -0.16768 0.0486162
v 0.293294 0.070345 -0.044232
vn -0.99237 -0.107313 -0.0607085
v 0.296382 0.055216 -0.043447
vn -0.961233 -0.269554 0.058072
v 0.296721 0.055173 -0.037223
vn -0.960207 -0.264806 0.0887737
v 0.298325 0.049581 -0.038206
vn -0.958344 -0.275226 0.0763427
v 0.296382 0.055216 -0.043447
vn -0.970496 -0.239484 0.0280018
v 0.29808 0.04851 -0.046245
vn -0.966122 -0.252297 0.0543549
v 0.296372 0.059019 -0.032528
vn -0.964305 -0.224756 0.139999
v 0.297667 0.05398 -0.032199
vn -0.960037 -0.253119 0.119413
v 0.297292 0.058434 -0.027449
vn -0.965471 -0.205403 0.160236
v 0.299196 0.048761 -0.031097
vn -0.958232 -0.266219 0.104492
v 0.298484 0.0537 -0.026706
vn -0.963195 -0.230845 0.137719
v 0.295266 0.063774 -0.032895
vn -0.972227 -0.186209 0.141778
v 0.29434 0.068619 -0.033288
vn -0.978713 -0.147067 0.143153
v 0.296189 0.063416 -0.027797
vn -0.966844 -0.173067 0.187778
v 0.295357 0.0682 -0.028293
vn -0.968236 -0.141242 0.206324
v 0.292821 0.07928 -0.039477
vn -0.997212 -0.0526614 0.0528673
v 0.292683 0.08089 -0.044917
vn -0.998826 -0.047082 0.0114008
v 0.292948 0.075394 -0.044397
vn -0.998222 -0.0573795 0.0161193
v 0.293141 0.073955 -0.038882
vn -0.995296 -0.073441 0.0631842
v 0.293294 0.070345 -0.044232
vn -0.9938 -0.107298 0.0291367
v 0.292683 0.08089 -0.044917
vn -0.996935 -0.0581989 -0.052286
v 0.292948 0.075394 -0.044397
vn -0.995938 -0.0658133 -0.0614509
v 0.293359 0.078286 -0.034288
vn -0.988375 -0.0510078 0.143224
v 0.293748 0.07345 -0.033756
vn -0.986908 -0.0796871 0.140222
v 0.294293 0.077723 -0.029621
vn -0.977636 -0.0328906 0.207717
v 0.294583 0.072906 -0.028906
vn -0.975588 -0.0786988 0.205021
v 0.292986 0.083485 -0.035118
vn -0.988535 -0.0480724 0.143134
v 0.29399 0.082515 -0.030317
vn -0.977357 -0.0334419 0.208939
v 0.305061 0.006611 -0.08098
vn -0.69316 -0.713722 0.100649
v 0.305689 0.006759 -0.073825
vn -0.724375 -0.678316 0.123161
v 0.301212 0.013506 -0.078361
vn -0.855655 -0.491366 0.162523
v 0.301212 0.013506 -0.078361
vn -0.96819 -0.125843 0.216269
v 0.302917 0.013782 -0.071274
vn -0.960281 -0.0745504 0.268892
v 0.300868 0.021392 -0.076249
vn -0.959003 -0.118179 0.25758
v 0.306812 0.006939 -0.066801
vn -0.755802 -0.62879 0.18272
v 0.302917 0.013782 -0.071274
vn -0.893531 -0.391854 0.219211
v 0.304875 0.014229 -0.064277
vn -0.960824 -0.0688944 0.26846
v 0.303063 0.021658 -0.069152
vn -0.954376 -0.132997 0.267354
v 0.300056 0.012918 -0.085652
vn -0.823399 -0.555435 0.116216
v 0.304464 0.006173 -0.088172
vn -0.67406 -0.734518 0.078267
v 0.299731 0.012461 -0.092996
vn -0.823475 -0.56461 0.0557275
v 0.299118 0.020942 -0.083301
vn -0.979828 -0.123482 0.157129
v 0.300056 0.012918 -0.085652
vn -0.982471 -0.155576 0.102695
v 0.311281 0.002802 -0.083764
vn -0.309775 -0.949426 0.0512751
v 0.310866 0.002611 -0.090662
vn -0.294768 -0.954411 0.047018
v 0.311914 0.002915 -0.076912
vn -0.31728 -0.947223 0.0458578
v 0.312794 0.002969 -0.070133
vn -0.320678 -0.945377 0.0585448
v 0.309912 0.007643 -0.053494
vn -0.815246 -0.541494 0.205322
v 0.307895 0.015769 -0.050965
vn -0.929006 -0.30592 0.208234
v 0.306821 0.01491 -0.057517
vn -0.928604 -0.285964 0.236473
v 0.308421 0.007295 -0.060119
vn -0.788154 -0.576578 0.215341
v 0.304875 0.014229 -0.064277
vn -0.909668 -0.317083 0.268257
v 0.307895 0.015769 -0.050965
vn -0.972778 -0.176927 0.149662
v 0.306602 0.023413 -0.048794
vn -0.951028 -0.290496 0.105634
v 0.306168 0.02286 -0.0554
vn -0.969173 -0.216634 0.117362
v 0.306821 0.01491 -0.057517
vn -0.963684 -0.107191 0.244588
v 0.306168 0.02286 -0.0554
vn -0.950653 -0.252991 0.179597
v 0.304864 0.022074 -0.062088
vn -0.95588 -0.175762 0.235375
v 0.315163 0.003037 -0.056965
vn -0.367527 -0.926561 0.0800552
v 0.313929 0.003001 -0.06347
vn -0.337592 -0.937997 0.0787013
v 0.316208 0.00303 -0.05065
vn -0.403356 -0.901413 0.157351
v 0.311189 0.008612 -0.047249
vn -0.808315 -0.532124 0.251936
v 0.317189 0.004354 -0.044711
vn -0.456686 -0.863002 0.216023
v 0.309014 0.016423 -0.044646
vn -0.951884 -0.261247 0.160207
v 0.312443 0.009737 -0.041324
vn -0.801944 -0.54279 0.249529
v 0.309014 0.016423 -0.044646
vn -0.91408 -0.342074 0.217817
v 0.309909 0.017534 -0.0386
vn -0.929214 -0.332897 0.160437
v 0.307086 0.024086 -0.042253
vn -0.931632 -0.344493 0.1157
v 0.301726 0.036608 -0.043619
vn -0.936139 -0.341418 0.0841244
v 0.301432 0.035879 -0.05032
vn -0.928326 -0.364273 0.0742712
v 0.304173 0.03017 -0.046182
vn -0.921882 -0.379537 0.0780099
v 0.303922 0.029658 -0.052853
vn -0.928338 -0.364575 0.0726141
v 0.301432 0.035879 -0.05032
vn -0.937386 -0.339142 0.0793142
v 0.300889 0.035638 -0.057288
vn -0.933077 -0.344018 0.104972
v 0.303922 0.029658 -0.052853
vn -0.920514 -0.376308 0.1051
v 0.303292 0.029078 -0.059766
vn -0.929026 -0.333809 0.15963
v 0.304484 0.030732 -0.039564
vn -0.9173 -0.388537 0.0871736
v 0.30216 0.037078 -0.037056
vn -0.938732 -0.332969 0.0889626
v 0.304899 0.031146 -0.033292
vn -0.909377 -0.398291 0.119987
v 0.30763 0.024583 -0.035991
vn -0.912759 -0.388057 0.127607
v 0.300016 0.04282 -0.041351
vn -0.956484 -0.279351 0.0842666
v 0.30048 0.043316 -0.034267
vn -0.953533 -0.287381 0.0904768
v 0.302694 0.037422 -0.030702
vn -0.9309 -0.341278 0.13021
v 0.301076 0.043822 -0.027051
vn -0.945798 -0.298574 0.127751
v 0.299482 0.042249 -0.048154
vn -0.953821 -0.286401 0.090553
v 0.299482 0.042249 -0.048154
vn -0.963565 -0.259817 0.0635393
v 0.299104 0.041893 -0.055045
vn -0.961857 -0.262189 0.0780279
v 0.29808 0.04851 -0.046245
vn -0.961847 -0.263315 0.0742713
v 0.298991 0.034938 -0.071757
vn -0.946199 -0.272388 0.174678
v 0.300368 0.028282 -0.073859
vn -0.949849 -0.213935 0.228075
v 0.302012 0.028587 -0.066672
vn -0.938611 -0.274847 0.208492
v 0.300093 0.035241 -0.06447
vn -0.937832 -0.314628 0.146564
v 0.297524 0.041436 -0.069382
vn -0.961405 -0.234277 0.144271
v 0.298471 0.04159 -0.062117
vn -0.96225 -0.245978 0.116489
v 0.29636 0.041278 -0.076848
vn -0.968907 -0.20568 0.13753
v 0.29765 0.03485 -0.078998
vn -0.960476 -0.233157 0.152065
v 0.298752 0.028092 -0.081096
vn -0.972296 -0.159303 0.171067
v 0.395905 0.084777 -0.060011
vn 0.976022 -0.156369 -0.151423
v 0.396564 0.086264 -0.055793
vn 0.983726 -0.159086 -0.0835199
v 0.396173 0.082467 -0.055583
vn 0.991066 -0.0861937 -0.101777
v 0.395239 0.080403 -0.06073
vn 0.977234 -0.0766756 -0.197825
v 0.395894 0.077725 -0.056431
vn 0.992591 -0.0256492 -0.118765
v 0.396964 0.08618 -0.050466
vn 0.986366 -0.161904 -0.0294979
v 0.396383 0.080999 -0.050694
vn 0.997265 -0.0684802 -0.0278106
v 0.394689 0.08342 -0.064908
vn 0.956762 -0.169521 -0.236368
v 0.39378 0.079102 -0.06587
vn 0.958046 -0.0813448 -0.27483
v 0.394856 0.075844 -0.061909
vn 0.972659 -0.00652677 -0.232145
v 0.393254 0.074727 -0.067255
vn 0.95295 -0.00665734 -0.303055
v 0.395778 0.087791 -0.064049
vn 0.960939 -0.192333 -0.199006
v 0.396804 0.088646 -0.05902
vn 0.974873 -0.19362 -0.110153
v 0.39739 0.089772 -0.054009
vn 0.97764 -0.195252 -0.0780762
v 0.39814 0.091276 -0.048856
vn 0.975535 -0.218984 -0.0194333
v 0.396276 0.083425 -0.039792
vn 0.991997 -0.0880684 0.090476
v 0.396084 0.079171 -0.040329
vn 0.998753 -0.00327845 0.0498224
v 0.396302 0.079583 -0.045472
vn 0.998709 -0.046574 0.0202696
v 0.396656 0.084596 -0.044932
vn 0.991619 -0.125015 0.0326179
v 0.396281 0.074582 -0.040808
vn 0.995736 0.0917141 -0.00989513
v 0.396222 0.075051 -0.046056
vn 0.999694 0.021845 -0.0116418
v 0.396182 0.075871 -0.051467
vn 0.998959 -0.0201413 -0.0409251
v 0.396824 0.087868 -0.039145
vn 0.977752 -0.169984 0.122911
v 0.397518 0.089465 -0.044124
vn 0.979449 -0.195912 0.0479435
v 0.397707 0.092868 -0.038332
vn 0.971378 -0.193862 0.137267
v 0.395856 0.08731 -0.034232
vn 0.974331 -0.119919 0.190523
v 0.395658 0.083198 -0.034758
vn 0.991514 -0.0201476 0.128426
v 0.394793 0.087133 -0.029322
vn 0.975453 -0.0309187 0.218028
v 0.396447 0.091592 -0.033541
vn 0.96104 -0.180388 0.209432
v 0.395069 0.091057 -0.02885
vn 0.957156 -0.125223 0.261097
v 0.395792 0.079034 -0.035196
vn 0.995397 0.0796183 0.0533438
v 0.394966 0.083211 -0.029645
vn 0.988216 0.0835754 0.128233
v 0.395513 0.079203 -0.029811
vn 0.981848 0.186671 0.0336045
v 0.396365 0.07462 -0.035449
vn 0.983013 0.181097 -0.0298314
v 0.397758 0.064503 -0.041708
vn 0.9765 0.164579 -0.139142
v 0.397013 0.064757 -0.047286
vn 0.985865 0.112931 -0.123763
v 0.396923 0.069777 -0.04124
vn 0.98486 0.154511 -0.0786009
v 0.396535 0.070016 -0.046675
vn 0.993969 0.0839457 -0.0705535
v 0.396246 0.065042 -0.052638
vn 0.991642 0.0602494 -0.114089
v 0.396123 0.070459 -0.052002
vn 0.997401 0.0211387 -0.0688841
v 0.397456 0.069841 -0.035668
vn 0.968709 0.227239 -0.0998275
v 0.39867 0.064636 -0.035954
vn 0.96544 0.216147 -0.14562
v 0.397923 0.070371 -0.02978
vn 0.956084 0.277525 -0.0942534
v 0.396546 0.07491 -0.029866
vn 0.962972 0.2655 -0.0468527
v 0.398566 0.059116 -0.0421
vn 0.974394 0.127068 -0.185498
v 0.399872 0.058893 -0.036084
vn 0.974076 0.147933 -0.171146
v 0.398943 0.053297 -0.042724
vn 0.976547 0.0356781 -0.212328
v 0.399339 0.065279 -0.029725
vn 0.96281 0.244384 -0.115213
v 0.400642 0.059825 -0.02948
vn 0.976247 0.176158 -0.126135
v 0.400578 0.051897 -0.035995
vn 0.980629 0.0265369 -0.194067
v 0.397536 0.059387 -0.047759
vn 0.982743 0.0936269 -0.159529
v 0.39666 0.059934 -0.052959
vn 0.985242 0.0710323 -0.155733
v 0.397831 0.054176 -0.047966
vn 0.982292 0.0334778 -0.18434
v 0.3969 0.054992 -0.053034
vn 0.982324 0.0192564 -0.186197
v 0.394556 0.06714 -0.063591
vn 0.967357 0.0235406 -0.252323
v 0.394464 0.071662 -0.063662
vn 0.964419 0.0121756 -0.2641
v 0.395629 0.071771 -0.058046
vn 0.990022 0.00206502 -0.1409
v 0.395695 0.066029 -0.058121
vn 0.9891 0.0209747 -0.145746
v 0.394586 0.061348 -0.064069
vn 0.96867 0.0144937 -0.247928
v 0.395789 0.060333 -0.058364
vn 0.983963 0.0254315 -0.176549
v 0.394526 0.054661 -0.064092
vn 0.966586 -0.0334665 -0.25415
v 0.396019 0.055877 -0.057661
vn 0.979929 -0.00188557 -0.199336
v 0.392855 0.064572 -0.069272
vn 0.952329 0.0357328 -0.302972
v 0.392824 0.058691 -0.070074
vn 0.953947 0.00323879 -0.299959
v 0.39226 0.05216 -0.071273
vn 0.949064 -0.0642242 -0.30847
v 0.392913 0.069944 -0.068344
vn 0.951129 0.0245458 -0.307818
v 0.304852 0.077649 -0.004605
vn -0.858965 0.118492 0.498136
v 0.302604 0.077159 -0.008432
vn -0.871749 0.066798 0.485377
v 0.303214 0.072723 -0.006807
vn -0.892801 0.0559692 0.446961
v 0.305274 0.073214 -0.002748
vn -0.879328 0.106675 0.464115
v 0.303689 0.0682 -0.005163
vn -0.910553 0.0552482 0.409684
v 0.300506 0.076868 -0.012329
vn -0.893258 0.0310811 0.448468
v 0.301125 0.072347 -0.010934
vn -0.900741 0.0109769 0.434217
v 0.301727 0.067766 -0.009593
vn -0.914971 0.00889192 0.403421
v 0.307241 0.078255 -0.000782
vn -0.840343 0.165468 0.516182
v 0.307615 0.073894 0.001294
vn -0.858717 0.16197 0.486179
v 0.309854 0.079107 0.002991
vn -0.818602 0.20456 0.536699
v 0.305772 0.068722 -0.000858
vn -0.897772 0.105708 0.427587
v 0.307926 0.069485 0.003432
vn -0.878821 0.166512 0.447155
v 0.310215 0.074825 0.005336
vn -0.834385 0.215479 0.507317
v 0.306798 0.08259 -0.002889
vn -0.826189 0.16681 0.538133
v 0.304355 0.08203 -0.0065
vn -0.838081 0.131926 0.529355
v 0.306257 0.086932 -0.005014
vn -0.815802 0.162947 0.554901
v 0.309352 0.083362 0.000718
vn -0.809352 0.196765 0.553384
v 0.308837 0.08761 -0.001534
vn -0.801893 0.18411 0.568394
v 0.302037 0.081542 -0.010095
vn -0.859236 0.0959836 0.502494
v 0.303879 0.086357 -0.00838
vn -0.831289 0.137389 0.538593
v 0.301636 0.086024 -0.011769
vn -0.859229 0.105266 0.500645
v 0.300014 0.081392 -0.013801
vn -0.885521 0.0646629 0.460077
v 0.296903 0.07703 -0.020577
vn -0.938526 -0.0119288 0.345002
v 0.297428 0.072369 -0.019497
vn -0.937843 -0.0512147 0.343259
v 0.298591 0.076841 -0.016366
vn -0.91497 0.00380686 0.403504
v 0.299193 0.07226 -0.015145
vn -0.919319 -0.0220966 0.392891
v 0.298108 0.067649 -0.018535
vn -0.94526 -0.0679139 0.319174
v 0.299799 0.067584 -0.013992
vn -0.92642 -0.0299625 0.375298
v 0.298111 0.081431 -0.017598
vn -0.912664 0.0275095 0.407784
v 0.296502 0.081675 -0.021701
vn -0.942704 0.00102514 0.33363
v 0.299682 0.085895 -0.015218
vn -0.880168 0.0822157 0.467489
v 0.295391 0.077319 -0.025042
vn -0.960577 -0.0192559 0.277346
v 0.295083 0.082016 -0.025961
vn -0.96487 -0.0152293 0.262285
v 0.295808 0.072655 -0.024179
vn -0.956817 -0.0739873 0.281119
v 0.296591 0.067928 -0.023298
vn -0.957987 -0.112162 0.263969
v 0.29955 0.058022 -0.016941
vn -0.958167 -0.130724 0.254613
v 0.300872 0.057971 -0.01195
vn -0.953553 -0.0703921 0.292884
v 0.300398 0.062876 -0.012943
vn -0.938444 -0.0403504 0.343066
v 0.298686 0.062835 -0.01771
vn -0.951059 -0.0946118 0.29417
v 0.302611 0.058179 -0.007009
vn -0.945313 -0.0216275 0.325447
v 0.302218 0.063058 -0.008295
vn -0.931376 0.0137546 0.363799
v 0.29824 0.05816 -0.022086
vn -0.964556 -0.173142 0.199131
v 0.297356 0.063142 -0.022635
vn -0.963887 -0.135555 0.229233
v 0.299319 0.053412 -0.021492
vn -0.960967 -0.210883 0.179083
v 0.300457 0.052999 -0.016468
vn -0.961595 -0.179266 0.207844
v 0.300654 0.048253 -0.021297
vn -0.954721 -0.253322 0.156002
v 0.299694 0.04941 -0.02582
vn -0.958433 -0.253129 0.131653
v 0.301652 0.052809 -0.011287
vn -0.958219 -0.134938 0.252205
v 0.301722 0.047703 -0.015755
vn -0.955628 -0.238512 0.172879
v 0.302982 0.046815 -0.009939
vn -0.965086 -0.193521 0.176516
v 0.303161 0.053062 -0.006187
vn -0.964687 -0.0591631 0.256668
v 0.306002 0.059489 0.002809
vn -0.936485 0.111574 0.332488
v 0.306013 0.064205 0.000984
vn -0.917367 0.122867 0.378604
v 0.304256 0.058804 -0.002144
vn -0.947568 0.0415719 0.316837
v 0.304038 0.063504 -0.003629
vn -0.926931 0.0628842 0.369926
v 0.304507 0.053661 -0.000856
vn -0.965236 0.0188412 0.260699
v 0.306042 0.05452 0.004407
vn -0.954464 0.0855892 0.285784
v 0.305072 0.048591 0.001641
vn -0.975916 -0.0139839 0.217697
v 0.303925 0.047908 -0.003866
vn -0.978233 -0.0910501 0.186465
v 0.308004 0.06035 0.007743
vn -0.918899 0.175977 0.353067
v 0.307839 0.055423 0.009797
vn -0.941523 0.16097 0.296012
v 0.310194 0.061399 0.012586
vn -0.898489 0.248454 0.361923
v 0.306389 0.049405 0.007104
vn -0.969965 0.0530645 0.237386
v 0.307812 0.05013 0.012717
vn -0.961826 0.112632 0.249408
v 0.309853 0.056733 0.015247
vn -0.922189 0.237767 0.305016
v 0.308097 0.064966 0.005586
vn -0.898716 0.185551 0.397343
v 0.310347 0.065978 0.01005
vn -0.877128 0.247126 0.411795
v 0.310429 0.070428 0.007615
vn -0.856627 0.230614 0.461527
v 0.314758 0.011515 -0.03044
vn -0.789556 -0.566838 0.235151
v 0.315894 0.012071 -0.025393
vn -0.794076 -0.574748 0.19776
v 0.311693 0.018533 -0.027373
vn -0.855933 -0.474539 0.205406
v 0.311693 0.018533 -0.027373
vn -0.89936 -0.398733 0.179342
v 0.312676 0.018954 -0.02215
vn -0.891827 -0.419848 0.168439
v 0.309206 0.025391 -0.024472
vn -0.893698 -0.416971 0.165649
v 0.316859 0.012229 -0.02044
vn -0.803305 -0.574357 0.157528
v 0.312676 0.018954 -0.02215
vn -0.853398 -0.490612 0.176102
v 0.313516 0.019005 -0.01707
vn -0.89521 -0.433519 0.103251
v 0.310044 0.025548 -0.019126
vn -0.893625 -0.429961 0.128716
v 0.310837 0.018091 -0.032773
vn -0.879532 -0.429922 0.203937
v 0.313564 0.010766 -0.035736
vn -0.800931 -0.549997 0.23667
v 0.309909 0.017534 -0.0386
vn -0.899468 -0.382981 0.210436
v 0.308308 0.025114 -0.030102
vn -0.899655 -0.407711 0.156179
v 0.310837 0.018091 -0.032773
vn -0.910768 -0.378606 0.164801
v 0.319174 0.005688 -0.033899
vn -0.559088 -0.805731 0.195494
v 0.318215 0.005137 -0.039157
vn -0.517943 -0.833901 0.190641
v 0.320333 0.006267 -0.028897
vn -0.597196 -0.782238 0.177373
v 0.32112 0.006537 -0.023976
vn -0.627159 -0.76678 0.136823
v 0.317821 0.012186 -0.010802
vn -0.807042 -0.590217 0.0181117
v 0.31403 0.018687 -0.007302
vn -0.859416 -0.51122 0.00764728
v 0.313943 0.018807 -0.012162
vn -0.860595 -0.508722 0.0240479
v 0.317597 0.012427 -0.015562
vn -0.809813 -0.581602 0.0770812
v 0.313516 0.019005 -0.01707
vn -0.856049 -0.503384 0.117403
v 0.31403 0.018687 -0.007302
vn -0.896976 -0.44202 -0.00727066
v 0.310799 0.025063 -0.003915
vn -0.909228 -0.416241 0.00688555
v 0.310902 0.025174 -0.008856
vn -0.905329 -0.424694 0.00386795
v 0.313943 0.018807 -0.012162
vn -0.900138 -0.434626 0.0291757
v 0.310671 0.025408 -0.013891
vn -0.899166 -0.433384 0.0606498
v 0.322616 0.006661 -0.014593
vn -0.646472 -0.760899 0.055742
v 0.32207 0.006613 -0.019218
vn -0.641737 -0.75865 0.112354
v 0.322896 0.006722 -0.00994
vn -0.628629 -0.775875 0.0533284
v 0.318009 0.012077 -0.006124
vn -0.791191 -0.610699 0.0325964
v 0.32324 0.006904 -0.005317
vn -0.619546 -0.78302 0.055164
v 0.31415 0.018468 -0.002459
vn -0.889014 -0.456139 0.0398893
v 0.318296 0.012035 -0.001399
vn -0.777168 -0.62525 0.0712232
v 0.31415 0.018468 -0.002459
vn -0.84849 -0.527542 0.0419979
v 0.314597 0.018494 0.002258
vn -0.875297 -0.47033 0.112447
v 0.31098 0.025056 0.000973
vn -0.902316 -0.42582 0.0671123
v 0.306642 0.037158 0.002025
vn -0.963637 -0.249774 0.0949567
v 0.306261 0.036913 -0.003229
vn -0.953113 -0.295601 0.0647667
v 0.308395 0.031218 -0.000853
vn -0.936093 -0.349317 0.0413149
v 0.308253 0.031159 -0.005939
vn -0.928264 -0.371247 0.0223847
v 0.306192 0.036494 -0.008357
vn -0.94166 -0.331091 0.0604547
v 0.308099 0.031108 -0.011061
vn -0.916992 -0.395768 0.0499369
v 0.308563 0.031274 0.004175
vn -0.935248 -0.343084 0.0872042
v 0.307152 0.037347 0.007147
vn -0.966395 -0.208132 0.150867
v 0.309232 0.031152 0.009025
vn -0.924775 -0.34643 0.15741
v 0.311523 0.025117 0.005747
vn -0.88537 -0.444923 0.13477
v 0.305842 0.04321 0.004609
vn -0.980345 -0.0937158 0.173609
v 0.306807 0.04379 0.009624
vn -0.977035 -0.0427054 0.208756
v 0.308028 0.037604 0.012024
vn -0.965356 -0.182642 0.186357
v 0.307983 0.044169 0.014984
vn -0.976788 -0.00288723 0.214187
v 0.30507 0.042712 -0.000752
vn -0.977017 -0.163104 0.137238
v 0.304599 0.042075 -0.006134
vn -0.965738 -0.23612 0.107689
v 0.304859 0.037042 -0.018807
vn -0.919887 -0.369196 0.132293
v 0.306715 0.031644 -0.021741
vn -0.902468 -0.405743 0.14465
v 0.3076 0.031351 -0.01628
vn -0.907156 -0.408773 0.0998653
v 0.305718 0.036587 -0.013461
vn -0.929029 -0.356915 0.0975556
v 0.303505 0.042066 -0.015202
vn -0.939863 -0.309862 0.143674
v 0.304447 0.040992 -0.010831
vn -0.949186 -0.295898 0.107196
v 0.30233 0.042779 -0.020827
vn -0.9367 -0.318179 0.146132
v 0.303759 0.037497 -0.024802
vn -0.919519 -0.362259 0.152491
v 0.305744 0.031565 -0.027303
vn -0.901299 -0.402006 0.161405
v 0.308168 0.091697 -0.003687
vn -0.797758 0.173608 0.577445
v 0.389336 0.015683 -0.049449
vn 0.912594 -0.304539 -0.272816
v 0.387986 0.016167 -0.054251
vn 0.912149 -0.332382 -0.239806
v 0.391226 0.021889 -0.049432
vn 0.92425 -0.300016 -0.23612
v 0.390309 0.022529 -0.054497
vn 0.924789 -0.311354 -0.218686
v 0.393196 0.027926 -0.049335
vn 0.933458 -0.278009 -0.226641
v 0.38688 0.016379 -0.059348
vn 0.915454 -0.337972 -0.218445
v 0.389242 0.023825 -0.060656
vn 0.920496 -0.312036 -0.235202
v 0.392787 0.030593 -0.054352
vn 0.939341 -0.273859 -0.206493
v 0.392343 0.021393 -0.044535
vn 0.925441 -0.270393 -0.265416
v 0.390509 0.015148 -0.044888
vn 0.912632 -0.2964 -0.281514
v 0.393438 0.02032 -0.040293
vn 0.923089 -0.251237 -0.291183
v 0.394136 0.027003 -0.044485
vn 0.929915 -0.281686 -0.236454
v 0.395167 0.026411 -0.03987
vn 0.932089 -0.253511 -0.258732
v 0.387208 0.009726 -0.049092
vn 0.899791 -0.334498 -0.280156
v 0.387208 0.009726 -0.049092
vn 0.811849 -0.522987 -0.259586
v 0.388374 0.009098 -0.044683
vn 0.777466 -0.577479 -0.249126
v 0.391683 0.014553 -0.040447
vn 0.904967 -0.299591 -0.302128
v 0.388374 0.009098 -0.044683
vn 0.901474 -0.331419 -0.278399
v 0.389481 0.008494 -0.040197
vn 0.740843 -0.61864 -0.261602
v 0.385957 0.010275 -0.053695
vn 0.902358 -0.336699 -0.269041
v 0.384781 0.01059 -0.05865
vn 0.912822 -0.349049 -0.211945
v 0.385957 0.010275 -0.053695
vn 0.842743 -0.482444 -0.238815
v 0.383676 0.016572 -0.072219
vn 0.925921 -0.292542 -0.238935
v 0.385468 0.022646 -0.072561
vn 0.919643 -0.282311 -0.273051
v 0.386822 0.022633 -0.067614
vn 0.917402 -0.304475 -0.25626
v 0.385469 0.016537 -0.065203
vn 0.918332 -0.315836 -0.238566
v 0.387707 0.027861 -0.070738
vn 0.913853 -0.286398 -0.287835
v 0.389715 0.029014 -0.065152
vn 0.920537 -0.288023 -0.263922
v 0.382308 0.010578 -0.069546
vn 0.92288 -0.31366 -0.223406
v 0.382308 0.010578 -0.069546
vn 0.898413 -0.390551 -0.200807
v 0.383678 0.010493 -0.063878
vn 0.880123 -0.441492 -0.174551
v 0.383678 0.010493 -0.063878
vn 0.918154 -0.332286 -0.215824
v 0.384781 0.01059 -0.05865
vn 0.861949 -0.467532 -0.196107
v 0.380865 0.010019 -0.075285
vn 0.930198 -0.292644 -0.221566
v 0.381393 0.014366 -0.078536
vn 0.931794 -0.271552 -0.240873
v 0.379299 0.009238 -0.080728
vn 0.933134 -0.275939 -0.230476
v 0.380865 0.010019 -0.075285
vn 0.899705 -0.390022 -0.195993
v 0.383362 0.020422 -0.077471
vn 0.930091 -0.257634 -0.261829
v 0.385465 0.026764 -0.076255
vn 0.918518 -0.263956 -0.294369
v 0.391895 0.040395 -0.067858
vn 0.940575 -0.17468 -0.291214
v 0.393991 0.042417 -0.061565
vn 0.956805 -0.156681 -0.2449
v 0.392021 0.035664 -0.063429
vn 0.940091 -0.22624 -0.255039
v 0.390031 0.03386 -0.069049
vn 0.927025 -0.238145 -0.289674
v 0.395934 0.045041 -0.055092
vn 0.965943 -0.131246 -0.223
v 0.394089 0.037283 -0.056934
vn 0.952204 -0.214285 -0.21769
v 0.391825 0.031018 -0.059978
vn 0.935077 -0.272032 -0.227223
v 0.389599 0.039327 -0.073771
vn 0.92775 -0.181647 -0.326014
v 0.387822 0.032936 -0.07484
vn 0.918222 -0.237658 -0.316838
v 0.391096 0.045799 -0.072621
vn 0.937809 -0.126925 -0.323117
v 0.393446 0.047532 -0.066111
vn 0.955704 -0.103829 -0.275407
v 0.39556 0.050049 -0.058743
vn 0.969998 -0.071988 -0.232212
v 0.396967 0.040322 -0.045972
vn 0.958343 -0.188091 -0.214942
v 0.395191 0.034126 -0.048044
vn 0.946942 -0.229339 -0.225177
v 0.395148 0.036959 -0.051341
vn 0.952006 -0.233449 -0.197956
v 0.39658 0.042439 -0.050522
vn 0.965126 -0.167324 -0.201334
v 0.398524 0.046729 -0.043898
vn 0.972789 -0.0886699 -0.214053
v 0.397577 0.048454 -0.048966
vn 0.977845 -0.0606762 -0.200345
v 0.39691 0.050343 -0.052987
vn 0.978128 -0.0423845 -0.203642
v 0.399191 0.04342 -0.03945
vn 0.963882 -0.130525 -0.232153
v 0.39717 0.036836 -0.042408
vn 0.951396 -0.200302 -0.233932
v 0.398922 0.038317 -0.036517
vn 0.954018 -0.192196 -0.230023
v 0.401063 0.045545 -0.032727
vn 0.976857 -0.0767692 -0.199642
v 0.395416 0.031676 -0.044828
vn 0.941135 -0.244758 -0.233148
v 0.396636 0.03206 -0.040105
vn 0.943582 -0.234793 -0.233506
v 0.393598 0.084133 -0.01895
vn 0.937676 0.333389 0.0980567
v 0.39257 0.084989 -0.013423
vn 0.898631 0.420275 0.125823
v 0.394945 0.080454 -0.01839
vn 0.9249 0.37957 0.0220605
v 0.394229 0.081463 -0.012579
vn 0.885984 0.459096 0.0652928
v 0.396636 0.076684 -0.017703
vn 0.920147 0.390428 -0.0299449
v 0.391154 0.085896 -0.007958
vn 0.856213 0.486894 0.172725
v 0.393003 0.082503 -0.0067
vn 0.849355 0.507843 0.143845
v 0.396105 0.077892 -0.011532
vn 0.899259 0.434914 0.0467314
v 0.395265 0.079712 -0.024201
vn 0.957192 0.289123 0.0138227
v 0.394282 0.083504 -0.024387
vn 0.971248 0.212538 0.107265
v 0.396653 0.075628 -0.023841
vn 0.94151 0.332774 -0.0531077
v 0.392454 0.087707 -0.019365
vn 0.948999 0.239315 0.205254
v 0.393675 0.087251 -0.024396
vn 0.970628 0.0932613 0.221773
v 0.391835 0.091441 -0.019429
vn 0.949081 0.115172 0.293223
v 0.393494 0.091127 -0.024126
vn 0.956817 -0.0181333 0.290126
v 0.391136 0.088433 -0.014217
vn 0.910832 0.362476 0.197474
v 0.389588 0.089277 -0.009079
vn 0.867552 0.443133 0.225803
v 0.390094 0.091933 -0.014726
vn 0.925604 0.26066 0.274435
v 0.388305 0.092617 -0.010071
vn 0.883392 0.380839 0.273093
v 0.386809 0.087722 0.002536
vn 0.751936 0.57831 0.316465
v 0.38847 0.084462 0.00474
vn 0.755031 0.584801 0.296539
v 0.391045 0.083443 -0.000927
vn 0.80887 0.542448 0.226891
v 0.389314 0.08679 -0.002651
vn 0.809675 0.533181 0.245244
v 0.390138 0.081072 0.007092
vn 0.76561 0.577862 0.282696
v 0.392788 0.080037 0.00108
vn 0.820959 0.527904 0.217585
v 0.394823 0.078999 -0.005224
vn 0.867097 0.477158 0.14305
v 0.38518 0.090975 0.000635
vn 0.754446 0.554841 0.350659
v 0.387649 0.090141 -0.004099
vn 0.817171 0.503678 0.280249
v 0.383688 0.094204 -0.001012
vn 0.767049 0.526851 0.366147
v 0.386174 0.093427 -0.005463
vn 0.828765 0.469066 0.305166
v 0.38212 0.091794 0.005122
vn 0.686367 0.599571 0.411599
v 0.383613 0.088614 0.00749
vn 0.683833 0.625563 0.375556
v 0.378564 0.092547 0.009287
vn 0.604716 0.646315 0.465397
v 0.380694 0.094937 0.003081
vn 0.689198 0.578828 0.435849
v 0.377255 0.095761 0.006885
vn 0.60673 0.610441 0.509156
v 0.385251 0.08539 0.010027
vn 0.692757 0.631866 0.34761
v 0.380052 0.089441 0.012009
vn 0.610732 0.677676 0.409589
v 0.381642 0.086317 0.014923
vn 0.627469 0.671428 0.394293
v 0.386958 0.082028 0.012813
vn 0.705867 0.621322 0.340163
v 0.393423 0.074214 0.011824
vn 0.800622 0.541447 0.256593
v 0.395972 0.073118 0.005124
vn 0.862343 0.467736 0.193877
v 0.391846 0.077637 0.009497
vn 0.781999 0.559474 0.27471
v 0.394499 0.076506 0.003132
vn 0.840738 0.500934 0.205484
v 0.39788 0.071684 -0.001997
vn 0.910653 0.392803 0.128128
v 0.396492 0.075268 -0.003522
vn 0.889761 0.435887 0.135381
v 0.388548 0.078681 0.015511
vn 0.716395 0.617913 0.323978
v 0.390206 0.075393 0.018414
vn 0.726173 0.62493 0.286593
v 0.384663 0.079794 0.021093
vn 0.636954 0.68146 0.36042
v 0.383173 0.083032 0.017867
vn 0.637574 0.660144 0.397127
v 0.394849 0.070979 0.014069
vn 0.812241 0.541573 0.216709
v 0.391739 0.072482 0.021189
vn 0.745141 0.599239 0.292709
v 0.396243 0.068285 0.01599
vn 0.829738 0.513518 0.21871
v 0.386089 0.076677 0.024752
vn 0.647136 0.678577 0.34749
v 0.387714 0.072955 0.028432
vn 0.667493 0.647719 0.367306
v 0.393439 0.068291 0.024576
vn 0.75656 0.597203 0.266392
v 0.397248 0.06992 0.006841
vn 0.876113 0.448068 0.177936
v 0.398788 0.06869 7.9e-05
vn 0.922435 0.369067 0.113594
v 0.398194 0.067219 0.008841
vn 0.8771 0.45806 0.144486
v 0.399689 0.065815 0.002223
vn 0.923515 0.372068 0.0931998
v 0.399592 0.068405 -0.015995
vn 0.956596 0.288959 -0.0377672
v 0.398277 0.072632 -0.016885
vn 0.942772 0.331815 -0.0328676
v 0.397746 0.073994 -0.01028
vn 0.925174 0.376884 0.0448497
v 0.399195 0.070115 -0.008997
vn 0.941027 0.336095 0.0388275
v 0.400821 0.064531 -0.014137
vn 0.965857 0.257028 -0.0324989
v 0.400148 0.066792 -0.006962
vn 0.953005 0.298732 0.0504023
v 0.401649 0.061402 -0.011367
vn 0.972652 0.231817 -0.0144356
v 0.400881 0.063925 -0.004581
vn 0.954109 0.296183 0.0441752
v 0.401019 0.061802 -0.021681
vn 0.972441 0.217953 -0.0827897
v 0.399669 0.066666 -0.023105
vn 0.961745 0.261421 -0.0818911
v 0.402061 0.058119 -0.018371
vn 0.979955 0.185557 -0.0725097
v 0.401932 0.053674 -0.0271
vn 0.98599 0.0957777 -0.136567
v 0.398225 0.07131 -0.023478
vn 0.946838 0.311094 -0.0819631
v 0.371431 0.09085 0.019516
vn 0.408248 0.76523 0.497751
v 0.366476 0.091228 0.022355
vn 0.30744 0.791274 0.52855
v 0.37263 0.087886 0.02316
vn 0.429071 0.75764 0.491813
v 0.367372 0.08833 0.026217
vn 0.314923 0.792718 0.521941
v 0.373675 0.084942 0.026854
vn 0.441536 0.761173 0.475038
v 0.361181 0.091474 0.024512
vn 0.200999 0.813226 0.546135
v 0.361651 0.08861 0.028665
vn 0.207724 0.822302 0.529783
v 0.368066 0.085413 0.030225
vn 0.328496 0.797823 0.505538
v 0.377478 0.087226 0.019326
vn 0.537961 0.708722 0.456411
v 0.376028 0.09029 0.016068
vn 0.514991 0.728706 0.451412
v 0.378668 0.083987 0.022656
vn 0.553409 0.70991 0.435622
v 0.370149 0.09377 0.01607
vn 0.405162 0.749871 0.523008
v 0.374554 0.093221 0.012966
vn 0.506051 0.705999 0.495457
v 0.368984 0.096773 0.012962
vn 0.412824 0.690102 0.59442
v 0.373302 0.096346 0.010185
vn 0.505948 0.650221 0.566772
v 0.365506 0.094155 0.018614
vn 0.309547 0.775107 0.550809
v 0.361054 0.094021 0.020732
vn 0.212876 0.791417 0.573012
v 0.364914 0.09679 0.01538
vn 0.327327 0.721995 0.609573
v 0.360783 0.096643 0.017435
vn 0.238229 0.742827 0.625664
v 0.350054 0.090387 0.027631
vn -0.0597371 0.813383 0.578653
v 0.350355 0.08756 0.03183
vn -0.0787685 0.830515 0.551399
v 0.35575 0.088515 0.030406
vn 0.0769094 0.840377 0.536518
v 0.355471 0.091355 0.026044
vn 0.0860999 0.823531 0.560699
v 0.350259 0.084592 0.036236
vn -0.0978986 0.82346 0.558864
v 0.356005 0.085644 0.034986
vn 0.0659339 0.839763 0.538935
v 0.362159 0.085768 0.033045
vn 0.219973 0.828671 0.514701
v 0.350355 0.09353 0.023394
vn 0.00161025 0.782209 0.623014
v 0.355951 0.093951 0.022228
vn 0.112238 0.797783 0.592406
v 0.352106 0.096589 0.01949
vn 0.075769 0.732761 0.676255
v 0.356899 0.096271 0.019135
vn 0.153702 0.752117 0.640855
v 0.344924 0.091522 0.025107
vn -0.156206 0.748352 0.644646
v 0.344918 0.088172 0.029357
vn -0.206338 0.790543 0.5766
v 0.339646 0.088294 0.026992
vn -0.306723 0.731773 0.60863
v 0.345378 0.096182 0.020291
vn -0.0436015 0.684043 0.728138
v 0.339747 0.092175 0.022866
vn -0.235558 0.665474 0.708278
v 0.345876 0.08574 0.033338
vn -0.208375 0.808791 0.549943
v 0.340055 0.084424 0.032329
vn -0.331162 0.774833 0.538484
v 0.344302 0.082951 0.036748
vn -0.231441 0.804332 0.547252
v 0.34925 0.077453 0.046013
vn -0.125097 0.807613 0.576292
v 0.356065 0.079026 0.044631
vn 0.0407291 0.81393 0.579534
v 0.349478 0.081297 0.040904
vn -0.117204 0.808646 0.576502
v 0.356056 0.082541 0.039739
vn 0.0520406 0.822349 0.566598
v 0.362917 0.079631 0.042124
vn 0.209981 0.804519 0.555569
v 0.362516 0.082877 0.037529
vn 0.220483 0.818206 0.530967
v 0.343491 0.079252 0.041806
vn -0.23804 0.788984 0.566428
v 0.342918 0.075322 0.046882
vn -0.238074 0.805965 0.541979
v 0.337433 0.076622 0.042228
vn -0.362948 0.765111 0.531859
v 0.338442 0.080356 0.037542
vn -0.357738 0.776106 0.519311
v 0.349058 0.073966 0.051128
vn -0.100695 0.815646 0.569721
v 0.34217 0.071883 0.052265
vn -0.232868 0.821738 0.520114
v 0.34898 0.070381 0.056219
vn -0.0735609 0.845054 0.529597
v 0.33663 0.072753 0.047343
vn -0.382991 0.775844 0.501381
v 0.335503 0.069075 0.052388
vn -0.427425 0.768529 0.4761
v 0.341135 0.067834 0.058238
vn -0.251614 0.831077 0.495985
v 0.356312 0.075538 0.049665
vn 0.0387554 0.805671 0.591095
v 0.363364 0.076156 0.046932
vn 0.184478 0.816792 0.546643
v 0.356461 0.071731 0.054259
vn 0.0377885 0.818618 0.573093
v 0.363633 0.072714 0.051778
vn 0.157892 0.804981 0.571906
v 0.375575 0.078867 0.034917
vn 0.452855 0.743759 0.491676
v 0.374709 0.081927 0.030729
vn 0.435839 0.771123 0.464127
v 0.368735 0.082504 0.034488
vn 0.340301 0.799755 0.494558
v 0.369411 0.079484 0.038916
vn 0.35167 0.784198 0.511235
v 0.376284 0.075432 0.039146
vn 0.462389 0.753321 0.467657
v 0.369981 0.076326 0.043416
vn 0.3459 0.804779 0.482372
v 0.37687 0.072292 0.044051
vn 0.445333 0.791667 0.41826
v 0.370442 0.073429 0.048554
vn 0.316118 0.803691 0.504132
v 0.382347 0.074288 0.03433
vn 0.558718 0.706231 0.434824
v 0.381177 0.078024 0.030379
vn 0.562469 0.709672 0.424257
v 0.383216 0.071 0.039101
vn 0.51898 0.766772 0.377783
v 0.388637 0.069642 0.033171
vn 0.634035 0.706871 0.31358
v 0.379971 0.080946 0.026308
vn 0.549734 0.734894 0.397145
v 0.330348 0.086601 0.02269
vn -0.513051 0.554675 0.655068
v 0.326247 0.085316 0.020126
vn -0.602286 0.469149 0.645872
v 0.326226 0.081252 0.023497
vn -0.633949 0.540108 0.553528
v 0.330185 0.082704 0.026304
vn -0.558787 0.621325 0.549284
v 0.325761 0.077462 0.027237
vn -0.665476 0.582555 0.46666
v 0.322426 0.083933 0.017228
vn -0.675839 0.391584 0.624423
v 0.322563 0.079967 0.02027
vn -0.700669 0.45989 0.545495
v 0.322215 0.075921 0.023767
vn -0.729483 0.501645 0.46498
v 0.334771 0.087835 0.024682
vn -0.411883 0.649272 0.639374
v 0.334595 0.083879 0.029121
vn -0.454204 0.70499 0.54469
v 0.329645 0.079107 0.030369
vn -0.59394 0.658078 0.462783
v 0.333939 0.080382 0.033582
vn -0.481175 0.73225 0.481954
v 0.334699 0.091742 0.021234
vn -0.348738 0.572117 0.742337
v 0.330064 0.090638 0.019522
vn -0.46816 0.488387 0.736414
v 0.334073 0.095585 0.018353
vn -0.311397 0.492729 0.812558
v 0.339246 0.096453 0.01935
vn -0.167068 0.577281 0.799272
v 0.325791 0.089324 0.017241
vn -0.572462 0.407502 0.711497
v 0.329328 0.09452 0.016741
vn -0.443612 0.419928 0.791751
v 0.324991 0.093296 0.014537
vn -0.554657 0.349722 0.755016
v 0.321903 0.08802 0.014481
vn -0.65877 0.336723 0.672785
v 0.315703 0.08133 0.010495
vn -0.771993 0.281727 0.569786
v 0.315984 0.077111 0.01311
vn -0.785071 0.31868 0.531137
v 0.318919 0.082553 0.013963
vn -0.732163 0.326893 0.597561
v 0.319167 0.078473 0.016836
vn -0.753278 0.382046 0.535363
v 0.315917 0.072887 0.015891
vn -0.809428 0.350324 0.471273
v 0.319025 0.074415 0.019952
vn -0.780674 0.420031 0.462733
v 0.3184 0.08677 0.01129
vn -0.724933 0.284389 0.627372
v 0.315232 0.085528 0.007893
vn -0.766604 0.24983 0.591526
v 0.317661 0.090853 0.008761
vn -0.726585 0.237138 0.644857
v 0.321133 0.092146 0.011864
vn -0.6508 0.285237 0.703633
v 0.312692 0.080192 0.006733
vn -0.799067 0.244342 0.549353
v 0.312184 0.084381 0.004329
vn -0.787911 0.222182 0.57431
v 0.3145 0.089604 0.005361
vn -0.765972 0.214968 0.605868
v 0.311584 0.088545 0.001935
vn -0.786321 0.2033 0.583411
v 0.313031 0.075958 0.009315
vn -0.81419 0.264283 0.516962
v 0.313051 0.071589 0.011824
vn -0.83356 0.290135 0.470106
v 0.315286 0.064814 0.021808
vn -0.852258 0.37177 0.368027
v 0.318158 0.066714 0.026304
vn -0.8275 0.418409 0.374403
v 0.318594 0.070471 0.023124
vn -0.807661 0.429367 0.404137
v 0.315679 0.068791 0.018781
vn -0.834577 0.368697 0.409322
v 0.321326 0.068676 0.030938
vn -0.790983 0.486921 0.370479
v 0.321692 0.072216 0.02725
vn -0.760942 0.502306 0.410677
v 0.312644 0.062976 0.017299
vn -0.875876 0.318204 0.362749
v 0.312945 0.06725 0.014457
vn -0.85427 0.306026 0.420205
v 0.312262 0.058819 0.020244
vn -0.894895 0.309499 0.321516
v 0.315013 0.061131 0.02496
vn -0.861617 0.372446 0.34482
v 0.312195 0.055145 0.023919
vn -0.906864 0.306757 0.28896
v 0.309555 0.051184 0.018741
vn -0.948899 0.182257 0.257631
v 0.317963 0.06322 0.029741
vn -0.844074 0.420744 0.332436
v 0.314882 0.057888 0.028277
vn -0.871005 0.390535 0.298048
v 0.31753 0.060037 0.033101
vn -0.849571 0.441866 0.28807
v 0.32074 0.065094 0.034588
vn -0.811121 0.479022 0.335589
v 0.328106 0.071753 0.039332
vn -0.646644 0.634932 0.422744
v 0.328925 0.075579 0.034819
vn -0.622093 0.654295 0.429997
v 0.324644 0.070316 0.035428
vn -0.730704 0.564845 0.383434
v 0.325216 0.07389 0.031253
vn -0.701472 0.581664 0.411831
v 0.323892 0.06699 0.038917
vn -0.752042 0.549273 0.364325
v 0.327239 0.068316 0.043069
vn -0.665375 0.618946 0.417352
v 0.322927 0.063761 0.041886
vn -0.76273 0.547198 0.344699
v 0.320158 0.061875 0.037619
vn -0.818244 0.487864 0.304081
v 0.332051 0.072972 0.042874
vn -0.527736 0.70359 0.475873
v 0.331127 0.069033 0.047509
vn -0.563586 0.687169 0.458442
v 0.326104 0.064799 0.046396
vn -0.684568 0.606202 0.404828
v 0.329662 0.065303 0.051125
vn -0.612475 0.666636 0.424818
v 0.33294 0.076575 0.038373
vn -0.508288 0.717868 0.475719
v 0.375973 0.098865 0.004799
vn 0.608164 0.600265 0.51944
v 0.346967 0.104238 0.014192
vn 0.109291 0.52821 0.842051
v 0.352761 0.103782 0.01343
vn 0.135538 0.560335 0.817101
v 0.341596 0.104262 0.014797
vn 0.0087646 0.477258 0.87872
v 0.336358 0.103968 0.014758
vn -0.147523 0.410311 0.899934
v 0.343255 0.100413 0.016889
vn 0.0111103 0.559204 0.828955
v 0.349166 0.100115 0.016541
vn 0.0997667 0.613502 0.783366
v 0.337885 0.100076 0.016813
vn -0.132817 0.476957 0.868833
v 0.355753 0.099399 0.016053
vn 0.148074 0.675901 0.721964
v 0.368303 0.099693 0.010388
vn 0.428563 0.647708 0.629926
v 0.364061 0.099838 0.012685
vn 0.35131 0.66993 0.654045
v 0.360666 0.099246 0.014714
vn 0.261012 0.696932 0.667951
v 0.37213 0.099505 0.007829
vn 0.521382 0.622528 0.583626
v 0.310898 0.092592 -0.000304
vn -0.787858 0.187405 0.586651
v 0.313712 0.093647 0.003056
vn -0.773138 0.196348 0.60308
v 0.31671 0.094835 0.006385
vn -0.740913 0.209406 0.63812
v 0.320091 0.096164 0.009497
vn -0.65131 0.229546 0.72326
v 0.326666 0.102415 0.012392
vn -0.449116 0.251224 0.857427
v 0.322472 0.101303 0.010147
vn -0.550865 0.204701 0.809101
v 0.323952 0.097341 0.012157
vn -0.549473 0.258759 0.794433
v 0.328195 0.09836 0.014345
vn -0.430136 0.322065 0.84336
v 0.331339 0.10327 0.013956
vn -0.304767 0.327108 0.894493
v 0.332852 0.099357 0.015926
vn -0.290653 0.397848 0.870194
v 0.400372 0.009148 -0.012093
vn 0.89506 -0.319979 -0.310613
v 0.398043 0.008928 -0.018426
vn 0.868596 -0.362478 -0.337861
v 0.401685 0.01719 -0.016367
vn 0.912343 -0.238374 -0.332878
v 0.403899 0.017235 -0.010301
vn 0.914278 -0.244898 -0.322676
v 0.403713 0.024536 -0.013736
vn 0.93695 -0.109511 -0.33186
v 0.396383 0.009715 -0.023317
vn 0.83541 -0.45083 -0.314392
v 0.399267 0.016935 -0.022496
vn 0.90861 -0.240635 -0.341354
v 0.401749 0.024557 -0.019553
vn 0.934796 -0.122792 -0.333285
v 0.402479 0.009169 -0.005619
vn 0.893629 -0.338469 -0.294731
v 0.40586 0.016814 -0.004347
vn 0.912252 -0.26492 -0.312432
v 0.404293 0.008919 0.000546
vn 0.8749 -0.366224 -0.316905
v 0.405795 0.024249 -0.008074
vn 0.939367 -0.103195 -0.327018
v 0.407633 0.023029 -0.002226
vn 0.948783 -0.104084 -0.29829
v 0.407613 0.015294 0.001973
vn 0.908561 -0.274955 -0.314511
v 0.400372 0.009148 -0.012093
vn 0.719533 -0.660464 -0.214616
v 0.402479 0.009169 -0.005619
vn 0.703123 -0.668782 -0.241555
v 0.39524 0.001966 -0.00649
vn 0.533992 -0.827804 -0.172024
v 0.394526 0.002933 -0.013188
vn 0.590639 -0.77574 -0.2222
v 0.404293 0.008919 0.000546
vn 0.674544 -0.680579 -0.286011
v 0.397547 0.001638 0.000532
vn 0.513992 -0.83783 -0.183993
v 0.398043 0.008928 -0.018426
vn 0.706603 -0.662414 -0.248839
v 0.392704 0.003208 -0.017657
vn 0.567593 -0.793946 -0.217918
v 0.392875 0.004507 -0.021968
vn 0.582859 -0.787515 -0.200239
v 0.394354 0.012698 -0.031977
vn 0.87955 -0.32581 -0.346757
v 0.395158 0.017619 -0.032776
vn 0.910035 -0.215573 -0.354069
v 0.397217 0.018049 -0.028496
vn 0.907587 -0.206437 -0.36561
v 0.395839 0.011791 -0.027442
vn 0.869467 -0.36918 -0.328228
v 0.397196 0.024132 -0.031423
vn 0.925482 -0.192462 -0.326252
v 0.399709 0.024852 -0.02523
vn 0.93022 -0.145268 -0.337028
v 0.391672 0.006769 -0.031227
vn 0.842781 -0.446621 -0.300416
v 0.391672 0.006769 -0.031227
vn 0.657292 -0.712673 -0.245079
v 0.392599 0.005776 -0.02652
vn 0.597647 -0.769495 -0.225158
v 0.392599 0.005776 -0.02652
vn 0.809245 -0.518447 -0.276286
v 0.390646 0.007667 -0.035795
vn 0.867767 -0.38843 -0.310004
v 0.392947 0.013487 -0.03623
vn 0.894284 -0.301017 -0.331127
v 0.389481 0.008494 -0.040197
vn 0.88659 -0.347355 -0.305455
v 0.390646 0.007667 -0.035795
vn 0.700201 -0.660173 -0.271829
v 0.394415 0.019083 -0.036259
vn 0.922341 -0.236945 -0.305195
v 0.395677 0.024422 -0.036259
vn 0.93084 -0.226466 -0.286792
v 0.401761 0.038729 -0.024652
vn 0.964441 -0.126261 -0.232188
v 0.403124 0.038011 -0.019095
vn 0.96929 -0.0681008 -0.236302
v 0.40151 0.031834 -0.02205
vn 0.948486 -0.108102 -0.297807
v 0.399756 0.031762 -0.028043
vn 0.94687 -0.163592 -0.276902
v 0.404332 0.037197 -0.01368
vn 0.969474 0.00292031 -0.245177
v 0.403292 0.031224 -0.016608
vn 0.950376 -0.0669074 -0.303823
v 0.400466 0.038637 -0.030448
vn 0.960117 -0.167733 -0.2237
v 0.397778 0.030933 -0.034513
vn 0.942712 -0.213439 -0.256394
v 0.402222 0.045623 -0.026439
vn 0.983067 -0.0448101 -0.177684
v 0.403235 0.044524 -0.020557
vn 0.986884 -0.0142623 -0.160798
v 0.40291 0.051284 -0.020757
vn 0.990044 0.090467 -0.107837
v 0.403971 0.043339 -0.01509
vn 0.986533 0.0371469 -0.159289
v 0.403502 0.04952 -0.015384
vn 0.990808 0.101395 -0.0895471
v 0.404194 0.047865 -0.010463
vn 0.981641 0.140377 -0.129131
v 0.405024 0.042197 -0.009783
vn 0.976437 0.0907294 -0.195805
v 0.40743 0.035757 -0.002409
vn 0.968008 0.0975879 -0.231164
v 0.406971 0.030373 -0.005378
vn 0.956989 0.00318763 -0.290108
v 0.405835 0.036346 -0.008137
vn 0.964039 0.0597795 -0.25895
v 0.4051 0.030639 -0.011116
vn 0.950098 -0.025712 -0.31089
v 0.406223 0.041186 -0.004484
vn 0.970303 0.141381 -0.196272
v 0.407539 0.039695 0.001027
vn 0.969159 0.178713 -0.169685
v 0.406111 0.04542 -0.000442
vn 0.968338 0.20873 -0.136946
v 0.40515 0.04653 -0.005589
vn 0.973326 0.176615 -0.146437
v 0.408855 0.033885 0.003411
vn 0.971411 0.117693 -0.206179
v 0.408843 0.038169 0.006924
vn 0.962571 0.2046 -0.177754
v 0.410381 0.032537 0.009549
vn 0.966708 0.125792 -0.222825
v 0.407192 0.0436 0.004896
vn 0.964004 0.230082 -0.133258
v 0.408313 0.042195 0.010326
vn 0.952011 0.282563 -0.117617
v 0.410357 0.036855 0.012805
vn 0.952676 0.237053 -0.190302
v 0.408651 0.028736 0.00047
vn 0.967611 0.0185377 -0.251762
v 0.410201 0.02739 0.006654
vn 0.971318 0.02476 -0.23649
v 0.409323 0.021738 0.003929
vn 0.957792 -0.101118 -0.269091
v 0.40771 0.005069 0.014169
vn 0.884661 -0.366633 -0.28802
v 0.411061 0.012374 0.015142
vn 0.923638 -0.267251 -0.274719
v 0.409388 0.004249 0.021217
vn 0.884657 -0.387029 -0.25998
v 0.412712 0.011267 0.021856
vn 0.929673 -0.268847 -0.251851
v 0.410995 0.003455 0.028306
vn 0.890165 -0.403519 -0.211611
v 0.412483 0.019094 0.017
vn 0.965732 -0.0909446 -0.243086
v 0.413921 0.017967 0.023627
vn 0.974225 -0.073732 -0.213188
v 0.414302 0.010468 0.028814
vn 0.936559 -0.27885 -0.21237
v 0.40771 0.005069 0.014169
vn 0.591196 -0.765418 -0.254209
v 0.409388 0.004249 0.021217
vn 0.584062 -0.782987 -0.214016
v 0.403369 -0.000482 0.021787
vn 0.373725 -0.913273 -0.162054
v 0.401711 0.000242 0.014596
vn 0.395483 -0.894121 -0.210097
v 0.394969 -0.001893 0.0222
vn 0.0532282 -0.996574 -0.0633084
v 0.410995 0.003455 0.028306
vn 0.57834 -0.803552 -0.140808
v 0.405038 -0.001027 0.029073
vn 0.362695 -0.924886 -0.114185
v 0.396569 -0.002204 0.029459
vn 0.0321571 -0.998511 -0.04407
v 0.406 0.006629 0.007332
vn 0.592159 -0.734034 -0.332479
v 0.399284 0.00108 0.007408
vn 0.435915 -0.868592 -0.235641
v 0.393089 -0.001577 0.01515
vn 0.0795315 -0.992941 -0.0879933
v 0.389726 -0.001166 0.007814
vn 0.106422 -0.992042 -0.0672846
v 0.406 0.006629 0.007332
vn 0.874648 -0.364185 -0.319939
v 0.409309 0.013803 0.008399
vn 0.917294 -0.267364 -0.295108
v 0.410892 0.020261 0.010435
vn 0.961904 -0.094529 -0.256525
v 0.413451 0.030086 0.021875
vn 0.978322 0.115539 -0.171863
v 0.414567 0.028968 0.028301
vn 0.979243 0.0999381 -0.176337
v 0.414476 0.023783 0.025856
vn 0.98304 0.020164 -0.182282
v 0.413345 0.024937 0.019222
vn 0.978445 0.00979634 -0.206274
v 0.415857 0.028241 0.034679
vn 0.98057 0.11883 -0.156085
v 0.415837 0.023022 0.032506
vn 0.979087 0.0329055 -0.200762
v 0.415332 0.017205 0.030467
vn 0.975064 -0.0632902 -0.212707
v 0.412057 0.031252 0.015694
vn 0.968141 0.124844 -0.217064
v 0.411778 0.026098 0.012925
vn 0.970295 0.0150016 -0.241461
v 0.411746 0.036012 0.018484
vn 0.9516 0.252586 -0.175093
v 0.413136 0.034647 0.024658
vn 0.958638 0.236646 -0.158153
v 0.410736 0.04005 0.021349
vn 0.91602 0.378615 -0.132509
v 0.409428 0.041022 0.015781
vn 0.925167 0.354737 -0.135007
v 0.414452 0.033685 0.030843
vn 0.962481 0.225374 -0.151116
v 0.412149 0.038691 0.027319
vn 0.913087 0.38811 -0.12507
v 0.413406 0.03768 0.033334
vn 0.910562 0.407328 -0.0704369
v 0.415412 0.032804 0.036948
vn 0.964329 0.255811 -0.0680449
v 0.41719 0.026434 0.047495
vn 0.977944 0.202567 -0.0509129
v 0.417874 0.021608 0.045684
vn 0.991942 0.0971472 -0.0813255
v 0.416725 0.027419 0.041071
vn 0.983229 0.167408 -0.0723606
v 0.417189 0.022375 0.039073
vn 0.98732 0.0629173 -0.145742
v 0.418042 0.015804 0.044149
vn 0.9898 -0.0564479 -0.130802
v 0.416883 0.016394 0.037313
vn 0.97792 -0.0712382 -0.196464
v 0.415837 0.031609 0.0433
vn 0.956915 0.290294 -0.00653894
v 0.416162 0.030553 0.049587
vn 0.949055 0.314088 -0.0253713
v 0.414438 0.035128 0.045525
vn 0.908249 0.41711 0.0332044
v 0.414041 0.036516 0.039443
vn 0.910248 0.413993 0.00769479
v 0.417806 0.02567 0.053909
vn 0.977808 0.204464 -0.0456821
v 0.416745 0.029852 0.055726
vn 0.942707 0.332815 -0.0231675
v 0.418112 0.024962 0.059453
vn 0.982083 0.183421 -0.0432304
v 0.414789 0.034016 0.051655
vn 0.900327 0.435191 0.00458271
v 0.415198 0.033162 0.057576
vn 0.889812 0.455581 0.0260823
v 0.417082 0.028921 0.061002
vn 0.93006 0.366333 -0.028083
v 0.418495 0.020777 0.052217
vn 0.993886 0.100672 -0.045351
v 0.418725 0.014898 0.051276
vn 0.997639 -0.0326523 -0.0604221
v 0.418478 0.021072 0.057601
vn 0.995265 0.0932082 -0.0275585
v 0.418787 0.015782 0.058101
vn 0.999805 0.000630383 -0.0197537
v 0.413158 0.002704 0.043095
vn 0.854608 -0.49378 -0.160704
v 0.412024 0.00319 0.03558
vn 0.872261 -0.456726 -0.174821
v 0.415694 0.009611 0.035973
vn 0.927691 -0.315977 -0.198868
v 0.416929 0.009098 0.043199
vn 0.927526 -0.336552 -0.162567
v 0.414181 0.002248 0.050863
vn 0.850151 -0.505402 -0.14769
v 0.417874 0.008468 0.050702
vn 0.9448 -0.309026 -0.108885
v 0.416063 0.003027 0.058772
vn 0.907618 -0.412303 -0.078965
v 0.418407 0.009262 0.058379
vn 0.980266 -0.196416 -0.0223393
v 0.413158 0.002704 0.043095
vn 0.503228 -0.85772 -0.105251
v 0.414181 0.002248 0.050863
vn 0.511694 -0.852797 -0.104434
v 0.40844 -0.000828 0.050853
vn 0.350915 -0.933757 -0.0704042
v 0.407207 -0.001038 0.043913
vn 0.385951 -0.919947 -0.0688413
v 0.402152 -0.002558 0.050749
vn 0.0975453 -0.995192 -0.00886392
v 0.416063 0.003027 0.058772
vn 0.669695 -0.742285 -0.0228325
v 0.410364 -0.00119 0.059536
vn 0.393133 -0.916057 -0.0792861
v 0.402199 -0.002506 0.059664
vn 0.0225377 -0.999698 -0.00983596
v 0.412024 0.00319 0.03558
vn 0.555029 -0.82489 -0.107235
v 0.406208 -0.001019 0.036415
vn 0.373543 -0.925251 -0.0661542
v 0.399677 -0.002546 0.044377
vn 0.0376585 -0.999087 -0.0201579
v 0.398044 -0.002351 0.036844
vn 0.0332803 -0.999174 -0.0233349
v 0.402981 0.056593 -0.004027
vn 0.963134 0.264285 -0.0502648
v 0.402399 0.059037 0.001555
vn 0.937765 0.347263 0.00220172
v 0.403759 0.054734 -0.000368
vn 0.957068 0.283669 -0.0596083
v 0.403193 0.056989 0.004733
vn 0.933251 0.359212 -0.00301216
v 0.404496 0.05305 0.003531
vn 0.950964 0.304213 -0.0558767
v 0.401404 0.060809 0.007036
vn 0.905273 0.422391 0.0454539
v 0.402465 0.058473 0.009749
vn 0.905881 0.419311 0.0596411
v 0.403816 0.055191 0.007916
vn 0.937183 0.348827 0.00271319
v 0.404121 0.051678 -0.005431
vn 0.970752 0.217433 -0.1018
v 0.403292 0.05344 -0.009911
vn 0.980141 0.185423 -0.070295
v 0.404914 0.05011 -0.001114
vn 0.965113 0.240908 -0.102568
v 0.402286 0.058815 -0.007774
vn 0.972356 0.232753 -0.0186866
v 0.402757 0.055545 -0.0141
vn 0.984549 0.167936 -0.0496112
v 0.401595 0.06131 -0.001809
vn 0.94766 0.318672 0.019714
v 0.400558 0.063257 0.004426
vn 0.915823 0.395039 0.0721938
v 0.399697 0.060957 0.018807
vn 0.864892 0.473667 0.166136
v 0.401332 0.057426 0.019883
vn 0.883081 0.459683 0.0941206
v 0.401898 0.057923 0.014572
vn 0.898151 0.408076 0.163702
v 0.400506 0.062034 0.013128
vn 0.880791 0.451951 0.141238
v 0.402973 0.054663 0.01727
vn 0.899723 0.428378 0.0836143
v 0.403299 0.054983 0.013702
vn 0.918979 0.357855 0.165581
v 0.40331 0.056741 0.011469
vn 0.921582 0.370923 0.114465
v 0.397763 0.064597 0.017982
vn 0.832487 0.513761 0.207401
v 0.399246 0.064614 0.010978
vn 0.874443 0.467585 0.129283
v 0.397047 0.063459 0.024385
vn 0.79794 0.577615 0.172202
v 0.399766 0.059518 0.024152
vn 0.836495 0.539015 0.0986902
v 0.398278 0.060637 0.029607
vn 0.775351 0.61904 0.124982
v 0.394078 0.064759 0.032319
vn 0.70198 0.678782 0.21559
v 0.401613 0.056528 0.02392
vn 0.856356 0.515237 0.0344262
v 0.402982 0.054208 0.021579
vn 0.872695 0.488049 0.0145067
v 0.401242 0.056802 0.028355
vn 0.820673 0.56775 0.0644648
v 0.403309 0.053699 0.026474
vn 0.845904 0.533293 0.00675684
v 0.405583 0.049782 0.011955
vn 0.919456 0.38863 0.0597197
v 0.405144 0.051826 0.007615
vn 0.937778 0.347184 -0.00587789
v 0.404332 0.0533 0.011214
vn 0.937813 0.334777 0.0918154
v 0.404284 0.052246 0.014774
vn 0.907029 0.41506 0.0708824
v 0.405934 0.04886 0.016338
vn 0.892176 0.451454 -0.0145274
v 0.404471 0.051478 0.019087
vn 0.877689 0.479211 0.00426157
v 0.406657 0.04786 0.021329
vn 0.866218 0.497158 -0.0500042
v 0.404987 0.050858 0.023945
vn 0.854439 0.518704 -0.0296525
v 0.407235 0.045818 0.013415
vn 0.926386 0.374749 -0.0370547
v 0.406674 0.047902 0.008591
vn 0.95294 0.299015 -0.0499511
v 0.408239 0.044608 0.018674
vn 0.895774 0.435853 -0.087301
v 0.405784 0.048843 0.003638
vn 0.958606 0.263785 -0.107201
v 0.377706 0.066098 0.055322
vn 0.350213 0.839975 0.41448
v 0.37135 0.066429 0.05897
vn 0.247412 0.865706 0.435133
v 0.378075 0.063248 0.061029
vn 0.341968 0.865464 0.366101
v 0.372188 0.063669 0.064586
vn 0.229649 0.903856 0.360978
v 0.378918 0.060793 0.066911
vn 0.344213 0.895088 0.283433
v 0.365024 0.066161 0.062389
vn 0.13334 0.885285 0.445523
v 0.366153 0.063469 0.06794
vn 0.105842 0.924907 0.365164
v 0.373333 0.061401 0.070455
vn 0.220586 0.937355 0.269644
v 0.383733 0.062183 0.057456
vn 0.442369 0.815893 0.372329
v 0.383664 0.065145 0.051382
vn 0.444635 0.810263 0.381804
v 0.388933 0.060582 0.054085
vn 0.528269 0.769637 0.358595
v 0.384114 0.059466 0.063423
vn 0.452881 0.839385 0.300552
v 0.38899 0.057768 0.060089
vn 0.525343 0.787682 0.321825
v 0.377337 0.069115 0.049526
vn 0.399856 0.807892 0.432928
v 0.383621 0.068059 0.045007
vn 0.475426 0.800997 0.363833
v 0.389131 0.06344 0.047747
vn 0.541537 0.771108 0.334857
v 0.389635 0.066067 0.040134
vn 0.583693 0.757694 0.291894
v 0.370839 0.069596 0.053487
vn 0.27635 0.818253 0.504077
v 0.36413 0.069356 0.056824
vn 0.148468 0.851765 0.502448
v 0.352153 0.06392 0.068431
vn -0.0278442 0.92275 0.384391
v 0.3541 0.061744 0.076133
vn -0.0278753 0.968747 0.246481
v 0.360096 0.062289 0.071515
vn 0.0538887 0.952428 0.299963
v 0.358366 0.065236 0.065262
vn 0.0474798 0.893782 0.445981
v 0.357387 0.0601 0.082588
vn 0.0151059 0.984219 0.176308
v 0.362251 0.060919 0.077812
vn 0.0544617 0.978847 0.197211
v 0.367673 0.061442 0.073796
vn 0.0998953 0.965475 0.240579
v 0.349912 0.067296 0.061909
vn -0.0589468 0.877734 0.475509
v 0.357259 0.06844 0.059577
vn 0.044256 0.867738 0.495048
v 0.34394 0.064485 0.06552
vn -0.217104 0.858998 0.463668
v 0.346311 0.061913 0.071921
vn -0.210559 0.912701 0.350203
v 0.339112 0.060279 0.069649
vn -0.381976 0.834257 0.39763
v 0.336937 0.06345 0.062544
vn -0.413691 0.77485 0.477982
v 0.347814 0.060318 0.077879
vn -0.217631 0.94338 0.250343
v 0.35095 0.060015 0.082253
vn -0.136628 0.974855 0.17604
v 0.342426 0.059028 0.076492
vn -0.327538 0.904376 0.273538
v 0.345034 0.058447 0.082602
vn -0.297351 0.938914 0.17327
v 0.361182 0.058972 0.092033
vn 0.0692889 0.994201 0.0822347
v 0.367181 0.058712 0.09081
vn 0.0840099 0.990538 0.108518
v 0.364005 0.059504 0.085042
vn 0.0542702 0.989318 0.135293
v 0.358338 0.05949 0.087637
vn 0.034393 0.995367 0.0897898
v 0.371395 0.058949 0.085714
vn 0.136474 0.982927 0.123408
v 0.369346 0.059951 0.080087
vn 0.118152 0.97809 0.171405
v 0.355556 0.05927 0.092771
vn -0.00497012 0.998769 0.0493506
v 0.353253 0.059532 0.087627
vn -0.0730104 0.99338 0.0886861
v 0.349978 0.058824 0.093308
vn -0.170904 0.984538 0.0384201
v 0.347467 0.058531 0.087828
vn -0.252162 0.964039 0.0839251
v 0.357971 0.059 0.097521
vn 0.0602342 0.998184 0.000943268
v 0.363684 0.058309 0.096407
vn 0.0987224 0.99389 0.0493525
v 0.360141 0.058961 0.101777
vn 0.129247 0.990331 -0.0503973
v 0.352419 0.058979 0.098358
vn -0.092094 0.995615 -0.0164029
v 0.354696 0.059393 0.102949
vn -0.0148935 0.994215 -0.106375
v 0.369781 0.057978 0.095841
vn 0.0883624 0.99406 0.0635407
v 0.373727 0.057859 0.091056
vn 0.147369 0.985422 0.085001
v 0.366145 0.057959 0.100993
vn 0.107221 0.994214 0.00648462
v 0.37254 0.057574 0.100267
vn 0.0505925 0.998689 -0.0078336
v 0.376081 0.057286 0.09607
vn 0.104099 0.994558 0.00431871
v 0.381393 0.05738 0.078201
vn 0.33435 0.93515 0.117064
v 0.380016 0.058816 0.072687
vn 0.346721 0.917541 0.194686
v 0.374781 0.059781 0.076121
vn 0.224719 0.956084 0.18816
v 0.376422 0.058437 0.081536
vn 0.23178 0.964336 0.127806
v 0.382943 0.056376 0.083337
vn 0.28968 0.956818 0.0241949
v 0.378197 0.057417 0.086735
vn 0.202259 0.976704 0.0716937
v 0.384878 0.056121 0.088824
vn 0.202015 0.977976 -0.0524721
v 0.380258 0.056752 0.091795
vn 0.137904 0.990407 0.0087392
v 0.387585 0.054771 0.080185
vn 0.391426 0.92021 0.00026432
v 0.386082 0.055762 0.074739
vn 0.440451 0.892393 0.0981721
v 0.391741 0.052595 0.076953
vn 0.448818 0.892822 -0.0378336
v 0.389161 0.05443 0.085171
vn 0.30447 0.943142 -0.133349
v 0.393261 0.052378 0.082004
vn 0.360353 0.922936 -0.135407
v 0.384929 0.05731 0.069217
vn 0.458558 0.86512 0.203206
v 0.390445 0.0536 0.071578
vn 0.517592 0.848868 0.107335
v 0.389513 0.055361 0.065886
vn 0.528748 0.818027 0.2264
v 0.397789 0.058141 0.04215
vn 0.701204 0.67416 0.231994
v 0.397678 0.055766 0.048325
vn 0.66235 0.697482 0.273516
v 0.401302 0.053096 0.045642
vn 0.718751 0.664131 0.205733
v 0.401193 0.055001 0.039683
vn 0.759335 0.631015 0.158841
v 0.404384 0.050136 0.043197
vn 0.774502 0.618286 0.133674
v 0.397721 0.053323 0.054478
vn 0.625855 0.728546 0.278434
v 0.401534 0.05098 0.051676
vn 0.673127 0.702682 0.230517
v 0.404752 0.048387 0.049204
vn 0.735652 0.656665 0.166153
v 0.397714 0.06004 0.035876
vn 0.7363 0.657293 0.160712
v 0.400879 0.056532 0.033834
vn 0.788073 0.607108 0.101787
v 0.404051 0.051834 0.037417
vn 0.802573 0.588375 0.0984485
v 0.403458 0.053271 0.031697
vn 0.821026 0.569019 0.0461785
v 0.394565 0.062297 0.039165
vn 0.656596 0.71864 0.228993
v 0.3938 0.060937 0.044849
vn 0.628274 0.721888 0.290086
v 0.39359 0.05832 0.05116
vn 0.608112 0.726505 0.319983
v 0.393524 0.055719 0.057167
vn 0.582311 0.750224 0.313173
v 0.398546 0.04914 0.065686
vn 0.569415 0.808697 0.147566
v 0.402275 0.046914 0.063175
vn 0.610426 0.776509 0.156246
v 0.397943 0.051078 0.06013
vn 0.59638 0.764155 0.245759
v 0.40178 0.048808 0.057556
vn 0.637787 0.73822 0.219679
v 0.405579 0.044685 0.060832
vn 0.664705 0.733578 0.14153
v 0.405102 0.046368 0.055114
vn 0.700814 0.691879 0.173675
v 0.393834 0.053263 0.062828
vn 0.56611 0.78588 0.248822
v 0.394579 0.051349 0.068509
vn 0.545528 0.827311 0.134001
v 0.399492 0.047988 0.071281
vn 0.506231 0.862175 -0.0196062
v 0.395675 0.050176 0.074028
vn 0.485605 0.872378 -0.0560804
v 0.400642 0.048183 0.076706
vn 0.455767 0.872933 -0.173968
v 0.397104 0.050781 0.07976
vn 0.406606 0.899301 -0.161027
v 0.402999 0.04573 0.06869
vn 0.566624 0.823812 -0.0164791
v 0.406138 0.043302 0.066294
vn 0.627565 0.778471 0.01205
v 0.403954 0.046031 0.074239
vn 0.521898 0.841052 -0.14232
v 0.406924 0.04354 0.071925
vn 0.607077 0.784889 -0.124125
v 0.410994 0.039802 0.056238
vn 0.775784 0.626087 0.0785739
v 0.410487 0.041062 0.050287
vn 0.800342 0.594053 0.0809519
v 0.408005 0.043766 0.05268
vn 0.751175 0.64803 0.125668
v 0.408452 0.042225 0.058518
vn 0.721054 0.684227 0.109151
v 0.410062 0.042672 0.044344
vn 0.80767 0.583892 0.0820913
v 0.407581 0.045505 0.046707
vn 0.779162 0.61748 0.107823
v 0.411362 0.038608 0.061864
vn 0.768466 0.638163 0.046989
v 0.408973 0.041028 0.064125
vn 0.695274 0.718054 0.0314903
v 0.411713 0.038305 0.067403
vn 0.765818 0.640766 -0.0542308
v 0.409471 0.040979 0.069619
vn 0.68779 0.720361 -0.0895789
v 0.413419 0.036123 0.059653
vn 0.839291 0.541095 0.0529856
v 0.413089 0.037136 0.053812
vn 0.845916 0.532227 0.0340523
v 0.41352 0.03551 0.064814
vn 0.832537 0.552775 -0.0363477
v 0.415313 0.032357 0.062776
vn 0.875447 0.482982 -0.0179124
v 0.412601 0.03821 0.047868
vn 0.854028 0.517133 0.0566608
v 0.412239 0.039752 0.041911
vn 0.856943 0.513072 0.0490422
v 0.40872 0.04557 0.032552
vn 0.836988 0.547213 -0.00300846
v 0.406495 0.048597 0.035034
vn 0.817373 0.573412 0.0556822
v 0.409474 0.044116 0.038437
vn 0.815082 0.576858 0.0536197
v 0.406955 0.047031 0.040773
vn 0.797965 0.596166 0.0885325
v 0.411565 0.041061 0.035903
vn 0.858588 0.512665 -0.00137846
v 0.410608 0.042287 0.030023
vn 0.868138 0.49202 -0.0652057
v 0.407631 0.046863 0.026762
vn 0.851251 0.522337 -0.0503493
v 0.409312 0.043615 0.024105
vn 0.878734 0.469183 -0.0877186
v 0.405698 0.05001 0.029307
vn 0.834649 0.550777 -0.00247612
v 0.318391 0.011303 0.02857
vn -0.811074 -0.569964 -0.131531
v 0.31485 0.017324 0.031779
vn -0.879469 -0.45302 -0.145969
v 0.315439 0.017855 0.026616
vn -0.885814 -0.443452 -0.13669
v 0.319012 0.011729 0.02323
vn -0.819572 -0.5586 -0.127544
v 0.31589 0.018407 0.021465
vn -0.884554 -0.451714 -0.116274
v 0.31485 0.017324 0.031779
vn -0.930283 -0.337557 -0.143628
v 0.312397 0.022913 0.034634
vn -0.951786 -0.282116 -0.120472
v 0.31283 0.02368 0.029617
vn -0.945756 -0.304496 -0.113259
v 0.315439 0.017855 0.026616
vn -0.926733 -0.354957 -0.12317
v 0.313164 0.024297 0.024698
vn -0.938046 -0.337694 -0.0776749
v 0.323713 0.006219 0.024928
vn -0.594251 -0.798234 -0.0984287
v 0.32416 0.006543 0.019529
vn -0.625364 -0.777637 -0.0648161
v 0.319518 0.012189 0.018023
vn -0.83093 -0.548751 -0.0918027
v 0.3242 0.006709 0.014315
vn -0.653417 -0.756551 -0.0260332
v 0.323222 0.005885 0.030455
vn -0.558338 -0.827207 -0.0631364
v 0.317924 0.010772 0.033885
vn -0.789303 -0.603984 -0.110471
v 0.323124 0.005782 0.036028
vn -0.511937 -0.858537 -0.0288838
v 0.330041 0.003081 0.032752
vn -0.230623 -0.973035 -0.00404278
v 0.314231 0.01657 0.037038
vn -0.937848 -0.331814 -0.101688
v 0.317718 0.010086 0.03941
vn -0.757931 -0.648871 -0.0671308
v 0.314231 0.01657 0.037038
vn -0.868449 -0.484147 -0.106763
v 0.314318 0.015764 0.04248
vn -0.946687 -0.322154 -0.000285228
v 0.312087 0.022035 0.039707
vn -0.962956 -0.268893 -0.0203037
v 0.310873 0.03209 0.039706
vn -0.999382 -0.00833386 0.0341625
v 0.310845 0.033386 0.034871
vn -0.999832 -0.0169093 0.00708002
v 0.311034 0.02774 0.037201
vn -0.99055 -0.133366 -0.0319899
v 0.311273 0.028746 0.03233
vn -0.983495 -0.168917 -0.064848
v 0.31066 0.034674 0.030449
vn -0.997773 -0.054974 0.0377849
v 0.311375 0.029642 0.027639
vn -0.975658 -0.217242 -0.0299485
v 0.311351 0.026691 0.042213
vn -0.989836 -0.134374 0.0465603
v 0.311131 0.030872 0.044581
vn -0.997789 -0.021223 0.0629843
v 0.311759 0.025842 0.047634
vn -0.988409 -0.145716 0.042606
v 0.312593 0.021235 0.045131
vn -0.966675 -0.254379 0.0288304
v 0.311192 0.036139 0.042106
vn -0.99063 0.108785 0.0825711
v 0.3115 0.034681 0.046954
vn -0.987883 0.113485 0.105872
v 0.312141 0.039665 0.044885
vn -0.967403 0.214282 0.134959
v 0.311535 0.029878 0.049939
vn -0.997945 -0.0162419 0.0619903
v 0.311963 0.033615 0.052055
vn -0.984684 0.141594 0.101728
v 0.312515 0.038229 0.049599
vn -0.959893 0.232662 0.156439
v 0.311047 0.037645 0.037506
vn -0.993546 0.0963374 0.0598866
v 0.310944 0.039193 0.033156
vn -0.993953 0.0793163 0.0759416
v 0.311948 0.041231 0.040558
vn -0.972496 0.20118 0.117378
v 0.311744 0.042869 0.036291
vn -0.975588 0.187131 0.114934
v 0.309678 0.036923 0.021444
vn -0.982892 -0.139048 0.120781
v 0.310773 0.031048 0.018268
vn -0.94643 -0.312477 0.0814201
v 0.311159 0.030531 0.023011
vn -0.963527 -0.26696 0.0186604
v 0.310274 0.035876 0.026
vn -0.991542 -0.098621 0.0843695
v 0.313108 0.02507 0.01499
vn -0.900639 -0.428248 0.0738467
v 0.313241 0.024903 0.019731
vn -0.923297 -0.383113 -0.0273481
v 0.309902 0.042268 0.024598
vn -0.982706 0.0308428 0.182584
v 0.310632 0.040725 0.028933
vn -0.989084 0.0567985 0.135966
v 0.311109 0.04647 0.028164
vn -0.963304 0.16429 0.212259
v 0.311572 0.044596 0.03223
vn -0.973783 0.174052 0.146468
v 0.308991 0.04369 0.019992
vn -0.980464 0.0218123 0.195487
v 0.308913 0.037462 0.016817
vn -0.973115 -0.165368 0.160317
v 0.3104 0.04869 0.023827
vn -0.954692 0.175471 0.240361
v 0.310086 0.031219 0.013649
vn -0.928111 -0.340337 0.150932
v 0.312429 0.025072 0.010373
vn -0.880372 -0.44915 0.152348
v 0.31934 0.0124 0.008162
vn -0.803051 -0.58839 0.0943725
v 0.319831 0.012491 0.012956
vn -0.830851 -0.55642 0.00918411
v 0.316028 0.01876 0.011534
vn -0.855108 -0.509769 0.0944769
v 0.316028 0.01876 0.011534
vn -0.881073 -0.460831 0.106513
v 0.316262 0.018761 0.016412
vn -0.903802 -0.427679 -0.0152383
v 0.316262 0.018761 0.016412
vn -0.877336 -0.477548 -0.0472043
v 0.31589 0.018407 0.021465
vn -0.9188 -0.383728 -0.0925161
v 0.315274 0.018684 0.006899
vn -0.841303 -0.523092 0.136323
v 0.318751 0.012253 0.003382
vn -0.779934 -0.616705 0.106665
v 0.314597 0.018494 0.002258
vn -0.838932 -0.533023 0.109911
v 0.315274 0.018684 0.006899
vn -0.86699 -0.474156 0.15331
v 0.323924 0.007012 0.004396
vn -0.640642 -0.766794 0.0400623
v 0.323564 0.006961 -0.000454
vn -0.622569 -0.780278 0.0597858
v 0.324108 0.006816 0.009365
vn -0.656108 -0.754416 0.0194689
v 0.31464 0.052723 0.035789
vn -0.897343 0.385044 0.215679
v 0.314562 0.050577 0.039467
vn -0.904401 0.377533 0.198816
v 0.316732 0.054954 0.039555
vn -0.856658 0.459306 0.234893
v 0.316394 0.052712 0.042845
vn -0.860935 0.450438 0.236424
v 0.318834 0.056677 0.043387
vn -0.813326 0.508557 0.282613
v 0.314532 0.048712 0.042855
vn -0.90918 0.363831 0.202533
v 0.316213 0.050775 0.045767
vn -0.864282 0.434763 0.252977
v 0.318258 0.054121 0.046111
vn -0.809948 0.503444 0.300878
v 0.317089 0.05728 0.036415
vn -0.849815 0.459438 0.258323
v 0.31473 0.055126 0.032085
vn -0.885245 0.392318 0.249856
v 0.319489 0.059225 0.040464
vn -0.816991 0.50559 0.277316
v 0.312764 0.049847 0.03202
vn -0.93695 0.281124 0.207589
v 0.312477 0.052231 0.028126
vn -0.919483 0.296911 0.257672
v 0.312879 0.047918 0.035804
vn -0.945495 0.281142 0.164314
v 0.312965 0.046015 0.039567
vn -0.947421 0.278146 0.158205
v 0.315138 0.045681 0.050123
vn -0.892524 0.377563 0.246674
v 0.317051 0.04843 0.051957
vn -0.842725 0.454193 0.289004
v 0.316406 0.049196 0.048894
vn -0.859496 0.430609 0.275396
v 0.314718 0.046985 0.04648
vn -0.904854 0.361612 0.224668
v 0.319246 0.051349 0.053107
vn -0.796183 0.523575 0.303252
v 0.318081 0.051069 0.050567
vn -0.810129 0.496633 0.311522
v 0.317729 0.051989 0.048246
vn -0.814784 0.493116 0.304899
v 0.313488 0.042806 0.047734
vn -0.934518 0.299418 0.192418
v 0.31315 0.044389 0.043514
vn -0.943981 0.283399 0.169072
v 0.314002 0.041646 0.051775
vn -0.921863 0.32764 0.206933
v 0.315863 0.044851 0.053847
vn -0.877488 0.411905 0.24566
v 0.314635 0.040703 0.056229
vn -0.910127 0.369669 0.18712
v 0.313035 0.037075 0.054325
vn -0.950102 0.273892 0.149294
v 0.31805 0.048036 0.055448
vn -0.828276 0.485713 0.27936
v 0.316753 0.044147 0.058432
vn -0.856867 0.460768 0.231239
v 0.319192 0.047233 0.060146
vn -0.801336 0.527484 0.282173
v 0.320662 0.051292 0.057115
vn -0.77329 0.550684 0.314277
v 0.323577 0.057938 0.052088
vn -0.730451 0.582814 0.356045
v 0.321092 0.057551 0.047503
vn -0.766854 0.541354 0.344777
v 0.320066 0.054167 0.050433
vn -0.775505 0.537339 0.331449
v 0.322207 0.054572 0.054785
vn -0.750589 0.571382 0.331871
v 0.325963 0.057934 0.057134
vn -0.67891 0.629893 0.377247
v 0.323908 0.053928 0.059453
vn -0.717699 0.602852 0.348536
v 0.327888 0.056313 0.062924
vn -0.628271 0.680028 0.377938
v 0.322011 0.050333 0.061783
vn -0.754951 0.577482 0.310747
v 0.327879 0.061521 0.054233
vn -0.649805 0.643426 0.404669
v 0.324891 0.061377 0.049385
vn -0.706116 0.592015 0.388481
v 0.330833 0.060796 0.059728
vn -0.578392 0.688241 0.437935
v 0.333608 0.06541 0.056609
vn -0.500883 0.729833 0.465252
v 0.32203 0.060676 0.044664
vn -0.763805 0.54723 0.34226
v 0.345889 0.001832 0.037825
vn -0.0688512 -0.997624 -0.00230948
v 0.353877 0.001259 0.033734
vn -0.0737358 -0.997277 0.00135123
v 0.35466 0.001202 0.040579
vn -0.0732315 -0.997312 -0.00224229
v 0.346542 0.001734 0.044608
vn -0.0677938 -0.997678 -0.00645146
v 0.355544 0.001119 0.047704
vn -0.0690397 -0.997611 0.00240125
v 0.362059 0.000621 0.02963
vn -0.0795753 -0.996829 0.000485174
v 0.363026 0.000557 0.036514
vn -0.080887 -0.996723 0.000548734
v 0.36405 0.000471 0.043686
vn -0.0794776 -0.99683 0.00376713
v 0.338176 0.002329 0.04173
vn -0.0774439 -0.996986 -0.00472007
v 0.338756 0.002241 0.048452
vn -0.0767179 -0.99704 -0.00513717
v 0.330765 0.00297 0.045167
vn -0.19247 -0.981246 -0.0105795
v 0.347314 0.001636 0.051716
vn -0.0643803 -0.997919 0.00359725
v 0.339463 0.002184 0.055549
vn -0.0709011 -0.997458 0.00717572
v 0.331312 0.002845 0.051862
vn -0.127978 -0.991179 -0.0344358
v 0.337707 0.00238 0.035273
vn -0.0781511 -0.996941 -0.000703091
v 0.345331 0.001853 0.031296
vn -0.0691996 -0.997602 0.00127552
v 0.330283 0.00303 0.038839
vn -0.21685 -0.976204 -0.00115486
v 0.353185 0.001298 0.027133
vn -0.0731751 -0.997319 -0.000284509
v 0.361184 0.000695 0.022974
vn -0.079124 -0.996865 0.000256455
v 0.377548 -0.000635 0.020977
vn -0.079004 -0.996871 -0.00270922
v 0.378976 -0.000782 0.027798
vn -0.0830823 -0.996533 -0.00433875
v 0.370221 -4.6e-05 0.025643
vn -0.0819851 -0.996633 -0.000961652
v 0.371387 -0.000155 0.032574
vn -0.0840308 -0.996463 -0.000818448
v 0.380343 -0.000922 0.034961
vn -0.0848779 -0.996391 -0.000948476
v 0.372576 -0.000259 0.039776
vn -0.0842835 -0.996438 0.00285631
v 0.36915 3.3e-05 0.01899
vn -0.080795 -0.996729 0.00193121
v 0.376216 -0.00054 0.01472
vn -0.075882 -0.997117 0.000620491
v 0.384019 -0.001098 0.015296
vn -0.0600299 -0.998093 -0.014354
v 0.381566 -0.000926 0.01049
vn -0.0543494 -0.998508 -0.00527411
v 0.386024 -0.00132 0.021846
vn -0.0700142 -0.997449 -0.0139143
v 0.387544 -0.001509 0.028799
vn -0.0778504 -0.996908 -0.0106596
v 0.383237 -0.001095 0.050352
vn -0.0868521 -0.9962 0.00648267
v 0.374961 -0.000304 0.054898
vn -0.0879056 -0.996072 0.0106373
v 0.373775 -0.000305 0.047215
vn -0.0840902 -0.996412 0.00956954
v 0.381753 -0.00102 0.042524
vn -0.0855521 -0.996321 0.00512107
v 0.366223 0.000474 0.058776
vn -0.07768 -0.996888 0.0133857
v 0.36512 0.000453 0.051091
vn -0.0771994 -0.996952 0.0112583
v 0.390779 -0.001796 0.043967
vn -0.0836649 -0.996486 0.00401474
v 0.389113 -0.00168 0.03626
vn -0.080633 -0.996743 -0.00138867
v 0.393671 -0.00196 0.053556
vn -0.0771135 -0.996827 0.0197374
v 0.384625 -0.001199 0.059202
vn -0.0779317 -0.996588 0.0271712
v 0.39366 -0.001499 0.064014
vn -0.0835236 -0.995625 0.0418924
v 0.376051 -0.00032 0.06283
vn -0.08287 -0.996123 0.0295197
v 0.38554 -0.000829 0.06723
vn -0.0703969 -0.995841 0.0578316
v 0.377091 -5.9e-05 0.070769
vn -0.0677528 -0.996 0.0582531
v 0.367327 0.000511 0.066698
vn -0.0763001 -0.996561 0.0323159
v 0.349244 0.001791 0.066854
vn -0.0635763 -0.997534 0.0297432
v 0.348215 0.001678 0.059123
vn -0.063092 -0.997869 0.0166329
v 0.357567 0.001137 0.062833
vn -0.0684091 -0.997445 0.0205635
v 0.356518 0.001118 0.055093
vn -0.0662412 -0.997743 0.0110332
v 0.358698 0.001304 0.070708
vn -0.0689385 -0.996751 0.0416605
v 0.350417 0.002006 0.074705
vn -0.0588266 -0.99737 0.0423429
v 0.359929 0.001639 0.078533
vn -0.0685077 -0.995825 0.0603338
v 0.368468 0.000773 0.074532
vn -0.0696087 -0.996269 0.0510238
v 0.341395 0.002397 0.070672
vn -0.0645598 -0.997399 0.0320579
v 0.342653 0.002588 0.078572
vn -0.0604999 -0.997242 0.0429911
v 0.334094 0.003015 0.074088
vn -0.071965 -0.996825 0.0340634
v 0.351757 0.002312 0.082716
vn -0.0479597 -0.996823 0.0635938
v 0.344149 0.002927 0.086826
vn -0.0551489 -0.994608 0.0878214
v 0.335549 0.003224 0.082051
vn -0.0696924 -0.996186 0.0524932
v 0.340342 0.002247 0.062972
vn -0.0664922 -0.997532 0.0225712
v 0.332935 0.002862 0.066419
vn -0.0748716 -0.996831 0.026862
v 0.332012 0.002762 0.059008
vn -0.0799687 -0.996751 0.00960496
v 0.318132 0.008207 0.051263
vn -0.723234 -0.682697 -0.1042
v 0.318272 0.007029 0.057984
vn -0.696587 -0.715678 -0.0507165
v 0.314632 0.01389 0.05432
vn -0.863829 -0.49813 -0.0752714
v 0.314632 0.01389 0.05432
vn -0.965349 -0.259468 -0.0278974
v 0.314728 0.012588 0.060919
vn -0.969699 -0.244293 -0.00235678
v 0.313089 0.019479 0.056998
vn -0.97729 -0.211855 -0.00476277
v 0.318756 0.006334 0.064933
vn -0.628952 -0.777395 0.00869419
v 0.314728 0.012588 0.060919
vn -0.845317 -0.53293 -0.0377451
v 0.31525 0.011413 0.067749
vn -0.963689 -0.260991 0.0564596
v 0.31338 0.018164 0.063562
vn -0.97965 -0.199015 0.0260642
v 0.314576 0.01485 0.048216
vn -0.867127 -0.494927 -0.0560164
v 0.31794 0.009245 0.045194
vn -0.734444 -0.675335 -0.0671916
v 0.314318 0.015764 0.04248
vn -0.867585 -0.495175 -0.0457924
v 0.312963 0.020264 0.051027
vn -0.971707 -0.236187 0.00130021
v 0.314576 0.01485 0.048216
vn -0.958112 -0.286253 -0.00895103
v 0.323916 0.004932 0.048004
vn -0.401588 -0.910515 -0.0984338
v 0.323503 0.0055 0.04186
vn -0.46345 -0.885498 -0.0332687
v 0.324256 0.00347 0.05489
vn -0.330466 -0.940946 -0.0735684
v 0.324986 0.003401 0.06203
vn -0.266555 -0.963664 0.0173153
v 0.321679 0.005498 0.079952
vn -0.489189 -0.867819 0.0870891
v 0.317994 0.009341 0.08236
vn -0.658374 -0.748016 0.0837532
v 0.316378 0.010288 0.074875
vn -0.741043 -0.666792 0.0790137
v 0.319933 0.005754 0.072287
vn -0.559132 -0.826969 0.0591099
v 0.31525 0.011413 0.067749
vn -0.804482 -0.593418 0.0257478
v 0.317994 0.009341 0.08236
vn -0.916418 -0.377213 0.133751
v 0.316097 0.014356 0.084594
vn -0.949129 -0.28651 0.130636
v 0.314771 0.015811 0.077206
vn -0.963076 -0.242664 0.116613
v 0.316378 0.010288 0.074875
vn -0.94449 -0.308699 0.112442
v 0.313866 0.017032 0.070208
vn -0.974717 -0.211224 0.0728851
v 0.327414 0.003611 0.077142
vn -0.181841 -0.981941 0.0521989
v 0.325996 0.003495 0.069399
vn -0.216464 -0.975662 0.0350408
v 0.329218 0.003852 0.085155
vn -0.148956 -0.986112 0.0734558
v 0.323752 0.005232 0.087892
vn -0.395445 -0.9146 0.0844383
v 0.331173 0.004478 0.093748
vn -0.0837861 -0.988192 0.128284
v 0.33723 0.00369 0.090612
vn -0.0587046 -0.991163 0.118955
v 0.319767 0.008359 0.090235
vn -0.885038 -0.442573 0.144349
v 0.32594 0.005194 0.096541
vn -0.289275 -0.945763 0.147829
v 0.319767 0.008359 0.090235
vn -0.56174 -0.822502 0.0890931
v 0.321719 0.008083 0.099195
vn -0.859832 -0.458536 0.224576
v 0.317554 0.013265 0.09243
vn -0.932531 -0.316781 0.17331
v 0.315859 0.025175 0.08837
vn -0.97506 0.0997588 0.198256
v 0.314609 0.02587 0.081329
vn -0.982407 0.0655001 0.174889
v 0.315514 0.019811 0.086678
vn -0.98377 -0.085324 0.157847
v 0.314395 0.021052 0.079298
vn -0.98688 -0.0831617 0.138388
v 0.313507 0.026857 0.074327
vn -0.989184 0.0413968 0.140717
v 0.313413 0.022168 0.072434
vn -0.991117 -0.0813679 0.105194
v 0.316915 0.01896 0.094337
vn -0.9732 -0.0764096 0.216896
v 0.317423 0.024811 0.095788
vn -0.963349 0.118289 0.240764
v 0.319029 0.019104 0.1023
vn -0.947029 -0.0618964 0.315126
v 0.319593 0.013044 0.100897
vn -0.911455 -0.29109 0.290715
v 0.317293 0.030189 0.089944
vn -0.935089 0.277816 0.220061
v 0.319054 0.030291 0.097165
vn -0.932407 0.279019 0.229706
v 0.319427 0.034729 0.091482
vn -0.883782 0.420562 0.205079
v 0.319672 0.025558 0.103584
vn -0.946718 0.118651 0.299411
v 0.321223 0.031494 0.104461
vn -0.916802 0.294419 0.2698
v 0.321281 0.035361 0.098473
vn -0.877827 0.430864 0.209226
v 0.315745 0.030514 0.082964
vn -0.941674 0.256802 0.217492
v 0.314341 0.031272 0.076132
vn -0.955932 0.224789 0.188846
v 0.31774 0.03465 0.084652
vn -0.878824 0.422529 0.221671
v 0.316168 0.035136 0.077817
vn -0.881088 0.417832 0.221586
v 0.312265 0.028408 0.061478
vn -0.996566 0.0205871 0.0802007
v 0.312353 0.024277 0.059369
vn -0.99273 -0.11363 0.0396962
v 0.312789 0.023123 0.065687
vn -0.993769 -0.0907422 0.0647238
v 0.312747 0.027929 0.067561
vn -0.994646 0.0321065 0.0982228
v 0.312864 0.032293 0.063448
vn -0.97595 0.191763 0.103676
v 0.313464 0.031985 0.069633
vn -0.970535 0.202336 0.130849
v 0.314129 0.035895 0.065305
vn -0.929515 0.346779 0.125487
v 0.314965 0.03584 0.071337
vn -0.903216 0.391051 0.176863
v 0.312341 0.032855 0.057669
vn -0.978905 0.176717 0.102545
v 0.311796 0.029117 0.055625
vn -0.998137 0.0024337 0.0609722
v 0.313587 0.036363 0.059617
vn -0.939278 0.316555 0.132476
v 0.312086 0.024972 0.053418
vn -0.990244 -0.136925 0.0258549
v 0.330953 0.054177 0.072871
vn -0.56107 0.783912 0.265864
v 0.327945 0.052136 0.072045
vn -0.641226 0.719757 0.266045
v 0.329468 0.05179 0.077164
vn -0.620371 0.754316 0.214817
v 0.333175 0.054443 0.077092
vn -0.519945 0.824033 0.225004
v 0.331273 0.051682 0.083099
vn -0.593388 0.783512 0.184389
v 0.324758 0.049231 0.071359
vn -0.719584 0.647076 0.251975
v 0.326178 0.048874 0.076559
vn -0.704732 0.675165 0.217957
v 0.327665 0.048698 0.082536
vn -0.689894 0.697149 0.195013
v 0.334109 0.056814 0.071337
vn -0.490515 0.809346 0.323038
v 0.337355 0.056926 0.076404
vn -0.428037 0.865851 0.259012
v 0.335212 0.054217 0.082946
vn -0.482053 0.858565 0.174615
v 0.339751 0.056524 0.08249
vn -0.383735 0.905999 0.178644
v 0.330126 0.055388 0.068383
vn -0.575807 0.741897 0.343563
v 0.333193 0.05917 0.065502
vn -0.516996 0.747391 0.417281
v 0.326535 0.052684 0.06762
vn -0.666016 0.677589 0.311922
v 0.324772 0.05271 0.06376
vn -0.707337 0.631693 0.317236
v 0.323399 0.049584 0.066687
vn -0.74038 0.609536 0.283377
v 0.318825 0.042801 0.068696
vn -0.78638 0.575939 0.223386
v 0.320029 0.042359 0.074578
vn -0.777846 0.591178 0.213224
v 0.321726 0.046084 0.069968
vn -0.75914 0.606873 0.235396
v 0.323049 0.045629 0.07567
vn -0.746187 0.628766 0.218764
v 0.321595 0.042117 0.080787
vn -0.773422 0.597417 0.211923
v 0.324543 0.04543 0.0817
vn -0.747378 0.633685 0.199672
v 0.320438 0.046507 0.065123
vn -0.775448 0.572377 0.266581
v 0.31762 0.043363 0.063249
vn -0.819153 0.527587 0.225033
v 0.316132 0.039669 0.067122
vn -0.850799 0.493032 0.181825
v 0.315329 0.039941 0.06152
vn -0.891271 0.422548 0.16459
v 0.317253 0.038941 0.073159
vn -0.818864 0.533181 0.212556
v 0.31872 0.038718 0.079347
vn -0.816512 0.534169 0.219024
v 0.325028 0.042727 0.093281
vn -0.773446 0.610142 0.171779
v 0.328174 0.046243 0.093802
vn -0.729291 0.664366 0.163561
v 0.326251 0.045622 0.087768
vn -0.739983 0.648522 0.178451
v 0.323265 0.042141 0.086959
vn -0.778864 0.599604 0.183975
v 0.331633 0.049683 0.094548
vn -0.668276 0.729385 0.146304
v 0.329609 0.04896 0.088431
vn -0.679402 0.714696 0.166199
v 0.322082 0.038931 0.092512
vn -0.82152 0.54039 0.181889
v 0.320364 0.038525 0.085962
vn -0.81926 0.5365 0.202439
v 0.324058 0.039602 0.099131
vn -0.812524 0.551941 0.187527
v 0.327108 0.04345 0.099755
vn -0.76819 0.61978 0.160489
v 0.326629 0.041127 0.105923
vn -0.813513 0.551635 0.184106
v 0.323738 0.036714 0.105294
vn -0.859462 0.453075 0.236747
v 0.330358 0.047077 0.100081
vn -0.727549 0.673618 0.130043
v 0.329692 0.045201 0.106391
vn -0.77722 0.615453 0.130947
v 0.332864 0.048946 0.106706
vn -0.732708 0.677551 0.0637543
v 0.333917 0.050516 0.100527
vn -0.660534 0.745105 0.0922736
v 0.339768 0.055268 0.094757
vn -0.451511 0.890512 0.055918
v 0.33752 0.054534 0.088959
vn -0.458077 0.88235 0.107817
v 0.335433 0.052649 0.094806
vn -0.565097 0.817904 0.10816
v 0.333251 0.051998 0.088933
vn -0.57575 0.805987 0.137462
v 0.337772 0.053589 0.100554
vn -0.566011 0.823304 0.0424419
v 0.342164 0.056188 0.100133
vn -0.424838 0.905269 -0.00129544
v 0.340233 0.055362 0.105955
vn -0.531923 0.841581 -0.0938095
v 0.336369 0.052365 0.10662
vn -0.658034 0.752665 -0.0220354
v 0.344598 0.057337 0.094237
vn -0.330861 0.943143 0.0318081
v 0.347165 0.058044 0.099535
vn -0.269068 0.962951 -0.0180807
v 0.344723 0.057577 0.105579
vn -0.365889 0.921619 -0.129398
v 0.349701 0.058995 0.104434
vn -0.200837 0.970962 -0.129989
v 0.342235 0.056613 0.088384
vn -0.364435 0.92723 0.0862076
v 0.376838 0.022493 0.148846
vn 0.22984 -0.463835 0.855588
v 0.382345 0.020592 0.146124
vn 0.298196 -0.575967 0.761145
v 0.381187 0.026734 0.149942
vn 0.219776 -0.47567 0.851726
v 0.381187 0.026734 0.149942
vn 0.186561 -0.314777 0.930651
v 0.386145 0.027564 0.14935
vn 0.274586 -0.35598 0.893242
v 0.384396 0.033363 0.151834
vn 0.171099 -0.181885 0.96832
v 0.388117 0.017764 0.140947
vn 0.381046 -0.645963 0.661465
v 0.391395 0.025954 0.146228
vn 0.379129 -0.587 0.715327
v 0.391395 0.025954 0.146228
vn 0.635296 -0.296656 0.713018
v 0.389466 0.033197 0.150444
vn 0.461482 -0.131508 0.877348
v 0.375968 0.027572 0.151727
vn 0.211933 -0.45685 0.863928
v 0.371776 0.022928 0.150259
vn 0.135884 -0.481647 0.865766
v 0.371528 0.028753 0.153443
vn 0.167869 -0.47125 0.865877
v 0.379443 0.033496 0.152486
vn 0.209273 -0.1464 0.966836
v 0.375968 0.027572 0.151727
vn 0.26912 -0.266473 0.925509
v 0.374896 0.034164 0.153886
vn 0.381702 -0.141863 0.913334
v 0.37279 0.015907 0.146361
vn 0.118282 -0.69965 0.704627
v 0.366144 0.019867 0.148753
vn -0.0248318 -0.598355 0.800846
v 0.364082 0.015163 0.144299
vn -0.0690356 -0.843027 0.533422
v 0.367019 0.025299 0.152308
vn 0.0964724 -0.523754 0.846389
v 0.361414 0.023089 0.15106
vn -0.0242113 -0.610532 0.791621
v 0.358998 0.018843 0.147263
vn -0.0973325 -0.683961 0.722996
v 0.379396 0.014097 0.141281
vn 0.190968 -0.825007 0.531878
v 0.370012 0.013955 0.140866
vn -0.0199195 -0.959478 0.281079
v 0.375972 0.012657 0.136491
vn -0.0234952 -0.965437 0.259576
v 0.385157 0.012678 0.13663
vn 0.196132 -0.86073 0.469762
v 0.397299 0.0141 0.130163
vn 0.504059 -0.660002 0.557066
v 0.399699 0.019876 0.133955
vn 0.541343 -0.6058 0.583055
v 0.393077 0.01577 0.135507
vn 0.442759 -0.667921 0.598203
v 0.396155 0.022965 0.140097
vn 0.477696 -0.606636 0.635452
v 0.399699 0.019876 0.133955
vn 0.74637 -0.323824 0.581438
v 0.401639 0.029054 0.136273
vn 0.808103 -0.105548 0.579508
v 0.396155 0.022965 0.140097
vn 0.724789 -0.264179 0.636309
v 0.39749 0.032944 0.142371
vn 0.789795 -0.0291521 0.612677
v 0.390019 0.011136 0.131438
vn 0.213721 -0.86541 0.453198
v 0.395077 0.009646 0.126418
vn 0.291597 -0.86444 0.409529
v 0.387573 0.009693 0.126624
vn -0.0270067 -0.967566 0.251173
v 0.38213 0.011226 0.131816
vn -0.0260829 -0.966106 0.256825
v 0.40087 0.013147 0.125046
vn 0.591295 -0.646965 0.481462
v 0.399342 0.009663 0.121331
vn 0.421182 -0.814039 0.399932
v 0.404149 0.012952 0.120368
vn 0.62118 -0.625898 0.47158
v 0.393175 0.00832 0.121753
vn 0.043325 -0.96496 0.258797
v 0.397815 0.007145 0.117128
vn 0.147316 -0.927397 0.343849
v 0.403085 0.009517 0.116935
vn 0.51222 -0.721774 0.465481
v 0.402773 0.018048 0.128448
vn 0.615926 -0.595643 0.515601
v 0.402773 0.018048 0.128448
vn 0.770548 -0.363285 0.523717
v 0.404693 0.025929 0.131026
vn 0.828476 -0.185443 0.528431
v 0.405545 0.017086 0.123449
vn 0.65968 -0.581211 0.476463
v 0.405545 0.017086 0.123449
vn 0.796114 -0.350589 0.493245
v 0.407234 0.023561 0.125587
vn 0.860682 -0.213781 0.462086
v 0.400352 0.043705 0.131688
vn 0.781263 0.411232 0.469592
v 0.39733 0.043838 0.136328
vn 0.739598 0.440778 0.508635
v 0.400869 0.037517 0.135253
vn 0.827232 0.245046 0.505609
v 0.396934 0.039664 0.140045
vn 0.763225 0.337737 0.550837
v 0.393568 0.044536 0.140549
vn 0.674297 0.480689 0.560591
v 0.393831 0.039341 0.144173
vn 0.724432 0.377712 0.576656
v 0.403633 0.039793 0.128969
vn 0.846185 0.309919 0.433498
v 0.40466 0.033169 0.130519
vn 0.868849 0.14209 0.474249
v 0.406416 0.036603 0.125115
vn 0.898169 0.243092 0.366332
v 0.407254 0.030283 0.125957
vn 0.912447 0.0701177 0.403141
v 0.402095 0.045168 0.127046
vn 0.794623 0.490935 0.357152
v 0.399275 0.047541 0.129362
vn 0.712079 0.590014 0.380562
v 0.399024 0.049481 0.12572
vn 0.649321 0.726439 0.225095
v 0.40477 0.042507 0.123898
vn 0.85842 0.410932 0.307
v 0.402025 0.047579 0.122516
vn 0.733968 0.647587 0.204748
v 0.396758 0.048024 0.132773
vn 0.683209 0.582626 0.440197
v 0.393232 0.048918 0.1367
vn 0.638241 0.595913 0.487377
v 0.395774 0.051071 0.129047
vn 0.591244 0.75844 0.274225
v 0.392439 0.052188 0.132798
vn 0.553272 0.764194 0.331508
v 0.386006 0.044673 0.147862
vn 0.507837 0.544688 0.667396
v 0.385932 0.039198 0.151708
vn 0.379183 0.255967 0.889214
v 0.390284 0.039352 0.148298
vn 0.607018 0.377369 0.699373
v 0.389928 0.044766 0.144428
vn 0.600163 0.51513 0.61192
v 0.393651 0.034202 0.147523
vn 0.718078 0.00568564 0.695939
v 0.385205 0.049932 0.143686
vn 0.446164 0.655127 0.60971
v 0.389462 0.049557 0.140533
vn 0.559846 0.62137 0.548153
v 0.384092 0.054013 0.139477
vn 0.366705 0.796414 0.480887
v 0.388385 0.053285 0.136329
vn 0.485403 0.781873 0.391228
v 0.380886 0.050014 0.146522
vn 0.441308 0.691563 0.571829
v 0.381837 0.045415 0.150235
vn 0.340777 0.460574 0.819599
v 0.37714 0.051152 0.148628
vn 0.312516 0.647707 0.694845
v 0.379497 0.053941 0.141898
vn 0.3061 0.807509 0.504214
v 0.375386 0.0544 0.144062
vn 0.332568 0.840224 0.428279
v 0.381103 0.039453 0.152158
vn 0.147711 0.145729 0.978235
v 0.377338 0.045455 0.151178
vn 0.240413 0.350669 0.905115
v 0.376631 0.039833 0.15293
vn 0.343341 0.155562 0.926238
v 0.410294 0.030708 0.116842
vn 0.941943 0.165215 0.292314
v 0.410834 0.025163 0.117383
vn 0.936413 0.0222589 0.350192
v 0.411701 0.027811 0.113912
vn 0.943392 0.126113 0.306769
v 0.411773 0.023029 0.114499
vn 0.942181 -0.00339934 0.335087
v 0.41265 0.024882 0.11176
vn 0.946932 0.056645 0.316403
v 0.410508 0.020525 0.117209
vn 0.892411 -0.175379 0.415746
v 0.411519 0.01966 0.114764
vn 0.903798 -0.149542 0.400983
v 0.412428 0.020802 0.112538
vn 0.934943 -0.0440925 0.352048
v 0.41101 0.03371 0.11229
vn 0.926979 0.266155 0.264333
v 0.409019 0.037022 0.116339
vn 0.928899 0.288456 0.232249
v 0.40868 0.040129 0.112168
vn 0.889885 0.42736 0.15959
v 0.412457 0.029233 0.111048
vn 0.942135 0.158878 0.295193
v 0.412407 0.032578 0.108788
vn 0.936132 0.259238 0.237595
v 0.410451 0.038071 0.108664
vn 0.891683 0.416937 0.176253
v 0.408551 0.033769 0.120912
vn 0.934138 0.187863 0.30347
v 0.407099 0.039785 0.120147
vn 0.900537 0.345964 0.263328
v 0.406896 0.042751 0.115609
vn 0.861331 0.483296 0.156636
v 0.404615 0.04514 0.119097
vn 0.808185 0.559861 0.182734
v 0.409209 0.0276 0.121246
vn 0.932617 0.0402961 0.358612
v 0.409151 0.021778 0.120731
vn 0.875804 -0.199016 0.439727
v 0.409692 0.013787 0.113326
vn 0.742021 -0.526048 0.415546
v 0.41185 0.015197 0.110816
vn 0.760342 -0.50775 0.405056
v 0.411703 0.017407 0.113197
vn 0.801207 -0.430272 0.415852
v 0.410047 0.01676 0.115907
vn 0.850019 -0.259362 0.458476
v 0.411703 0.017407 0.113197
vn 0.898016 -0.205564 0.388987
v 0.41185 0.015197 0.110816
vn 0.888302 -0.311977 0.33703
v 0.413479 0.017565 0.108742
vn 0.928138 -0.203151 0.311912
v 0.41285 0.018402 0.11106
vn 0.920967 -0.169953 0.350622
v 0.410047 0.01676 0.115907
vn 0.755916 -0.494026 0.429569
v 0.407018 0.012998 0.116565
vn 0.670239 -0.58153 0.461089
v 0.408208 0.01677 0.119252
vn 0.688696 -0.558435 0.462437
v 0.408208 0.01677 0.119252
vn 0.826623 -0.289993 0.482286
v 0.406511 0.010014 0.113298
vn 0.628774 -0.661796 0.408253
v 0.409568 0.011499 0.110057
vn 0.701894 -0.605175 0.375644
v 0.406131 0.007727 0.109467
vn 0.55148 -0.770635 0.319362
v 0.401805 0.006235 0.113191
vn 0.338579 -0.875315 0.345237
v 0.41238 0.013369 0.107592
vn 0.884116 -0.333648 0.327137
v 0.40972 0.009471 0.106457
vn 0.649876 -0.661108 0.374964
v 0.41238 0.013369 0.107592
vn 0.715633 -0.57734 0.393125
v 0.412968 0.011739 0.104075
vn 0.876368 -0.366381 0.312642
v 0.414166 0.016182 0.105683
vn 0.922531 -0.232824 0.307783
v 0.414636 0.025092 0.105114
vn 0.962327 0.0965139 0.25419
v 0.413552 0.02639 0.108526
vn 0.955854 0.107968 0.273287
v 0.414277 0.02108 0.107076
vn 0.958715 -0.015768 0.283931
v 0.413401 0.021478 0.109993
vn 0.951727 0.000488129 0.306946
v 0.415191 0.019684 0.103918
vn 0.958685 -0.0535117 0.279391
v 0.415591 0.023474 0.102046
vn 0.97136 0.0881632 0.22065
v 0.416072 0.018241 0.100475
vn 0.961137 -0.0736987 0.266054
v 0.414917 0.014657 0.102123
vn 0.906813 -0.277787 0.317056
v 0.414589 0.028889 0.102819
vn 0.960215 0.203556 0.191187
v 0.415511 0.027101 0.09947
vn 0.971008 0.190494 0.144412
v 0.414214 0.032255 0.100241
vn 0.946002 0.297253 0.129309
v 0.41643 0.021918 0.098599
vn 0.976316 0.0769491 0.202201
v 0.416395 0.02446 0.096743
vn 0.97407 0.175191 0.143166
v 0.415838 0.027325 0.09609
vn 0.966462 0.234829 0.103957
v 0.413633 0.030567 0.105785
vn 0.949949 0.22635 0.215321
v 0.412933 0.034269 0.103271
vn 0.921951 0.348661 0.168645
v 0.411725 0.036126 0.105866
vn 0.906997 0.392895 0.151623
v 0.353935 0.043203 0.153026
vn -0.507295 0.507537 0.696461
v 0.354036 0.039841 0.155032
vn -0.429209 0.319885 0.844662
v 0.35739 0.043166 0.155079
vn -0.340921 0.453436 0.82351
v 0.357538 0.039935 0.156327
vn -0.249979 0.2123 0.94469
v 0.360227 0.042067 0.156259
vn -0.137113 0.320113 0.937405
v 0.354855 0.036379 0.156108
vn -0.287981 0.0570314 0.955936
v 0.358166 0.036993 0.156667
vn -0.13893 0.0126195 0.990222
v 0.360797 0.039113 0.156971
vn -0.0604741 0.0748795 0.995357
v 0.357471 0.046622 0.15264
vn -0.383576 0.595011 0.706281
v 0.353566 0.046425 0.149933
vn -0.513914 0.568753 0.642193
v 0.357278 0.050581 0.148709
vn -0.380574 0.67123 0.636093
v 0.361207 0.045219 0.155014
vn -0.161663 0.50172 0.84979
v 0.361112 0.048783 0.152235
vn -0.230504 0.636428 0.736089
v 0.350287 0.042215 0.150562
vn -0.601299 0.494519 0.627607
v 0.349688 0.045295 0.147473
vn -0.586595 0.517414 0.623048
v 0.346576 0.040819 0.147859
vn -0.650568 0.436914 0.621182
v 0.352581 0.049559 0.146382
vn -0.506291 0.597892 0.621446
v 0.348386 0.047905 0.143954
vn -0.587214 0.539861 0.6031
v 0.346072 0.043987 0.145009
vn -0.630886 0.480697 0.609027
v 0.350275 0.03894 0.153044
vn -0.585483 0.370208 0.721218
v 0.350966 0.035321 0.154724
vn -0.467523 0.0993833 0.878377
v 0.346731 0.037569 0.150325
vn -0.677172 0.360722 0.64134
v 0.347173 0.033795 0.152297
vn -0.639461 0.0993744 0.762374
v 0.359766 0.030084 0.155559
vn -0.0226054 -0.387835 0.921452
v 0.36385 0.032584 0.15642
vn 0.0376624 -0.370132 0.928215
v 0.360668 0.034616 0.156838
vn -0.0174111 -0.268353 0.963163
v 0.356785 0.033028 0.156416
vn -0.182361 -0.0355406 0.982589
v 0.360668 0.034616 0.156838
vn -0.0237677 -0.0468143 0.998621
v 0.36385 0.032584 0.15642
vn 0.0857491 -0.161478 0.983144
v 0.366784 0.036696 0.156935
vn 0.0871778 -0.0811454 0.992882
v 0.363489 0.037244 0.156885
vn 0.0192705 -0.0300305 0.999363
v 0.356785 0.033028 0.156416
vn -0.0769301 -0.331596 0.94028
v 0.35582 0.029104 0.15475
vn -0.12945 -0.430618 0.893203
v 0.352918 0.031643 0.155262
vn -0.224255 -0.388922 0.89356
v 0.351883 0.026272 0.15253
vn -0.272484 -0.531654 0.801933
v 0.352918 0.031643 0.155262
vn -0.334666 -0.0604391 0.940397
v 0.349134 0.030488 0.153476
vn -0.53221 -0.0646117 0.844143
v 0.357831 0.026052 0.153217
vn -0.0647676 -0.571484 0.818053
v 0.362986 0.027595 0.154229
vn 0.0554957 -0.502418 0.862842
v 0.354887 0.022203 0.149656
vn -0.14526 -0.647827 0.74781
v 0.367476 0.03073 0.155261
vn 0.156208 -0.301143 0.940697
v 0.367476 0.03073 0.155261
vn 0.125973 -0.462323 0.877718
v 0.371528 0.028753 0.153443
vn 0.313587 -0.319903 0.89405
v 0.370941 0.03518 0.156255
vn 0.295436 -0.15193 0.943205
v 0.369002 0.04619 0.154445
vn 0.23094 0.479733 0.846477
v 0.364867 0.046017 0.154875
vn -0.00490267 0.473237 0.880921
v 0.368308 0.041225 0.156388
vn 0.16819 0.214202 0.9622
v 0.36386 0.041419 0.156679
vn 0.015356 0.227898 0.973564
v 0.372686 0.040589 0.155236
vn 0.427616 0.187479 0.884305
v 0.373007 0.04577 0.152698
vn 0.369201 0.425453 0.826245
v 0.368604 0.050691 0.150984
vn 0.173726 0.661772 0.729299
v 0.372717 0.050832 0.149796
vn 0.196828 0.59973 0.775618
v 0.367912 0.054118 0.14708
vn 0.0677641 0.790336 0.608914
v 0.371514 0.054907 0.145676
vn 0.163108 0.823215 0.543795
v 0.364616 0.050232 0.151875
vn -0.0357886 0.660934 0.74959
v 0.364207 0.053434 0.148187
vn -0.0659986 0.78644 0.61413
v 0.361172 0.051909 0.149104
vn -0.247387 0.726318 0.641297
v 0.418717 0.02526 0.069053
vn 0.984782 0.169883 -0.0366679
v 0.418977 0.023819 0.075026
vn 0.989677 0.140989 0.0257188
v 0.419262 0.018801 0.070176
vn 0.999412 0.0165528 -0.0300401
v 0.419318 0.017541 0.076435
vn 0.999522 -0.0180236 0.0251093
v 0.418959 0.01165 0.071335
vn 0.985792 -0.167924 0.00386889
v 0.418844 0.022614 0.081001
vn 0.987248 0.136376 0.0821192
v 0.419008 0.016505 0.082024
vn 0.997172 -0.0369482 0.0654406
v 0.418607 0.010809 0.077736
vn 0.968105 -0.24494 0.0526982
v 0.418817 0.020287 0.063359
vn 0.997317 0.0544176 -0.048974
v 0.418318 0.025647 0.063782
vn 0.978179 0.196087 -0.0686785
v 0.418902 0.013173 0.064753
vn 0.996303 -0.0821061 -0.0252866
v 0.417392 0.029152 0.065879
vn 0.921473 0.383725 -0.0603565
v 0.417328 0.029573 0.069766
vn 0.920767 0.38847 -0.0357721
v 0.415731 0.032577 0.067698
vn 0.866482 0.49463 -0.0674496
v 0.417838 0.028868 0.074164
vn 0.943232 0.331553 0.0196647
v 0.417535 0.02835 0.079922
vn 0.945683 0.309858 0.0983427
v 0.416006 0.032327 0.072079
vn 0.876297 0.481585 -0.0133893
v 0.416038 0.032292 0.076899
vn 0.886836 0.460139 0.042353
v 0.417899 0.020782 0.090877
vn 0.984073 0.116488 0.13428
v 0.417937 0.016035 0.092328
vn 0.98216 -0.0639335 0.176845
v 0.4186 0.016032 0.087318
vn 0.99385 -0.0406759 0.102998
v 0.418429 0.021424 0.085923
vn 0.986126 0.12628 0.107747
v 0.416821 0.011581 0.093714
vn 0.909503 -0.330281 0.252424
v 0.417708 0.010751 0.08883
vn 0.933909 -0.320196 0.159023
v 0.41823 0.010574 0.083557
vn 0.9532 -0.292176 0.0777351
v 0.41713 0.025504 0.089713
vn 0.963796 0.238808 0.11861
v 0.417366 0.026488 0.085074
vn 0.954374 0.275398 0.115441
v 0.415821 0.030064 0.088812
vn 0.941984 0.32591 0.0803034
v 0.415728 0.031088 0.084626
vn 0.923483 0.371221 0.0968147
v 0.416702 0.024748 0.09375
vn 0.968893 0.209855 0.13118
v 0.417269 0.020829 0.094926
vn 0.980439 0.0915488 0.174237
v 0.415615 0.029289 0.093253
vn 0.956153 0.276224 0.0973219
v 0.416986 0.01686 0.096662
vn 0.967595 -0.0775216 0.240312
v 0.415877 0.012946 0.098162
vn 0.897507 -0.311375 0.312292
v 0.410326 0.005245 0.097668
vn 0.572129 -0.761466 0.304694
v 0.410626 0.003665 0.092559
vn 0.521047 -0.809487 0.270632
v 0.414219 0.007885 0.095412
vn 0.642196 -0.702411 0.306925
v 0.414219 0.007885 0.095412
vn 0.838977 -0.458143 0.293638
v 0.414909 0.006531 0.090496
vn 0.848408 -0.481516 0.219878
v 0.411449 0.002403 0.087228
vn 0.518476 -0.825294 0.223768
v 0.414909 0.006531 0.090496
vn 0.637574 -0.727358 0.25387
v 0.415462 0.005507 0.085108
vn 0.87599 -0.466079 0.124143
v 0.413478 0.009758 0.099953
vn 0.681252 -0.637057 0.36063
v 0.410028 0.007306 0.10236
vn 0.613609 -0.694044 0.376546
v 0.412968 0.011739 0.104075
vn 0.699498 -0.604479 0.381194
v 0.413478 0.009758 0.099953
vn 0.846006 -0.417509 0.331602
v 0.405645 0.003282 0.100462
vn 0.299527 -0.898046 0.322174
v 0.405795 0.00575 0.105187
vn 0.41346 -0.837728 0.356739
v 0.40061 0.003924 0.103386
vn 0.0390038 -0.966741 0.252765
v 0.40119 0.005078 0.10849
vn 0.168228 -0.958178 0.231505
v 0.405626 0.001994 0.095131
vn 0.211246 -0.949597 0.231603
v 0.406072 0.000711 0.089551
vn 0.157256 -0.960748 0.228547
v 0.400822 0.002638 0.097881
vn -0.0436824 -0.978551 0.201321
v 0.400585 0.00159 0.091678
vn -0.0677514 -0.980217 0.18597
v 0.41221 0.000227 0.074634
vn 0.591242 -0.797306 0.121392
v 0.416836 0.005323 0.07296
vn 0.776399 -0.625573 0.076569
v 0.415861 0.005037 0.079169
vn 0.725847 -0.678408 0.113617
v 0.411846 0.001295 0.081181
vn 0.543991 -0.823629 0.160339
v 0.415462 0.005507 0.085108
vn 0.677726 -0.717772 0.159658
v 0.416836 0.005323 0.07296
vn 0.938865 -0.338047 0.0652387
v 0.415861 0.005037 0.079169
vn 0.901019 -0.424804 0.087789
v 0.406705 -0.00175 0.076303
vn 0.144953 -0.977865 0.15089
v 0.406633 -0.00061 0.083254
vn 0.145141 -0.971981 0.184899
v 0.400778 -0.000902 0.078055
vn -0.0874604 -0.984218 0.153838
v 0.400894 0.000264 0.085223
vn -0.0832353 -0.97992 0.181188
v 0.407844 -0.002596 0.068515
vn 0.223139 -0.974487 0.024164
v 0.413728 0.000644 0.067038
vn 0.667384 -0.744115 0.0298683
v 0.401347 -0.002164 0.070156
vn -0.0877353 -0.993353 0.0745157
v 0.417541 0.006043 0.065872
vn 0.965892 -0.258946 0.000527324
v 0.417541 0.006043 0.065872
vn 0.820708 -0.569376 0.0474269
v 0.412236 0.038709 0.077512
vn 0.827476 0.561295 -0.0152131
v 0.410223 0.041501 0.079963
vn 0.770633 0.637086 -0.0156851
v 0.412297 0.038232 0.081987
vn 0.847036 0.530717 0.0294841
v 0.410418 0.041028 0.084442
vn 0.801645 0.597741 0.00843166
v 0.41243 0.037982 0.08649
vn 0.866402 0.499013 0.0182831
v 0.407913 0.044054 0.081991
vn 0.709427 0.70392 -0.0347801
v 0.408299 0.043577 0.086554
vn 0.740104 0.672467 0.00579056
v 0.410705 0.040696 0.089244
vn 0.815473 0.578641 0.0133304
v 0.414178 0.035371 0.079445
vn 0.865982 0.498608 0.0382787
v 0.414156 0.03546 0.074802
vn 0.84969 0.527235 -0.00715004
v 0.414104 0.035029 0.083638
vn 0.890832 0.451169 0.053525
v 0.4156 0.032429 0.081004
vn 0.900597 0.425007 0.0910784
v 0.411938 0.038606 0.072495
vn 0.786335 0.614611 -0.0626954
v 0.414037 0.035704 0.070178
vn 0.828035 0.558539 -0.0489087
v 0.409924 0.041425 0.075046
vn 0.722036 0.686 -0.0898221
v 0.407469 0.043946 0.077107
vn 0.647415 0.754504 -0.107595
v 0.402446 0.049004 0.087065
vn 0.575745 0.815344 -0.0610911
v 0.403168 0.048443 0.091449
vn 0.6561 0.754472 -0.0174907
v 0.405878 0.046007 0.088889
vn 0.688032 0.725642 0.00747573
v 0.4053 0.046657 0.084349
vn 0.645025 0.763147 -0.0393453
v 0.404032 0.047696 0.096352
vn 0.70033 0.71381 -0.00356019
v 0.406507 0.045362 0.093756
vn 0.711352 0.70256 0.0197099
v 0.408725 0.043069 0.09138
vn 0.752046 0.658754 0.0217043
v 0.401617 0.048957 0.081983
vn 0.494261 0.857581 -0.142344
v 0.404717 0.046581 0.079429
vn 0.567792 0.812054 -0.134836
v 0.39826 0.050989 0.084493
vn 0.421649 0.893306 -0.155618
v 0.399279 0.051419 0.089769
vn 0.539412 0.831557 -0.132469
v 0.394705 0.053246 0.087453
vn 0.354772 0.907524 -0.224805
v 0.4004 0.051017 0.094191
vn 0.638311 0.767892 -0.0538505
v 0.396257 0.053945 0.092266
vn 0.426093 0.895165 -0.130858
v 0.397529 0.053443 0.097171
vn 0.507232 0.86131 -0.0293337
v 0.401599 0.050227 0.099226
vn 0.675864 0.736954 -0.0103831
v 0.406168 0.045004 0.104848
vn 0.777258 0.626818 0.0544905
v 0.408128 0.042845 0.10205
vn 0.790692 0.606457 0.0837573
v 0.405075 0.046575 0.100861
vn 0.739863 0.672076 0.0302949
v 0.40727 0.044309 0.098138
vn 0.748333 0.66161 0.0476384
v 0.409959 0.040811 0.099487
vn 0.81091 0.57771 0.0931447
v 0.409274 0.042135 0.095666
vn 0.778264 0.625833 0.0513631
v 0.402741 0.048979 0.103785
vn 0.709831 0.703569 0.0336245
v 0.404037 0.04736 0.107868
vn 0.741152 0.669538 0.0491153
v 0.400131 0.051261 0.106859
vn 0.63438 0.770881 0.0574938
v 0.398825 0.052575 0.102294
vn 0.578907 0.815173 0.0189619
v 0.407482 0.042951 0.108426
vn 0.821785 0.564015 0.0809749
v 0.405578 0.045286 0.111509
vn 0.79328 0.604833 0.0698827
v 0.401583 0.049598 0.110929
vn 0.674642 0.735266 0.0651331
v 0.403342 0.047587 0.114707
vn 0.729073 0.677574 0.096671
v 0.409158 0.040804 0.105507
vn 0.837362 0.538647 0.0931934
v 0.410779 0.038835 0.102865
vn 0.85487 0.501972 0.13123
v 0.413013 0.036411 0.094345
vn 0.898196 0.437564 0.0422148
v 0.412655 0.037305 0.090805
vn 0.885118 0.464457 0.0290757
v 0.411053 0.039944 0.093424
vn 0.833082 0.551899 0.037181
v 0.41159 0.03879 0.097103
vn 0.855308 0.513178 0.0713897
v 0.413498 0.03486 0.097489
vn 0.922158 0.378672 0.0789463
v 0.41225 0.036933 0.100384
vn 0.886191 0.44612 0.12507
v 0.414378 0.03304 0.094776
vn 0.943151 0.325375 0.0678014
v 0.414394 0.033471 0.091683
vn 0.929977 0.363983 0.0515601
v 0.414855 0.030702 0.097189
vn 0.959478 0.268114 0.0866949
v 0.414255 0.034208 0.087817
vn 0.913052 0.405255 0.0458762
v 0.388563 0.056384 0.098066
vn 0.174846 0.978725 -0.107362
v 0.384607 0.057408 0.101305
vn 0.103248 0.988767 -0.108075
v 0.390455 0.056432 0.103612
vn 0.268583 0.962275 -0.0434738
v 0.386687 0.057383 0.106779
vn 0.18966 0.981304 -0.0327343
v 0.392237 0.055937 0.108677
vn 0.36456 0.930489 0.0358715
v 0.381072 0.057943 0.10506
vn 0.0478113 0.994245 -0.0958734
v 0.383193 0.058109 0.110079
vn 0.150512 0.986891 -0.0582341
v 0.388566 0.056956 0.111857
vn 0.29465 0.955425 0.0185546
v 0.394115 0.055121 0.100386
vn 0.360165 0.932275 -0.0338406
v 0.392476 0.05528 0.094949
vn 0.254566 0.963879 -0.0783161
v 0.395692 0.054385 0.10546
vn 0.466892 0.883951 0.0253283
v 0.386738 0.056055 0.093666
vn 0.135257 0.987853 -0.076498
v 0.390915 0.055094 0.090219
vn 0.227856 0.961548 -0.153319
v 0.382423 0.056739 0.096797
vn 0.0823313 0.992028 -0.0953999
v 0.37863 0.057265 0.100112
vn 0.030317 0.994698 -0.0982643
v 0.374233 0.058326 0.11127
vn -0.0253848 0.993975 -0.106631
v 0.376929 0.059046 0.116146
vn 0.00690491 0.994701 -0.102576
v 0.379942 0.058721 0.113212
vn 0.0601157 0.994848 -0.0816308
v 0.378795 0.058358 0.108869
vn 0.00186938 0.996014 -0.0891766
v 0.377971 0.059403 0.120476
vn 0.0778678 0.996 -0.0438194
v 0.381327 0.058873 0.117781
vn 0.169932 0.984871 -0.0339331
v 0.384799 0.058074 0.114952
vn 0.246073 0.96906 -0.0192595
v 0.375657 0.057816 0.104671
vn -0.0182027 0.995931 -0.0882656
v 0.369621 0.057659 0.105419
vn 0.0441397 0.997462 -0.05587
v 0.366906 0.058384 0.112241
vn 0.0959111 0.988816 -0.114209
v 0.362877 0.058608 0.105826
vn 0.177117 0.981815 -0.068322
v 0.360649 0.059899 0.113341
vn 0.199362 0.972585 -0.119725
v 0.357349 0.059843 0.106794
vn 0.125995 0.985876 -0.110337
v 0.372311 0.059171 0.11823
vn 0.0138739 0.992257 -0.123421
v 0.365462 0.059655 0.119463
vn 0.136216 0.982431 -0.127575
v 0.370615 0.059934 0.124141
vn 0.0666792 0.995731 -0.0638198
v 0.380563 0.058313 0.129968
vn 0.245624 0.953099 0.176835
v 0.384642 0.057527 0.12718
vn 0.338841 0.929627 0.144844
v 0.379198 0.059219 0.125135
vn 0.177632 0.981485 0.0716563
v 0.382797 0.058597 0.122563
vn 0.263116 0.963633 0.0467141
v 0.388515 0.056352 0.124048
vn 0.410604 0.904491 0.115327
v 0.386685 0.057457 0.119597
vn 0.33612 0.9411 0.0367946
v 0.375131 0.059556 0.127462
vn 0.121707 0.989435 0.0787784
v 0.376251 0.058688 0.132456
vn 0.176881 0.960649 0.214165
v 0.370913 0.059878 0.129665
vn 0.124369 0.989072 0.0791826
v 0.374987 0.05963 0.123077
vn 0.0547415 0.997706 -0.0398355
v 0.382358 0.056644 0.134628
vn 0.307859 0.904078 0.296423
v 0.378 0.056894 0.137188
vn 0.222243 0.902411 0.369137
v 0.372479 0.058726 0.134639
vn 0.163768 0.95235 0.257311
v 0.373704 0.056934 0.139412
vn 0.222529 0.907304 0.356764
v 0.386501 0.05583 0.131699
vn 0.403159 0.883144 0.239831
v 0.39041 0.054627 0.12839
vn 0.470342 0.860842 0.194241
v 0.395539 0.053264 0.11745
vn 0.517478 0.84981 0.100198
v 0.393817 0.054717 0.113241
vn 0.451816 0.887774 0.0878651
v 0.390343 0.056106 0.116467
vn 0.397439 0.916333 0.0487428
v 0.392144 0.054933 0.120775
vn 0.47163 0.876966 0.0921732
v 0.397442 0.051481 0.121484
vn 0.574524 0.80781 0.131778
v 0.394067 0.053196 0.12493
vn 0.524641 0.836742 0.156893
v 0.400625 0.049696 0.11808
vn 0.647491 0.752315 0.12156
v 0.398796 0.05162 0.114158
vn 0.586744 0.804601 0.0913719
v 0.397166 0.053157 0.110011
vn 0.542163 0.836792 0.0764165
v 0.35125 0.060776 0.11553
vn -0.139362 0.988433 -0.0598148
v 0.346608 0.059764 0.116301
vn -0.331105 0.943581 -0.00495491
v 0.350266 0.060643 0.122678
vn -0.280465 0.95787 0.0618382
v 0.354908 0.061466 0.121757
vn -0.0557681 0.997947 -0.031504
v 0.35377 0.061227 0.128577
vn -0.204813 0.960807 0.186818
v 0.342446 0.057776 0.116766
vn -0.544271 0.83619 0.0674927
v 0.34598 0.058905 0.123287
vn -0.468488 0.867915 0.165054
v 0.34964 0.059252 0.129239
vn -0.429542 0.861081 0.272091
v 0.3559 0.060837 0.114455
vn 0.0600743 0.992844 -0.103205
v 0.359658 0.061175 0.12069
vn 0.151185 0.98464 -0.087336
v 0.358501 0.061499 0.127705
vn 0.0580475 0.99348 0.0981271
v 0.364686 0.060577 0.126946
vn 0.121804 0.992536 -0.00597111
v 0.352542 0.060194 0.107925
vn -0.0628838 0.989044 -0.13356
v 0.347802 0.059553 0.108827
vn -0.251203 0.958487 -0.134911
v 0.343193 0.058008 0.109557
vn -0.438299 0.892394 -0.107367
v 0.3392 0.055494 0.11006
vn -0.627679 0.777638 -0.0360341
v 0.336253 0.051408 0.117381
vn -0.784169 0.596504 0.171061
v 0.339191 0.053063 0.123076
vn -0.733956 0.634323 0.242783
v 0.339059 0.054862 0.117015
vn -0.701998 0.699904 0.131654
v 0.342237 0.056229 0.122911
vn -0.635634 0.738562 0.224713
v 0.342235 0.054124 0.128376
vn -0.670284 0.671982 0.314896
v 0.345675 0.056907 0.128802
vn -0.562682 0.765831 0.311275
v 0.335888 0.052248 0.11046
vn -0.743253 0.666725 0.0552588
v 0.333025 0.048557 0.110804
vn -0.791234 0.596565 0.134382
v 0.333563 0.047397 0.11757
vn -0.81708 0.537288 0.209049
v 0.330018 0.044418 0.111074
vn -0.814089 0.549164 0.188888
v 0.33081 0.042939 0.117694
vn -0.847926 0.457579 0.267663
v 0.32725 0.039908 0.111266
vn -0.849678 0.458938 0.259659
v 0.336486 0.049392 0.123404
vn -0.801537 0.541119 0.25442
v 0.33932 0.050839 0.128311
vn -0.74893 0.579163 0.321983
v 0.334066 0.045194 0.123582
vn -0.83989 0.458269 0.290815
v 0.336821 0.047102 0.128412
vn -0.815119 0.467884 0.341563
v 0.347947 0.05348 0.137725
vn -0.551133 0.66638 0.502185
v 0.351859 0.055459 0.13879
vn -0.428578 0.752356 0.50028
v 0.349014 0.056636 0.134041
vn -0.489439 0.765378 0.417907
v 0.345261 0.054383 0.13325
vn -0.598872 0.685328 0.41434
v 0.356006 0.057011 0.139195
vn -0.266363 0.838608 0.475172
v 0.352979 0.058636 0.134387
vn -0.335411 0.847831 0.410709
v 0.344589 0.051574 0.136028
vn -0.636642 0.595052 0.490509
v 0.342016 0.051519 0.132421
vn -0.692116 0.591966 0.412979
v 0.341807 0.048143 0.136284
vn -0.713505 0.508183 0.482349
v 0.339424 0.048489 0.131853
vn -0.75874 0.502861 0.414058
v 0.346 0.049546 0.140047
vn -0.619163 0.561715 0.548738
v 0.350274 0.051861 0.142105
vn -0.525826 0.632694 0.568511
v 0.343265 0.046272 0.139844
vn -0.680488 0.492906 0.542199
v 0.345388 0.046292 0.142337
vn -0.635001 0.509573 0.580611
v 0.354757 0.053661 0.143564
vn -0.389234 0.726189 0.566698
v 0.359652 0.054754 0.144857
vn -0.248787 0.801687 0.54351
v 0.365964 0.058246 0.13904
vn 0.0441252 0.9483 0.314292
v 0.363222 0.059947 0.133856
vn 0.0394926 0.972065 0.231364
v 0.361488 0.057974 0.139866
vn -0.101678 0.909518 0.403037
v 0.357206 0.059859 0.133964
vn -0.10091 0.935967 0.337316
v 0.366524 0.056793 0.14295
vn 0.025615 0.896385 0.442535
v 0.363948 0.055712 0.144672
vn -0.0880934 0.853778 0.51313
v 0.370223 0.057054 0.141441
vn 0.173842 0.91995 0.351385
v 0.368582 0.058703 0.136773
vn 0.121973 0.949548 0.28893
v 0.367548 0.060142 0.132389
vn 0.0932347 0.982697 0.160045
v 0.330528 0.00935 0.11513
vn -0.250672 -0.903874 0.346664
v 0.333682 0.011535 0.122676
vn -0.313367 -0.875014 0.368987
v 0.326998 0.012872 0.117852
vn -0.484661 -0.748426 0.452729
v 0.326998 0.012872 0.117852
vn -0.870919 -0.260911 0.416445
v 0.330182 0.015961 0.124752
vn -0.850515 -0.257798 0.458436
v 0.325692 0.018926 0.118331
vn -0.893657 -0.152561 0.422023
v 0.336572 0.013082 0.129986
vn -0.398282 -0.848238 0.349089
v 0.330182 0.015961 0.124752
vn -0.597773 -0.661292 0.453167
v 0.333208 0.01792 0.132167
vn -0.847783 -0.255596 0.464688
v 0.328719 0.021858 0.125607
vn -0.895759 -0.135641 0.423342
v 0.324092 0.009532 0.107993
vn -0.437934 -0.833259 0.33748
v 0.32811 0.006746 0.105631
vn -0.222844 -0.939079 0.26167
v 0.321719 0.008083 0.099195
vn -0.469129 -0.860263 0.199662
v 0.322378 0.014976 0.108856
vn -0.897905 -0.220398 0.381039
v 0.324092 0.009532 0.107993
vn -0.858046 -0.373664 0.352324
v 0.335357 0.008488 0.112913
vn -0.0126933 -0.963287 0.268172
v 0.333172 0.006021 0.102845
vn -0.025341 -0.977694 0.208502
v 0.340905 0.007354 0.10876
vn -0.0276364 -0.966165 0.256439
v 0.339019 0.005137 0.099273
vn -0.0393333 -0.978662 0.201678
v 0.338257 0.01063 0.119941
vn -0.0270104 -0.966363 0.25576
v 0.34112 0.01211 0.127099
vn -0.0494629 -0.976266 0.210852
v 0.343135 0.009827 0.117112
vn -0.029685 -0.962625 0.269205
v 0.34623 0.01123 0.123847
vn -0.0373818 -0.976898 0.210411
v 0.343722 0.018579 0.142373
vn -0.405968 -0.587654 0.699895
v 0.340698 0.024131 0.144492
vn -0.47527 -0.52454 0.706383
v 0.33655 0.020874 0.138699
vn -0.566255 -0.508428 0.648735
v 0.339837 0.014436 0.136734
vn -0.43375 -0.7235 0.537037
v 0.333208 0.01792 0.132167
vn -0.645878 -0.591976 0.482085
v 0.340698 0.024131 0.144492
vn -0.731226 -0.184635 0.656673
v 0.340453 0.030156 0.145875
vn -0.749743 0.00142253 0.661727
v 0.335629 0.028203 0.139781
vn -0.828935 0.00204723 0.559341
v 0.33655 0.020874 0.138699
vn -0.79214 -0.203639 0.575366
v 0.331642 0.024251 0.132662
vn -0.879711 -0.0780882 0.469053
v 0.347502 0.014771 0.140202
vn -0.158641 -0.859517 0.485864
v 0.344187 0.013314 0.13392
vn -0.057704 -0.97302 0.223387
v 0.352407 0.013707 0.136925
vn -0.0375106 -0.973211 0.226832
v 0.349198 0.012538 0.130751
vn -0.0365028 -0.97889 0.201103
v 0.351226 0.018414 0.145454
vn -0.205961 -0.688721 0.695157
v 0.347735 0.022348 0.147631
vn -0.355803 -0.57886 0.733706
v 0.355738 0.015034 0.142627
vn -0.0925363 -0.872516 0.479742
v 0.345103 0.028022 0.149992
vn -0.67338 -0.108132 0.731345
v 0.345103 0.028022 0.149992
vn -0.429993 -0.495384 0.754785
v 0.339618 0.039493 0.140563
vn -0.770989 0.378075 0.51248
v 0.337414 0.040059 0.13621
vn -0.812346 0.374538 0.447006
v 0.335848 0.035182 0.137466
vn -0.83986 0.277485 0.466516
v 0.339125 0.0347 0.14294
vn -0.782676 0.248956 0.570473
v 0.333929 0.038272 0.131101
vn -0.858224 0.334088 0.389662
v 0.332199 0.031358 0.132364
vn -0.890358 0.189154 0.414106
v 0.342861 0.039799 0.144634
vn -0.701156 0.388851 0.597642
v 0.343185 0.035885 0.147154
vn -0.720895 0.296758 0.626295
v 0.344063 0.032875 0.149387
vn -0.712434 0.115556 0.69216
v 0.342902 0.043322 0.142015
vn -0.696225 0.451121 0.558355
v 0.340269 0.043724 0.138111
vn -0.758404 0.428807 0.490864
v 0.337549 0.044186 0.133067
vn -0.805233 0.411431 0.426995
v 0.326632 0.031756 0.118316
vn -0.896947 0.235737 0.374051
v 0.32558 0.02544 0.118582
vn -0.916107 0.0533926 0.397362
v 0.328764 0.028101 0.125495
vn -0.915442 0.11985 0.38419
v 0.330086 0.034361 0.125054
vn -0.891993 0.276329 0.357757
v 0.328493 0.03761 0.11797
vn -0.875699 0.353548 0.32887
v 0.3318 0.040315 0.123944
vn -0.867606 0.36759 0.334869
v 0.334814 0.042922 0.128385
vn -0.84623 0.395015 0.357574
v 0.324613 0.034381 0.111515
vn -0.882214 0.342656 0.322932
v 0.322927 0.028552 0.111685
vn -0.91904 0.161487 0.359565
v 0.322141 0.021658 0.110694
vn -0.926327 -0.0310203 0.37544
v 0.387049 0.000912 0.083303
vn -0.033462 -0.987409 0.154606
v 0.387809 0.002136 0.090948
vn -0.02827 -0.984265 0.174421
v 0.379049 0.001515 0.086767
vn -0.00833303 -0.98788 0.154998
v 0.380044 0.002976 0.094526
vn -0.00747013 -0.98182 0.189669
v 0.370828 0.002188 0.090921
vn -0.0263441 -0.985378 0.168333
v 0.387911 0.003499 0.098232
vn -0.0332854 -0.98114 0.190409
v 0.381124 0.004462 0.102251
vn -0.0206952 -0.978055 0.207315
v 0.372092 0.003791 0.098706
vn -0.0141464 -0.977781 0.209152
v 0.378072 0.000466 0.078833
vn -0.0377681 -0.994352 0.0991852
v 0.386312 -0.000251 0.075438
vn -0.0586496 -0.992248 0.109567
v 0.369621 0.001077 0.08285
vn -0.0525127 -0.993813 0.0978639
v 0.393884 2.4e-05 0.080528
vn -0.0704667 -0.984725 0.159223
v 0.394126 -0.001157 0.072492
vn -0.0837323 -0.991662 0.0979537
v 0.39435 0.001346 0.087884
vn -0.0614497 -0.982426 0.176247
v 0.394899 0.002501 0.094757
vn -0.0557371 -0.981906 0.18098
v 0.390016 0.006167 0.111056
vn -0.0498472 -0.974314 0.219608
v 0.383957 0.00755 0.115805
vn -0.0492425 -0.973423 0.223658
v 0.382401 0.006094 0.109682
vn -0.0329392 -0.972053 0.232439
v 0.388927 0.004829 0.105151
vn -0.0363297 -0.977111 0.209605
v 0.377065 0.008987 0.120562
vn -0.0514202 -0.973718 0.221878
v 0.37511 0.007542 0.114307
vn -0.0325402 -0.968134 0.248308
v 0.373448 0.00562 0.106605
vn -0.0198856 -0.971762 0.235123
v 0.395553 0.004909 0.106882
vn -0.045549 -0.976742 0.209524
v 0.394916 0.00376 0.101032
vn -0.0526567 -0.978313 0.200326
v 0.39653 0.00598 0.112229
vn -0.0343494 -0.975108 0.219054
v 0.391458 0.007243 0.116645
vn -0.0522089 -0.97526 0.214808
v 0.385896 0.00865 0.12157
vn -0.0573522 -0.975177 0.213871
v 0.379443 0.010115 0.126424
vn -0.0551382 -0.974475 0.217619
v 0.363627 0.011695 0.12966
vn -0.0480554 -0.975547 0.214474
v 0.360889 0.010404 0.123252
vn -0.0493666 -0.972292 0.228497
v 0.370194 0.010372 0.125203
vn -0.0511703 -0.974818 0.217052
v 0.367837 0.009025 0.118849
vn -0.0417679 -0.967478 0.249483
v 0.358548 0.008776 0.116452
vn -0.0458441 -0.960853 0.273239
v 0.365866 0.00704 0.111756
vn -0.028973 -0.964887 0.261061
v 0.372918 0.011505 0.131088
vn -0.0500528 -0.973761 0.222001
v 0.366662 0.012842 0.135531
vn -0.0442087 -0.973838 0.222902
v 0.357912 0.012701 0.133145
vn -0.039879 -0.976709 0.210831
v 0.361096 0.013868 0.138998
vn -0.0396466 -0.970688 0.237049
v 0.354925 0.011487 0.12687
vn -0.0439172 -0.977013 0.208607
v 0.351775 0.010305 0.120597
vn -0.0500965 -0.967786 0.24674
v 0.354847 0.00436 0.099637
vn -0.0406395 -0.977189 0.208448
v 0.362692 0.00327 0.094893
vn -0.0303115 -0.984039 0.175354
v 0.364168 0.004946 0.103206
vn -0.0218933 -0.973968 0.225625
v 0.356543 0.006392 0.108129
vn -0.0429172 -0.9649 0.259088
v 0.347475 0.00585 0.104028
vn -0.0510084 -0.969816 0.238442
v 0.349472 0.008285 0.113441
vn -0.050548 -0.959229 0.278075
v 0.345795 0.004011 0.095232
vn -0.0528985 -0.982802 0.176923
v 0.353267 0.002927 0.09126
vn -0.0406729 -0.990685 0.129956
v 0.361268 0.002198 0.08662
vn -0.0545665 -0.992509 0.109311
v -0.002078 0.094494 -0.108339
vn -0.599226 -0.00484171 -0.800566
v -0.001958 0.100191 -0.108925
vn -0.576126 -0.0595399 -0.815189
v 0.004307 0.094606 -0.112668
vn -0.501744 0.0354604 -0.864289
v 0.004046 0.101031 -0.11281
vn -0.452987 -0.0229436 -0.891222
v 0.010748 0.096485 -0.115702
vn -0.320642 0.0723607 -0.944433
v 0.010049 0.102121 -0.11531
vn -0.260887 0.0288755 -0.964937
v 0.001115 0.089159 -0.111028
vn -0.575125 0.0969656 -0.812299
v 0.006867 0.087988 -0.115007
vn -0.48621 0.154907 -0.860002
v 0.003078 0.0841 -0.11325
vn -0.56326 0.166338 -0.809364
v 0.011888 0.090925 -0.116876
vn -0.336695 0.181401 -0.923975
v 0.013367 0.085578 -0.118716
vn -0.321968 0.238438 -0.916234
v -0.003869 0.089043 -0.107234
vn -0.637648 0.0690619 -0.767226
v -0.006151 0.093274 -0.105094
vn -0.646722 0.0128392 -0.762618
v -0.00827 0.088888 -0.103304
vn -0.693662 0.0392726 -0.719229
v -0.001757 0.084298 -0.10963
vn -0.625179 0.131879 -0.769259
v -0.006434 0.084208 -0.105511
vn -0.684286 0.0989861 -0.722464
v -0.007599 0.099103 -0.104197
vn -0.626313 -0.0511734 -0.77789
v -0.010281 0.094024 -0.101274
vn -0.702126 0.00120498 -0.712052
v 0.024787 0.098294 -0.116561
vn 0.151753 0.170954 -0.973522
v 0.017348 0.097403 -0.116964
vn -0.0776657 0.119237 -0.989824
v 0.016826 0.103165 -0.116703
vn -0.0746185 0.038376 -0.996473
v 0.031942 0.098973 -0.114432
vn 0.418896 0.208551 -0.88376
v 0.038087 0.099847 -0.110697
vn 0.607278 0.194087 -0.770418
v 0.032642 0.093673 -0.11541
vn 0.3667 0.294925 -0.882355
v 0.025667 0.093081 -0.117592
vn 0.144884 0.280037 -0.948993
v 0.03351 0.088848 -0.117078
vn 0.343761 0.360368 -0.867158
v 0.038445 0.094157 -0.111785
vn 0.562814 0.284419 -0.776109
v 0.039376 0.089362 -0.113597
vn 0.536692 0.381178 -0.752772
v 0.018332 0.092206 -0.118116
vn -0.0898844 0.243258 -0.965788
v 0.026556 0.088159 -0.119223
vn 0.138165 0.340276 -0.93012
v 0.019646 0.087357 -0.119721
vn -0.100557 0.293336 -0.950706
v 0.00567 0.074811 -0.117337
vn -0.538458 0.224639 -0.812158
v 0.011575 0.074496 -0.120982
vn -0.406695 0.24591 -0.879845
v 0.006917 0.069929 -0.119614
vn -0.515551 0.25286 -0.8187
v 0.012284 0.068808 -0.122919
vn -0.36362 0.255532 -0.895815
v 0.00801 0.06509 -0.121898
vn -0.47944 0.241843 -0.843593
v 0.017433 0.075651 -0.122734
vn -0.221554 0.255856 -0.940984
v 0.017463 0.071398 -0.123794
vn -0.209019 0.240636 -0.947842
v 0.018059 0.066755 -0.125069
vn -0.166675 0.245347 -0.955
v 0.001907 0.07067 -0.115857
vn -0.594687 0.228022 -0.770943
v 0.000817 0.07516 -0.113734
vn -0.604516 0.201457 -0.770698
v -0.002748 0.070527 -0.112009
vn -0.653978 0.197779 -0.730202
v 0.002918 0.065684 -0.118187
vn -0.589817 0.237175 -0.771922
v -0.001737 0.065925 -0.114213
vn -0.656039 0.202108 -0.727163
v 0.00436 0.079368 -0.115286
vn -0.556169 0.200231 -0.806588
v -0.000365 0.079778 -0.111685
vn -0.61585 0.176079 -0.767936
v -0.003808 0.075036 -0.109863
vn -0.660893 0.182083 -0.728056
v -0.005019 0.079596 -0.107656
vn -0.674263 0.15227 -0.722623
v 0.008845 0.078414 -0.118385
vn -0.474682 0.229041 -0.849833
v 0.014367 0.080114 -0.12054
vn -0.308507 0.258922 -0.915305
v 0.008395 0.082811 -0.117027
vn -0.474107 0.206678 -0.855866
v 0.01066 0.05539 -0.125543
vn -0.404725 0.158275 -0.900637
v 0.010065 0.059991 -0.124223
vn -0.426136 0.207742 -0.880483
v 0.014629 0.056512 -0.126779
vn -0.270011 0.190361 -0.943852
v 0.015219 0.060162 -0.1261
vn -0.257836 0.218298 -0.941205
v 0.019282 0.057669 -0.127432
vn -0.11331 0.210519 -0.971001
v 0.013499 0.064056 -0.124673
vn -0.311373 0.237082 -0.920238
v 0.01898 0.062189 -0.126363
vn -0.127291 0.232429 -0.964248
v 0.014347 0.052376 -0.127319
vn -0.291079 0.104513 -0.950973
v 0.009879 0.051555 -0.125657
vn -0.413709 0.0869271 -0.90625
v 0.013992 0.047898 -0.127526
vn -0.317865 0.0501706 -0.946808
v 0.019091 0.053123 -0.128323
vn -0.142123 0.154462 -0.977723
v 0.018828 0.048497 -0.128798
vn -0.183964 0.0784787 -0.979795
v 0.005877 0.055269 -0.122965
vn -0.532684 0.160983 -0.830862
v 0.006243 0.050512 -0.123932
vn -0.505468 0.0703491 -0.859972
v 0.002367 0.0506 -0.121246
vn -0.626754 0.0790419 -0.775198
v 0.009483 0.047123 -0.125673
vn -0.426867 0.0302423 -0.903809
v 0.005193 0.046453 -0.12335
vn -0.546122 0.000384525 -0.837705
v 0.004078 0.060813 -0.120557
vn -0.566185 0.196821 -0.800435
v 0.000477 0.055767 -0.118716
vn -0.650336 0.138779 -0.746863
v -0.000867 0.061064 -0.116369
vn -0.660436 0.180935 -0.728757
v 0.030033 0.060276 -0.126843
vn 0.0966253 0.221202 -0.970429
v 0.024376 0.059099 -0.127378
vn -0.0019233 0.218463 -0.975843
v 0.024039 0.063951 -0.126304
vn -0.012187 0.23116 -0.972839
v 0.029899 0.065159 -0.125721
vn 0.109399 0.240718 -0.96441
v 0.023632 0.068715 -0.125134
vn -0.0270284 0.234814 -0.971664
v 0.03623 0.060859 -0.125775
vn 0.225434 0.243392 -0.943366
v 0.036269 0.065868 -0.12435
vn 0.255195 0.263798 -0.930208
v 0.042382 0.06128 -0.123614
vn 0.383832 0.272367 -0.88232
v 0.029729 0.069867 -0.124571
vn 0.118656 0.241439 -0.963134
v 0.036015 0.070616 -0.123121
vn 0.280905 0.273646 -0.919897
v 0.042411 0.066302 -0.121917
vn 0.415232 0.294948 -0.860574
v 0.035872 0.055974 -0.126975
vn 0.20023 0.218 -0.955188
v 0.029752 0.055401 -0.127948
vn 0.0896411 0.210783 -0.973414
v 0.035501 0.050907 -0.128177
vn 0.175151 0.208811 -0.962143
v 0.042207 0.056175 -0.125139
vn 0.35675 0.231532 -0.905054
v 0.04183 0.05128 -0.126449
vn 0.330653 0.211003 -0.919862
v 0.024258 0.054285 -0.12845
vn -0.00836433 0.194562 -0.980855
v 0.029508 0.050259 -0.129019
vn 0.066247 0.173091 -0.982675
v 0.023881 0.049558 -0.129243
vn -0.0385106 0.129409 -0.990843
v 0.028362 0.079057 -0.122189
vn 0.131994 0.311735 -0.940956
v 0.029173 0.074475 -0.123488
vn 0.127619 0.272507 -0.953653
v 0.02209 0.077774 -0.122842
vn -0.0663006 0.28207 -0.9571
v 0.023172 0.073293 -0.124075
vn -0.0343555 0.238395 -0.97056
v 0.020736 0.08262 -0.121304
vn -0.09917 0.286593 -0.952906
v 0.027528 0.083587 -0.120793
vn 0.135962 0.334267 -0.93262
v 0.034911 0.079819 -0.120236
vn 0.326703 0.352241 -0.877035
v 0.034214 0.084251 -0.11869
vn 0.338207 0.362729 -0.868357
v 0.041001 0.080334 -0.116942
vn 0.504876 0.376894 -0.776564
v 0.040143 0.084852 -0.115274
vn 0.520622 0.376516 -0.766282
v 0.035615 0.075251 -0.121773
vn 0.306183 0.32139 -0.896081
v 0.04154 0.075798 -0.118742
vn 0.483465 0.364581 -0.795828
v 0.04207 0.071125 -0.120415
vn 0.452462 0.322124 -0.831574
v 0.009013 0.036657 -0.125426
vn -0.478572 -0.0608072 -0.87594
v 0.013392 0.037417 -0.127448
vn -0.347704 -0.0503846 -0.93625
v 0.013381 0.031682 -0.126973
vn -0.351409 -0.115002 -0.929132
v 0.009102 0.030953 -0.124882
vn -0.498813 -0.142338 -0.854942
v 0.01359 0.026113 -0.126087
vn -0.377509 -0.175577 -0.909208
v 0.018232 0.038009 -0.128972
vn -0.228916 -0.0434904 -0.972474
v 0.01811 0.032343 -0.128418
vn -0.227251 -0.107268 -0.96791
v 0.01804 0.026807 -0.127661
vn -0.241457 -0.139834 -0.960284
v 0.004897 0.035846 -0.122673
vn -0.593386 -0.092602 -0.799574
v 0.005108 0.030258 -0.121873
vn -0.611096 -0.173915 -0.772215
v 0.000971 0.035209 -0.1193
vn -0.679925 -0.121701 -0.723112
v 0.009552 0.02542 -0.123906
vn -0.520531 -0.205094 -0.828845
v 0.005797 0.024821 -0.120878
vn -0.62294 -0.223009 -0.749809
v 0.001326 0.029755 -0.11848
vn -0.688496 -0.19808 -0.697666
v 0.004949 0.041419 -0.123062
vn -0.571811 -0.0333009 -0.81971
v 0.00914 0.04217 -0.12566
vn -0.457585 -0.00601157 -0.889146
v 0.001122 0.040309 -0.120029
vn -0.656472 -0.0600644 -0.751955
v 0.001218 0.045666 -0.120313
vn -0.642868 -0.00769315 -0.765938
v 0.013706 0.04292 -0.127649
vn -0.334239 0.0154643 -0.942362
v 0.018652 0.04354 -0.128982
vn -0.211819 0.0310296 -0.976816
v 0.010058 0.01517 -0.121646
vn -0.564271 -0.180303 -0.80566
v 0.010058 0.020064 -0.122796
vn -0.541308 -0.202706 -0.816024
v 0.013886 0.015729 -0.124067
vn -0.460565 -0.176545 -0.869892
v 0.013906 0.020703 -0.125047
vn -0.420267 -0.180145 -0.889339
v 0.017977 0.016444 -0.126128
vn -0.339268 -0.146561 -0.929202
v 0.01801 0.021668 -0.126819
vn -0.289162 -0.140284 -0.946945
v 0.013262 0.011008 -0.122748
vn -0.476668 -0.232716 -0.847721
v 0.009461 0.010497 -0.120261
vn -0.576399 -0.227106 -0.784976
v 0.012689 0.006782 -0.120872
vn -0.452117 -0.419535 -0.787135
v 0.018104 0.011098 -0.125212
vn -0.368831 -0.225822 -0.901647
v 0.016379 0.007224 -0.123087
vn -0.407234 -0.398691 -0.821709
v 0.006599 0.014786 -0.118743
vn -0.658458 -0.176234 -0.731693
v 0.006046 0.010255 -0.117205
vn -0.676093 -0.219697 -0.7033
v 0.003378 0.014531 -0.115552
vn -0.732593 -0.181657 -0.655979
v 0.009037 0.006121 -0.118312
vn -0.550042 -0.431105 -0.715264
v 0.00569 0.006007 -0.115184
vn -0.645982 -0.402474 -0.64863
v 0.006538 0.019547 -0.11995
vn -0.639642 -0.208823 -0.739764
v 0.003243 0.01919 -0.116677
vn -0.708448 -0.215913 -0.671925
v 0.002295 0.024387 -0.117506
vn -0.693283 -0.238863 -0.679929
v 0.027252 0.018264 -0.128224
vn -0.0604296 -0.0959094 -0.993554
v 0.022463 0.017423 -0.127487
vn -0.196009 -0.112215 -0.97416
v 0.022682 0.022465 -0.127995
vn -0.160312 -0.105934 -0.981365
v 0.027752 0.023563 -0.128642
vn -0.0518909 -0.103227 -0.993303
v 0.022979 0.027681 -0.128646
vn -0.139774 -0.125597 -0.982186
v 0.032631 0.019391 -0.128307
vn 0.0632037 -0.0950749 -0.993462
v 0.033387 0.024602 -0.128759
vn 0.0843353 -0.105346 -0.990853
v 0.038615 0.020972 -0.127633
vn 0.1781 -0.0808391 -0.980686
v 0.028245 0.028519 -0.129346
vn -0.0330538 -0.119325 -0.992305
v 0.03408 0.030139 -0.129283
vn 0.109353 -0.0990646 -0.989054
v 0.039493 0.026354 -0.127986
vn 0.2174 -0.0905298 -0.971875
v 0.031854 0.014436 -0.127769
vn 0.0442226 -0.141556 -0.988942
v 0.026932 0.013437 -0.127639
vn -0.0714575 -0.158523 -0.984766
v 0.031153 0.01006 -0.126966
vn 0.023411 -0.249954 -0.967975
v 0.03742 0.015585 -0.127398
vn 0.132545 -0.100335 -0.986086
v 0.036072 0.010893 -0.126855
vn 0.0912801 -0.209055 -0.973634
v 0.022388 0.012578 -0.126827
vn -0.216643 -0.183246 -0.958899
v 0.026668 0.009232 -0.126702
vn -0.0816541 -0.292738 -0.9527
v 0.02252 0.008277 -0.125755
vn -0.207606 -0.327673 -0.921699
v 0.028977 0.039588 -0.13013
vn 0.018393 0.0175634 -0.999677
v 0.028647 0.034052 -0.129962
vn -0.00647505 -0.0767979 -0.997026
v 0.023455 0.038377 -0.129922
vn -0.111079 -0.0235518 -0.993532
v 0.023186 0.032853 -0.129367
vn -0.132381 -0.1068 -0.985428
v 0.023864 0.044102 -0.129793
vn -0.0776356 0.061966 -0.995054
v 0.029348 0.045108 -0.12974
vn 0.0357984 0.100088 -0.994334
v 0.034894 0.041143 -0.129677
vn 0.137364 0.0457198 -0.989465
v 0.035159 0.046123 -0.129198
vn 0.144654 0.136608 -0.980007
v 0.040656 0.042979 -0.128316
vn 0.296446 0.0837061 -0.951374
v 0.040096 0.047321 -0.127898
vn 0.285554 0.173247 -0.942573
v 0.034517 0.035694 -0.129731
vn 0.128022 -0.0417384 -0.990893
v 0.04059 0.037847 -0.128543
vn 0.278756 0.00270659 -0.960358
v 0.040167 0.032194 -0.128411
vn 0.250183 -0.0720259 -0.965516
v 0.050485 0.094215 -0.097092
vn 0.841855 0.27864 -0.462212
v 0.047191 0.094422 -0.102407
vn 0.790818 0.268962 -0.549788
v 0.051166 0.0896 -0.09866
vn 0.829215 0.317063 -0.460297
v 0.053419 0.093918 -0.091687
vn 0.872093 0.262165 -0.413186
v 0.054118 0.08938 -0.093091
vn 0.8653 0.29487 -0.405349
v 0.043173 0.100052 -0.105856
vn 0.720895 0.192318 -0.665826
v 0.043298 0.094373 -0.107361
vn 0.705443 0.259128 -0.659699
v 0.048005 0.089614 -0.103989
vn 0.777742 0.339458 -0.529042
v 0.044113 0.089662 -0.109074
vn 0.68344 0.372062 -0.628077
v 0.059383 0.089123 -0.076193
vn 0.967673 0.226001 -0.111951
v 0.059915 0.089256 -0.070395
vn 0.981965 0.174183 -0.0735207
v 0.058416 0.089177 -0.081895
vn 0.947409 0.233935 -0.218381
v 0.056565 0.089276 -0.087393
vn 0.902804 0.272288 -0.332873
v 0.04974 0.080731 -0.107526
vn 0.760137 0.382276 -0.525411
v 0.053164 0.080742 -0.102153
vn 0.805839 0.371393 -0.461185
v 0.054114 0.076444 -0.103993
vn 0.803028 0.381982 -0.457423
v 0.050823 0.076305 -0.109504
vn 0.74909 0.399668 -0.528327
v 0.05515 0.071808 -0.106102
vn 0.801768 0.390279 -0.452604
v 0.056061 0.080845 -0.096484
vn 0.847231 0.361296 -0.389442
v 0.057089 0.076526 -0.0983
vn 0.848645 0.357825 -0.389568
v 0.05805 0.071972 -0.100288
vn 0.844498 0.370494 -0.386726
v 0.045889 0.08064 -0.112684
vn 0.663249 0.389494 -0.639058
v 0.046746 0.076203 -0.114471
vn 0.639461 0.390081 -0.662515
v 0.051771 0.07174 -0.111594
vn 0.7361 0.397329 -0.547985
v 0.047485 0.071602 -0.116476
vn 0.60896 0.373363 -0.699834
v 0.045008 0.085122 -0.110937
vn 0.677967 0.37844 -0.630194
v 0.048893 0.085156 -0.105776
vn 0.768612 0.366283 -0.524474
v 0.052126 0.08514 -0.100366
vn 0.815354 0.362675 -0.451292
v 0.055003 0.085118 -0.094748
vn 0.850958 0.350707 -0.390991
v 0.053435 0.061824 -0.115906
vn 0.68992 0.318888 -0.649862
v 0.052693 0.066942 -0.113834
vn 0.715226 0.37405 -0.590372
v 0.057478 0.061901 -0.110461
vn 0.798954 0.33983 -0.496173
v 0.056333 0.067091 -0.108124
vn 0.796946 0.388175 -0.462815
v 0.060692 0.062101 -0.104243
vn 0.854763 0.335419 -0.396072
v 0.059401 0.067193 -0.102151
vn 0.842968 0.377248 -0.383523
v 0.058205 0.056293 -0.112702
vn 0.79207 0.279083 -0.542898
v 0.053839 0.05623 -0.117851
vn 0.666179 0.263427 -0.697719
v 0.058827 0.050315 -0.114535
vn 0.778664 0.210708 -0.591003
v 0.061524 0.05635 -0.106693
vn 0.86496 0.279725 -0.416651
v 0.062412 0.050279 -0.108651
vn 0.866792 0.22306 -0.446
v 0.048346 0.061605 -0.120297
vn 0.539158 0.294446 -0.789057
v 0.048393 0.056185 -0.122067
vn 0.513517 0.24569 -0.822154
v 0.054086 0.050341 -0.119627
vn 0.641073 0.196366 -0.741934
v 0.048137 0.050899 -0.12358
vn 0.486566 0.19722 -0.851092
v 0.04802 0.066684 -0.118387
vn 0.570931 0.334521 -0.749755
v 0.064871 0.062251 -0.091196
vn 0.941349 0.275863 -0.194323
v 0.063139 0.062212 -0.097946
vn 0.903971 0.31296 -0.291365
v 0.061825 0.067386 -0.095842
vn 0.889434 0.348701 -0.29549
v 0.063663 0.067264 -0.089317
vn 0.928077 0.316297 -0.196542
v 0.060561 0.072067 -0.094016
vn 0.890215 0.345905 -0.296422
v 0.065888 0.06228 -0.084396
vn 0.961922 0.247175 -0.116661
v 0.064722 0.067204 -0.082733
vn 0.951183 0.284892 -0.118692
v 0.066547 0.062202 -0.077526
vn 0.970798 0.236039 -0.042847
v 0.062268 0.071893 -0.087739
vn 0.926113 0.31663 -0.205085
v 0.063515 0.071798 -0.081348
vn 0.950744 0.284045 -0.124114
v 0.065244 0.067196 -0.076111
vn 0.964286 0.26249 -0.0353673
v 0.066993 0.056732 -0.086162
vn 0.973596 0.197301 -0.114816
v 0.065903 0.056664 -0.093298
vn 0.954685 0.228836 -0.190288
v 0.067858 0.050614 -0.088078
vn 0.984788 0.144577 -0.0963888
v 0.067612 0.056783 -0.079017
vn 0.982936 0.175384 -0.0554715
v 0.068373 0.050715 -0.081034
vn 0.995697 0.0836086 -0.0399592
v 0.064216 0.056505 -0.100154
vn 0.916865 0.26184 -0.301328
v 0.066907 0.050555 -0.09518
vn 0.964161 0.191225 -0.183918
v 0.065167 0.050389 -0.102178
vn 0.924063 0.218123 -0.313897
v 0.060118 0.080677 -0.084638
vn 0.928442 0.306216 -0.210302
v 0.061248 0.076308 -0.086071
vn 0.92985 0.301828 -0.210425
v 0.058512 0.080738 -0.090639
vn 0.892407 0.336234 -0.300928
v 0.059516 0.076451 -0.092215
vn 0.895845 0.328845 -0.298869
v 0.057413 0.084965 -0.08897
vn 0.895162 0.319646 -0.310664
v 0.059113 0.084866 -0.083247
vn 0.93557 0.267213 -0.230882
v 0.061245 0.080562 -0.078657
vn 0.954288 0.272559 -0.122665
v 0.060265 0.084895 -0.077328
vn 0.96301 0.237306 -0.127664
v 0.06168 0.080607 -0.07255
vn 0.967882 0.246067 -0.0515294
v 0.060716 0.085112 -0.071363
vn 0.974812 0.215556 -0.0572549
v 0.06237 0.076304 -0.079844
vn 0.951352 0.284023 -0.119417
v 0.062826 0.076252 -0.073605
vn 0.964147 0.261482 -0.0452456
v 0.063999 0.071784 -0.074917
vn 0.963416 0.265243 -0.0384265
v 0.051177 0.037578 -0.123823
vn 0.54755 0.0274169 -0.836324
v 0.05704 0.036219 -0.119228
vn 0.704067 0.0339104 -0.709323
v 0.051436 0.031738 -0.123416
vn 0.547665 -0.0424306 -0.835621
v 0.055845 0.029076 -0.119885
vn 0.642193 -0.0249978 -0.766135
v 0.050705 0.025446 -0.12355
vn 0.513993 -0.0236818 -0.857468
v 0.062107 0.036712 -0.112546
vn 0.837116 0.0531307 -0.544439
v 0.060967 0.028283 -0.114933
vn 0.771973 0.0516263 -0.633555
v 0.055909 0.022815 -0.119874
vn 0.621715 0.0370558 -0.782366
v 0.04617 0.034534 -0.126496
vn 0.405422 -0.0272473 -0.913723
v 0.046371 0.040498 -0.126209
vn 0.430362 0.0719212 -0.899787
v 0.045555 0.028593 -0.126333
vn 0.383078 -0.0643742 -0.92147
v 0.05259 0.04373 -0.122238
vn 0.591337 0.125165 -0.796652
v 0.045733 0.045943 -0.125877
vn 0.433654 0.146703 -0.889057
v 0.05869 0.043954 -0.116416
vn 0.752343 0.114835 -0.648686
v 0.062696 0.043804 -0.110678
vn 0.859239 0.121804 -0.496862
v 0.04793 0.013335 -0.124914
vn 0.375082 -0.0850091 -0.923086
v 0.04975 0.019286 -0.12412
vn 0.455891 0.00873493 -0.889993
v 0.054842 0.015818 -0.1213
vn 0.566434 0.0122646 -0.824016
v 0.052575 0.009449 -0.122183
vn 0.471214 -0.110981 -0.875009
v 0.059054 0.0113 -0.118031
vn 0.667182 0.00552644 -0.744874
v 0.060608 0.019162 -0.116008
vn 0.717174 0.0467868 -0.695322
v 0.045715 0.008255 -0.124521
vn 0.280471 -0.22947 -0.93203
v 0.045715 0.008255 -0.124521
vn 0.295633 -0.4487 -0.843368
v 0.048392 0.004154 -0.121171
vn 0.360642 -0.597696 -0.716029
v 0.042474 0.004146 -0.123293
vn 0.220335 -0.522974 -0.823378
v 0.052575 0.009449 -0.122183
vn 0.46479 -0.441193 -0.767671
v 0.054978 0.005349 -0.118073
vn 0.53067 -0.579506 -0.618516
v 0.050411 0.001779 -0.117098
vn 0.301203 -0.874314 -0.380594
v 0.045812 0.001353 -0.117965
vn 0.170936 -0.965024 -0.198772
v 0.041877 0.011984 -0.126402
vn 0.192042 -0.161906 -0.967939
v 0.043437 0.017211 -0.126411
vn 0.260003 -0.0464264 -0.964491
v 0.039873 0.007611 -0.125512
vn 0.159029 -0.426664 -0.890319
v 0.039873 0.007611 -0.125512
vn 0.139129 -0.270574 -0.952593
v 0.044622 0.022747 -0.126329
vn 0.331031 -0.0476046 -0.942418
v 0.062471 0.005941 -0.107469
vn 0.694276 -0.682164 -0.22942
v 0.059922 0.005827 -0.113299
vn 0.661471 -0.622624 -0.418084
v 0.064034 0.012632 -0.112255
vn 0.787069 -0.430057 -0.442237
v 0.067333 0.012851 -0.106163
vn 0.948284 0.0159135 -0.317023
v 0.064034 0.012632 -0.112255
vn 0.807058 0.0148354 -0.590285
v 0.065258 0.021547 -0.110235
vn 0.861897 0.0733586 -0.501748
v 0.059054 0.0113 -0.118031
vn 0.66347 -0.397301 -0.634002
v 0.067333 0.012851 -0.106163
vn 0.83467 -0.509825 -0.208336
v 0.063902 0.006121 -0.10086
vn 0.719252 -0.692604 -0.0545454
v 0.06816 0.013452 -0.099212
vn 0.866034 -0.499001 -0.0313596
v 0.064303 0.006637 -0.093868
vn 0.73011 -0.683279 0.00831607
v 0.067643 0.021813 -0.103715
vn 0.964481 0.0529253 -0.258796
v 0.06816 0.013452 -0.099212
vn 0.992451 -0.0373832 -0.116806
v 0.068914 0.022004 -0.096825
vn 0.989663 -0.0287222 -0.14051
v 0.068608 0.013901 -0.091731
vn 0.994111 -0.101555 -0.0378068
v 0.05736 0.002379 -0.102245
vn 0.324476 -0.945524 -0.026463
v 0.055935 0.002149 -0.108153
vn 0.330238 -0.939847 -0.087352
v 0.050087 0.001553 -0.103765
vn 0.0973325 -0.995208 0.00937292
v 0.058032 0.00262 -0.09587
vn 0.334459 -0.942266 0.0165027
v 0.050655 0.00168 -0.097989
vn 0.102927 -0.994559 0.0160952
v 0.053765 0.002008 -0.113429
vn 0.335801 -0.920488 -0.19985
v 0.048985 0.001417 -0.109056
vn 0.0941883 -0.995541 -0.00515257
v 0.04747 0.00134 -0.113788
vn 0.0940598 -0.995284 -0.0237033
v 0.06808 0.037076 -0.099194
vn 0.965028 0.0682572 -0.253106
v 0.067645 0.029752 -0.101323
vn 0.955041 0.0442897 -0.293147
v 0.065558 0.036917 -0.106152
vn 0.911853 0.0517151 -0.407246
v 0.064922 0.029567 -0.108056
vn 0.895512 0.0867911 -0.436492
v 0.065817 0.043817 -0.104175
vn 0.92579 0.137857 -0.352005
v 0.06771 0.044053 -0.097137
vn 0.9696 0.146904 -0.19569
v 0.06924 0.037332 -0.092094
vn 0.995094 0.0766547 -0.0625487
v 0.068545 0.044154 -0.090139
vn 0.991695 0.114151 -0.0592587
v 0.068958 0.03723 -0.084974
vn 0.995949 0.0211285 0.0874028
v 0.068641 0.044223 -0.083115
vn 0.999177 0.0360786 0.0185364
v 0.069378 0.029912 -0.094276
vn 0.991648 0.0205518 -0.127329
v 0.06942 0.030103 -0.087212
vn 0.994227 0.0157977 0.106124
v 0.069667 0.022375 -0.08944
vn 0.998231 -0.0514238 0.0298315
v -0.008656 0.056017 -0.109221
vn -0.765516 0.0956854 -0.636262
v -0.012655 0.056219 -0.104019
vn -0.809435 0.0581062 -0.584328
v -0.009481 0.061298 -0.10732
vn -0.758246 0.116387 -0.641496
v -0.013632 0.061565 -0.10208
vn -0.799909 0.0764141 -0.595237
v -0.010496 0.066241 -0.105153
vn -0.752265 0.131267 -0.645652
v -0.016444 0.056648 -0.098391
vn -0.84201 0.0202184 -0.539082
v -0.017537 0.062002 -0.096426
vn -0.839231 0.0441147 -0.541983
v -0.014758 0.066527 -0.09987
vn -0.795623 0.102203 -0.597109
v -0.005235 0.061115 -0.11203
vn -0.713525 0.151226 -0.684114
v -0.004197 0.055641 -0.114258
vn -0.713377 0.117509 -0.690858
v -0.006206 0.065952 -0.109913
vn -0.706289 0.164523 -0.68854
v -0.007329 0.049927 -0.111626
vn -0.763671 0.0302183 -0.644898
v -0.002365 0.04957 -0.116927
vn -0.704253 0.0529824 -0.70797
v -0.00528 0.044476 -0.113815
vn -0.754584 -0.0462135 -0.654574
v -0.011666 0.050281 -0.105921
vn -0.814755 0.00837665 -0.579745
v -0.015607 0.051064 -0.099858
vn -0.850985 -0.0111315 -0.525071
v -0.009623 0.043767 -0.108337
vn -0.803625 -0.073003 -0.590641
v -0.014144 0.04481 -0.10183
vn -0.847853 -0.0908963 -0.522382
v -0.012608 0.075403 -0.100606
vn -0.757698 0.140154 -0.637377
v -0.011573 0.070825 -0.102914
vn -0.753419 0.145342 -0.641277
v -0.015607 0.071224 -0.097747
vn -0.795649 0.122682 -0.593205
v -0.016531 0.075728 -0.09559
vn -0.795366 0.103381 -0.597247
v -0.01928 0.071805 -0.092382
vn -0.836574 0.0865652 -0.540972
v -0.018465 0.06713 -0.094452
vn -0.839643 0.0749423 -0.537943
v -0.013642 0.079823 -0.098479
vn -0.757923 0.0973918 -0.645033
v -0.01755 0.080239 -0.093635
vn -0.78977 0.0514025 -0.611245
v -0.0149 0.084434 -0.096527
vn -0.75353 0.04043 -0.656169
v -0.0201 0.076281 -0.09045
vn -0.830663 0.0511656 -0.55442
v -0.021185 0.080759 -0.088685
vn -0.821346 -0.00191395 -0.570427
v -0.018856 0.084797 -0.091793
vn -0.782182 0.000926739 -0.623049
v -0.009522 0.079679 -0.103127
vn -0.721691 0.130057 -0.679888
v -0.008396 0.075198 -0.105377
vn -0.712242 0.16475 -0.682326
v -0.010764 0.084202 -0.101118
vn -0.726928 0.072151 -0.682913
v -0.007269 0.070695 -0.107665
vn -0.705359 0.169123 -0.688379
v -0.026451 0.078146 -0.07965
vn -0.891402 -0.0568892 -0.449628
v -0.02344 0.077119 -0.085134
vn -0.862716 -0.00992424 -0.505591
v -0.025508 0.073733 -0.081159
vn -0.895626 -0.0153031 -0.444545
v -0.022516 0.072643 -0.086866
vn -0.871048 0.034984 -0.48995
v -0.024709 0.068888 -0.082825
vn -0.901393 0.00912447 -0.432907
v -0.021795 0.067968 -0.088666
vn -0.877671 0.0436307 -0.477273
v -0.028228 0.0748 -0.075437
vn -0.914524 -0.0520414 -0.401171
v -0.029148 0.079308 -0.074084
vn -0.915303 -0.0736672 -0.395971
v -0.030551 0.075942 -0.070012
vn -0.929383 -0.0643941 -0.363458
v -0.027412 0.070144 -0.076896
vn -0.919252 -0.0246799 -0.392896
v -0.029735 0.071357 -0.071227
vn -0.927369 -0.0510335 -0.370651
v -0.027516 0.082544 -0.078316
vn -0.89338 -0.078667 -0.442362
v -0.03004 0.083712 -0.072847
vn -0.922519 -0.0808318 -0.377392
v -0.028641 0.08718 -0.076857
vn -0.902339 -0.0854302 -0.422476
v -0.031352 0.080452 -0.068814
vn -0.937022 -0.0688723 -0.342413
v -0.032046 0.084887 -0.067709
vn -0.941536 -0.0759471 -0.32824
v -0.03096 0.088234 -0.071601
vn -0.930814 -0.0892251 -0.354435
v -0.024545 0.081573 -0.083587
vn -0.856748 -0.0508633 -0.513221
v -0.025801 0.086234 -0.082076
vn -0.861974 -0.0692709 -0.502197
v -0.022467 0.085354 -0.087059
vn -0.815622 -0.0371543 -0.577391
v -0.023163 0.058403 -0.086376
vn -0.903445 -0.0120452 -0.428535
v -0.023991 0.063713 -0.084469
vn -0.905026 0.00989827 -0.425241
v -0.020965 0.062808 -0.0906
vn -0.877529 0.0276586 -0.478725
v -0.019987 0.057361 -0.092558
vn -0.873867 -0.00540087 -0.486135
v -0.022085 0.052601 -0.088118
vn -0.898638 -0.0565546 -0.435031
v -0.018958 0.051709 -0.09411
vn -0.876327 -0.0401503 -0.48004
v -0.020909 0.046541 -0.089483
vn -0.896304 -0.0988603 -0.43228
v -0.017679 0.045294 -0.095694
vn -0.875034 -0.101968 -0.473199
v -0.025049 0.053687 -0.081787
vn -0.917806 -0.0513068 -0.3937
v -0.02589 0.059482 -0.080124
vn -0.922259 -0.0155714 -0.386258
v -0.027578 0.054956 -0.07561
vn -0.929116 -0.0379892 -0.367832
v -0.023872 0.047524 -0.083263
vn -0.910144 -0.0973697 -0.402688
v -0.026607 0.048742 -0.077096
vn -0.921902 -0.0844425 -0.378109
v -0.026637 0.064863 -0.078513
vn -0.921886 -0.0107132 -0.387313
v -0.028271 0.060639 -0.074219
vn -0.933136 -0.0163608 -0.359152
v -0.028945 0.066167 -0.072659
vn -0.932338 -0.0294236 -0.360388
v -0.01012 0.011593 -0.091015
vn -0.904811 -0.247151 -0.346746
v -0.011147 0.016017 -0.091743
vn -0.886326 -0.27093 -0.375531
v -0.00846 0.01168 -0.09539
vn -0.889513 -0.235647 -0.391456
v -0.009461 0.016461 -0.095926
vn -0.880402 -0.247093 -0.404768
v -0.006324 0.012041 -0.100035
vn -0.86749 -0.225665 -0.443324
v -0.012086 0.020383 -0.092487
vn -0.866701 -0.301565 -0.397352
v -0.01069 0.021247 -0.09652
vn -0.861062 -0.284053 -0.421765
v -0.007562 0.017148 -0.100151
vn -0.858633 -0.234411 -0.455852
v -0.007372 0.007145 -0.09516
vn -0.898179 -0.232086 -0.373377
v -0.009347 0.007234 -0.090182
vn -0.865186 -0.39603 -0.307593
v -0.007372 0.007145 -0.09516
vn -0.844162 -0.378605 -0.379537
v -0.005828 0.002937 -0.094427
vn -0.745997 -0.594932 -0.299239
v -0.005216 0.007355 -0.09988
vn -0.871172 -0.223847 -0.436979
v -0.005216 0.007355 -0.09988
vn -0.830176 -0.357389 -0.427881
v -0.00357 0.003163 -0.099287
vn -0.736089 -0.563885 -0.374442
v -0.009347 0.007234 -0.090182
vn -0.911253 -0.238386 -0.335843
v -0.011734 0.011556 -0.086707
vn -0.902709 -0.268957 -0.335826
v -0.010928 0.007468 -0.085634
vn -0.910175 -0.263352 -0.319731
v -0.013087 0.011465 -0.082892
vn -0.895971 -0.289599 -0.336701
v -0.007748 0.003177 -0.089272
vn -0.749508 -0.619363 -0.233726
v -0.010928 0.007468 -0.085634
vn -0.865022 -0.418932 -0.276102
v -0.009527 0.003663 -0.084142
vn -0.755698 -0.622163 -0.204533
v -0.012886 0.00812 -0.080747
vn -0.854349 -0.450248 -0.259545
v -0.012376 0.015326 -0.087977
vn -0.885924 -0.304046 -0.350278
v -0.014574 0.020771 -0.087777
vn -0.854321 -0.338595 -0.394321
v -0.01483 0.016458 -0.082918
vn -0.871007 -0.345514 -0.349238
v -0.001865 0.013796 -0.108331
vn -0.812273 -0.185216 -0.553089
v -0.004118 0.012675 -0.104521
vn -0.844579 -0.209454 -0.492763
v -0.005161 0.017748 -0.104671
vn -0.833116 -0.226088 -0.504779
v -0.002534 0.018388 -0.108985
vn -0.803455 -0.237897 -0.54577
v -0.006544 0.023068 -0.105158
vn -0.826603 -0.266525 -0.495674
v -0.008715 0.022198 -0.100792
vn -0.845628 -0.261938 -0.465083
v 0.000689 0.014314 -0.112033
vn -0.787985 -0.189634 -0.585763
v 0.000242 0.018807 -0.113033
vn -0.768549 -0.233509 -0.595656
v -0.003851 0.023534 -0.109652
vn -0.796023 -0.265276 -0.544037
v -0.000915 0.023915 -0.113775
vn -0.750668 -0.25057 -0.61132
v 0.000615 0.010887 -0.110913
vn -0.792409 -0.184998 -0.581261
v -0.000879 0.009225 -0.108317
vn -0.813944 -0.223239 -0.53634
v 0.002225 0.00702 -0.111744
vn -0.738674 -0.313112 -0.596927
v 0.003045 0.010361 -0.113996
vn -0.747855 -0.210127 -0.62973
v -0.002877 0.008041 -0.104384
vn -0.843 -0.240885 -0.480963
v 0.000686 0.004623 -0.108438
vn -0.764258 -0.319248 -0.560348
v -0.002877 0.008041 -0.104384
vn -0.8265 -0.306602 -0.472116
v -0.001369 0.003457 -0.104047
vn -0.743284 -0.523008 -0.417122
v -0.005816 0.034061 -0.111317
vn -0.780751 -0.17486 -0.599877
v -0.005141 0.028902 -0.110317
vn -0.791278 -0.243276 -0.560978
v -0.008914 0.033707 -0.106865
vn -0.818789 -0.217547 -0.53128
v -0.008006 0.02856 -0.105695
vn -0.825023 -0.266604 -0.498257
v -0.011688 0.033132 -0.101866
vn -0.844683 -0.245814 -0.475484
v -0.010198 0.027501 -0.101139
vn -0.841064 -0.275272 -0.465658
v -0.008748 0.038139 -0.108442
vn -0.80258 -0.138261 -0.5803
v -0.006136 0.039433 -0.112055
vn -0.770624 -0.109592 -0.627797
v -0.01174 0.038665 -0.104165
vn -0.839508 -0.160071 -0.519233
v -0.002665 0.034789 -0.115335
vn -0.744726 -0.142933 -0.651884
v -0.002549 0.039778 -0.116314
vn -0.731496 -0.0927852 -0.675503
v -0.001885 0.044166 -0.117471
vn -0.705196 -0.0296376 -0.708393
v -0.002032 0.029355 -0.114595
vn -0.748548 -0.217951 -0.626237
v -0.017241 0.033114 -0.09143
vn -0.859444 -0.256573 -0.442184
v -0.013725 0.030931 -0.096834
vn -0.850124 -0.266738 -0.454026
v -0.0143 0.025818 -0.092479
vn -0.85147 -0.305963 -0.425893
v -0.011644 0.02565 -0.097388
vn -0.846573 -0.277159 -0.45442
v -0.018051 0.027861 -0.086393
vn -0.855941 -0.307329 -0.415829
v -0.020535 0.034446 -0.085665
vn -0.879957 -0.234312 -0.413247
v -0.021235 0.029418 -0.080833
vn -0.874024 -0.296828 -0.384675
v -0.018167 0.022923 -0.082051
vn -0.854911 -0.367624 -0.366033
v -0.019293 0.039775 -0.090868
vn -0.881124 -0.175911 -0.438948
v -0.022529 0.041212 -0.084421
vn -0.901508 -0.154367 -0.404295
v -0.023516 0.035757 -0.079597
vn -0.897441 -0.210295 -0.387782
v -0.025312 0.042299 -0.078375
vn -0.911903 -0.140929 -0.385451
v -0.015383 0.038189 -0.097592
vn -0.860732 -0.195651 -0.469959
v -0.029699 0.091955 -0.075527
vn -0.91765 -0.0959091 -0.385643
v -0.027027 0.09113 -0.080683
vn -0.88157 -0.0888458 -0.463616
v -0.023761 0.090311 -0.085653
vn -0.814631 -0.048732 -0.577929
v -0.031855 0.092823 -0.070408
vn -0.941946 -0.100416 -0.320396
v -0.033502 0.094046 -0.065556
vn -0.951019 -0.0804138 -0.298489
v -0.032766 0.089228 -0.066603
vn -0.9463 -0.0780703 -0.313722
v -0.018362 0.094498 -0.09295
vn -0.746098 -0.0540298 -0.66364
v -0.01442 0.094122 -0.097118
vn -0.723492 -0.0296142 -0.689697
v -0.016398 0.089216 -0.094728
vn -0.748114 -0.0209503 -0.66324
v -0.012285 0.088972 -0.099161
vn -0.725536 0.0101331 -0.688109
v -0.020212 0.089696 -0.090246
vn -0.778861 -0.0351649 -0.62621
v 0.001393 -0.001865 -0.084395
vn -0.0946555 -0.995501 -0.00419153
v 0.003153 -0.001944 -0.089841
vn -0.0812356 -0.996561 -0.0163204
v 0.009746 -0.00138 -0.086217
vn 0.070025 -0.997116 0.0292456
v 0.008122 -0.001315 -0.0806
vn 0.0634367 -0.99742 0.0336063
v 0.017074 -0.000739 -0.082221
vn 0.0717144 -0.997071 0.0265753
v 0.004999 -0.001997 -0.095171
vn -0.0755495 -0.996862 -0.0236349
v 0.011426 -0.001407 -0.091733
vn 0.0754952 -0.996794 0.0264835
v 0.018608 -0.000764 -0.087924
vn 0.0750118 -0.996915 0.0231001
v -0.000214 -0.001712 -0.078861
vn -0.115775 -0.993271 0.00305447
v 0.00659 -0.001212 -0.074968
vn 0.0560233 -0.997746 0.0369439
v -0.001692 -0.001521 -0.073359
vn -0.129015 -0.991642 -0.000732814
v 0.015545 -0.000686 -0.076471
vn 0.0680302 -0.9972 0.0310387
v 0.014057 -0.000595 -0.070745
vn 0.0644168 -0.997388 0.0326829
v 0.005142 -0.001082 -0.069408
vn 0.0492986 -0.998136 0.0359822
v -0.00599 0.000186 -0.082104
vn -0.459844 -0.884123 -0.0828848
v -0.004229 -0.000162 -0.087494
vn -0.436656 -0.892782 -0.11078
v -0.007516 0.000604 -0.076659
vn -0.47336 -0.876862 -0.0839303
v -0.011351 0.004286 -0.078907
vn -0.753226 -0.630925 -0.18597
v -0.002279 -0.000292 -0.092719
vn -0.421457 -0.896603 -0.135927
v -0.000348 -0.000387 -0.097875
vn -0.430726 -0.87873 -0.20569
v 0.03057 0.000682 -0.068168
vn 0.0812506 -0.99613 0.0335154
v 0.023061 -3e-05 -0.072298
vn 0.0740682 -0.99679 0.0303977
v 0.031989 0.000635 -0.074137
vn 0.0805927 -0.996262 0.0310972
v 0.024528 -9.5e-05 -0.07816
vn 0.0753868 -0.996749 0.0284336
v 0.033346 0.00054 -0.080127
vn 0.0806673 -0.996372 0.0271206
v 0.02594 -0.000131 -0.08401
vn 0.0761635 -0.996839 0.0226127
v 0.03937 0.001361 -0.070191
vn 0.0876467 -0.995516 0.0355893
v 0.037909 0.001465 -0.064107
vn 0.0886837 -0.995229 0.0406853
v 0.046523 0.002182 -0.066355
vn 0.104914 -0.993552 0.0429902
v 0.040724 0.001265 -0.07635
vn 0.0866078 -0.99574 0.0316373
v 0.048003 0.002065 -0.072664
vn 0.101612 -0.993982 0.0409324
v 0.029136 0.000792 -0.062307
vn 0.0815314 -0.995841 0.0406519
v 0.036447 0.001599 -0.058155
vn 0.088108 -0.995062 0.0457118
v 0.027723 0.000921 -0.056635
vn 0.0833666 -0.99566 0.0413563
v 0.045019 0.002291 -0.060138
vn 0.104065 -0.993493 0.046285
v 0.043539 0.002446 -0.054058
vn 0.102488 -0.992874 0.0608033
v 0.035006 0.001745 -0.052416
vn 0.0946412 -0.994332 0.0484468
v 0.021622 4.6e-05 -0.066503
vn 0.0724215 -0.996796 0.0339434
v 0.020231 0.000149 -0.060871
vn 0.0730903 -0.996625 0.0373716
v 0.012648 -0.000512 -0.065145
vn 0.0616887 -0.997536 0.0334219
v 0.035543 0.000483 -0.092017
vn 0.0817512 -0.996511 0.0168165
v 0.034539 0.000506 -0.086115
vn 0.0812646 -0.996482 0.0204856
v 0.027245 -0.000151 -0.089817
vn 0.0780786 -0.996765 0.0190742
v 0.028434 -0.000154 -0.095476
vn 0.0791421 -0.996769 0.0137116
v 0.020103 -0.000768 -0.093524
vn 0.0781092 -0.996769 0.0187042
v 0.036302 0.000455 -0.097712
vn 0.0815406 -0.996593 0.01239
v 0.029455 -0.000122 -0.100871
vn 0.0794276 -0.996809 0.00790188
v 0.036794 0.000445 -0.103058
vn 0.0805641 -0.996738 0.00471369
v 0.021518 -0.000731 -0.098924
vn 0.0809706 -0.99664 0.0123427
v 0.022858 -0.000675 -0.104019
vn 0.0821427 -0.996611 0.00431173
v 0.030332 -7.6e-05 -0.105866
vn 0.0799748 -0.996797 -0.000784248
v 0.043372 0.00109 -0.094676
vn 0.0853255 -0.996232 0.0155223
v 0.042803 0.00114 -0.088664
vn 0.0856906 -0.99613 0.0195663
v 0.050662 0.00178 -0.091841
vn 0.104642 -0.994348 0.0179605
v 0.043568 0.001026 -0.100393
vn 0.0845106 -0.996363 0.0109148
v 0.041895 0.001202 -0.082522
vn 0.0867914 -0.995914 0.0249322
v 0.05021 0.001873 -0.085464
vn 0.101663 -0.994541 0.0235214
v 0.049297 0.001971 -0.079038
vn 0.0991537 -0.994594 0.0308535
v 0.00892 -0.00186 -0.105249
vn -0.105734 -0.991183 -0.0798485
v 0.014845 -0.00134 -0.102245
vn 0.0841312 -0.996407 0.00976415
v 0.006961 -0.001978 -0.100324
vn -0.0840146 -0.994692 -0.0594112
v 0.013138 -0.001404 -0.097101
vn 0.0810897 -0.996502 0.0202054
v 0.001982 -2.7e-05 -0.102745
vn -0.455566 -0.853847 -0.251803
v 0.00396 0.00026 -0.107495
vn -0.507591 -0.785463 -0.354118
v 0.010647 -0.001559 -0.11088
vn -0.197557 -0.9343 -0.29674
v 0.00522 0.002455 -0.111902
vn -0.510564 -0.696528 -0.504156
v 0.00941 0.002115 -0.114952
vn -0.38966 -0.738997 -0.54959
v 0.000686 0.004623 -0.108438
vn -0.715243 -0.510805 -0.476975
v 0.00522 0.002455 -0.111902
vn -0.632134 -0.466876 -0.618412
v 0.016542 -0.00121 -0.107076
vn 0.0806318 -0.996688 -0.0105614
v 0.013206 0.000212 -0.114788
vn -0.208484 -0.843714 -0.494653
v 0.018108 -0.000996 -0.11265
vn 0.0137056 -0.991322 -0.130738
v 0.024166 -0.000556 -0.108691
vn 0.08067 -0.996719 -0.00663878
v 0.01955 0.001199 -0.11964
vn -0.310588 -0.780153 -0.543043
v 0.022445 0.00165 -0.121589
vn -0.247887 -0.689153 -0.680897
v 0.023233 -0.000443 -0.119182
vn -0.146874 -0.935822 -0.320415
v 0.025848 -0.000165 -0.120445
vn -0.085908 -0.910701 -0.404034
v 0.026862 -0.000259 -0.117343
vn 0.0721549 -0.997082 -0.0249314
v 0.025714 0.002124 -0.122911
vn -0.159117 -0.616568 -0.771055
v 0.028578 0.000101 -0.121691
vn -0.0861441 -0.802578 -0.590295
v 0.029127 -4e-05 -0.11969
vn 0.0650613 -0.997033 -0.0411438
v 0.021488 -0.000648 -0.116513
vn -0.077447 -0.98275 -0.167943
v 0.016573 0.000713 -0.11718
vn -0.241843 -0.854446 -0.459819
v 0.02543 -0.000427 -0.113473
vn 0.0767768 -0.996982 -0.0114743
v 0.016066 0.003626 -0.120427
vn -0.324733 -0.712234 -0.62231
v 0.016066 0.003626 -0.120427
vn -0.398218 -0.530063 -0.748635
v 0.012471 0.002999 -0.117975
vn -0.434009 -0.557709 -0.707529
v 0.012471 0.002999 -0.117975
vn -0.313809 -0.743193 -0.590921
v 0.00941 0.002115 -0.114952
vn -0.519136 -0.564529 -0.64172
v 0.019371 0.004083 -0.122473
vn -0.307508 -0.651142 -0.693868
v 0.022521 0.004675 -0.124024
vn -0.200409 -0.579051 -0.790276
v 0.019371 0.004083 -0.122473
vn -0.353838 -0.503341 -0.788319
v 0.01965 0.007103 -0.124412
vn -0.315312 -0.396652 -0.862117
v 0.036543 0.000417 -0.112415
vn 0.0783323 -0.996912 -0.00543778
v 0.031321 4.9e-05 -0.114632
vn 0.0771003 -0.99696 -0.0112501
v 0.036304 0.000461 -0.116162
vn 0.0806248 -0.996478 -0.0230655
v 0.031823 0.00014 -0.117972
vn 0.0807092 -0.996502 -0.0216911
v 0.035805 0.000519 -0.119268
vn 0.0884855 -0.99436 -0.0584643
v 0.03217 0.000236 -0.120307
vn 0.0947242 -0.993351 -0.0654337
v 0.041833 0.000879 -0.11466
vn 0.0846563 -0.996186 -0.0211188
v 0.042702 0.00092 -0.110472
vn 0.0807129 -0.996732 -0.00322008
v 0.040732 0.000895 -0.118289
vn 0.0878403 -0.994857 -0.050432
v 0.037006 0.000471 -0.107925
vn 0.079305 -0.99685 -0.000384288
v 0.043313 0.000969 -0.105689
vn 0.0813927 -0.996676 0.00362393
v 0.031074 9e-06 -0.11032
vn 0.078297 -0.996922 -0.00390306
v 0.032928 0.003147 -0.124049
vn 0.0442998 -0.512597 -0.857485
v 0.034863 0.000679 -0.12197
vn 0.110463 -0.821471 -0.559449
v 0.031387 0.000376 -0.122198
vn 0.0412629 -0.752047 -0.657816
v 0.02911 0.002583 -0.123683
vn -0.0544748 -0.531994 -0.844994
v 0.030243 7e-05 -0.12089
vn 0.0747674 -0.992448 -0.0972425
v 0.030402 0.006124 -0.1256
vn -0.00381326 -0.457752 -0.889072
v 0.030402 0.006124 -0.1256
vn -0.0110326 -0.349888 -0.936727
v 0.026278 0.005368 -0.125032
vn -0.110147 -0.400339 -0.909723
v 0.026278 0.005368 -0.125032
vn -0.092283 -0.505851 -0.85767
v 0.022521 0.004675 -0.124024
vn -0.228449 -0.446575 -0.865091
v 0.034773 0.006902 -0.125804
vn 0.0711577 -0.432472 -0.898835
v 0.03718 0.003686 -0.124032
vn 0.122101 -0.521551 -0.844438
v 0.034773 0.006902 -0.125804
vn 0.0609328 -0.294658 -0.953658
v 0.039312 0.001024 -0.12148
vn 0.140762 -0.845429 -0.515204
v 0.043576 0.001322 -0.120665
vn 0.25176 -0.834182 -0.490671
v 0.015004 0.002367 0.011919
vn 0.0851147 -0.996359 0.00486812
v 0.007886 0.001739 0.007496
vn 0.0834472 -0.996401 0.0148546
v 0.015554 0.002123 0.006595
vn 0.078369 -0.996289 0.0355879
v 0.008568 0.001397 0.002233
vn 0.0721791 -0.996293 0.0468087
v 0.016069 0.00208 0.001369
vn 0.0984089 -0.99499 0.0175998
v 0.000638 0.001052 0.003168
vn 0.0800278 -0.996541 0.0224
v 0.001432 0.00069 -0.002044
vn 0.0670094 -0.996505 0.0498742
v 0.009202 0.001352 -0.002948
vn 0.0905565 -0.995645 0.0221527
v 0.022353 0.002794 0.010947
vn 0.0940823 -0.995411 0.0174699
v 0.021972 0.002953 0.016309
vn 0.0939766 -0.995545 -0.00768699
v 0.028975 0.003543 0.015161
vn 0.342159 -0.939592 -0.00971069
v 0.022712 0.00284 0.005695
vn 0.11513 -0.99332 0.00774113
v 0.029087 0.003666 0.009931
vn 0.376392 -0.926431 -0.00741656
v 0.014486 0.002127 0.017889
vn 0.0872725 -0.996143 -0.00912752
v 0.02161 0.002667 0.0223
vn 0.09466 -0.995406 -0.0143662
v 0.013856 0.002142 0.02401
vn 0.0675082 -0.997648 0.0118657
v 0.02886 0.003589 0.020578
vn 0.309122 -0.950784 -0.0213013
v 0.028612 0.003379 0.026454
vn 0.289454 -0.957188 -0.00254639
v 0.021103 0.002664 0.02837
vn 0.0781684 -0.996896 0.00941002
v 0.007249 0.001481 0.013453
vn 0.0898641 -0.995951 -0.00224723
v -0.000116 0.000824 0.009056
vn 0.0901612 -0.995927 0.000505643
v 0.006475 0.001574 0.019537
vn 0.0709361 -0.997286 0.0197208
v -0.001045 0.000918 0.015084
vn 0.0740441 -0.996921 0.0258235
v 0.017214 0.001963 -0.008545
vn 0.0985479 -0.994582 0.0330795
v 0.016614 0.002045 -0.003651
vn 0.0993888 -0.99477 0.0235376
v 0.009833 0.001276 -0.007946
vn 0.0903567 -0.995469 0.0296322
v 0.010469 0.00117 -0.012823
vn 0.0886094 -0.99552 0.0329922
v 0.00282 0.000542 -0.012171
vn 0.0797444 -0.99643 0.0277076
v 0.002143 0.000632 -0.007194
vn 0.0825904 -0.99627 0.0249976
v 0.017907 0.001852 -0.013342
vn 0.0969216 -0.994551 0.0384093
v 0.011149 0.001067 -0.01761
vn 0.0852932 -0.995748 0.0348113
v 0.01869 0.001733 -0.018042
vn 0.0942664 -0.994661 0.0419997
v 0.003459 0.000463 -0.017028
vn 0.0767672 -0.996668 0.0275663
v 0.004111 0.000376 -0.021773
vn 0.0733381 -0.996829 0.0308937
v 0.011873 0.000959 -0.022283
vn 0.0818669 -0.995928 0.0377507
v 0.024288 0.00267 -0.009075
vn 0.116135 -0.992481 0.0386635
v 0.023616 0.002758 -0.004276
vn 0.117883 -0.992618 0.0285221
v 0.030121 0.003615 -0.004885
vn 0.409015 -0.909473 0.0746065
v 0.025089 0.002565 -0.013784
vn 0.113892 -0.992472 0.045022
v 0.03093 0.003524 -0.009587
vn 0.396201 -0.9128 0.0990992
v 0.02311 0.002809 0.000636
vn 0.118206 -0.992832 0.0176453
v 0.029549 0.003671 -0.000106
vn 0.409418 -0.911643 0.0358247
v 0.029273 0.003693 0.004846
vn 0.393829 -0.919128 0.0101257
v -0.01056 -0.000633 -0.024776
vn 0.0457335 -0.998756 0.0198853
v -0.00362 -0.000143 -0.021046
vn 0.0652931 -0.997591 0.0234214
v -0.01119 -0.000587 -0.019937
vn 0.0495218 -0.998658 0.0151912
v -0.004257 -8.1e-05 -0.016204
vn 0.0681076 -0.997439 0.0218277
v -0.011908 -0.00054 -0.014973
vn 0.0549386 -0.99839 0.0140785
v -0.004949 -2.1e-05 -0.011239
vn 0.0710519 -0.997248 0.0211455
v -0.017824 -0.000852 -0.023278
vn -0.0811506 -0.996472 -0.0214005
v -0.017139 -0.000909 -0.028102
vn -0.1133 -0.993413 -0.0171503
v -0.024169 0.000732 -0.026143
vn -0.394276 -0.909165 -0.134035
v -0.018589 -0.000856 -0.018318
vn -0.0458746 -0.998728 -0.0209358
v -0.024953 0.000305 -0.021179
vn -0.318258 -0.939837 -0.124172
v -0.009967 -0.000716 -0.029496
vn 0.042875 -0.998862 0.0209088
v -0.016486 -0.000955 -0.032799
vn -0.15255 -0.983101 -0.101194
v -0.00938 -0.000777 -0.03414
vn 0.0149452 -0.999755 -0.0163192
v -0.023388 0.001033 -0.030879
vn -0.46282 -0.86826 -0.178668
v -0.022563 0.001854 -0.035459
vn -0.505137 -0.821686 -0.263949
v -0.015918 -0.000156 -0.037409
vn -0.217029 -0.963744 -0.155228
v -0.003014 -0.000228 -0.025776
vn 0.0618579 -0.997698 0.0278075
v -0.002408 -0.000325 -0.030416
vn 0.0586565 -0.997879 0.0282122
v 0.004777 0.000269 -0.026419
vn 0.0703542 -0.996938 0.0341193
v -0.013666 -0.000219 -0.004712
vn 0.0714089 -0.997251 0.0197983
v -0.012718 -0.000512 -0.00987
vn 0.0527693 -0.998003 0.0347334
v -0.005701 2.5e-05 -0.006117
vn 0.0600239 -0.997075 0.0473088
v -0.006587 0.000389 -0.000937
vn 0.0765738 -0.996797 0.0230801
v -0.014628 -0.000492 0.001094
vn 0.0810461 -0.996709 0.00178006
v -0.007444 0.000162 0.0049
vn 0.0879665 -0.99612 0.0026556
v -0.01511 -0.000313 0.006944
vn 0.0659656 -0.997416 0.028442
v -0.008495 0.000245 0.010862
vn 0.0728038 -0.997025 0.0253136
v -0.020907 -0.000947 -0.002581
vn 0.040751 -0.999056 -0.0150602
v -0.01993 -0.000753 -0.007987
vn 0.0377514 -0.999007 0.023672
v -0.025884 -0.000697 -0.006488
vn -0.135073 -0.990466 -0.0270545
v -0.021904 -0.000848 0.003206
vn 0.0324451 -0.999124 0.02642
v -0.028176 -0.000983 -0.001656
vn -0.154803 -0.985842 -0.0644399
v -0.019494 -0.000896 -0.013208
vn 0.00618431 -0.999753 -0.0213321
v -0.026421 -0.001059 -0.011091
vn -0.206987 -0.975592 -0.073322
v -0.025401 -0.00012 -0.016331
vn -0.240954 -0.957406 -0.159106
v -0.008066 -0.00084 -0.043377
vn -0.0688616 -0.997618 -0.00409084
v -0.007333 -0.000918 -0.048066
vn -0.0853093 -0.996332 -0.00672287
v -0.000295 -0.000619 -0.044273
vn 0.044246 -0.998679 0.0261236
v -0.001062 -0.000521 -0.039622
vn 0.0474185 -0.998493 0.0276337
v 0.007118 -6.9e-05 -0.040186
vn 0.0626184 -0.997441 0.0344987
v -0.006445 -0.00099 -0.052846
vn -0.0998721 -0.994924 -0.0123196
v 0.00057 -0.00069 -0.049002
vn 0.0435432 -0.998781 0.0232332
v 0.008038 -0.000168 -0.044869
vn 0.0612262 -0.997642 0.0310071
v -0.008749 -0.000798 -0.038748
vn -0.0373996 -0.999204 -0.0138505
v -0.001765 -0.00042 -0.035019
vn 0.0534419 -0.998203 0.027104
v 0.006272 4.3e-05 -0.035567
vn 0.06435 -0.997286 0.0357852
v 0.005491 0.000156 -0.030993
vn 0.0672058 -0.997103 0.035634
v -0.015228 0.000326 -0.041986
vn -0.287517 -0.951147 -0.112488
v -0.014589 0.000511 -0.046639
vn -0.334575 -0.938388 -0.0865362
v -0.020671 0.003491 -0.044456
vn -0.598681 -0.772958 -0.21004
v -0.02168 0.002828 -0.039928
vn -0.546179 -0.797578 -0.256045
v -0.013747 0.00066 -0.051319
vn -0.369946 -0.922979 -0.106067
v -0.01981 0.003872 -0.049016
vn -0.643714 -0.73729 -0.205026
v -0.018678 0.004307 -0.053685
vn -0.675158 -0.703455 -0.222063
v -0.012698 0.00081 -0.056145
vn -0.403885 -0.907757 -0.113378
v 0.020481 0.001474 -0.027209
vn 0.0855934 -0.99518 0.0478544
v 0.01353 0.000714 -0.031422
vn 0.0759141 -0.996231 0.0419716
v 0.021551 0.00135 -0.031789
vn 0.0819526 -0.99549 0.0477878
v 0.014475 0.000593 -0.036015
vn 0.0739372 -0.996421 0.0409713
v 0.022693 0.001223 -0.036431
vn 0.0793279 -0.995811 0.0454597
v 0.015493 0.000483 -0.040666
vn 0.0721598 -0.996642 0.0387064
v 0.028194 0.002139 -0.027542
vn 0.0958051 -0.993564 0.0604302
v 0.027005 0.002287 -0.022978
vn 0.10424 -0.992784 0.0592773
v 0.034114 0.003085 -0.023409
vn 0.360489 -0.920172 0.152745
v 0.029516 0.001985 -0.032161
vn 0.0897658 -0.99439 0.0559525
v 0.035663 0.002876 -0.027988
vn 0.324221 -0.931231 0.166402
v 0.019535 0.001608 -0.02265
vn 0.0897984 -0.994886 0.0462435
v 0.025987 0.002445 -0.018409
vn 0.110582 -0.992508 0.0519587
v 0.032873 0.003285 -0.018787
vn 0.378547 -0.917197 0.124309
v 0.031868 0.003414 -0.014184
vn 0.386058 -0.916092 0.108324
v 0.012653 0.000843 -0.026862
vn 0.078537 -0.996065 0.0410632
v 0.025122 0.001059 -0.046116
vn 0.0857983 -0.995881 0.0293207
v 0.023894 0.001104 -0.041191
vn 0.0810553 -0.996019 0.0370971
v 0.016574 0.000382 -0.045435
vn 0.0730945 -0.996788 0.0327364
v 0.017716 0.000312 -0.050372
vn 0.0748634 -0.996745 0.0299171
v 0.009054 -0.000246 -0.049662
vn 0.0603072 -0.997796 0.0276671
v 0.026389 0.001013 -0.051247
vn 0.0864204 -0.995674 0.0341382
v 0.018932 0.000252 -0.055501
vn 0.0744343 -0.996645 0.0340206
v 0.010153 -0.000314 -0.054617
vn 0.0605249 -0.997731 0.0294915
v 0.011341 -0.000408 -0.059777
vn 0.0607861 -0.997587 0.0335524
v 0.03361 0.001814 -0.046977
vn 0.100788 -0.994512 0.0280827
v 0.032245 0.001804 -0.041826
vn 0.0944853 -0.995077 0.0298969
v 0.04057 0.002646 -0.042755
vn 0.234168 -0.96874 0.0818972
v 0.042033 0.002752 -0.048216
vn 0.151787 -0.983025 0.10307
v 0.030882 0.001863 -0.036902
vn 0.0896504 -0.994937 0.0454311
v 0.038885 0.002615 -0.037587
vn 0.268873 -0.956787 0.110752
v 0.037269 0.002711 -0.032679
vn 0.294833 -0.945233 0.140025
v -0.004307 -0.001176 -0.062796
vn -0.124484 -0.992182 -0.00882908
v 0.002616 -0.000852 -0.058859
vn 0.0430357 -0.99864 0.0294363
v -0.005438 -0.001072 -0.057761
vn -0.114118 -0.993388 -0.0125359
v 0.001535 -0.000756 -0.053853
vn 0.0431801 -0.998753 0.0250705
v -0.011545 0.000904 -0.061068
vn -0.433531 -0.893676 -0.115729
v -0.010301 0.000891 -0.066092
vn -0.458512 -0.881811 -0.110349
v -0.01603 0.004826 -0.063288
vn -0.724307 -0.65173 -0.225003
v -0.017435 0.004594 -0.058478
vn -0.701078 -0.675492 -0.228475
v -0.00305 -0.001332 -0.067989
vn -0.129991 -0.991503 -0.00491105
v -0.008916 0.000805 -0.071301
vn -0.471752 -0.875939 -0.100903
v -0.014543 0.004845 -0.06833
vn -0.742373 -0.636285 -0.209821
v -0.012957 0.004636 -0.073581
vn -0.749972 -0.633322 -0.190904
v 0.003821 -0.000959 -0.064037
vn 0.0444453 -0.998456 0.0333315
v 0.062036 0.081707 -0.060555
vn 0.976445 0.199891 -0.0812383
v 0.062279 0.083137 -0.054949
vn 0.981431 0.173178 -0.0824831
v 0.063144 0.078358 -0.055342
vn 0.979597 0.191448 -0.0611277
v 0.062998 0.076942 -0.061329
vn 0.973156 0.22316 -0.0562794
v 0.064166 0.073612 -0.055754
vn 0.984241 0.174157 -0.0306509
v 0.062246 0.085659 -0.049798
vn 0.984323 0.174496 -0.0256868
v 0.063076 0.08078 -0.049602
vn 0.988293 0.152335 -0.008398
v 0.063779 0.075863 -0.049746
vn 0.988987 0.144252 0.0331173
v 0.061778 0.080952 -0.066469
vn 0.972224 0.230174 -0.0424378
v 0.062949 0.076472 -0.067446
vn 0.969301 0.244571 -0.0253071
v 0.06405 0.072205 -0.062094
vn 0.978085 0.20646 -0.026891
v 0.064024 0.071938 -0.068547
vn 0.970479 0.240997 -0.00957737
v 0.060858 0.085268 -0.065541
vn 0.981995 0.176091 -0.0683923
v 0.061259 0.08612 -0.059876
vn 0.98475 0.14652 -0.0938055
v 0.060433 0.089608 -0.064668
vn 0.989258 0.114503 -0.0908671
v 0.06156 0.087673 -0.054782
vn 0.985343 0.152834 -0.0757689
v 0.060809 0.090532 -0.059289
vn 0.98862 0.12501 -0.0836834
v 0.060927 0.091874 -0.054551
vn 0.987044 0.151722 -0.0521913
v 0.061454 0.089479 -0.050817
vn 0.985252 0.16859 -0.0292515
v 0.066001 0.062421 -0.06376
vn 0.985051 0.160483 0.0626116
v 0.065097 0.067433 -0.062825
vn 0.981842 0.189063 0.0155588
v 0.065593 0.062768 -0.056744
vn 0.993562 0.0927714 0.0650208
v 0.064828 0.068561 -0.05591
vn 0.991465 0.129506 0.0150172
v 0.064931 0.064316 -0.048891
vn 0.992999 0.0510467 0.10652
v 0.064491 0.070793 -0.049563
vn 0.992024 0.104433 0.0705842
v 0.066129 0.057111 -0.058146
vn 0.990624 0.0528369 0.125986
v 0.067067 0.056763 -0.065132
vn 0.984632 0.128462 0.118314
v 0.066544 0.050902 -0.059531
vn 0.982163 0.00470456 0.187974
v 0.065231 0.057479 -0.05114
vn 0.99193 -0.0082015 0.126518
v 0.065241 0.051116 -0.052703
vn 0.983988 -0.0511828 0.17073
v 0.066466 0.062275 -0.070785
vn 0.975134 0.217854 0.0406596
v 0.067758 0.056784 -0.072105
vn 0.9855 0.164254 0.0425433
v 0.067949 0.050794 -0.066725
vn 0.989921 0.0376441 0.136524
v 0.068558 0.050818 -0.073941
vn 0.998749 0.0437314 0.0242365
v 0.065251 0.067219 -0.069358
vn 0.972386 0.232966 0.0138481
v 0.062974 0.063038 -0.037432
vn 0.977994 0.00994564 0.208398
v 0.06384 0.064231 -0.042443
vn 0.984693 0.033146 0.171117
v 0.062912 0.068085 -0.037726
vn 0.981882 0.0371855 0.185807
v 0.063801 0.068792 -0.043436
vn 0.98608 0.0618851 0.154327
v 0.062721 0.072665 -0.038239
vn 0.983352 0.0774675 0.164369
v 0.06384 0.064231 -0.042443
vn 0.985134 0.0394251 0.167203
v 0.063801 0.068792 -0.043436
vn 0.986705 0.0702646 0.14655
v 0.063444 0.0739 -0.043875
vn 0.988489 0.103942 0.10993
v 0.06175 0.067267 -0.032469
vn 0.966871 0.0116661 0.254998
v 0.061682 0.06238 -0.031991
vn 0.968597 0.00959923 0.248449
v 0.060134 0.066987 -0.02727
vn 0.95929 0.0267578 0.281154
v 0.061769 0.072291 -0.03289
vn 0.972819 0.0549508 0.224952
v 0.06038 0.071956 -0.027848
vn 0.954869 0.0294183 0.295568
v 0.062745 0.058289 -0.036744
vn 0.975086 -0.0379552 0.218558
v 0.061536 0.057044 -0.031576
vn 0.970419 -0.0538372 0.235348
v 0.062562 0.052196 -0.037815
vn 0.968429 -0.107999 0.22468
v 0.060317 0.061878 -0.026718
vn 0.965334 0.0285615 0.259449
v 0.060106 0.05686 -0.025899
vn 0.965874 -0.0460107 0.254894
v 0.060646 0.051557 -0.030376
vn 0.96023 -0.142443 0.240141
v 0.064144 0.058563 -0.043045
vn 0.978091 -0.0405217 0.204197
v 0.064144 0.058563 -0.043045
vn 0.989483 -0.0100983 0.144297
v 0.064168 0.051427 -0.045763
vn 0.986519 -0.0665578 0.149502
v 0.062 0.082669 -0.039051
vn 0.984277 0.106531 0.14089
v 0.062346 0.077503 -0.038565
vn 0.983551 0.0840557 0.159881
v 0.063026 0.078756 -0.044065
vn 0.986776 0.097285 0.129649
v 0.062412 0.08406 -0.044428
vn 0.987752 0.152789 0.0316334
v 0.063026 0.078756 -0.044065
vn 0.991106 0.115481 0.0661292
v 0.063444 0.0739 -0.043875
vn 0.985836 0.0858799 0.144054
v 0.062412 0.08406 -0.044428
vn 0.985073 0.145199 0.09246
v 0.061382 0.087969 -0.039728
vn 0.984789 0.142211 0.0998327
v 0.06149 0.089421 -0.045571
vn 0.986297 0.156678 0.0516847
v 0.060613 0.093965 -0.040828
vn 0.986795 0.141387 0.0790305
v 0.06149 0.089421 -0.045571
vn 0.985671 0.168602 0.00518355
v 0.060986 0.092787 -0.049888
vn 0.988929 0.147813 -0.0130329
v 0.060791 0.087009 -0.034672
vn 0.979799 0.109613 0.167271
v 0.06116 0.081786 -0.033948
vn 0.977364 0.0844734 0.193967
v 0.059912 0.086242 -0.029916
vn 0.966261 0.084957 0.243151
v 0.06027 0.092062 -0.035386
vn 0.982261 0.130654 0.13451
v 0.059615 0.091254 -0.030743
vn 0.972554 0.107697 0.206254
v 0.061438 0.077076 -0.033423
vn 0.975349 0.0830248 0.204454
v 0.060108 0.081493 -0.029208
vn 0.961752 0.0777549 0.262654
v 0.060288 0.076737 -0.02857
vn 0.957974 0.0711307 0.277898
v 0.059589 0.097713 -0.036067
vn 0.983259 0.133445 0.124077
v 0.059134 0.096183 -0.031493
vn 0.977277 0.127703 0.169178
v 0.060772 0.094139 -0.045897
vn 0.988595 0.150585 0.00199634
v 0.063812 0.006753 -0.079371
vn 0.736779 -0.658636 0.152826
v 0.066667 0.014533 -0.077137
vn 0.881759 -0.386954 0.269753
v 0.061981 0.007252 -0.072609
vn 0.749771 -0.608489 0.25997
v 0.064452 0.015054 -0.070334
vn 0.878259 -0.36385 0.310282
v 0.059967 0.007853 -0.065985
vn 0.774737 -0.575296 0.262332
v 0.066667 0.014533 -0.077137
vn 0.960313 -0.0436564 0.275487
v 0.066372 0.022895 -0.075223
vn 0.959115 -0.0422944 0.279838
v 0.064452 0.015054 -0.070334
vn 0.950478 -0.0486223 0.306964
v 0.06427 0.023299 -0.068304
vn 0.960744 -0.106617 0.256131
v 0.06218 0.015583 -0.063424
vn 0.952467 -0.10455 0.286139
v 0.056209 0.002824 -0.075726
vn 0.331591 -0.938125 0.0998448
v 0.057316 0.002744 -0.082417
vn 0.327081 -0.944078 0.0416401
v 0.054642 0.003008 -0.069217
vn 0.365836 -0.922111 0.125994
v 0.064287 0.006788 -0.086678
vn 0.725903 -0.686848 0.0361275
v 0.057813 0.002694 -0.089238
vn 0.339251 -0.94037 0.0247599
v 0.068369 0.014219 -0.084264
vn 0.879613 -0.462657 0.110584
v 0.068369 0.014219 -0.084264
vn 0.985628 -0.081683 0.147871
v 0.06841 0.022689 -0.082196
vn 0.973733 -0.0263528 0.226164
v 0.068608 0.013901 -0.091731
vn 0.863805 -0.503643 0.0135991
v 0.056544 0.009014 -0.052882
vn 0.816708 -0.472764 0.330881
v 0.058126 0.008181 -0.059389
vn 0.801036 -0.540779 0.256709
v 0.060051 0.016326 -0.056749
vn 0.902875 -0.279484 0.326658
v 0.057522 0.017393 -0.050451
vn 0.904407 -0.147505 0.400363
v 0.060051 0.016326 -0.056749
vn 0.910198 -0.141095 0.3894
v 0.060406 0.024409 -0.05465
vn 0.905531 -0.173052 0.387383
v 0.06218 0.015583 -0.063424
vn 0.890795 -0.339304 0.302252
v 0.060051 0.016326 -0.056749
vn 0.936704 -0.133493 0.323675
v 0.062698 0.023642 -0.061392
vn 0.947383 -0.158696 0.277994
v 0.057522 0.017393 -0.050451
vn 0.885233 -0.216002 0.411954
v 0.054068 0.010297 -0.046832
vn 0.809735 -0.407442 0.42228
v 0.054834 0.018415 -0.044507
vn 0.889242 -0.217032 0.402674
v 0.051637 0.011562 -0.04105
vn 0.835562 -0.398436 0.378266
v 0.057884 0.025296 -0.048319
vn 0.897397 -0.215904 0.384791
v 0.054834 0.018415 -0.044507
vn 0.904577 -0.173368 0.389467
v 0.055463 0.02621 -0.042217
vn 0.908568 -0.278091 0.311721
v 0.05278 0.01948 -0.03857
vn 0.9277 -0.230424 0.29373
v 0.050068 0.003457 -0.050138
vn 0.455532 -0.850244 0.263772
v 0.05151 0.003245 -0.056354
vn 0.421701 -0.896237 0.137577
v 0.048294 0.00519 -0.044251
vn 0.527187 -0.789988 0.313039
v 0.053032 0.003124 -0.062757
vn 0.394825 -0.910732 0.121158
v 0.061076 0.038949 -0.043356
vn 0.920109 -0.313698 0.234505
v 0.059248 0.032483 -0.045896
vn 0.897785 -0.323195 0.29921
v 0.062556 0.03851 -0.050036
vn 0.921124 -0.290792 0.258785
v 0.062556 0.03851 -0.050036
vn 0.936401 -0.233849 0.261665
v 0.061328 0.031786 -0.052281
vn 0.919657 -0.238658 0.311886
v 0.064441 0.038037 -0.056546
vn 0.942713 -0.208352 0.26054
v 0.061328 0.031786 -0.052281
vn 0.900188 -0.263279 0.346908
v 0.060406 0.024409 -0.05465
vn 0.925464 -0.18415 0.331066
v 0.063519 0.031186 -0.058916
vn 0.938236 -0.207505 0.276867
v 0.063706 0.04498 -0.047673
vn 0.954099 -0.21645 0.206988
v 0.062344 0.045184 -0.040858
vn 0.952056 -0.20145 0.230233
v 0.064168 0.051427 -0.045763
vn 0.973222 -0.106232 0.203846
v 0.065111 0.044538 -0.05444
vn 0.965002 -0.130852 0.227263
v 0.063706 0.04498 -0.047673
vn 0.970288 -0.146161 0.192818
v 0.059399 0.039372 -0.036653
vn 0.910409 -0.320754 0.26129
v 0.060457 0.04571 -0.033662
vn 0.938975 -0.223971 0.261079
v 0.057567 0.039725 -0.030393
vn 0.908907 -0.315748 0.272381
v 0.058622 0.04641 -0.026502
vn 0.92959 -0.250238 0.270636
v 0.057573 0.033021 -0.03942
vn 0.896046 -0.368324 0.247868
v 0.055973 0.033329 -0.033031
vn 0.895913 -0.359776 0.260578
v 0.053984 0.026589 -0.035866
vn 0.912327 -0.319296 0.256338
v 0.067027 0.037598 -0.070879
vn 0.979892 -0.147049 0.134863
v 0.066024 0.037774 -0.06366
vn 0.965101 -0.184888 0.185461
v 0.065114 0.030769 -0.065935
vn 0.965409 -0.173556 0.194588
v 0.066368 0.030523 -0.073252
vn 0.9723 -0.114616 0.203707
v 0.068127 0.037475 -0.07797
vn 0.988367 -0.0709076 0.134548
v 0.067872 0.030375 -0.080197
vn 0.976733 -0.0368035 0.211279
v 0.06832 0.044315 -0.07588
vn 0.997088 -0.0553427 0.0524673
v 0.067991 0.044362 -0.068628
vn 0.988563 -0.105274 0.107987
v 0.066795 0.044498 -0.061437
vn 0.973884 -0.104453 0.201594
v -0.034478 0.083154 -0.059401
vn -0.962259 -0.0643219 -0.264425
v -0.034007 0.078611 -0.060177
vn -0.959762 -0.0544712 -0.27548
v -0.035425 0.081033 -0.055383
vn -0.969477 -0.0530584 -0.239372
v -0.035597 0.084905 -0.055545
vn -0.970642 -0.0589462 -0.233193
v -0.036665 0.0852 -0.05076
vn -0.983237 -0.0352929 -0.178884
v -0.033432 0.074017 -0.061294
vn -0.958156 -0.052567 -0.281377
v -0.034926 0.07612 -0.056176
vn -0.967688 -0.0555505 -0.245956
v -0.036401 0.079848 -0.05096
vn -0.980315 -0.0547586 -0.189694
v -0.034987 0.087219 -0.058535
vn -0.965784 -0.0734001 -0.248745
v -0.036172 0.088603 -0.054075
vn -0.977921 -0.0640431 -0.198921
v -0.03564 0.091678 -0.057545
vn -0.966778 -0.0872136 -0.240277
v -0.037011 0.090596 -0.049477
vn -0.991077 -0.0302462 -0.129817
v -0.036693 0.093012 -0.053115
vn -0.985711 -0.0632641 -0.156115
v -0.033716 0.086068 -0.063039
vn -0.954575 -0.0741462 -0.288597
v -0.03303 0.081425 -0.063898
vn -0.951469 -0.0679339 -0.300153
v -0.034323 0.090363 -0.061948
vn -0.95786 -0.0795261 -0.276008
v -0.032417 0.077043 -0.064993
vn -0.947792 -0.053994 -0.314284
v -0.031773 0.07275 -0.066331
vn -0.941035 -0.0543146 -0.33392
v -0.037835 0.083144 -0.040848
vn -0.99794 -0.0541558 -0.0343888
v -0.037443 0.08394 -0.0457
vn -0.991385 -0.0374289 -0.125522
v -0.037056 0.078686 -0.046054
vn -0.990468 -0.0699494 -0.118664
v -0.037473 0.078641 -0.041229
vn -0.996087 -0.0786819 -0.0402353
v -0.036626 0.073954 -0.046627
vn -0.989947 -0.0751594 -0.119814
v -0.035938 0.074502 -0.051627
vn -0.979237 -0.0685895 -0.190763
v -0.037746 0.083201 -0.036085
vn -0.998232 -0.0419518 0.0420988
v -0.037483 0.078795 -0.036363
vn -0.998253 -0.0575388 0.0134606
v -0.037448 0.083438 -0.03113
vn -0.996108 -0.00865296 0.0877131
v -0.037033 0.073878 -0.041666
vn -0.996107 -0.0658753 -0.0585717
v -0.037234 0.074092 -0.036647
vn -0.999141 -0.034658 -0.0226979
v -0.037347 0.079085 -0.031257
vn -0.999294 -0.0107766 0.0359901
v -0.037846 0.087577 -0.035817
vn -0.997713 0.0213147 0.0641382
v -0.038023 0.087814 -0.040524
vn -0.999493 0.0179473 -0.0262956
v -0.037523 0.09209 -0.035552
vn -0.992193 0.0875715 0.0887943
v -0.037411 0.087752 -0.031019
vn -0.992427 0.0434478 0.1149
v -0.037007 0.09193 -0.030944
vn -0.984878 0.115064 0.129521
v -0.037553 0.088994 -0.045156
vn -0.994498 0.00369838 -0.10469
v -0.03771 0.092953 -0.04013
vn -0.998537 0.0539853 -0.00300104
v -0.037565 0.094725 -0.044824
vn -0.996812 -0.00672432 -0.0795021
v -0.036636 0.063051 -0.042817
vn -0.989242 0.0333406 -0.142442
v -0.036735 0.068835 -0.042303
vn -0.995317 -0.0286011 -0.0923406
v -0.035848 0.063245 -0.048032
vn -0.986684 -0.0144172 -0.162009
v -0.0362 0.068784 -0.047324
vn -0.989351 -0.0520123 -0.135937
v -0.03493 0.063322 -0.053117
vn -0.978725 -0.0348905 -0.202188
v -0.035352 0.068839 -0.052278
vn -0.979409 -0.059467 -0.192928
v -0.035786 0.057466 -0.048767
vn -0.97768 0.0341026 -0.207313
v -0.036989 0.057151 -0.043429
vn -0.97752 0.079106 -0.19544
v -0.035916 0.052112 -0.049193
vn -0.968602 0.0358737 -0.246015
v -0.034737 0.058116 -0.053542
vn -0.975472 0.00117056 -0.220121
v -0.034705 0.052891 -0.053903
vn -0.967766 0.000315617 -0.251849
v -0.037352 0.063072 -0.037418
vn -0.989128 0.0826705 -0.121617
v -0.038068 0.056911 -0.037767
vn -0.979615 0.116067 -0.163961
v -0.03793 0.063567 -0.03168
vn -0.983869 0.117433 -0.134952
v -0.037292 0.051113 -0.044143
vn -0.970252 0.0554279 -0.235668
v -0.038892 0.049661 -0.037917
vn -0.972825 0.080608 -0.217056
v -0.03886 0.057574 -0.031538
vn -0.974464 0.150751 -0.166417
v -0.037127 0.069005 -0.037019
vn -0.997364 0.0153168 -0.0709307
v -0.037469 0.069404 -0.031491
vn -0.993514 0.0657137 -0.0927966
v -0.037274 0.074485 -0.031343
vn -0.999302 0.0205858 -0.0311747
v -0.032407 0.065248 -0.063009
vn -0.951622 -0.0448272 -0.303984
v -0.033808 0.064085 -0.058175
vn -0.966307 -0.0404005 -0.254203
v -0.034179 0.070017 -0.0578
vn -0.966393 -0.0548814 -0.251144
v -0.032705 0.069734 -0.062854
vn -0.953238 -0.0577669 -0.296647
v -0.031085 0.068001 -0.067369
vn -0.937943 -0.0518669 -0.34289
v -0.030424 0.062557 -0.068391
vn -0.941364 -0.0260554 -0.336385
v -0.03196 0.059513 -0.063718
vn -0.951899 -0.0240313 -0.305468
v -0.029993 0.056705 -0.069505
vn -0.940677 -0.0239951 -0.338454
v -0.031693 0.052705 -0.064165
vn -0.948127 -0.0412643 -0.315203
v -0.029132 0.049999 -0.071052
vn -0.934437 -0.0664292 -0.349877
v -0.033475 0.058522 -0.058641
vn -0.963226 -0.0160874 -0.26821
v -0.033623 0.053759 -0.058258
vn -0.961785 -0.0203108 -0.273053
v 0.048767 0.081971 -0.004454
vn 0.84871 0.187312 0.494576
v 0.048616 0.077499 -0.002512
vn 0.857184 0.201664 0.473885
v 0.050912 0.076914 -0.006489
vn 0.870806 0.180103 0.45745
v 0.050991 0.081355 -0.008278
vn 0.871431 0.170538 0.459918
v 0.053079 0.076447 -0.010584
vn 0.894674 0.161471 0.416516
v 0.048658 0.073 -0.00055
vn 0.870492 0.21257 0.443912
v 0.05102 0.072312 -0.004773
vn 0.874063 0.190223 0.447022
v 0.053256 0.071774 -0.009001
vn 0.897868 0.166258 0.407666
v 0.048925 0.086308 -0.00638
vn 0.847477 0.194401 0.493954
v 0.051114 0.085755 -0.010134
vn 0.863813 0.166869 0.475375
v 0.049053 0.090597 -0.008343
vn 0.837429 0.196041 0.510178
v 0.053095 0.080986 -0.012299
vn 0.88733 0.144943 0.437763
v 0.053181 0.085523 -0.013846
vn 0.876511 0.137602 0.461296
v 0.051259 0.090185 -0.011844
vn 0.850356 0.161916 0.500678
v 0.046507 0.087098 -0.002772
vn 0.823717 0.215457 0.524469
v 0.046225 0.082794 -0.000655
vn 0.837621 0.21564 0.501887
v 0.04391 0.088081 0.000824
vn 0.814422 0.245363 0.525845
v 0.046772 0.091228 -0.004914
vn 0.818229 0.223944 0.529481
v 0.044193 0.092253 -0.001554
vn 0.798075 0.248305 0.549019
v 0.046185 0.078418 0.001516
vn 0.855982 0.235267 0.460373
v 0.043721 0.083836 0.003133
vn 0.827525 0.252191 0.501599
v 0.043679 0.079567 0.005567
vn 0.842834 0.278097 0.460753
v 0.046215 0.074092 0.003844
vn 0.871561 0.240916 0.427014
v 0.057042 0.080995 -0.020553
vn 0.913252 0.0941286 0.396372
v 0.055099 0.08089 -0.016385
vn 0.896166 0.11467 0.428645
v 0.057022 0.076294 -0.019403
vn 0.918225 0.0908755 0.385492
v 0.055024 0.076286 -0.014983
vn 0.907596 0.126186 0.400433
v 0.056984 0.071537 -0.018195
vn 0.929159 0.0924704 0.357928
v 0.055154 0.071559 -0.013516
vn 0.920824 0.136084 0.365463
v 0.058766 0.07644 -0.023926
vn 0.937996 0.0710526 0.339285
v 0.058717 0.081216 -0.024757
vn 0.937611 0.0804979 0.338239
v 0.058773 0.071712 -0.02298
vn 0.944377 0.049849 0.325065
v 0.056974 0.085639 -0.021537
vn 0.910566 0.0964711 0.401948
v 0.058554 0.085955 -0.025552
vn 0.93845 0.0810453 0.335772
v 0.056964 0.090245 -0.02255
vn 0.907504 0.0828834 0.411784
v 0.058511 0.090534 -0.026383
vn 0.945641 0.0814331 0.314851
v 0.055147 0.085485 -0.017696
vn 0.889612 0.114826 0.442047
v 0.055191 0.090043 -0.018909
vn 0.883251 0.109511 0.455932
v 0.053285 0.089991 -0.015357
vn 0.867659 0.133505 0.4789
v 0.05712 0.061609 -0.01623
vn 0.948368 0.0361174 0.315108
v 0.057065 0.066647 -0.017078
vn 0.941685 0.083561 0.325956
v 0.055385 0.066741 -0.012246
vn 0.931637 0.108428 0.346836
v 0.055484 0.06176 -0.011317
vn 0.939311 0.041476 0.34055
v 0.053451 0.067122 -0.007568
vn 0.906932 0.139434 0.397533
v 0.057013 0.05631 -0.015796
vn 0.944059 -0.0690677 0.322463
v 0.055191 0.056346 -0.010703
vn 0.928557 -0.0851122 0.361301
v 0.055953 0.050831 -0.015194
vn 0.926509 -0.187014 0.326507
v 0.0536 0.062085 -0.006344
vn 0.91541 0.0439989 0.40011
v 0.053014 0.056764 -0.005663
vn 0.920212 -0.0624288 0.38641
v 0.05382 0.050125 -0.009549
vn 0.926974 -0.162179 0.338257
v 0.058625 0.056655 -0.020765
vn 0.953829 -0.0484056 0.296424
v 0.058799 0.061726 -0.021331
vn 0.95543 0.0301523 0.293672
v 0.057942 0.051247 -0.020606
vn 0.935438 -0.177916 0.305453
v 0.059471 0.052281 -0.025025
vn 0.95454 -0.142432 0.261851
v 0.058735 0.066729 -0.022097
vn 0.953222 0.0598543 0.296287
v 0.048851 0.063629 0.003369
vn 0.906908 0.129802 0.400835
v 0.051287 0.062703 -0.001591
vn 0.904365 0.0803892 0.419119
v 0.048726 0.068521 0.001515
vn 0.885669 0.193452 0.422099
v 0.0512 0.06759 -0.003077
vn 0.884761 0.169264 0.43422
v 0.046343 0.069601 0.006151
vn 0.891061 0.225142 0.394108
v 0.046564 0.064828 0.008309
vn 0.910789 0.173289 0.374746
v 0.044074 0.070854 0.010721
vn 0.879397 0.258479 0.399812
v 0.043782 0.075298 0.008112
vn 0.864658 0.284577 0.413984
v 0.048741 0.058554 0.004797
vn 0.930672 0.0537687 0.361883
v 0.046683 0.059707 0.010186
vn 0.938429 0.125566 0.321846
v 0.048007 0.053313 0.007137
vn 0.958194 0.00277242 0.286107
v 0.044225 0.066141 0.013141
vn 0.894362 0.232381 0.382251
v 0.044651 0.061163 0.015512
vn 0.913282 0.199152 0.355324
v 0.046501 0.054261 0.012781
vn 0.958168 0.0731478 0.276701
v 0.050968 0.057536 -0.000455
vn 0.924487 -0.00270338 0.381205
v 0.049853 0.052368 0.001758
vn 0.937296 -0.0670911 0.342017
v 0.051762 0.051541 -0.003591
vn 0.930586 -0.108697 0.349563
v 0.047591 0.012667 -0.030238
vn 0.821413 -0.437959 0.365338
v 0.049296 0.020217 -0.027289
vn 0.872522 -0.358113 0.332355
v 0.045482 0.013251 -0.025429
vn 0.810792 -0.475149 0.341835
v 0.047757 0.020484 -0.022147
vn 0.869899 -0.409411 0.275061
v 0.0439 0.013477 -0.020466
vn 0.817977 -0.507741 0.270393
v 0.049296 0.020217 -0.027289
vn 0.907741 -0.307922 0.284938
v 0.050906 0.027292 -0.024474
vn 0.902323 -0.347781 0.254679
v 0.047757 0.020484 -0.022147
vn 0.905447 -0.337676 0.257177
v 0.049573 0.027391 -0.019061
vn 0.902521 -0.356437 0.241681
v 0.046386 0.020664 -0.017046
vn 0.901338 -0.351389 0.25321
v 0.042394 0.006741 -0.028697
vn 0.629732 -0.702948 0.330608
v 0.044441 0.006302 -0.033567
vn 0.617616 -0.729495 0.293917
v 0.040401 0.007318 -0.024112
vn 0.657331 -0.694726 0.292013
v 0.049589 0.012182 -0.035469
vn 0.844043 -0.412393 0.342817
v 0.046363 0.005824 -0.038743
vn 0.596439 -0.753528 0.276507
v 0.050998 0.019849 -0.032693
vn 0.899607 -0.296499 0.320618
v 0.050998 0.019849 -0.032693
vn 0.915251 -0.280231 0.289457
v 0.052399 0.02703 -0.029977
vn 0.90227 -0.334948 0.271512
v 0.05278 0.01948 -0.03857
vn 0.907107 -0.25309 0.336306
v 0.041251 0.013735 -0.010955
vn 0.829329 -0.515004 0.216757
v 0.04249 0.013695 -0.015606
vn 0.82354 -0.514774 0.238307
v 0.044993 0.020674 -0.012068
vn 0.870271 -0.434019 0.232928
v 0.043826 0.02066 -0.007435
vn 0.90761 -0.353479 0.226489
v 0.044993 0.020674 -0.012068
vn 0.903967 -0.354522 0.239076
v 0.046834 0.027441 -0.008871
vn 0.904882 -0.352542 0.238542
v 0.046386 0.020664 -0.017046
vn 0.867726 -0.427207 0.254057
v 0.048093 0.027353 -0.013822
vn 0.899778 -0.360267 0.246184
v 0.043826 0.02066 -0.007435
vn 0.873246 -0.435658 0.218275
v 0.040186 0.013892 -0.006377
vn 0.828931 -0.515436 0.217254
v 0.04276 0.020811 -0.002865
vn 0.869326 -0.446221 0.212508
v 0.038999 0.014078 -0.001804
vn 0.847574 -0.505038 0.162959
v 0.045716 0.027599 -0.004186
vn 0.916411 -0.343983 0.204613
v 0.04276 0.020811 -0.002865
vn 0.911627 -0.364811 0.189339
v 0.04491 0.02771 0.000588
vn 0.925195 -0.349946 0.146807
v 0.041885 0.020969 0.001829
vn 0.91616 -0.379341 0.129424
v 0.03655 0.007861 -0.010162
vn 0.702151 -0.688715 0.18071
v 0.037707 0.007786 -0.014703
vn 0.694491 -0.694215 0.189072
v 0.035553 0.008029 -0.005569
vn 0.720196 -0.675217 0.159372
v 0.038854 0.007627 -0.019371
vn 0.679086 -0.698181 0.226683
v 0.048227 0.040678 0.001901
vn 0.962835 -0.168394 0.211166
v 0.047368 0.034186 -0.000937
vn 0.94312 -0.275989 0.18535
v 0.04948 0.040272 -0.003149
vn 0.932913 -0.228043 0.278693
v 0.048429 0.033955 -0.005748
vn 0.916267 -0.309346 0.254478
v 0.0509 0.039351 -0.008131
vn 0.919223 -0.260049 0.295643
v 0.049858 0.033666 -0.010815
vn 0.904587 -0.336262 0.262012
v 0.049967 0.046251 -0.000823
vn 0.938031 -0.151518 0.311675
v 0.048412 0.046951 0.004361
vn 0.963513 -0.089771 0.25216
v 0.05165 0.045432 -0.005965
vn 0.927574 -0.190549 0.321398
v 0.0474 0.040965 0.006994
vn 0.974998 -0.125249 0.183555
v 0.047406 0.047694 0.009463
vn 0.976066 -0.0338878 0.214817
v 0.046481 0.04118 0.011675
vn 0.977721 -0.103729 0.182487
v 0.046258 0.048065 0.014702
vn 0.974186 0.0126861 0.225391
v 0.046761 0.034355 0.00397
vn 0.956961 -0.250081 0.147261
v 0.045942 0.034384 0.008623
vn 0.960677 -0.229267 0.156643
v 0.044306 0.027723 0.005265
vn 0.931247 -0.34448 0.118795
v 0.053966 0.039475 -0.018364
vn 0.917703 -0.296143 0.264802
v 0.052415 0.039143 -0.013095
vn 0.922087 -0.27525 0.272018
v 0.051294 0.033647 -0.016009
vn 0.905835 -0.345265 0.245468
v 0.052717 0.033694 -0.021422
vn 0.903809 -0.349275 0.247258
v 0.055812 0.039761 -0.024419
vn 0.910615 -0.314009 0.268663
v 0.054273 0.033516 -0.027044
vn 0.897092 -0.355011 0.263045
v 0.056381 0.045512 -0.020222
vn 0.918714 -0.258777 0.298328
v 0.054369 0.044941 -0.014824
vn 0.92436 -0.23327 0.301901
v 0.052788 0.043987 -0.010574
vn 0.930305 -0.216032 0.296418
v 0.05667 0.099409 -0.024318
vn 0.914643 0.143611 0.377894
v 0.05514 0.099133 -0.021004
vn 0.875595 0.131382 0.464836
v 0.056991 0.094799 -0.023343
vn 0.910319 0.106684 0.399921
v 0.055227 0.09448 -0.019996
vn 0.872955 0.110508 0.475119
v 0.053368 0.098961 -0.017901
vn 0.854572 0.132164 0.502234
v 0.05339 0.094403 -0.016707
vn 0.857492 0.132549 0.49713
v 0.058313 0.095389 -0.027261
vn 0.952853 0.111268 0.282294
v 0.04946 0.099167 -0.01194
vn 0.818361 0.174265 0.547647
v 0.051499 0.098956 -0.014908
vn 0.835678 0.153029 0.527469
v 0.047295 0.099549 -0.008918
vn 0.80705 0.190562 0.558888
v 0.049266 0.094803 -0.010225
vn 0.82266 0.183512 0.538102
v 0.046968 0.095395 -0.007006
vn 0.811567 0.209373 0.545456
v 0.044891 0.100349 -0.005852
vn 0.793974 0.212732 0.569517
v 0.044516 0.09628 -0.003764
vn 0.792164 0.2317 0.564616
v 0.05144 0.094491 -0.013476
vn 0.838733 0.157513 0.521265
v -0.037002 0.097019 -0.035284
vn -0.989282 0.0987182 0.107592
v -0.036365 0.096349 -0.030879
vn -0.98139 0.124511 0.146189
v -0.035103 0.095088 -0.060951
vn -0.96095 -0.104573 -0.256202
v -0.037155 0.094917 -0.049366
vn -0.994687 -0.0306231 -0.0982886
v -0.025847 0.014579 -0.050788
vn -0.844686 -0.438914 -0.306365
v -0.028795 0.020224 -0.051098
vn -0.852486 -0.44692 -0.271166
v -0.02442 0.015029 -0.055454
vn -0.840801 -0.465826 -0.275788
v -0.027678 0.020756 -0.055991
vn -0.861004 -0.423024 -0.282352
v -0.022986 0.015101 -0.060333
vn -0.833738 -0.465934 -0.296288
v -0.031465 0.025815 -0.051257
vn -0.888631 -0.347553 -0.299234
v -0.0307 0.028499 -0.056027
vn -0.904499 -0.299178 -0.303932
v -0.026235 0.021904 -0.061812
vn -0.856786 -0.405831 -0.318148
v -0.021786 0.009458 -0.054842
vn -0.848246 -0.435019 -0.302057
v -0.023199 0.009015 -0.050182
vn -0.780449 -0.561624 -0.274734
v -0.021786 0.009458 -0.054842
vn -0.802501 -0.528623 -0.276676
v -0.020232 0.009749 -0.059561
vn -0.842508 -0.45901 -0.281938
v -0.020232 0.009749 -0.059561
vn -0.819827 -0.498685 -0.281421
v -0.023199 0.009015 -0.050182
vn -0.841459 -0.444009 -0.307901
v -0.027294 0.013954 -0.046285
vn -0.838417 -0.437193 -0.325453
v -0.024435 0.008416 -0.045741
vn -0.831426 -0.460563 -0.310825
v -0.028698 0.013424 -0.041888
vn -0.825278 -0.446449 -0.345831
v -0.024435 0.008416 -0.045741
vn -0.74692 -0.609854 -0.264933
v -0.025753 0.007756 -0.041338
vn -0.701273 -0.647698 -0.297831
v -0.030033 0.019654 -0.046417
vn -0.850983 -0.417979 -0.317997
v -0.032507 0.024881 -0.04666
vn -0.875922 -0.383846 -0.292272
v -0.031338 0.018646 -0.042181
vn -0.84056 -0.408827 -0.355414
v -0.033876 0.024277 -0.042084
vn -0.868984 -0.355901 -0.343803
v -0.018524 0.01546 -0.07236
vn -0.861181 -0.391673 -0.323974
v -0.020922 0.015381 -0.06584
vn -0.839897 -0.438597 -0.319696
v -0.02306 0.02092 -0.068177
vn -0.839746 -0.421186 -0.342678
v -0.021234 0.021064 -0.072775
vn -0.83585 -0.402907 -0.372854
v -0.024084 0.025776 -0.071076
vn -0.860547 -0.345947 -0.373872
v -0.026626 0.026827 -0.066066
vn -0.877916 -0.324768 -0.351837
v -0.018058 0.019041 -0.077361
vn -0.855296 -0.384337 -0.347496
v -0.015465 0.013291 -0.0784
vn -0.886107 -0.321665 -0.333687
v -0.021319 0.024845 -0.076265
vn -0.855356 -0.363901 -0.368703
v -0.014985 0.00912 -0.075478
vn -0.892284 -0.340745 -0.296178
v -0.016874 0.009787 -0.069981
vn -0.842893 -0.480116 -0.242939
v -0.014985 0.00912 -0.075478
vn -0.848334 -0.474232 -0.235444
v -0.012886 0.00812 -0.080747
vn -0.899935 -0.290031 -0.325576
v -0.016874 0.009787 -0.069981
vn -0.873512 -0.393652 -0.286381
v -0.0186 0.009831 -0.064486
vn -0.846228 -0.442396 -0.296957
v -0.0186 0.009831 -0.064486
vn -0.832942 -0.486941 -0.262861
v -0.02873 0.038135 -0.068308
vn -0.92364 -0.164909 -0.345968
v -0.026748 0.031603 -0.06964
vn -0.897761 -0.250258 -0.362485
v -0.029122 0.033407 -0.064313
vn -0.916989 -0.212556 -0.337567
v -0.031113 0.040211 -0.062476
vn -0.935775 -0.136868 -0.324951
v -0.0317 0.035126 -0.058357
vn -0.929628 -0.186511 -0.317812
v -0.029157 0.028826 -0.061315
vn -0.904595 -0.283542 -0.318294
v -0.030404 0.045287 -0.066316
vn -0.938901 -0.0973217 -0.330141
v -0.032874 0.047792 -0.059633
vn -0.948956 -0.0687242 -0.307829
v -0.033524 0.042848 -0.056393
vn -0.943644 -0.106716 -0.313285
v -0.034653 0.048121 -0.054153
vn -0.957505 -0.0258082 -0.287258
v -0.027901 0.043475 -0.072483
vn -0.923145 -0.122201 -0.364513
v -0.026214 0.036943 -0.073899
vn -0.905224 -0.190406 -0.379888
v -0.024108 0.030693 -0.075052
vn -0.881157 -0.278544 -0.382067
v -0.035727 0.038224 -0.047823
vn -0.941845 -0.133818 -0.308256
v -0.034621 0.040307 -0.052128
vn -0.944771 -0.119387 -0.305213
v -0.033374 0.034863 -0.053139
vn -0.928844 -0.200472 -0.311543
v -0.033799 0.03203 -0.049945
vn -0.919186 -0.229566 -0.319994
v -0.036242 0.034598 -0.044598
vn -0.934852 -0.176086 -0.308294
v -0.034157 0.029401 -0.046969
vn -0.908546 -0.28158 -0.308636
v -0.035747 0.029671 -0.042486
vn -0.91149 -0.267385 -0.312557
v -0.038059 0.041248 -0.041637
vn -0.957201 -0.054908 -0.284167
v -0.037054 0.044615 -0.045534
vn -0.961896 -0.0310856 -0.271643
v -0.038248 0.035815 -0.038935
vn -0.941126 -0.143541 -0.306067
v -0.039965 0.043072 -0.035248
vn -0.966972 0.019281 -0.254151
v -0.035713 0.046316 -0.050386
vn -0.95975 -0.0316966 -0.279063
v -0.036514 0.084692 -0.020978
vn -0.985147 0.160646 0.060647
v -0.037141 0.080517 -0.020453
vn -0.986707 0.162503 -0.00131186
v -0.035917 0.085558 -0.015698
vn -0.970489 0.227783 0.0791551
v -0.036861 0.081548 -0.014944
vn -0.972635 0.229551 0.0358914
v -0.035112 0.086616 -0.010322
vn -0.950756 0.28484 0.122182
v -0.037938 0.076134 -0.019879
vn -0.986157 0.158456 -0.0488529
v -0.03779 0.077343 -0.014007
vn -0.978147 0.207526 0.0127176
v -0.036212 0.082654 -0.009229
vn -0.955825 0.277851 0.0959042
v -0.035056 0.089446 -0.016379
vn -0.969996 0.208148 0.125625
v -0.035826 0.088677 -0.021377
vn -0.981436 0.141095 0.129903
v -0.034416 0.093301 -0.016947
vn -0.971937 0.156061 0.176023
v -0.034138 0.090459 -0.01138
vn -0.952174 0.260731 0.159323
v -0.033346 0.094175 -0.012194
vn -0.954859 0.209097 0.211004
v -0.036872 0.083957 -0.026097
vn -0.994149 0.0678545 0.0840468
v -0.036658 0.08807 -0.026203
vn -0.985942 0.0715277 0.151005
v -0.035354 0.092681 -0.021625
vn -0.976461 0.128816 0.173001
v -0.036254 0.092252 -0.026253
vn -0.97918 0.124762 0.160129
v -0.037181 0.079757 -0.025859
vn -0.997054 0.0766698 0.00226538
v -0.037605 0.075143 -0.025748
vn -0.992454 0.0991323 -0.0721697
v -0.032032 0.088899 -8e-05
vn -0.860443 0.422872 0.284283
v -0.033878 0.087742 -0.005107
vn -0.91593 0.347046 0.201574
v -0.035041 0.083858 -0.003611
vn -0.927712 0.328577 0.177164
v -0.033234 0.08513 0.001832
vn -0.88021 0.394463 0.263872
v -0.036042 0.079879 -0.001987
vn -0.936244 0.31428 0.157086
v -0.037207 0.078614 -0.008022
vn -0.96281 0.257711 0.0811261
v -0.029496 0.090038 0.004757
vn -0.78977 0.492242 0.366007
v -0.030762 0.086256 0.006963
vn -0.812569 0.466706 0.349166
v -0.026404 0.091071 0.009143
vn -0.705571 0.557025 0.438055
v -0.034364 0.081083 0.003895
vn -0.891233 0.388276 0.234406
v -0.031979 0.082295 0.009385
vn -0.822748 0.478905 0.306163
v -0.027627 0.087381 0.011762
vn -0.735727 0.540345 0.40833
v -0.028125 0.093659 0.002716
vn -0.769025 0.498444 0.400193
v -0.030736 0.092662 -0.001752
vn -0.846251 0.409537 0.340792
v -0.026877 0.097267 0.000809
vn -0.75077 0.452427 0.481304
v -0.02502 0.0947 0.006676
vn -0.678259 0.56956 0.464292
v -0.023654 0.098177 0.004462
vn -0.66078 0.537329 0.524068
v -0.032779 0.091583 -0.006389
vn -0.912898 0.321986 0.250884
v -0.029673 0.096421 -0.003167
vn -0.834698 0.358189 0.418305
v -0.031896 0.095347 -0.00754
vn -0.912472 0.279916 0.298398
v -0.037018 0.073616 0.008393
vn -0.867699 0.488454 0.0922578
v -0.035603 0.077142 0.006073
vn -0.891168 0.41806 0.176196
v -0.038292 0.071942 0.001612
vn -0.92324 0.379766 0.0583609
v -0.037186 0.075759 -0.000194
vn -0.939179 0.320217 0.124113
v -0.039184 0.070343 -0.005183
vn -0.960409 0.277919 0.0193675
v -0.038257 0.074343 -0.006639
vn -0.966264 0.250858 0.0583506
v -0.039785 0.068812 0.003618
vn -0.896158 0.443735 -0.000172498
v -0.038674 0.070582 0.011178
vn -0.844287 0.535354 0.024007
v -0.041064 0.066206 0.00588
vn -0.886691 0.461163 -0.0332739
v -0.040302 0.067127 -0.003167
vn -0.929534 0.365762 -0.0467358
v -0.041665 0.064322 -0.000826
vn -0.913206 0.401763 -0.0681311
v -0.035023 0.075302 0.015352
vn -0.790624 0.600147 0.121402
v -0.037001 0.07262 0.018391
vn -0.794048 0.59382 0.129866
v -0.032293 0.077081 0.021766
vn -0.721899 0.660473 0.206489
v -0.040416 0.067966 0.013296
vn -0.866197 0.498039 0.0407364
v -0.038902 0.068686 0.021802
vn -0.805486 0.572649 0.152533
v -0.034187 0.073526 0.025501
vn -0.732947 0.623523 0.272043
v -0.033366 0.078628 0.012064
vn -0.81511 0.538294 0.214092
v -0.030468 0.080196 0.017906
vn -0.73534 0.637674 0.22945
v -0.028882 0.08354 0.01458
vn -0.748155 0.57529 0.330613
v -0.039379 0.066911 -0.018684
vn -0.981632 0.163101 -0.0989761
v -0.03952 0.068698 -0.011921
vn -0.977618 0.206975 -0.0377338
v -0.03868 0.073017 -0.012981
vn -0.980939 0.193936 -0.0121361
v -0.038656 0.071552 -0.01933
vn -0.986238 0.147256 -0.0751698
v -0.03878 0.064996 -0.025419
vn -0.979817 0.138301 -0.144335
v -0.038142 0.070144 -0.025613
vn -0.986896 0.110225 -0.11784
v -0.039767 0.059842 -0.024246
vn -0.969015 0.179848 -0.169307
v -0.040345 0.062729 -0.016957
vn -0.965239 0.225081 -0.132861
v -0.041252 0.05601 -0.021135
vn -0.950022 0.231441 -0.209505
v -0.040323 0.051386 -0.029555
vn -0.964668 0.152765 -0.214661
v -0.040481 0.064971 -0.010102
vn -0.954103 0.28705 -0.0853842
v -0.041741 0.059412 -0.014329
vn -0.940446 0.293723 -0.171136
v -0.041842 0.062051 -0.007678
vn -0.925825 0.356908 -0.124361
v -0.018723 0.093051 0.016559
vn -0.528946 0.687357 0.497751
v -0.020023 0.089665 0.019981
vn -0.554094 0.701059 0.448883
v -0.014349 0.09376 0.019562
vn -0.413194 0.744104 0.524958
v -0.015435 0.090611 0.023338
vn -0.421629 0.753936 0.503795
v -0.009348 0.094337 0.021974
vn -0.280875 0.780726 0.55819
v -0.021372 0.086429 0.023711
vn -0.550095 0.725039 0.414384
v -0.01626 0.087457 0.027357
vn -0.412486 0.758196 0.504969
v -0.010112 0.091167 0.026031
vn -0.273619 0.781147 0.561197
v -0.013194 0.096992 0.01601
vn -0.398299 0.71983 0.568509
v -0.017559 0.096329 0.013353
vn -0.507788 0.676718 0.533109
v -0.012567 0.099966 0.012887
vn -0.408674 0.670921 0.61875
v -0.009104 0.097125 0.018139
vn -0.289156 0.756143 0.587058
v -0.008684 0.100019 0.014887
vn -0.308761 0.689398 0.655284
v -0.02272 0.092095 0.013044
vn -0.623776 0.62337 0.471502
v -0.021425 0.095543 0.010184
vn -0.592353 0.627783 0.504982
v -0.016291 0.099676 0.010348
vn -0.50349 0.642498 0.577662
v -0.020086 0.098947 0.007584
vn -0.573889 0.597749 0.559775
v -0.024019 0.088522 0.016133
vn -0.657643 0.622081 0.424878
v -0.02539 0.085047 0.019399
vn -0.667147 0.663436 0.338772
v 0.001434 0.093848 0.025353
vn -0.0597481 0.771095 0.63391
v -0.003881 0.094554 0.023574
vn -0.158726 0.786081 0.597397
v -0.004365 0.091207 0.027897
vn -0.138945 0.787357 0.600635
v 0.001266 0.090495 0.029485
vn -0.0383722 0.78486 0.618485
v -0.004461 0.087835 0.032278
vn -0.130645 0.791086 0.597591
v -0.010685 0.087875 0.030323
vn -0.263069 0.777266 0.571535
v 0.007122 0.092094 0.027531
vn 0.0345029 0.760207 0.648764
v 0.006018 0.089075 0.031257
vn 0.0369447 0.787077 0.615748
v 0.012334 0.088706 0.030945
vn 0.159942 0.765001 0.623853
v 0.001424 0.087219 0.033763
vn -0.0307546 0.805245 0.592144
v 0.007737 0.086333 0.034796
vn 0.0665905 0.809132 0.583842
v 0.007025 0.095918 0.023281
vn 0.00185076 0.731547 0.681788
v 0.001381 0.09731 0.021156
vn -0.112374 0.746065 0.656322
v 0.00649 0.100772 0.018348
vn -0.0520885 0.676882 0.734246
v 0.012748 0.093185 0.025651
vn 0.130856 0.731536 0.669128
v 0.012453 0.097327 0.021442
vn 0.0973345 0.695539 0.711864
v -0.004147 0.097365 0.019734
vn -0.194984 0.763854 0.61523
v -0.000242 0.100579 0.017286
vn -0.174932 0.681395 0.710703
v -0.005019 0.099823 0.016577
vn -0.23936 0.703047 0.66965
v 0.003088 0.080356 0.04322
vn -0.0303377 0.816021 0.577226
v 0.002428 0.084028 0.038372
vn -0.0318709 0.804209 0.593492
v -0.004148 0.080938 0.041366
vn -0.147153 0.791126 0.593688
v -0.004325 0.084513 0.036821
vn -0.139921 0.786854 0.601068
v -0.011135 0.081051 0.038882
vn -0.258894 0.759834 0.596344
v -0.010965 0.084558 0.034589
vn -0.258698 0.765313 0.589382
v -0.003994 0.077692 0.0461
vn -0.149648 0.833485 0.531891
v 0.003213 0.077127 0.048288
vn -0.0165807 0.842755 0.538042
v -0.00427 0.07457 0.051214
vn -0.124746 0.86555 0.485038
v -0.011107 0.077685 0.043285
vn -0.235007 0.813229 0.532382
v -0.01126 0.07466 0.048166
vn -0.226264 0.844466 0.485471
v 0.009674 0.079014 0.044663
vn 0.129391 0.817729 0.560872
v 0.01009 0.075466 0.050106
vn 0.159633 0.819615 0.550226
v 0.015987 0.07662 0.045711
vn 0.314785 0.777752 0.54407
v 0.003226 0.073602 0.0537
vn 0.0193444 0.859952 0.510008
v 0.010695 0.071093 0.056262
vn 0.227406 0.809976 0.540579
v 0.016862 0.072632 0.050878
vn 0.374599 0.751459 0.543125
v 0.008814 0.082781 0.03979
vn 0.1005 0.800799 0.590441
v 0.015031 0.080599 0.040572
vn 0.275485 0.772924 0.571573
v 0.01391 0.084442 0.03613
vn 0.233395 0.777327 0.5842
v -0.023503 0.080173 0.031838
vn -0.507536 0.703953 0.496847
v -0.017524 0.080813 0.035724
vn -0.383164 0.729189 0.566982
v -0.017123 0.084151 0.031587
vn -0.392241 0.752115 0.529593
v -0.022518 0.08329 0.027721
vn -0.521008 0.740638 0.42427
v -0.028554 0.078888 0.027305
vn -0.639766 0.684662 0.349196
v -0.026943 0.081923 0.02326
vn -0.646534 0.703435 0.295249
v -0.029623 0.075281 0.031264
vn -0.616728 0.666011 0.419613
v -0.023863 0.07659 0.035929
vn -0.494362 0.708457 0.503681
v -0.030064 0.072043 0.035861
vn -0.572184 0.71784 0.396625
v -0.034979 0.070623 0.030132
vn -0.693357 0.658705 0.292171
v -0.017784 0.077413 0.039981
vn -0.37371 0.778364 0.504469
v -0.024114 0.073477 0.040541
vn -0.479616 0.769609 0.42151
v -0.018082 0.074886 0.04484
vn -0.350463 0.809468 0.471103
v 0.022856 0.092511 0.022301
vn 0.434108 0.621434 0.652204
v 0.023124 0.088639 0.026018
vn 0.46808 0.627213 0.622499
v 0.027436 0.087224 0.023393
vn 0.596861 0.550946 0.58328
v 0.027225 0.091143 0.020021
vn 0.567787 0.541742 0.619785
v 0.031315 0.085657 0.020374
vn 0.674488 0.484936 0.556689
v 0.023413 0.084516 0.029908
vn 0.505088 0.633287 0.586373
v 0.027708 0.083226 0.026914
vn 0.624948 0.546451 0.557522
v 0.031625 0.081663 0.02364
vn 0.694026 0.481714 0.535051
v 0.022773 0.096359 0.018895
vn 0.409333 0.602857 0.684843
v 0.027255 0.095028 0.0167
vn 0.546471 0.532388 0.646477
v 0.023013 0.099989 0.015541
vn 0.395591 0.568463 0.721358
v 0.031218 0.089682 0.017165
vn 0.658007 0.478951 0.581062
v 0.031277 0.093542 0.013955
vn 0.644788 0.46075 0.609883
v 0.027534 0.09884 0.013515
vn 0.525385 0.494058 0.692732
v 0.017771 0.097298 0.02026
vn 0.243995 0.656233 0.71402
v 0.017905 0.093513 0.02395
vn 0.268722 0.688709 0.673401
v 0.018086 0.100952 0.016954
vn 0.245909 0.619143 0.745782
v 0.012788 0.101549 0.017597
vn 0.0850643 0.644847 0.759564
v 0.01822 0.089271 0.028309
vn 0.299758 0.699454 0.648776
v 0.018732 0.085084 0.032635
vn 0.361287 0.719525 0.59309
v 0.037931 0.086546 0.010487
vn 0.774121 0.364026 0.5179
v 0.03475 0.088113 0.013972
vn 0.729782 0.422806 0.537265
v 0.038081 0.082475 0.013443
vn 0.789944 0.385806 0.476593
v 0.034889 0.084101 0.017079
vn 0.736797 0.431095 0.520852
v 0.038373 0.078358 0.016398
vn 0.801534 0.369156 0.470391
v 0.035118 0.080013 0.020152
vn 0.751908 0.425566 0.503516
v 0.040947 0.08101 0.009576
vn 0.823507 0.333819 0.458695
v 0.040879 0.085113 0.006904
vn 0.799678 0.302224 0.518821
v 0.041275 0.076729 0.012333
vn 0.83984 0.327537 0.432883
v 0.038072 0.090614 0.00777
vn 0.746241 0.319782 0.583836
v 0.041182 0.089359 0.004376
vn 0.786795 0.276532 0.5518
v 0.038535 0.094705 0.005196
vn 0.738356 0.310902 0.598474
v 0.041395 0.09343 0.0019
vn 0.784676 0.27885 0.553648
v 0.034835 0.092033 0.010957
vn 0.706552 0.388599 0.591418
v 0.035226 0.09603 0.008214
vn 0.677009 0.357693 0.643207
v 0.031558 0.097381 0.010994
vn 0.618034 0.422084 0.663234
v 0.038714 0.07002 0.021974
vn 0.83456 0.329071 0.441839
v 0.038591 0.074148 0.01919
vn 0.819924 0.343982 0.457604
v 0.03537 0.075999 0.023242
vn 0.771386 0.401641 0.493607
v 0.035467 0.071871 0.026276
vn 0.795357 0.396104 0.458813
v 0.031782 0.077585 0.026989
vn 0.724173 0.469613 0.505012
v 0.038795 0.066019 0.02491
vn 0.848494 0.343734 0.402374
v 0.0356 0.068066 0.029572
vn 0.817264 0.408608 0.406348
v 0.038872 0.062573 0.027969
vn 0.858807 0.374531 0.349537
v 0.03205 0.073539 0.03063
vn 0.760435 0.469295 0.448888
v 0.032461 0.06966 0.03408
vn 0.786174 0.469512 0.401857
v 0.035898 0.064557 0.032718
vn 0.826959 0.431545 0.360427
v 0.041883 0.063472 0.020187
vn 0.881174 0.267834 0.389612
v 0.041621 0.067945 0.017643
vn 0.864231 0.285169 0.414468
v 0.041728 0.059589 0.023623
vn 0.902136 0.28824 0.321044
v 0.044564 0.055348 0.018436
vn 0.940646 0.158642 0.300031
v 0.04147 0.0724 0.014953
vn 0.851661 0.29392 0.433919
v 0.024811 0.076167 0.038638
vn 0.589768 0.639058 0.493739
v 0.028541 0.074939 0.034872
vn 0.700447 0.549761 0.455124
v 0.024067 0.080234 0.034294
vn 0.548399 0.646912 0.529872
v 0.028066 0.079018 0.030871
vn 0.662781 0.553545 0.504291
v 0.019735 0.080875 0.037295
vn 0.416347 0.722062 0.552522
v 0.020599 0.077088 0.041765
vn 0.45636 0.714167 0.530755
v 0.025609 0.072474 0.042339
vn 0.628545 0.607576 0.485575
v 0.021557 0.072965 0.046315
vn 0.512519 0.680213 0.524055
v 0.026604 0.068624 0.045718
vn 0.661897 0.582218 0.472138
v 0.0228 0.068841 0.050112
vn 0.570455 0.646499 0.506577
v 0.029208 0.071394 0.038323
vn 0.728247 0.532758 0.431075
v 0.029907 0.067709 0.041362
vn 0.74169 0.519692 0.424047
v 0.033011 0.066167 0.037241
vn 0.795316 0.474432 0.377343
v -0.028453 0.103714 -0.005739
vn -0.833531 0.254147 0.490545
v -0.030807 0.102829 -0.009453
vn -0.910262 0.179728 0.372989
v -0.032359 0.102046 -0.013585
vn -0.957182 0.159301 0.241716
v -0.031273 0.098915 -0.00867
vn -0.906086 0.22356 0.359207
v -0.029073 0.099918 -0.004611
vn -0.826664 0.302504 0.474465
v -0.032873 0.097975 -0.01298
vn -0.95276 0.162351 0.256692
v -0.025555 0.104547 -0.002263
vn -0.74154 0.314674 0.592535
v -0.026094 0.100851 -0.000927
vn -0.734442 0.369749 0.569105
v -0.022175 0.105327 0.000805
vn -0.653138 0.369988 0.660696
v -0.022715 0.101638 0.002437
vn -0.648984 0.44579 0.616516
v -0.033371 0.101323 -0.017919
vn -0.970085 0.157893 0.184402
v -0.035616 0.096275 -0.026424
vn -0.97557 0.153622 0.157044
v -0.034803 0.096698 -0.021863
vn -0.973909 0.15142 0.169035
v -0.033941 0.09723 -0.017413
vn -0.97063 0.148885 0.188971
v 0.004393 0.108929 0.012137
vn -0.108403 0.532267 0.839608
v -0.001267 0.108115 0.011407
vn -0.197375 0.531704 0.82361
v 0.002449 0.10466 0.014528
vn -0.154605 0.586081 0.795366
v -0.003864 0.10337 0.013747
vn -0.238065 0.617702 0.749513
v -0.008548 0.1029 0.012254
vn -0.334654 0.646145 0.685932
v 0.008359 0.105246 0.014737
vn -0.027092 0.587003 0.809131
v 0.009628 0.109089 0.012361
vn 0.00103167 0.524644 0.851321
v 0.013736 0.105109 0.014637
vn 0.10077 0.56567 0.818451
v 0.014732 0.108972 0.012276
vn 0.128502 0.494536 0.859605
v -0.018793 0.105876 0.003219
vn -0.591648 0.420624 0.687771
v -0.019044 0.102391 0.005294
vn -0.584073 0.525397 0.618722
v -0.0155 0.102859 0.007794
vn -0.510259 0.601172 0.615002
v -0.011687 0.103293 0.010182
vn -0.438161 0.631288 0.639914
v 0.039561 0.102592 0.000178
vn 0.748011 0.25419 0.61308
v 0.03646 0.103928 0.003089
vn 0.686934 0.291045 0.665894
v 0.038899 0.098657 0.002631
vn 0.740973 0.284825 0.60814
v 0.035708 0.100029 0.005542
vn 0.66995 0.328481 0.665783
v 0.03283 0.105196 0.005763
vn 0.609181 0.334291 0.71913
v 0.031993 0.101333 0.008264
vn 0.60004 0.372536 0.707933
v 0.041737 0.097474 -0.000524
vn 0.773515 0.252304 0.581393
v 0.042319 0.101448 -0.002848
vn 0.773137 0.232101 0.590245
v 0.024516 0.107596 0.010147
vn 0.411258 0.420841 0.808554
v 0.028825 0.106499 0.00818
vn 0.531394 0.375394 0.759407
v 0.019802 0.108433 0.011508
vn 0.269273 0.46008 0.846061
v 0.0236 0.103705 0.012607
vn 0.382715 0.479712 0.78956
v 0.018778 0.104555 0.013914
vn 0.247663 0.528945 0.811715
v 0.02795 0.102614 0.010709
vn 0.514695 0.424103 0.745134
v -0.038191 0.008234 -0.013668
vn -0.858312 -0.378894 -0.346034
v -0.042202 0.016043 -0.012193
vn -0.871812 -0.343423 -0.349291
v -0.039714 0.015905 -0.018012
vn -0.868366 -0.347499 -0.353814
v -0.03541 0.007991 -0.01985
vn -0.821161 -0.428792 -0.376607
v -0.0371 0.015504 -0.024178
vn -0.861343 -0.37662 -0.340949
v -0.045062 0.022917 -0.010595
vn -0.902029 -0.24671 -0.354228
v -0.04288 0.022732 -0.015932
vn -0.898797 -0.262104 -0.351376
v -0.040682 0.022632 -0.021678
vn -0.899473 -0.278755 -0.336516
v -0.038191 0.008234 -0.013668
vn -0.710843 -0.660929 -0.240571
v -0.03541 0.007991 -0.01985
vn -0.676245 -0.67207 -0.301686
v -0.032292 0.002252 -0.014791
vn -0.564189 -0.784163 -0.258417
v -0.030072 0.002643 -0.0191
vn -0.538503 -0.801399 -0.260336
v -0.033392 0.008852 -0.02465
vn -0.788454 -0.511258 -0.341987
v -0.029954 0.003844 -0.023325
vn -0.737107 -0.592169 -0.325592
v -0.029954 0.003844 -0.023325
vn -0.566304 -0.7943 -0.219971
v -0.033683 0.001684 -0.008272
vn -0.525908 -0.829755 -0.186887
v -0.040625 0.008781 -0.007571
vn -0.702907 -0.654207 -0.279168
v -0.036507 0.001442 -0.001502
vn -0.508574 -0.840246 -0.187984
v -0.040625 0.008781 -0.007571
vn -0.856231 -0.402279 -0.324098
v -0.044376 0.015676 -0.006498
vn -0.872247 -0.354906 -0.336493
v -0.042505 0.008005 -0.001437
vn -0.852135 -0.416797 -0.316461
v -0.046394 0.015341 -0.000653
vn -0.875463 -0.362177 -0.319988
v -0.047147 0.022365 -0.004897
vn -0.905571 -0.249314 -0.343197
v -0.031421 0.011578 -0.03342
vn -0.816713 -0.463186 -0.344148
v -0.032861 0.010673 -0.028934
vn -0.819315 -0.471896 -0.325633
v -0.035201 0.016487 -0.030317
vn -0.862567 -0.38404 -0.32938
v -0.033296 0.01614 -0.034582
vn -0.845666 -0.407579 -0.34457
v -0.036289 0.02203 -0.033685
vn -0.888368 -0.338686 -0.309989
v -0.038575 0.022616 -0.027451
vn -0.90216 -0.301078 -0.308964
v -0.030012 0.012274 -0.037765
vn -0.816843 -0.454628 -0.355079
v -0.032509 0.017531 -0.03813
vn -0.840956 -0.413231 -0.349332
v -0.034635 0.022288 -0.038556
vn -0.866586 -0.359557 -0.346045
v -0.027026 0.006879 -0.036995
vn -0.802292 -0.493087 -0.336441
v -0.028255 0.005838 -0.032525
vn -0.636048 -0.713924 -0.292841
v -0.027026 0.006879 -0.036995
vn -0.66722 -0.67404 -0.316997
v -0.025753 0.007756 -0.041338
vn -0.812706 -0.469697 -0.344809
v -0.028255 0.005838 -0.032525
vn -0.796286 -0.507092 -0.329828
v -0.029407 0.004941 -0.027893
vn -0.783717 -0.550709 -0.28724
v -0.029407 0.004941 -0.027893
vn -0.589072 -0.773538 -0.233739
v -0.041607 0.036144 -0.027696
vn -0.958148 -0.109251 -0.264607
v -0.039473 0.029046 -0.030739
vn -0.931473 -0.237383 -0.275696
v -0.041294 0.029381 -0.024755
vn -0.931467 -0.202254 -0.302427
v -0.043125 0.03566 -0.022241
vn -0.94631 -0.104298 -0.305972
v -0.043194 0.029151 -0.019291
vn -0.924117 -0.183236 -0.335308
v -0.043099 0.042063 -0.023642
vn -0.958949 0.029693 -0.282019
v -0.044679 0.04113 -0.018551
vn -0.957007 0.0243645 -0.289039
v -0.043971 0.047159 -0.01862
vn -0.951532 0.16158 -0.261684
v -0.044932 0.035196 -0.016857
vn -0.945454 -0.0859174 -0.314222
v -0.046227 0.040313 -0.01319
vn -0.961247 0.0355637 -0.273385
v -0.045506 0.045774 -0.01383
vn -0.957105 0.150199 -0.247773
v -0.041461 0.043177 -0.029142
vn -0.965385 0.0478137 -0.256409
v -0.040225 0.035885 -0.033303
vn -0.953431 -0.120295 -0.276584
v -0.042315 0.04906 -0.023531
vn -0.952881 0.167781 -0.252719
v -0.037334 0.028387 -0.037128
vn -0.913444 -0.257782 -0.31491
v -0.04839 0.034197 -0.005735
vn -0.951288 -0.00710404 -0.308221
v -0.046651 0.03486 -0.011409
vn -0.950524 -0.0524117 -0.306197
v -0.047231 0.029346 -0.008501
vn -0.928927 -0.134999 -0.344774
v -0.045112 0.028858 -0.013935
vn -0.925838 -0.162638 -0.341134
v -0.049263 0.0282 -0.002807
vn -0.93256 -0.1271 -0.337901
v -0.050303 0.033389 -0.000271
vn -0.955882 0.0272357 -0.292485
v -0.051153 0.027462 0.002945
vn -0.945828 -0.119601 -0.301837
v -0.049147 0.021879 0.000987
vn -0.908365 -0.262162 -0.325797
v -0.049181 0.038658 -0.002487
vn -0.961905 0.0812727 -0.261022
v -0.050782 0.037687 0.00311
vn -0.963008 0.113983 -0.24418
v -0.049707 0.04272 0.001303
vn -0.962562 0.176562 -0.20567
v -0.051884 0.032472 0.005484
vn -0.963521 0.0375531 -0.264986
v -0.052339 0.036742 0.008671
vn -0.962688 0.14224 -0.230217
v -0.050935 0.041677 0.006516
vn -0.958349 0.212713 -0.190581
v -0.047733 0.039918 -0.007908
vn -0.963081 0.0527809 -0.263987
v -0.048279 0.044221 -0.003812
vn -0.957745 0.170732 -0.231461
v -0.046851 0.044781 -0.008929
vn -0.958342 0.160741 -0.2361
v -0.046638 0.006692 0.011417
vn -0.837703 -0.429433 -0.337403
v -0.048835 0.005685 0.018046
vn -0.834482 -0.445308 -0.324563
v -0.050548 0.013659 0.011976
vn -0.860179 -0.373182 -0.347603
v -0.052675 0.012639 0.018337
vn -0.865827 -0.379098 -0.326541
v -0.053029 0.019937 0.01319
vn -0.915413 -0.231651 -0.329174
v -0.050678 0.004879 0.024801
vn -0.833432 -0.475427 -0.281711
v -0.054701 0.011764 0.024748
vn -0.875761 -0.389953 -0.284569
v -0.055053 0.019081 0.019421
vn -0.928699 -0.208991 -0.306334
v -0.048395 0.014722 0.005651
vn -0.869345 -0.367824 -0.330068
v -0.044585 0.007477 0.00484
vn -0.853399 -0.41524 -0.315098
v -0.051068 0.020971 0.007081
vn -0.909659 -0.25406 -0.328593
v -0.046638 0.006692 0.011417
vn -0.662723 -0.691611 -0.287179
v -0.044585 0.007477 0.00484
vn -0.674253 -0.67882 -0.290836
v -0.041314 0.001184 0.011795
vn -0.45812 -0.864334 -0.207493
v -0.038596 0.001536 0.004889
vn -0.469095 -0.861316 -0.195152
v -0.032989 -0.000933 0.012592
vn -0.106586 -0.992462 -0.0604907
v -0.042505 0.008005 -0.001437
vn -0.701338 -0.660554 -0.267942
v -0.029273 -0.000859 0.005595
vn -0.117486 -0.992586 -0.0311584
v -0.043271 0.000569 0.018712
vn -0.41763 -0.888462 -0.190316
v -0.048835 0.005685 0.018046
vn -0.62654 -0.732711 -0.265675
v -0.045181 9e-05 0.025703
vn -0.395243 -0.908107 -0.138294
v -0.035161 -0.001005 0.019417
vn -0.0779831 -0.995654 -0.0509118
v -0.037042 -0.001195 0.026488
vn -0.0513022 -0.997863 -0.0404701
v -0.055298 0.030621 0.017266
vn -0.965559 0.0633773 -0.252347
v -0.054597 0.025527 0.015011
vn -0.952811 -0.0849354 -0.291439
v -0.056342 0.024764 0.021245
vn -0.96487 -0.0581329 -0.256216
v -0.056822 0.029774 0.023557
vn -0.971384 0.0541615 -0.231257
v -0.057831 0.024123 0.027631
vn -0.970853 -0.0482503 -0.234769
v -0.056887 0.018479 0.025871
vn -0.948567 -0.185492 -0.25654
v -0.055351 0.035258 0.020067
vn -0.957032 0.170764 -0.23437
v -0.057 0.034324 0.026034
vn -0.961321 0.168296 -0.218034
v -0.054985 0.039427 0.022839
vn -0.936365 0.297708 -0.185985
v -0.058324 0.02912 0.029797
vn -0.974852 0.0478503 -0.217657
v -0.058425 0.033616 0.032066
vn -0.968648 0.167751 -0.18325
v -0.05643 0.038388 0.028735
vn -0.928205 0.333071 -0.16583
v -0.053669 0.036113 0.014181
vn -0.957541 0.16844 -0.233973
v -0.053598 0.031414 0.011355
vn -0.962748 0.0488928 -0.265943
v -0.053413 0.040492 0.017067
vn -0.942442 0.261564 -0.208297
v -0.052087 0.040972 0.011712
vn -0.951452 0.238408 -0.19468
v -0.052797 0.026419 0.008894
vn -0.950086 -0.102117 -0.294802
v -0.060938 0.027297 0.041816
vn -0.978313 0.0895446 -0.186776
v -0.059537 0.028349 0.03573
vn -0.977844 0.066416 -0.198522
v -0.06076 0.022458 0.040069
vn -0.972367 -0.0387589 -0.230218
v -0.059365 0.023358 0.033887
vn -0.972313 -0.0494322 -0.228396
v -0.059781 0.01664 0.039055
vn -0.947918 -0.197725 -0.249713
v -0.058332 0.017607 0.032446
vn -0.954361 -0.183739 -0.235449
v -0.062089 0.021549 0.046062
vn -0.985527 -0.0163665 -0.168728
v -0.061941 0.02641 0.047502
vn -0.983332 0.108633 -0.145798
v -0.062636 0.022192 0.050641
vn -0.9926 -0.00302486 -0.121393
v -0.061429 0.015799 0.045404
vn -0.961176 -0.187166 -0.202754
v -0.06239 0.017173 0.051337
vn -0.98536 -0.129215 -0.111214
v -0.06064 0.031658 0.04378
vn -0.969224 0.212245 -0.124726
v -0.061456 0.030764 0.049049
vn -0.959737 0.264704 -0.0940091
v -0.059585 0.035319 0.045871
vn -0.917188 0.398049 -0.0179634
v -0.062704 0.026064 0.052183
vn -0.986454 0.10492 -0.126097
v -0.062064 0.030238 0.05361
vn -0.941617 0.322284 -0.0974164
v -0.060067 0.034211 0.05096
vn -0.889532 0.456869 -0.00183168
v -0.059516 0.032645 0.03802
vn -0.971448 0.174184 -0.161084
v -0.058894 0.036557 0.040328
vn -0.934789 0.345293 -0.0833156
v -0.057814 0.03758 0.034601
vn -0.931055 0.335601 -0.143205
v -0.053823 0.003972 0.039179
vn -0.820937 -0.534677 -0.200459
v -0.057902 0.010334 0.038537
vn -0.87712 -0.421026 -0.23108
v -0.056416 0.010864 0.031725
vn -0.886375 -0.398355 -0.235907
v -0.052382 0.004338 0.031864
vn -0.829978 -0.507248 -0.232027
v -0.053823 0.003972 0.039179
vn -0.543614 -0.825177 -0.153516
v -0.052382 0.004338 0.031864
vn -0.567109 -0.809058 -0.154316
v -0.048125 -1e-05 0.040354
vn -0.397084 -0.911033 -0.111101
v -0.046716 3.6e-05 0.032972
vn -0.388119 -0.915768 -0.103602
v -0.040899 -0.001512 0.041059
vn -0.0483054 -0.998003 -0.0406994
v -0.050678 0.004879 0.024801
vn -0.606744 -0.769977 -0.197476
v -0.038889 -0.001278 0.033682
vn -0.0478638 -0.998421 -0.0294096
v -0.049844 -0.000114 0.046955
vn -0.384095 -0.916795 -0.109349
v -0.055197 0.003519 0.046268
vn -0.556254 -0.816878 -0.152617
v -0.052221 -0.000131 0.054848
vn -0.433771 -0.893858 -0.113405
v -0.043682 -0.001682 0.047268
vn -0.0965916 -0.994214 -0.0469985
v -0.04436 -0.001887 0.055868
vn -0.055302 -0.997918 -0.0331923
v -0.055197 0.003519 0.046268
vn -0.788852 -0.572112 -0.224499
v -0.059496 0.009537 0.045431
vn -0.87493 -0.429919 -0.22286
v -0.057907 0.004303 0.053269
vn -0.841158 -0.512394 -0.172931
v -0.061152 0.0107 0.052079
vn -0.936159 -0.328886 -0.124259
v -0.044633 0.054921 -0.007179
vn -0.934959 0.313013 -0.166955
v -0.045716 0.053345 -0.003542
vn -0.940124 0.304959 -0.152209
v -0.044505 0.05766 -0.001425
vn -0.921644 0.370035 -0.116818
v -0.045583 0.055911 0.001634
vn -0.92018 0.371493 -0.123537
v -0.044117 0.059745 0.004025
vn -0.899891 0.425816 -0.0942156
v -0.046844 0.051904 0.000369
vn -0.926586 0.332526 -0.175685
v -0.046623 0.05443 0.004729
vn -0.919186 0.371929 -0.129484
v -0.045363 0.057693 0.006627
vn -0.899552 0.428642 -0.0840938
v -0.043255 0.059638 -0.004765
vn -0.918845 0.373659 -0.126896
v -0.043276 0.056833 -0.010832
vn -0.930453 0.317542 -0.182821
v -0.042899 0.061927 0.001485
vn -0.905059 0.418811 -0.0739281
v -0.044466 0.051461 -0.013107
vn -0.941767 0.249877 -0.225025
v -0.042927 0.053347 -0.017088
vn -0.94055 0.251895 -0.22785
v -0.04587 0.049864 -0.008713
vn -0.951267 0.23873 -0.195188
v -0.046966 0.048676 -0.004325
vn -0.944534 0.263025 -0.196654
v -0.043982 0.061005 0.015728
vn -0.88805 0.459736 0.00320914
v -0.043998 0.061469 0.010069
vn -0.896853 0.441769 -0.0222432
v -0.045386 0.057658 0.01144
vn -0.909532 0.415629 -0.00205549
v -0.045624 0.057758 0.016596
vn -0.893333 0.447455 -0.0417058
v -0.046885 0.054884 0.013972
vn -0.898736 0.433815 -0.0638585
v -0.046534 0.056286 0.008314
vn -0.921312 0.38798 -0.0255978
v -0.044579 0.06011 0.020908
vn -0.87247 0.488192 0.0215798
v -0.046112 0.057069 0.020566
vn -0.883385 0.468567 -0.00867576
v -0.045795 0.057453 0.025015
vn -0.866572 0.494899 0.0642582
v -0.047245 0.054757 0.018098
vn -0.887067 0.458756 -0.0515354
v -0.047704 0.054256 0.02294
vn -0.871861 0.489715 0.00620828
v -0.042199 0.064011 0.021413
vn -0.831957 0.550656 0.0680116
v -0.042061 0.06445 0.015244
vn -0.863748 0.502432 0.0387504
v -0.043323 0.061495 0.026267
vn -0.830983 0.543382 0.119173
v -0.039727 0.065763 0.029125
vn -0.755495 0.622158 0.205297
v -0.042467 0.063781 0.008111
vn -0.88304 0.467383 -0.0423481
v -0.048789 0.049376 0.008569
vn -0.931692 0.35107 -0.0932721
v -0.047893 0.052224 0.011425
vn -0.910241 0.404604 -0.0880722
v -0.047375 0.052812 0.007995
vn -0.939873 0.339344 -0.0385391
v -0.047971 0.051233 0.004433
vn -0.937694 0.329032 -0.111662
v -0.04672 0.054774 0.010522
vn -0.927771 0.373093 0.0065459
v -0.049382 0.046453 0.005104
vn -0.952215 0.271046 -0.140787
v -0.04829 0.047907 0.000457
vn -0.945126 0.268827 -0.185658
v -0.050403 0.045557 0.009715
vn -0.938051 0.309245 -0.156292
v -0.049535 0.04897 0.012741
vn -0.911485 0.392005 -0.124605
v -0.051495 0.0449 0.014696
vn -0.927025 0.33741 -0.163645
v -0.048478 0.051876 0.015551
vn -0.894716 0.437978 -0.0875129
v -0.050436 0.048355 0.017497
vn -0.898811 0.424725 -0.108384
v -0.049123 0.051435 0.020244
vn -0.883362 0.465193 -0.0571564
v -0.024699 0.067568 0.051359
vn -0.431147 0.806894 0.403776
v -0.024965 0.064634 0.056921
vn -0.401674 0.845317 0.352275
v -0.018816 0.068498 0.055196
vn -0.358957 0.831068 0.424825
v -0.019515 0.065272 0.060631
vn -0.332444 0.87883 0.342256
v -0.01284 0.068903 0.058935
vn -0.260657 0.859411 0.439852
v -0.026031 0.062339 0.062776
vn -0.356512 0.911688 0.204265
v -0.020889 0.063427 0.066523
vn -0.287018 0.940832 0.180156
v -0.013825 0.0659 0.064222
vn -0.238763 0.915784 0.323005
v -0.018396 0.071356 0.049827
vn -0.348591 0.820111 0.453764
v -0.024468 0.070528 0.045756
vn -0.45585 0.784247 0.4209
v -0.011935 0.071931 0.053485
vn -0.244045 0.868813 0.43082
v -0.030029 0.06624 0.047645
vn -0.522742 0.76604 0.374063
v -0.030054 0.069233 0.041568
vn -0.543463 0.752873 0.371256
v -0.034627 0.064308 0.044041
vn -0.621037 0.712653 0.32625
v -0.035374 0.067025 0.036819
vn -0.650717 0.688054 0.32117
v -0.030131 0.063376 0.053356
vn -0.490048 0.806083 0.331788
v -0.030797 0.061061 0.059145
vn -0.444612 0.869214 0.216301
v -0.034626 0.061583 0.050058
vn -0.580849 0.759495 0.292885
v -0.035168 0.059383 0.055862
vn -0.533596 0.820304 0.205858
v -0.000596 0.067403 0.065926
vn 0.0304244 0.90538 0.423511
v -0.00666 0.068585 0.062207
vn -0.136667 0.89174 0.431418
v -0.008225 0.065611 0.068369
vn -0.122402 0.94126 0.314718
v -0.002553 0.064593 0.073222
vn 0.04331 0.949967 0.309333
v -0.010242 0.063821 0.074536
vn -0.0813472 0.968657 0.234705
v -0.015509 0.064174 0.070182
vn -0.182674 0.961078 0.207265
v 0.004967 0.064764 0.069311
vn 0.216052 0.890199 0.401082
v 0.003652 0.062838 0.075332
vn 0.206327 0.936907 0.282196
v 0.009073 0.061687 0.074375
vn 0.293972 0.910258 0.291566
v -0.005702 0.062702 0.079651
vn -0.00550252 0.979098 0.203314
v 0.000583 0.062398 0.079628
vn 0.146081 0.97004 0.194119
v 0.006528 0.060868 0.080392
vn 0.262858 0.948708 0.175667
v 0.007527 0.067686 0.063064
vn 0.231372 0.836854 0.496128
v 0.001834 0.070741 0.059327
vn 0.0391988 0.882218 0.469206
v 0.012486 0.063123 0.067565
vn 0.35165 0.84048 0.412232
v 0.0148 0.066196 0.060544
vn 0.384274 0.765206 0.51652
v -0.005193 0.07168 0.05663
vn -0.113255 0.883994 0.453572
v -0.009636 0.061539 0.088703
vn -0.0633706 0.997017 0.0440605
v -0.006794 0.062059 0.084614
vn -0.0351628 0.995451 0.0885483
v -0.012126 0.062099 0.081732
vn -0.0682488 0.986702 0.147519
v -0.015549 0.061352 0.087163
vn -0.0924316 0.992854 0.0754853
v -0.019462 0.061471 0.081846
vn -0.157567 0.980546 0.11706
v -0.017163 0.062569 0.076412
vn -0.156202 0.972137 0.17479
v -0.012392 0.061299 0.093002
vn -0.0874685 0.994985 -0.0485192
v -0.018325 0.060801 0.091709
vn -0.111968 0.993659 -0.0102264
v -0.015303 0.061435 0.097306
vn -0.105893 0.986967 -0.121177
v -0.021886 0.060477 0.086767
vn -0.170832 0.983805 0.0542632
v -0.02462 0.059974 0.091249
vn -0.11525 0.990691 -0.0724496
v -0.006741 0.061929 0.094431
vn -0.029178 0.995657 -0.0884085
v -0.004131 0.061896 0.089954
vn 0.011896 0.999875 0.0104349
v -0.001236 0.06188 0.095979
vn 0.1122 0.990989 -0.0731627
v -0.009489 0.062483 0.098751
vn -0.0875945 0.983104 -0.160729
v -0.004031 0.062791 0.100492
vn 0.0818431 0.981517 -0.172993
v -0.001841 0.062007 0.084921
vn 0.0901366 0.993134 0.0745732
v 0.001477 0.061414 0.091077
vn 0.172853 0.984933 -0.0053583
v 0.004106 0.060866 0.08569
vn 0.234759 0.970004 0.0630936
v -0.029018 0.059824 0.07366
vn -0.32862 0.939395 0.0977093
v -0.024241 0.060959 0.077396
vn -0.255218 0.959836 0.116529
v -0.022367 0.062177 0.072149
vn -0.264118 0.954017 0.141748
v -0.027359 0.060991 0.068425
vn -0.336194 0.934294 0.118612
v -0.033691 0.058425 0.070052
vn -0.402531 0.912806 0.0689502
v -0.032119 0.05954 0.064793
vn -0.415823 0.903056 0.107617
v -0.037818 0.056432 0.066631
vn -0.494212 0.868447 0.0394259
v -0.036286 0.057707 0.061451
vn -0.504166 0.857028 0.106395
v -0.035264 0.057358 0.074931
vn -0.379186 0.923915 0.0509819
v -0.030867 0.058739 0.078431
vn -0.317916 0.94642 0.0567397
v -0.037041 0.056406 0.079469
vn -0.308319 0.949778 -0.0534875
v -0.039376 0.055487 0.071448
vn -0.437753 0.89877 -0.0241838
v -0.041003 0.054914 0.075956
vn -0.340179 0.938323 -0.0618665
v -0.026232 0.059843 0.08226
vn -0.242818 0.967827 0.0659609
v -0.032929 0.058049 0.083416
vn -0.26049 0.964225 -0.049147
v -0.028481 0.059212 0.086815
vn -0.188662 0.981242 -0.0396412
v -0.042379 0.058625 0.038265
vn -0.762045 0.601964 0.238592
v -0.045312 0.055492 0.03576
vn -0.800171 0.573097 0.17688
v -0.045446 0.053631 0.04141
vn -0.752313 0.639516 0.158254
v -0.04222 0.056579 0.044185
vn -0.719716 0.664313 0.201734
v -0.045945 0.051986 0.047283
vn -0.715456 0.687335 0.12527
v -0.047927 0.052343 0.033296
vn -0.814159 0.570279 0.109208
v -0.048375 0.050739 0.038794
vn -0.753814 0.648122 0.108172
v -0.048971 0.049254 0.044451
vn -0.715411 0.689351 0.113941
v -0.03872 0.061677 0.040962
vn -0.693377 0.660006 0.289172
v -0.038696 0.059297 0.047043
vn -0.661378 0.709216 0.244113
v -0.04271 0.054649 0.05009
vn -0.683895 0.713935 0.150281
v -0.039167 0.057235 0.052887
vn -0.621217 0.763266 0.177526
v -0.039832 0.063118 0.035564
vn -0.722881 0.633927 0.274918
v -0.042569 0.060823 0.032246
vn -0.799782 0.565754 0.200677
v -0.045302 0.057316 0.030254
vn -0.83912 0.526477 0.136744
v -0.047673 0.053782 0.02797
vn -0.850845 0.519849 0.076288
v -0.044862 0.051446 0.060687
vn -0.653704 0.756675 0.0106617
v -0.043623 0.052901 0.055628
vn -0.66536 0.741128 0.0895857
v -0.047859 0.048787 0.058158
vn -0.695634 0.718024 0.0231158
v -0.04675 0.050284 0.052916
vn -0.699459 0.709247 0.0878952
v -0.05059 0.046164 0.055635
vn -0.720807 0.691087 0.0532646
v -0.049611 0.047702 0.050166
vn -0.714208 0.693614 0.0938446
v -0.049073 0.047838 0.062784
vn -0.643384 0.753755 -0.13383
v -0.046177 0.050497 0.065364
vn -0.596033 0.794192 -0.118337
v -0.05058 0.04809 0.067432
vn -0.559191 0.782695 -0.273302
v -0.051618 0.044876 0.060332
vn -0.692641 0.712629 -0.11139
v -0.052987 0.045349 0.064947
vn -0.632093 0.726681 -0.269061
v -0.041567 0.054226 0.063449
vn -0.584896 0.810823 0.0215251
v -0.043076 0.053141 0.068142
vn -0.523888 0.845856 -0.10035
v -0.047797 0.050639 0.069815
vn -0.493477 0.829253 -0.262334
v -0.044844 0.053354 0.07316
vn -0.414802 0.895546 -0.161049
v -0.040147 0.055547 0.058389
vn -0.598942 0.795275 0.0938389
v -0.055646 0.041152 0.050402
vn -0.784158 0.614336 0.0876721
v -0.053202 0.043662 0.052922
vn -0.742791 0.664743 0.0798603
v -0.052505 0.045177 0.047504
vn -0.72909 0.676151 0.10606
v -0.055117 0.042541 0.044969
vn -0.781628 0.618064 0.0839932
v -0.051977 0.046736 0.041938
vn -0.732362 0.676109 0.0807691
v -0.057842 0.038412 0.048123
vn -0.842319 0.535457 0.0615222
v -0.057375 0.039742 0.042665
vn -0.85479 0.518536 0.0213281
v -0.054484 0.044041 0.039423
vn -0.78819 0.615362 0.0092233
v -0.056511 0.041003 0.037052
vn -0.859988 0.50482 -0.0746883
v -0.058223 0.037072 0.053061
vn -0.829811 0.557433 0.0261177
v -0.056221 0.039648 0.055366
vn -0.777687 0.628624 -0.00581054
v -0.058832 0.036644 0.057523
vn -0.802693 0.578015 -0.146914
v -0.060514 0.033557 0.055396
vn -0.864098 0.494899 -0.0917037
v -0.054031 0.042254 0.057804
vn -0.727683 0.684049 -0.0505425
v -0.057172 0.039502 0.060221
vn -0.734125 0.65115 -0.192521
v -0.055169 0.042373 0.062562
vn -0.678821 0.694979 -0.237079
v -0.052326 0.046175 0.028285
vn -0.856709 0.514871 -0.0309235
v -0.053329 0.044997 0.033821
vn -0.812643 0.581235 -0.0421486
v -0.050331 0.049258 0.030878
vn -0.828159 0.559094 0.0395838
v -0.051083 0.047899 0.036288
vn -0.77145 0.635466 0.0323751
v -0.049777 0.050591 0.025432
vn -0.864758 0.502136 0.0072895
v -0.051398 0.047469 0.022759
vn -0.884423 0.462265 -0.0640817
v -0.053959 0.042986 0.025611
vn -0.896053 0.431281 -0.105288
v -0.052676 0.044218 0.019973
vn -0.914125 0.380166 -0.140891
v -0.055153 0.041927 0.031329
vn -0.869824 0.481828 -0.106062
v 0.039465 0.012369 0.028462
vn 0.879616 -0.472525 -0.0547287
v 0.039149 0.013153 0.023025
vn 0.889655 -0.445874 -0.0985456
v 0.041792 0.019685 0.026564
vn 0.942106 -0.327591 -0.0715514
v 0.041821 0.019026 0.031691
vn 0.974853 -0.220869 0.0296439
v 0.041792 0.019685 0.026564
vn 0.964571 -0.260901 -0.0391558
v 0.043526 0.025887 0.029655
vn 0.977956 -0.206688 0.0297121
v 0.038681 0.013641 0.017765
vn 0.890253 -0.449258 -0.0749447
v 0.041612 0.020188 0.021343
vn 0.929897 -0.358896 -0.0805286
v 0.041612 0.020188 0.021343
vn 0.961267 -0.269562 -0.0574549
v 0.043656 0.026727 0.024712
vn 0.973596 -0.225739 -0.033951
v 0.041821 0.019026 0.031691
vn 0.947793 -0.31865 -0.0122623
v 0.039406 0.011931 0.033921
vn 0.868172 -0.49626 -0.00160997
v 0.041493 0.018462 0.036903
vn 0.947678 -0.318319 0.0240712
v 0.039064 0.011456 0.039431
vn 0.854108 -0.519904 0.0141152
v 0.042938 0.025251 0.034518
vn 0.98067 -0.181782 0.0724045
v 0.041493 0.018462 0.036903
vn 0.981385 -0.1873 0.0424572
v 0.042498 0.024491 0.039693
vn 0.985479 -0.16604 0.0355286
v 0.041217 0.017908 0.042374
vn 0.983667 -0.17996 -0.00372344
v 0.03488 0.006736 0.030243
vn 0.621059 -0.783753 -0.00403352
v 0.035139 0.006938 0.024753
vn 0.661904 -0.748314 -0.0436874
v 0.034652 0.006505 0.035925
vn 0.586828 -0.809315 0.025346
v 0.02817 0.003335 0.03237
vn 0.265922 -0.963868 0.0155974
v 0.035022 0.007305 0.019187
vn 0.707104 -0.703581 -0.0705556
v 0.03467 0.007677 0.013896
vn 0.729787 -0.681876 -0.0495616
v 0.043539 0.035192 0.039791
vn 0.994681 0.0167293 0.101639
v 0.043588 0.030596 0.037158
vn 0.991245 -0.100079 0.0861239
v 0.044052 0.036551 0.034976
vn 0.991447 0.0165311 0.12946
v 0.044224 0.031565 0.032379
vn 0.989501 -0.103906 0.100456
v 0.044705 0.037844 0.03051
vn 0.993649 0.0185775 0.110978
v 0.044685 0.032482 0.027664
vn 0.993594 -0.106812 0.0369188
v 0.043413 0.04089 0.037543
vn 0.97882 0.139419 0.149913
v 0.04291 0.039152 0.042197
vn 0.9786 0.146381 0.14462
v 0.042157 0.044435 0.040597
vn 0.950571 0.248639 0.185992
v 0.043882 0.042586 0.033102
vn 0.97431 0.147156 0.170485
v 0.042411 0.046329 0.036147
vn 0.946415 0.26193 0.188919
v 0.043135 0.033876 0.044741
vn 0.997166 0.0384794 0.0646425
v 0.042519 0.037514 0.04719
vn 0.971958 0.190057 0.138481
v 0.042949 0.032607 0.05027
vn 0.993196 0.0953645 0.0668426
v 0.041634 0.04264 0.045007
vn 0.945702 0.256048 0.200217
v 0.041099 0.040969 0.049773
vn 0.9413 0.286025 0.179287
v 0.041967 0.036176 0.052381
vn 0.965151 0.227343 0.129613
v 0.043119 0.029573 0.042313
vn 0.995385 -0.087894 0.0385132
v 0.042995 0.028577 0.047894
vn 0.997771 -0.066585 -0.00432155
v 0.042344 0.023708 0.045291
vn 0.988062 -0.152994 -0.0180404
v 0.045286 0.040283 0.021212
vn 0.997485 -0.0100892 0.0701587
v 0.045005 0.039089 0.025856
vn 0.998024 0.0154724 0.0609058
v 0.044852 0.033498 0.022837
vn 0.992293 -0.123897 0.00206008
v 0.044931 0.034051 0.017979
vn 0.987782 -0.15398 0.024032
v 0.0435 0.027291 0.019607
vn 0.970091 -0.239668 -0.0385108
v 0.045642 0.040911 0.01648
vn 0.990297 -0.0613484 0.12469
v 0.045248 0.034349 0.013185
vn 0.975696 -0.193039 0.1037
v 0.043418 0.027533 0.0146
vn 0.964454 -0.263833 0.0148674
v 0.043773 0.027749 0.009878
vn 0.949116 -0.305073 0.0781578
v 0.045221 0.047369 0.019594
vn 0.981353 0.0701 0.178976
v 0.044605 0.045897 0.024274
vn 0.984256 0.116753 0.132702
v 0.043705 0.052684 0.023379
vn 0.951351 0.198631 0.235537
v 0.044388 0.044286 0.028746
vn 0.980453 0.143885 0.134196
v 0.0432 0.050359 0.027787
vn 0.949711 0.233453 0.208682
v 0.042847 0.048207 0.031917
vn 0.941692 0.258115 0.215852
v 0.038409 0.013918 0.007698
vn 0.88469 -0.465677 -0.0216701
v 0.041411 0.020768 0.011176
vn 0.922548 -0.38508 -0.0248818
v 0.038614 0.013806 0.012645
vn 0.886764 -0.461039 -0.03306
v 0.041416 0.020507 0.016267
vn 0.925485 -0.377206 -0.0345418
v 0.041411 0.020768 0.011176
vn 0.952993 -0.302773 0.0114975
v 0.041416 0.020507 0.016267
vn 0.960739 -0.275501 -0.0328645
v 0.034565 0.007807 0.008851
vn 0.739364 -0.672888 -0.02372
v 0.034546 0.007956 0.003933
vn 0.750636 -0.660685 0.00639155
v 0.038461 0.014056 0.002894
vn 0.874348 -0.482666 0.0504916
v 0.034842 0.008102 -0.000851
vn 0.746395 -0.660741 0.0794716
v 0.041414 0.020858 0.006432
vn 0.911915 -0.409677 0.0240171
v 0.041414 0.020858 0.006432
vn 0.932506 -0.35569 0.0625906
v 0.041885 0.020969 0.001829
vn 0.889621 -0.440485 0.12061
v 0.038796 0.056624 0.035368
vn 0.875446 0.391978 0.282749
v 0.036487 0.058747 0.039199
vn 0.835633 0.460635 0.29922
v 0.038916 0.05412 0.039047
vn 0.880983 0.405575 0.243675
v 0.036738 0.056219 0.04256
vn 0.833797 0.471584 0.287039
v 0.038915 0.052018 0.042614
vn 0.881237 0.402826 0.247291
v 0.034018 0.060328 0.04308
vn 0.786611 0.514334 0.341618
v 0.034675 0.057514 0.045861
vn 0.784248 0.525874 0.329258
v 0.036982 0.054013 0.045549
vn 0.840236 0.461698 0.28432
v 0.040873 0.051485 0.035435
vn 0.913483 0.333978 0.232395
v 0.041162 0.053829 0.03151
vn 0.907781 0.319522 0.271733
v 0.040739 0.049453 0.039399
vn 0.919436 0.336677 0.203189
v 0.038854 0.059525 0.031682
vn 0.864651 0.387087 0.320221
v 0.041463 0.056519 0.027703
vn 0.907316 0.309516 0.284565
v 0.03614 0.061531 0.036082
vn 0.832751 0.443668 0.331187
v 0.033498 0.063165 0.040128
vn 0.790495 0.494181 0.361805
v 0.038074 0.048528 0.050171
vn 0.87202 0.403416 0.277195
v 0.038649 0.050076 0.046421
vn 0.878384 0.390351 0.275803
v 0.036779 0.052294 0.048737
vn 0.84006 0.443297 0.312708
v 0.036026 0.051412 0.051925
vn 0.819439 0.476486 0.318561
v 0.034911 0.054228 0.05037
vn 0.780137 0.511637 0.36002
v 0.035356 0.05526 0.048035
vn 0.791005 0.513628 0.33241
v 0.037405 0.04755 0.053981
vn 0.856208 0.454919 0.244859
v 0.034921 0.050881 0.055456
vn 0.794736 0.528659 0.298187
v 0.036572 0.046847 0.058561
vn 0.826498 0.503163 0.252447
v 0.033593 0.054389 0.052919
vn 0.760594 0.546031 0.351209
v 0.032043 0.054192 0.056784
vn 0.734148 0.586527 0.34207
v 0.033845 0.049958 0.060042
vn 0.76587 0.568957 0.29955
v 0.039455 0.044301 0.051953
vn 0.903794 0.375643 0.20506
v 0.039982 0.045713 0.047852
vn 0.910994 0.333227 0.243003
v 0.03899 0.043252 0.05656
vn 0.889079 0.412616 0.19821
v 0.040779 0.039646 0.0547
vn 0.938819 0.309364 0.151367
v 0.040526 0.04753 0.043492
vn 0.91655 0.326815 0.230494
v 0.028989 0.06115 0.051514
vn 0.689846 0.593831 0.414098
v 0.030472 0.0576 0.054251
vn 0.707753 0.592949 0.384054
v 0.032794 0.057456 0.050081
vn 0.739021 0.558645 0.376516
v 0.031557 0.061053 0.047224
vn 0.737053 0.554618 0.386203
v 0.027676 0.064827 0.048752
vn 0.677332 0.580582 0.451825
v 0.030632 0.064349 0.044257
vn 0.742709 0.536321 0.400929
v 0.024594 0.064666 0.053223
vn 0.605581 0.635398 0.479103
v 0.026491 0.060826 0.056224
vn 0.63139 0.645137 0.430284
v 0.021364 0.06357 0.058382
vn 0.523696 0.696929 0.489931
v 0.018444 0.068575 0.055191
vn 0.45279 0.703 0.548427
v 0.028758 0.056624 0.058747
vn 0.672218 0.633223 0.383603
v 0.024579 0.058896 0.061838
vn 0.586706 0.702641 0.402582
v 0.028001 0.055182 0.06293
vn 0.660025 0.668486 0.342773
v 0.0309 0.052945 0.061284
vn 0.708552 0.62345 0.330551
v 0.012151 0.002238 0.036822
vn 0.0634517 -0.99786 0.0157629
v 0.011106 0.002263 0.043593
vn 0.0668572 -0.997715 0.00970197
v 0.003284 0.00169 0.039191
vn 0.071 -0.997421 0.0104776
v 0.004456 0.001665 0.032393
vn 0.067885 -0.997552 0.016809
v -0.004727 0.001045 0.034767
vn 0.0760926 -0.997029 0.0119919
v 0.009953 0.00223 0.050709
vn 0.0685828 -0.997593 0.0102287
v 0.002027 0.00164 0.046298
vn 0.0729795 -0.997302 0.00797922
v -0.006127 0.000989 0.041888
vn 0.0784196 -0.996893 0.00739751
v 0.013085 0.002184 0.030322
vn 0.0635952 -0.99785 0.0158323
v 0.005551 0.001618 0.025872
vn 0.0677695 -0.997551 0.0173087
v -0.003363 0.001036 0.027999
vn 0.0734685 -0.997136 0.0179523
v -0.002119 0.001003 0.021435
vn 0.0736746 -0.997047 0.0216614
v 0.020422 0.002702 0.034601
vn 0.0727739 -0.997207 0.0167822
v 0.019577 0.002768 0.041049
vn 0.0729944 -0.997184 0.0172244
v 0.027549 0.003378 0.038479
vn 0.247099 -0.96835 0.0352111
v 0.01861 0.002797 0.047813
vn 0.0760896 -0.997027 0.0121428
v 0.026728 0.003447 0.04483
vn 0.212612 -0.977076 0.0108689
v 0.025773 0.003473 0.05157
vn 0.138411 -0.990317 -0.0106571
v 0.017517 0.002789 0.054953
vn 0.0753656 -0.997052 0.0143786
v -0.01807 -0.000216 0.018918
vn 0.0610126 -0.997914 0.0210813
v -0.011146 0.000355 0.023764
vn 0.0726857 -0.997156 0.0199026
v -0.019828 -0.000208 0.025561
vn 0.0640316 -0.997864 0.0129114
v -0.012683 0.000364 0.030526
vn 0.074696 -0.99712 0.0130898
v -0.021572 -0.000267 0.032524
vn 0.0686576 -0.997626 0.00536689
v -0.014279 0.000301 0.03759
vn 0.0769417 -0.997012 0.00684116
v -0.02642 -0.000664 0.019418
vn 0.0457814 -0.9989 0.0100935
v -0.024078 -0.000662 0.013102
vn 0.0386986 -0.999127 0.0157084
v -0.028256 -0.000707 0.026187
vn 0.0558031 -0.998442 0.000534352
v -0.016415 -0.000274 0.012763
vn 0.0630314 -0.997704 0.0247713
v -0.021409 -0.000666 0.00846
vn 0.039603 -0.998911 0.0246823
v -0.009727 0.00031 0.0172
vn 0.0729324 -0.997032 0.0246442
v -0.025309 -0.000497 0.047664
vn 0.0769627 -0.996964 -0.0118256
v -0.023405 -0.000362 0.039931
vn 0.0705744 -0.997502 0.0028474
v -0.015863 0.000219 0.044967
vn 0.0787963 -0.996879 0.00486718
v -0.017468 0.000121 0.052641
vn 0.0888874 -0.996019 -0.00668281
v -0.00759 0.000935 0.049261
vn 0.0803307 -0.996744 0.00699471
v -0.02718 -0.000901 0.056561
vn 0.073227 -0.997306 -0.00437853
v -0.019019 -0.00013 0.060651
vn 0.0913294 -0.995791 0.00775465
v -0.028698 -0.000833 0.064602
vn 0.0679707 -0.997234 0.0300684
v -0.009095 0.000848 0.056937
vn 0.0865179 -0.99625 0.00114922
v -0.010646 0.000736 0.064936
vn 0.0891132 -0.995912 0.0147587
v -0.02062 -9.8e-05 0.068648
vn 0.0780897 -0.996273 0.0366227
v -0.03564 -0.001317 0.050426
vn 0.061773 -0.998042 -0.00980704
v -0.03226 -0.000952 0.041018
vn 0.0654336 -0.997831 -0.00720066
v -0.036404 -0.001297 0.060845
vn 0.0605883 -0.998109 0.0103206
v -0.030188 -0.000838 0.03347
vn 0.0592527 -0.998243 0.000574314
v 0.00728 0.002254 0.065978
vn 0.0781293 -0.996771 0.018554
v -0.000766 0.001533 0.061469
vn 0.0809497 -0.996674 0.00937438
v 0.008676 0.002249 0.058141
vn 0.0725583 -0.997276 0.0132461
v 0.000673 0.00162 0.053678
vn 0.0755756 -0.99711 0.00769489
v 0.016281 0.002856 0.062414
vn 0.0763116 -0.996852 0.0215244
v 0.014918 0.002929 0.070267
vn 0.0802823 -0.996504 0.023113
v 0.023488 0.00355 0.066225
vn 0.0896791 -0.995583 0.0278008
v 0.0247 0.003437 0.058746
vn 0.09299 -0.995497 0.0184265
v 0.005735 0.002311 0.07404
vn 0.0756843 -0.996722 0.0285859
v 0.013294 0.002977 0.078407
vn 0.0792316 -0.996316 0.0328035
v 0.003915 0.002463 0.082239
vn 0.0654534 -0.996439 0.0531448
v 0.022079 0.003644 0.074077
vn 0.0919531 -0.995342 0.0289809
v 0.020295 0.003739 0.082339
vn 0.093016 -0.994612 0.0457753
v 0.011305 0.003194 0.086938
vn 0.0707375 -0.994235 0.0805835
v -0.002316 0.001535 0.069513
vn 0.0835228 -0.996184 0.0253278
v -0.004005 0.001699 0.077511
vn 0.0823438 -0.995481 0.0472977
v -0.012278 0.000761 0.072942
vn 0.0834719 -0.995881 0.0353996
v 0.03841 0.009625 0.051484
vn 0.812168 -0.581488 -0.0474891
v 0.041153 0.015972 0.054571
vn 0.911301 -0.4089 -0.0482731
v 0.037927 0.008653 0.05816
vn 0.766064 -0.642301 -0.0244142
v 0.04128 0.014589 0.061306
vn 0.870007 -0.488958 -0.0633134
v 0.037448 0.007801 0.06533
vn 0.681957 -0.731363 -0.00646385
v 0.041153 0.015972 0.054571
vn 0.981384 -0.189249 -0.0327125
v 0.042442 0.021945 0.057271
vn 0.988978 -0.144471 -0.0324069
v 0.04128 0.014589 0.061306
vn 0.979211 -0.197539 -0.0460988
v 0.04256 0.020185 0.064117
vn 0.993675 -0.112268 0.00257349
v 0.041076 0.013126 0.068464
vn 0.976068 -0.215597 0.0284527
v 0.032547 0.004259 0.054894
vn 0.398517 -0.916631 -0.0311744
v 0.033354 0.005544 0.048184
vn 0.475302 -0.876895 -0.0717172
v 0.031542 0.004213 0.062089
vn 0.328269 -0.944111 0.029895
v 0.038721 0.010724 0.045314
vn 0.830935 -0.554641 -0.0438263
v 0.033917 0.006425 0.041706
vn 0.544494 -0.838762 -0.00213227
v 0.041329 0.017138 0.048234
vn 0.929417 -0.366663 -0.0417467
v 0.041329 0.017138 0.048234
vn 0.984111 -0.175327 -0.0280452
v 0.042429 0.02287 0.05119
vn 0.987639 -0.15459 -0.0259022
v 0.041217 0.017908 0.042374
vn 0.94299 -0.332599 -0.0121146
v 0.034425 0.00674 0.080647
vn 0.513715 -0.852644 0.0953727
v 0.036491 0.007085 0.072819
vn 0.592107 -0.803993 0.054821
v 0.040099 0.011779 0.075711
vn 0.742885 -0.664864 0.077955
v 0.038181 0.010651 0.083444
vn 0.928364 -0.339521 0.151213
v 0.040099 0.011779 0.075711
vn 0.959734 -0.253702 0.120607
v 0.041236 0.017257 0.078349
vn 0.981357 -0.126891 0.144351
v 0.041076 0.013126 0.068464
vn 0.819678 -0.572669 -0.0133366
v 0.042178 0.018759 0.071227
vn 0.991902 -0.0945745 0.0847738
v 0.038181 0.010651 0.083444
vn 0.650019 -0.755753 0.0794491
v 0.032065 0.006307 0.089194
vn 0.413084 -0.907093 0.0808877
v 0.036142 0.009411 0.092291
vn 0.557958 -0.823464 0.102901
v 0.029347 0.006063 0.098664
vn 0.302361 -0.938419 0.167175
v 0.039775 0.015672 0.086189
vn 0.970797 -0.172928 0.166278
v 0.036142 0.009411 0.092291
vn 0.891065 -0.420588 0.170615
v 0.037982 0.014259 0.095258
vn 0.951155 -0.19148 0.242155
v 0.03346 0.009314 0.101711
vn 0.853912 -0.415493 0.313369
v 0.026626 0.004561 0.085937
vn 0.190642 -0.978792 0.0749798
v 0.028753 0.004404 0.077541
vn 0.224058 -0.972834 0.0582363
v 0.024061 0.005099 0.095297
vn 0.11089 -0.984741 0.134122
v 0.018072 0.004081 0.091498
vn 0.0776848 -0.989891 0.118662
v 0.030363 0.004311 0.069586
vn 0.262503 -0.964126 0.0394243
v 0.037346 0.026424 0.090599
vn 0.945706 0.240582 0.218543
v 0.038954 0.021137 0.088609
vn 0.968613 0.126934 0.213721
v 0.039081 0.027438 0.082538
vn 0.941805 0.252499 0.221916
v 0.040545 0.022428 0.080694
vn 0.974921 0.11828 0.188515
v 0.040446 0.028478 0.075206
vn 0.956131 0.236648 0.172658
v 0.041496 0.023771 0.073298
vn 0.982431 0.122841 0.1405
v 0.037153 0.032081 0.084146
vn 0.913796 0.347403 0.210449
v 0.035544 0.031761 0.091843
vn 0.921146 0.328042 0.209473
v 0.034897 0.036535 0.085466
vn 0.870739 0.456149 0.183687
v 0.03859 0.032776 0.076804
vn 0.905184 0.367607 0.213323
v 0.036281 0.03678 0.078222
vn 0.855589 0.473754 0.208624
v 0.035546 0.026294 0.098831
vn 0.942154 0.228259 0.245448
v 0.033552 0.032085 0.099791
vn 0.919929 0.321091 0.225015
v 0.032867 0.027573 0.107263
vn 0.933907 0.207244 0.29132
v 0.033193 0.036779 0.092732
vn 0.883897 0.428615 0.187124
v 0.031166 0.037703 0.100385
vn 0.891813 0.408936 0.193496
v 0.031004 0.033855 0.10754
vn 0.913184 0.317906 0.255011
v 0.037169 0.020253 0.09737
vn 0.958706 0.108898 0.262725
v 0.034355 0.021218 0.105883
vn 0.939282 0.0723321 0.335437
v 0.03489 0.014736 0.104258
vn 0.912442 -0.183079 0.365966
v 0.042005 0.030555 0.062109
vn 0.971413 0.189194 0.143397
v 0.041038 0.029798 0.068285
vn 0.964249 0.216232 0.15319
v 0.042303 0.025058 0.066499
vn 0.988058 0.104323 0.113397
v 0.042745 0.026551 0.059911
vn 0.998058 0.0299546 0.054614
v 0.042578 0.031573 0.056015
vn 0.983732 0.150055 0.0987716
v 0.043049 0.027564 0.05378
vn 0.999332 -0.0317956 0.0180397
v 0.041505 0.035212 0.058148
vn 0.958334 0.246385 0.144533
v 0.040671 0.034356 0.064017
vn 0.942422 0.278319 0.185416
v 0.040109 0.038787 0.060138
vn 0.920619 0.336281 0.198434
v 0.039676 0.033835 0.070111
vn 0.925086 0.329834 0.188218
v 0.038965 0.037998 0.065737
vn 0.89365 0.38373 0.232682
v 0.037576 0.037691 0.071542
vn 0.862193 0.447635 0.237162
v 0.021168 0.056602 0.071813
vn 0.541533 0.785598 0.299296
v 0.018763 0.056857 0.075793
vn 0.509597 0.826843 0.237996
v 0.022638 0.05405 0.076238
vn 0.604121 0.762593 0.231279
v 0.024455 0.054384 0.071248
vn 0.614876 0.728087 0.303012
v 0.026073 0.051049 0.076012
vn 0.683214 0.689898 0.23929
v 0.016687 0.056679 0.081658
vn 0.477194 0.864312 0.158905
v 0.020775 0.053921 0.082253
vn 0.586803 0.794789 0.15483
v 0.02438 0.050884 0.082234
vn 0.677331 0.718546 0.157843
v 0.022237 0.057857 0.067354
vn 0.54597 0.7541 0.365034
v 0.026153 0.055006 0.066757
vn 0.627338 0.698059 0.345195
v 0.027821 0.051422 0.070803
vn 0.683149 0.664241 0.303465
v 0.02949 0.051995 0.066165
vn 0.689754 0.644211 0.330501
v 0.017922 0.059408 0.069962
vn 0.458133 0.819172 0.345067
v 0.018876 0.061862 0.064019
vn 0.470337 0.771902 0.427727
v 0.014296 0.059503 0.074852
vn 0.405185 0.872985 0.27152
v 0.011932 0.059029 0.080894
vn 0.361373 0.916653 0.170756
v 0.033968 0.045022 0.068726
vn 0.781701 0.543122 0.306534
v 0.031013 0.048382 0.06975
vn 0.734422 0.605235 0.307107
v 0.032366 0.044361 0.074388
vn 0.785043 0.565441 0.25295
v 0.029338 0.04776 0.075369
vn 0.734805 0.631392 0.247801
v 0.030764 0.044128 0.080739
vn 0.783883 0.594522 0.179082
v 0.027671 0.04757 0.08165
vn 0.736916 0.654965 0.167262
v 0.035109 0.040808 0.073085
vn 0.810798 0.524437 0.259945
v 0.036648 0.041797 0.067285
vn 0.829697 0.480021 0.284925
v 0.033539 0.040507 0.079462
vn 0.819744 0.540688 0.188884
v 0.035518 0.045913 0.063408
vn 0.796646 0.52813 0.293995
v 0.038097 0.042449 0.061858
vn 0.86348 0.438116 0.249913
v 0.032579 0.049144 0.06495
vn 0.744132 0.588614 0.315912
v 0.027853 0.045474 0.094226
vn 0.805159 0.584011 0.103201
v 0.029263 0.044507 0.08745
vn 0.791977 0.599068 0.117857
v 0.026231 0.048036 0.088146
vn 0.736549 0.67061 0.088193
v 0.024708 0.049175 0.094384
vn 0.736785 0.673018 0.064759
v 0.022876 0.051358 0.088343
vn 0.664687 0.743796 0.0704169
v 0.025885 0.04683 0.100788
vn 0.805332 0.580736 0.119109
v 0.02277 0.05068 0.100687
vn 0.720049 0.690111 0.0726421
v 0.023236 0.049233 0.107078
vn 0.787696 0.604147 0.12059
v 0.021313 0.05254 0.09464
vn 0.638897 0.768467 0.0356199
v 0.019023 0.054017 0.100399
vn 0.604069 0.796359 0.0302216
v 0.019823 0.052966 0.106736
vn 0.687718 0.724717 0.0427709
v 0.028595 0.042587 0.100615
vn 0.858299 0.487017 0.161671
v 0.030524 0.041306 0.093684
vn 0.851893 0.503264 0.144929
v 0.025999 0.044818 0.107309
vn 0.852046 0.490553 0.182691
v 0.028568 0.039758 0.10763
vn 0.883683 0.411213 0.223626
v 0.032145 0.040691 0.086578
vn 0.830285 0.535967 0.152864
v 0.012445 0.057959 0.093689
vn 0.412509 0.910951 -0.00225234
v 0.017116 0.055472 0.094229
vn 0.522332 0.852592 0.0159924
v 0.014593 0.056998 0.087798
vn 0.445094 0.893216 0.0636826
v 0.019043 0.054365 0.088276
vn 0.558715 0.826921 0.0635551
v 0.009611 0.059155 0.086827
vn 0.334908 0.9404 0.0590234
v 0.007053 0.060002 0.092553
vn 0.303432 0.952764 -0.013026
v 0.009681 0.059276 0.098989
vn 0.373134 0.926381 -0.0508899
v 0.004244 0.061013 0.097722
vn 0.251144 0.966068 -0.0603178
v 0.006366 0.06093 0.104009
vn 0.328857 0.933381 -0.143711
v 0.001186 0.062179 0.102307
vn 0.213837 0.964147 -0.157148
v 0.014594 0.056907 0.099889
vn 0.496418 0.867895 -0.0180945
v 0.011433 0.058988 0.105034
vn 0.455349 0.882929 -0.114428
v 0.01586 0.056244 0.10611
vn 0.589663 0.806567 -0.0418012
v -0.02937 0.025621 0.147972
vn -0.274652 -0.447256 0.851192
v -0.034135 0.030137 0.14881
vn -0.319634 -0.465824 0.825131
v -0.03456 0.023391 0.144565
vn -0.422001 -0.55029 0.720483
v -0.039039 0.031228 0.147143
vn -0.45423 -0.501759 0.736147
v -0.043244 0.029328 0.142638
vn -0.535257 -0.525617 0.661232
v -0.034135 0.030137 0.14881
vn -0.322434 -0.226637 0.91906
v -0.037784 0.037619 0.149384
vn -0.373306 -0.0266755 0.927325
v -0.039039 0.031228 0.147143
vn -0.478141 -0.282254 0.831693
v -0.042534 0.037332 0.147101
vn -0.685768 -0.0342799 0.727012
v -0.043244 0.029328 0.142638
vn -0.793303 -0.204957 0.573291
v -0.024755 0.01838 0.14571
vn -0.160187 -0.660275 0.733741
v -0.030755 0.016011 0.139816
vn -0.259056 -0.79443 0.549337
v -0.021395 0.01596 0.140232
vn 0.00650801 -0.933919 0.357425
v -0.039379 0.020063 0.138348
vn -0.504534 -0.593231 0.627313
v -0.035888 0.014214 0.1343
vn -0.281448 -0.827748 0.485406
v -0.026872 0.014148 0.135161
vn -0.00343704 -0.948672 0.316244
v -0.024311 0.026328 0.149542
vn -0.146136 -0.424747 0.89344
v -0.018348 0.02312 0.148381
vn -0.00166357 -0.526896 0.849928
v -0.019708 0.029171 0.151587
vn -0.120018 -0.44258 0.888661
v -0.015782 0.017717 0.144234
vn 0.0481522 -0.781979 0.621442
v -0.010978 0.022238 0.147427
vn 0.0648115 -0.597856 0.798979
v -0.028996 0.031311 0.150789
vn -0.211309 -0.410884 0.886861
v -0.028996 0.031311 0.150789
vn -0.269215 -0.185159 0.945113
v -0.032936 0.037646 0.150971
vn -0.30082 -0.0378336 0.95293
v -0.024487 0.032753 0.152299
vn -0.162965 -0.389538 0.906478
v -0.024487 0.032753 0.152299
vn -0.273826 -0.151207 0.949819
v -0.028316 0.038357 0.152182
vn -0.275121 -0.0249129 0.961087
v -0.047194 0.015663 0.125904
vn -0.595713 -0.605058 0.528233
v -0.043526 0.017716 0.132034
vn -0.549222 -0.616262 0.564426
v -0.050033 0.022077 0.129318
vn -0.630548 -0.557772 0.539722
v -0.050033 0.022077 0.129318
vn -0.83604 -0.252406 0.487163
v -0.04711 0.02566 0.135882
vn -0.820184 -0.188698 0.540084
v -0.051902 0.031477 0.130633
vn -0.877609 -0.0783761 0.472926
v -0.04711 0.02566 0.135882
vn -0.591228 -0.543096 0.596234
v -0.048675 0.036392 0.136844
vn -0.859726 -0.00675487 0.510712
v -0.052538 0.019859 0.123166
vn -0.691542 -0.538902 0.480993
v -0.050383 0.014335 0.120237
vn -0.656459 -0.575232 0.488027
v -0.054782 0.01823 0.117747
vn -0.732599 -0.489427 0.473033
v -0.054438 0.028005 0.124869
vn -0.89525 -0.140674 0.422775
v -0.052538 0.019859 0.123166
vn -0.848369 -0.290278 0.442729
v -0.056388 0.025161 0.119208
vn -0.911643 -0.16383 0.376917
v -0.044677 0.010624 0.122551
vn -0.369027 -0.817959 0.441318
v -0.04863 0.010283 0.117028
vn -0.463034 -0.756025 0.462629
v -0.042589 0.008959 0.118188
vn -0.0747577 -0.944013 0.321326
v -0.053327 0.013494 0.115396
vn -0.690758 -0.523325 0.498983
v -0.052183 0.009391 0.112463
vn -0.558851 -0.667155 0.492534
v -0.046912 0.007322 0.113159
vn -0.152335 -0.904295 0.398805
v -0.04014 0.012377 0.128318
vn -0.304154 -0.828907 0.469472
v -0.037396 0.010675 0.123714
vn -0.0116696 -0.953933 0.299792
v -0.032496 0.012441 0.129652
vn -0.01041 -0.954614 0.297664
v -0.051175 0.047084 0.125506
vn -0.873913 0.327844 0.35888
v -0.051572 0.040532 0.129328
vn -0.898391 0.183303 0.399116
v -0.048689 0.047775 0.130534
vn -0.846454 0.350189 0.401102
v -0.048344 0.043692 0.134214
vn -0.853982 0.262068 0.449482
v -0.045602 0.049178 0.135159
vn -0.795596 0.390498 0.463182
v -0.045713 0.043777 0.138784
vn -0.84073 0.283237 0.461464
v -0.048143 0.052286 0.126818
vn -0.816829 0.461376 0.346299
v -0.050254 0.05131 0.123047
vn -0.839195 0.460107 0.289919
v -0.047401 0.055642 0.12301
vn -0.7605 0.614767 0.209048
v -0.045285 0.053786 0.131294
vn -0.773227 0.485747 0.40764
v -0.04462 0.057424 0.12722
vn -0.717919 0.636483 0.281924
v -0.052549 0.04818 0.120457
vn -0.891411 0.382878 0.242468
v -0.05386 0.042525 0.122353
vn -0.915947 0.239809 0.321765
v -0.054605 0.044985 0.116949
vn -0.915937 0.335606 0.220062
v -0.050042 0.053297 0.119299
vn -0.807139 0.573002 0.142112
v -0.052339 0.050431 0.115796
vn -0.854105 0.505996 0.120302
v -0.054495 0.035522 0.124086
vn -0.926302 0.098057 0.363798
v -0.05605 0.038868 0.118156
vn -0.941573 0.181187 0.283922
v -0.056478 0.03222 0.119074
vn -0.94732 0.0465614 0.316885
v -0.038848 0.049341 0.143225
vn -0.530801 0.528289 0.662693
v -0.042588 0.049647 0.139636
vn -0.695654 0.466309 0.546463
v -0.04311 0.044032 0.143729
vn -0.728869 0.363304 0.58031
v -0.039112 0.043849 0.147321
vn -0.49062 0.376008 0.786073
v -0.045239 0.03836 0.142412
vn -0.863112 0.0198423 0.504623
v -0.034664 0.049556 0.146084
vn -0.456616 0.517609 0.723591
v -0.034546 0.044103 0.149186
vn -0.376739 0.296659 0.877531
v -0.030683 0.050118 0.148342
vn -0.409961 0.479615 0.775823
v -0.030189 0.04443 0.150835
vn -0.334811 0.233102 0.912998
v -0.03402 0.05477 0.142404
vn -0.420537 0.63105 0.651862
v -0.038178 0.055043 0.139177
vn -0.508136 0.599096 0.618775
v -0.032794 0.059402 0.137862
vn -0.308848 0.762905 0.567969
v -0.02983 0.054933 0.144774
vn -0.377183 0.663704 0.645934
v -0.028428 0.059162 0.140294
vn -0.260999 0.793066 0.550387
v -0.042034 0.054627 0.135622
vn -0.665635 0.54588 0.508866
v -0.0372 0.059621 0.134985
vn -0.43595 0.737482 0.515818
v -0.041175 0.059007 0.13138
vn -0.606829 0.691407 0.392064
v -0.059145 0.032424 0.109859
vn -0.969045 0.102984 0.224381
v -0.060024 0.029191 0.106934
vn -0.972945 0.0718246 0.219587
v -0.059165 0.026516 0.110565
vn -0.960292 -0.00742285 0.278898
v -0.059984 0.024103 0.10764
vn -0.961398 -0.00573251 0.275102
v -0.058862 0.021494 0.110706
vn -0.931757 -0.121024 0.342319
v -0.060559 0.030595 0.103742
vn -0.968791 0.11797 0.218008
v -0.060692 0.026035 0.104692
vn -0.969049 0.0392843 0.243722
v -0.060481 0.021622 0.105763
vn -0.963444 -0.0344128 0.265692
v -0.058073 0.02915 0.114374
vn -0.956609 0.0127976 0.291094
v -0.057747 0.035547 0.11387
vn -0.95806 0.133531 0.253556
v -0.057784 0.023005 0.114297
vn -0.923218 -0.150685 0.3535
v -0.0582 0.038748 0.109142
vn -0.957081 0.244858 0.155049
v -0.05662 0.041869 0.113075
vn -0.937766 0.28783 0.19429
v -0.056209 0.044714 0.108375
vn -0.91222 0.403824 0.0691427
v -0.054474 0.047564 0.112068
vn -0.881061 0.457404 0.12047
v -0.059595 0.035217 0.105141
vn -0.964755 0.21567 0.150779
v -0.057619 0.041786 0.104829
vn -0.927478 0.370676 0.0488137
v -0.058748 0.039449 0.101265
vn -0.923024 0.370089 0.105168
v -0.060551 0.033966 0.101351
vn -0.955093 0.227573 0.189756
v -0.058034 0.013863 0.107513
vn -0.842299 -0.405202 0.355448
v -0.058396 0.017307 0.109801
vn -0.845769 -0.366752 0.387514
v -0.05981 0.017875 0.106779
vn -0.883303 -0.330115 0.332867
v -0.059744 0.015484 0.104416
vn -0.942205 -0.246981 0.226383
v -0.05981 0.017875 0.106779
vn -0.941506 -0.15354 0.299986
v -0.06071 0.019049 0.104295
vn -0.962132 -0.144451 0.231161
v -0.058396 0.017307 0.109801
vn -0.905998 -0.178794 0.383666
v -0.059679 0.020441 0.108169
vn -0.936665 -0.105054 0.334099
v -0.059744 0.015484 0.104416
vn -0.874818 -0.3794 0.301247
v -0.057806 0.011212 0.104371
vn -0.816458 -0.493924 0.299057
v -0.05998 0.013475 0.10127
vn -0.845996 -0.446236 0.291827
v -0.057597 0.008956 0.10085
vn -0.76242 -0.586543 0.273283
v -0.061044 0.018142 0.101911
vn -0.963961 -0.173502 0.201682
v -0.05998 0.013475 0.10127
vn -0.944601 -0.247596 0.215464
v -0.061353 0.01664 0.098826
vn -0.964537 -0.188069 0.1852
v -0.060257 0.011625 0.097745
vn -0.945527 -0.27796 0.169459
v -0.055226 0.009639 0.108217
vn -0.708832 -0.592359 0.382973
v -0.055779 0.013176 0.111302
vn -0.770936 -0.458172 0.442421
v -0.054554 0.007031 0.104537
vn -0.598893 -0.748163 0.28562
v -0.050566 0.005986 0.108806
vn -0.338807 -0.870501 0.356985
v -0.056895 0.017585 0.113423
vn -0.889845 -0.204792 0.407721
v -0.056895 0.017585 0.113423
vn -0.787195 -0.43006 0.44201
v -0.054782 0.01823 0.117747
vn -0.865914 -0.268701 0.421892
v -0.062337 0.026209 0.097725
vn -0.988513 0.0318511 0.147739
v -0.061835 0.021977 0.09993
vn -0.980878 -0.058793 0.185531
v -0.061533 0.027605 0.101257
vn -0.971532 0.0721913 0.225641
v -0.061202 0.022402 0.102966
vn -0.974803 -0.0230942 0.22187
v -0.061654 0.031897 0.09835
vn -0.969726 0.183883 0.160681
v -0.062241 0.030167 0.095221
vn -0.988809 0.131358 0.0707177
v -0.061 0.035704 0.095569
vn -0.949374 0.300392 0.0919387
v -0.060003 0.037617 0.098233
vn -0.924801 0.356226 0.133587
v -0.062686 0.024489 0.094472
vn -0.997758 0.0119792 0.0658402
v -0.062504 0.028337 0.091595
vn -0.995571 0.0932169 0.0122373
v -0.062812 0.022864 0.090699
vn -0.99918 0.00210072 0.0404299
v -0.061837 0.033694 0.092399
vn -0.975008 0.220508 0.027138
v -0.06197 0.032162 0.089115
vn -0.985948 0.16677 -0.00976433
v -0.062475 0.02861 0.087976
vn -0.992692 0.120496 0.00662848
v -0.062231 0.020497 0.096662
vn -0.985826 -0.0889661 0.142239
v -0.062557 0.018893 0.092999
vn -0.991286 -0.0956642 0.0905558
v -0.0617 0.014979 0.095186
vn -0.962664 -0.227005 0.147469
v -0.006737 0.049092 0.151725
vn 0.383987 0.494645 0.779667
v -0.010646 0.048866 0.153282
vn 0.213208 0.457319 0.863367
v -0.007097 0.045587 0.153719
vn 0.327865 0.338005 0.882189
v -0.010919 0.045554 0.154684
vn 0.161536 0.292055 0.942661
v -0.008075 0.042001 0.154966
vn 0.241237 0.141554 0.960087
v -0.014565 0.050752 0.152821
vn 0.0338464 0.498553 0.866198
v -0.01367 0.047585 0.154224
vn 0.0354017 0.368995 0.928757
v -0.014261 0.044531 0.155245
vn -0.0148674 0.200242 0.979634
v -0.00297 0.044746 0.152058
vn 0.477306 0.349056 0.806436
v -0.002563 0.048208 0.149761
vn 0.489399 0.478233 0.729234
v 0.001089 0.043425 0.149873
vn 0.55963 0.315528 0.766326
v -0.003936 0.040991 0.153778
vn 0.40283 0.14473 0.903759
v 0.000211 0.039469 0.151707
vn 0.535101 0.12572 0.835381
v -0.005993 0.052455 0.148769
vn 0.400352 0.590858 0.700432
v -0.001612 0.051284 0.146819
vn 0.48709 0.551249 0.677398
v -0.004743 0.055453 0.145209
vn 0.40768 0.649546 0.641784
v 0.001724 0.04681 0.147585
vn 0.555428 0.436678 0.707681
v 0.002458 0.049933 0.144738
vn 0.548402 0.510121 0.662595
v -5.8e-05 0.053827 0.143412
vn 0.486512 0.596031 0.638791
v -0.010461 0.052437 0.15092
vn 0.257074 0.591664 0.764098
v -0.009895 0.056401 0.147076
vn 0.246794 0.722859 0.64542
v -0.014218 0.054431 0.150187
vn 0.0710944 0.660967 0.747039
v -0.012845 0.034964 0.155012
vn -0.020371 -0.277028 0.960646
v -0.009991 0.038394 0.155563
vn 0.0663903 -0.184717 0.980547
v -0.014007 0.03984 0.155682
vn -0.0300964 -0.143103 0.98925
v -0.017128 0.037434 0.155207
vn -0.226002 -0.043491 0.973155
v -0.014007 0.03984 0.155682
vn -0.0365629 0.0486013 0.998149
v -0.016953 0.042386 0.155333
vn -0.160192 0.0827446 0.983612
v -0.009991 0.038394 0.155563
vn 0.150104 0.0538557 0.987202
v -0.011552 0.042458 0.155452
vn 0.0885458 0.122413 0.988521
v -0.017128 0.037434 0.155207
vn -0.108882 -0.25945 0.959599
v -0.015884 0.032041 0.153643
vn -0.101714 -0.412836 0.905108
v -0.020652 0.035142 0.153934
vn -0.164174 -0.361265 0.917897
v -0.020085 0.041591 0.154631
vn -0.274288 0.0513987 0.960273
v -0.020652 0.035142 0.153934
vn -0.282163 -0.102724 0.953851
v -0.023945 0.039769 0.15353
vn -0.293281 0.0024951 0.956023
v -0.010492 0.030597 0.153066
vn 0.0443481 -0.482187 0.874945
v -0.008736 0.034142 0.154506
vn 0.125695 -0.307455 0.943224
v -0.004356 0.031122 0.152582
vn 0.266627 -0.397477 0.878022
v -0.013863 0.027041 0.150856
vn -0.00475598 -0.531911 0.846787
v -0.007056 0.026336 0.149985
vn 0.124881 -0.551854 0.824537
v -0.005899 0.037032 0.154638
vn 0.309224 0.0346132 0.950359
v -0.005899 0.037032 0.154638
vn 0.248933 -0.235583 0.939432
v -0.00191 0.035948 0.152919
vn 0.457948 0.00779096 0.888945
v -0.022297 0.051039 0.151263
vn -0.261231 0.45422 0.851729
v -0.021487 0.046166 0.15331
vn -0.28714 0.254256 0.923528
v -0.018228 0.051243 0.152218
vn -0.165258 0.481194 0.860896
v -0.017345 0.046683 0.15439
vn -0.178381 0.301194 0.93673
v -0.017858 0.05534 0.149244
vn -0.10976 0.678336 0.726507
v -0.021925 0.055463 0.148145
vn -0.231987 0.679336 0.696193
v -0.017239 0.058309 0.145575
vn -0.0512597 0.822089 0.567047
v -0.014078 0.057204 0.14689
vn 0.0726187 0.790404 0.608267
v -0.026499 0.050603 0.150012
vn -0.33459 0.45307 0.826304
v -0.025898 0.055242 0.146623
vn -0.320074 0.678077 0.661638
v -0.020949 0.058745 0.144162
vn -0.170008 0.826089 0.537285
v -0.024385 0.059127 0.142286
vn -0.234637 0.821593 0.519548
v -0.025837 0.045286 0.152135
vn -0.310898 0.219151 0.924832
v -0.063395 0.026022 0.060842
vn -0.995207 0.0813744 -0.0542291
v -0.063486 0.019658 0.062278
vn -0.996859 -0.0641084 -0.0465012
v -0.063798 0.024742 0.066735
vn -0.999253 0.0287257 -0.0258699
v -0.063504 0.018346 0.06827
vn -0.995089 -0.0986204 -0.00845858
v -0.063849 0.023599 0.072707
vn -0.999683 0.00754459 0.0240397
v -0.062758 0.013026 0.063978
vn -0.971926 -0.232191 -0.0380343
v -0.062498 0.011697 0.070231
vn -0.966216 -0.257618 -0.00777954
v -0.063407 0.017484 0.073896
vn -0.993667 -0.111071 0.0169947
v -0.063197 0.029802 0.065738
vn -0.971182 0.229587 -0.0639939
v -0.062452 0.030499 0.061442
vn -0.954137 0.295725 -0.0465825
v -0.061502 0.03323 0.063785
vn -0.92549 0.369015 -0.0854186
v -0.063343 0.029511 0.07148
vn -0.984542 0.174539 0.0145728
v -0.062079 0.033479 0.068512
vn -0.933477 0.353148 -0.0625043
v -0.06255 0.030469 0.057982
vn -0.94877 0.308321 -0.0690879
v -0.063059 0.027035 0.056013
vn -0.989836 0.112825 -0.0865769
v -0.061187 0.033917 0.059847
vn -0.890278 0.442994 -0.105643
v -0.063197 0.02182 0.055818
vn -0.996275 -0.034187 -0.0791634
v -0.062687 0.014902 0.057612
vn -0.979515 -0.185538 -0.0782703
v -0.063158 0.021878 0.082741
vn -0.998212 0.00587249 0.0594803
v -0.063547 0.022508 0.077676
vn -0.99791 0.00279485 0.0645569
v -0.063185 0.016895 0.079298
vn -0.993494 -0.103478 0.0475568
v -0.062879 0.016936 0.084495
vn -0.993086 -0.103487 0.0554045
v -0.062199 0.01141 0.081315
vn -0.955322 -0.290179 0.0561831
v -0.062412 0.011313 0.075937
vn -0.95921 -0.281122 0.029777
v -0.062989 0.021799 0.086856
vn -0.999187 -0.00177473 0.040277
v -0.062715 0.017628 0.088933
vn -0.99295 -0.101867 0.0606129
v -0.06199 0.012117 0.086371
vn -0.956731 -0.279121 0.0821985
v -0.061885 0.013346 0.090973
vn -0.95784 -0.264626 0.111873
v -0.062794 0.025974 0.08549
vn -0.995753 0.0851741 0.0349489
v -0.062943 0.026769 0.081361
vn -0.992348 0.101148 0.07082
v -0.062226 0.030686 0.084955
vn -0.986862 0.159292 0.0270143
v -0.062765 0.025581 0.088695
vn -0.997612 0.0648846 0.0236886
v -0.063254 0.027844 0.076661
vn -0.989673 0.123007 0.0735965
v -0.062325 0.031438 0.080342
vn -0.979164 0.192762 0.0638793
v -0.062384 0.032608 0.07613
vn -0.96683 0.251102 0.0467649
v -0.056854 0.004761 0.091962
vn -0.671884 -0.721736 0.166339
v -0.059976 0.007922 0.088858
vn -0.761844 -0.630113 0.150172
v -0.056357 0.003356 0.086716
vn -0.618777 -0.772107 0.144796
v -0.059933 0.006709 0.083758
vn -0.742527 -0.659877 0.114958
v -0.056409 0.002385 0.081323
vn -0.597372 -0.799314 0.0651401
v -0.059976 0.007922 0.088858
vn -0.919617 -0.377761 0.107712
v -0.059933 0.006709 0.083758
vn -0.913379 -0.400879 0.0709591
v -0.059858 0.006047 0.078304
vn -0.908477 -0.414341 0.0546881
v -0.052021 0.001492 0.090103
vn -0.244795 -0.955809 0.162803
v -0.052887 0.002631 0.095501
vn -0.342611 -0.904799 0.252897
v -0.047739 0.002136 0.093473
vn 0.0455327 -0.981311 0.186964
v -0.051637 0.000393 0.084453
vn -0.196073 -0.969995 0.14375
v -0.046654 0.001319 0.087169
vn 0.0592369 -0.984246 0.166588
v -0.057283 0.006723 0.096725
vn -0.720432 -0.64962 0.242839
v -0.0537 0.004998 0.100284
vn -0.456474 -0.839401 0.295022
v -0.048297 0.003438 0.099008
vn -0.0323159 -0.965923 0.256805
v -0.049492 0.004666 0.104133
vn -0.143344 -0.959467 0.242642
v -0.06007 0.009695 0.093602
vn -0.800867 -0.566859 0.193089
v -0.06007 0.009695 0.093602
vn -0.929041 -0.345173 0.133186
v -0.060257 0.011625 0.097745
vn -0.818306 -0.518552 0.247948
v -0.055829 0.001627 0.068757
vn -0.602767 -0.79757 0.0235493
v -0.056051 0.002233 0.075276
vn -0.570636 -0.820398 0.0363644
v -0.060128 0.005539 0.072612
vn -0.678417 -0.734551 0.0136231
v -0.060492 0.006626 0.066285
vn -0.936816 -0.349081 -0.0227848
v -0.060128 0.005539 0.072612
vn -0.926314 -0.376312 0.0182405
v -0.059858 0.006047 0.078304
vn -0.713393 -0.699245 0.0461187
v -0.060492 0.006626 0.066285
vn -0.743055 -0.667875 -0.0425768
v -0.056383 0.002063 0.061409
vn -0.666829 -0.743919 -0.0438667
v -0.060668 0.007618 0.059373
vn -0.783003 -0.620404 -0.0447807
v -0.057907 0.004303 0.053269
vn -0.658279 -0.747188 -0.0915416
v -0.060668 0.007618 0.059373
vn -0.934532 -0.346786 -0.0799302
v -0.050716 -0.001701 0.063723
vn -0.300263 -0.953784 -0.0117614
v -0.050522 -0.000942 0.071237
vn -0.253843 -0.962749 0.0931519
v -0.044526 -0.001833 0.06608
vn 0.0169651 -0.998208 0.0573858
v -0.051359 -0.000252 0.078003
vn -0.222044 -0.971971 0.0772527
v -0.044964 -0.000765 0.073774
vn 0.00692348 -0.991047 0.133335
v -0.046061 0.000202 0.080729
vn 0.0378911 -0.987362 0.153887
v -0.058914 0.040547 0.069514
vn -0.8511 0.514223 -0.105845
v -0.059242 0.039987 0.073576
vn -0.886804 0.460277 -0.0415123
v -0.057226 0.043537 0.072047
vn -0.80962 0.573457 -0.125149
v -0.05778 0.042957 0.07608
vn -0.856952 0.512847 -0.0511994
v -0.055465 0.046438 0.074227
vn -0.766977 0.626859 -0.137093
v -0.059705 0.039759 0.07804
vn -0.899641 0.435054 -0.0370796
v -0.058295 0.042621 0.08079
vn -0.862613 0.505357 -0.0226459
v -0.056056 0.045791 0.078228
vn -0.804426 0.593892 -0.0138029
v -0.056335 0.043132 0.067326
vn -0.715754 0.65686 -0.237131
v -0.058097 0.04026 0.064911
vn -0.768288 0.607021 -0.203123
v -0.05436 0.045984 0.069499
vn -0.667514 0.695341 -0.26632
v -0.06042 0.037002 0.066784
vn -0.896276 0.43225 -0.0992442
v -0.059901 0.037138 0.062473
vn -0.842823 0.515813 -0.153579
v -0.060679 0.036862 0.071061
vn -0.907719 0.417961 -0.0368157
v -0.060986 0.036632 0.075142
vn -0.921712 0.387158 -0.0235611
v -0.062087 0.033817 0.072505
vn -0.942038 0.335328 -0.0109577
v -0.050615 0.051519 0.079443
vn -0.5601 0.828173 -0.0204276
v -0.053311 0.049323 0.076617
vn -0.674499 0.734022 -0.0791406
v -0.053918 0.048231 0.080707
vn -0.716646 0.695179 0.0560818
v -0.051346 0.05031 0.083544
vn -0.66577 0.745522 0.0307861
v -0.054576 0.047208 0.085754
vn -0.726275 0.685877 0.0457896
v -0.0567 0.045074 0.08312
vn -0.791483 0.610561 0.0277444
v -0.047579 0.053378 0.082272
vn -0.482181 0.87404 -0.0596281
v -0.048814 0.052712 0.086562
vn -0.609349 0.791174 -0.0523291
v -0.04443 0.055126 0.085076
vn -0.383619 0.916571 -0.112847
v -0.052342 0.049413 0.088593
vn -0.718218 0.695669 -0.0143956
v -0.05008 0.051938 0.091626
vn -0.683926 0.726596 -0.0656093
v -0.045984 0.054965 0.089898
vn -0.4964 0.860761 -0.112599
v -0.046183 0.053362 0.07736
vn -0.376914 0.918016 -0.123217
v -0.049448 0.051452 0.074597
vn -0.472459 0.858104 -0.201099
v -0.042768 0.055096 0.080718
vn -0.304157 0.943211 -0.133571
v -0.052176 0.048972 0.071957
vn -0.576692 0.769906 -0.27326
v -0.054744 0.046748 0.097179
vn -0.811502 0.584139 -0.0156879
v -0.053462 0.048335 0.09314
vn -0.766018 0.642392 -0.023436
v -0.056472 0.044484 0.09423
vn -0.816389 0.577142 0.0203741
v -0.055345 0.045985 0.090208
vn -0.775963 0.63034 0.0235017
v -0.057985 0.042369 0.091488
vn -0.837765 0.544366 0.0426141
v -0.057227 0.043867 0.087514
vn -0.806886 0.587755 0.058979
v -0.057642 0.042437 0.097903
vn -0.864581 0.498377 0.0641907
v -0.056165 0.044692 0.100921
vn -0.868913 0.494949 -0.00402421
v -0.059 0.040418 0.095069
vn -0.881905 0.467215 0.0628735
v -0.053108 0.049378 0.100352
vn -0.802815 0.591769 -0.0727889
v -0.054827 0.04733 0.104209
vn -0.858547 0.511051 -0.0415096
v -0.051325 0.052165 0.103731
vn -0.752828 0.653889 -0.0753583
v -0.053267 0.050185 0.107673
vn -0.819336 0.573313 0.000263988
v -0.051492 0.050886 0.096241
vn -0.749543 0.657943 -0.0727716
v -0.049521 0.053575 0.099541
vn -0.681531 0.724589 -0.102401
v -0.047702 0.05451 0.09489
vn -0.596546 0.795707 -0.1048
v -0.060429 0.038058 0.086037
vn -0.934224 0.356673 0.00304406
v -0.059337 0.040409 0.088934
vn -0.885919 0.46258 0.0341553
v -0.058767 0.041712 0.08504
vn -0.874839 0.483754 0.0252815
v -0.060052 0.039108 0.082339
vn -0.922963 0.38483 0.00668835
v -0.061364 0.035038 0.083261
vn -0.966138 0.256969 0.0233506
v -0.061284 0.03593 0.079248
vn -0.949966 0.311499 0.0230742
v -0.061512 0.03452 0.08652
vn -0.973156 0.230036 -0.00717945
v -0.061059 0.036393 0.089358
vn -0.950435 0.310912 0.00248725
v -0.060157 0.038451 0.092469
vn -0.912954 0.405068 0.0493494
v -0.037444 0.058587 0.091772
vn -0.228222 0.949579 -0.214973
v -0.039778 0.058941 0.097062
vn -0.338732 0.924302 -0.175862
v -0.033923 0.060162 0.095594
vn -0.156812 0.9596 -0.233619
v -0.036613 0.060726 0.100802
vn -0.272441 0.93865 -0.211453
v -0.030906 0.061573 0.099786
vn -0.0999339 0.961064 -0.257621
v -0.042121 0.058805 0.10208
vn -0.434007 0.886527 -0.160335
v -0.039197 0.060933 0.105707
vn -0.380529 0.901687 -0.205322
v -0.033667 0.062364 0.104417
vn -0.21487 0.947543 -0.236628
v -0.031171 0.059278 0.091394
vn -0.121318 0.974451 -0.189017
v -0.035111 0.057981 0.087717
vn -0.196415 0.9683 -0.154328
v -0.02776 0.06045 0.095135
vn -0.043751 0.97279 -0.227521
v -0.0409 0.056792 0.088176
vn -0.299744 0.938997 -0.168634
v -0.039003 0.05659 0.083974
vn -0.251691 0.957893 -0.138176
v -0.042951 0.056978 0.093425
vn -0.403982 0.90232 -0.15039
v -0.044967 0.056667 0.098484
vn -0.497631 0.857052 -0.133511
v -0.02458 0.06298 0.106845
vn 0.0671141 0.983837 -0.166016
v -0.029121 0.062873 0.10371
vn -0.00581355 0.974128 -0.225923
v -0.030806 0.063655 0.107871
vn -0.0485003 0.985904 -0.160127
v -0.028012 0.063888 0.111329
vn 0.0376164 0.988234 -0.14825
v -0.032834 0.064018 0.112466
vn -0.123084 0.981793 -0.144679
v -0.036008 0.062926 0.109139
vn -0.276702 0.941615 -0.191826
v -0.023444 0.064148 0.114171
vn 0.0394368 0.984947 -0.168298
v -0.017279 0.062837 0.108908
vn -0.0482364 0.98354 -0.174132
v -0.016516 0.064476 0.116298
vn -0.0758287 0.985923 -0.149014
v -0.029676 0.064715 0.115763
vn -0.0152392 0.988661 -0.149392
v -0.026842 0.065075 0.118847
vn 0.0344142 0.993303 -0.110295
v -0.022294 0.065 0.120508
vn 0.0235097 0.996982 -0.0739906
v -0.019251 0.061801 0.101663
vn -0.0183642 0.9865 -0.16273
v -0.012614 0.062606 0.102913
vn -0.142101 0.977255 -0.157414
v -0.011057 0.064379 0.110765
vn -0.169486 0.969263 -0.178337
v -0.007139 0.063849 0.10458
vn -0.0558007 0.978812 -0.19701
v -0.025305 0.061747 0.100137
vn 0.0296297 0.973646 -0.226131
v -0.02152 0.060668 0.095925
vn -0.0493726 0.9878 -0.147696
v -0.033482 0.064779 0.125525
vn -0.216636 0.963862 0.155046
v -0.031552 0.065215 0.1205
vn -0.105808 0.993758 -0.0353381
v -0.037379 0.063964 0.122033
vn -0.377641 0.923601 0.0659459
v -0.035038 0.064467 0.117347
vn -0.223926 0.969858 -0.0960888
v -0.040928 0.062337 0.118322
vn -0.515315 0.856988 -0.00468475
v -0.038585 0.062977 0.113813
vn -0.364569 0.921072 -0.136802
v -0.039431 0.062081 0.126681
vn -0.512311 0.827318 0.230396
v -0.035482 0.062841 0.130278
vn -0.336114 0.877105 0.343095
v -0.042843 0.060384 0.1228
vn -0.631962 0.76174 0.142747
v -0.029155 0.064651 0.128573
vn -0.0847418 0.967064 0.240013
v -0.03114 0.062691 0.133281
vn -0.194229 0.885493 0.42211
v -0.025196 0.064025 0.131127
vn -0.0456773 0.957859 0.283585
v -0.026723 0.062181 0.135776
vn -0.131696 0.88746 0.441668
v -0.027489 0.065367 0.12343
vn -0.00442629 0.999138 0.041281
v -0.023183 0.06501 0.126192
vn 0.00649477 0.995132 0.0983331
v -0.046753 0.057446 0.110906
vn -0.650991 0.755086 -0.0778254
v -0.043916 0.059935 0.114606
vn -0.602807 0.796578 -0.0456872
v -0.04172 0.060771 0.110231
vn -0.47654 0.863088 -0.1673
v -0.044417 0.058257 0.106627
vn -0.534618 0.832177 -0.147193
v -0.049098 0.054768 0.107286
vn -0.688587 0.722252 -0.0648007
v -0.047142 0.056085 0.102996
vn -0.59174 0.799304 -0.10467
v -0.051074 0.052771 0.111308
vn -0.782469 0.622026 0.0287167
v -0.048674 0.055488 0.115036
vn -0.743641 0.667262 0.0419561
v -0.045905 0.058017 0.118845
vn -0.697936 0.71229 0.074351
v -0.001385 0.065124 0.114078
vn 0.198303 0.972882 -0.119069
v -0.005639 0.066243 0.119854
vn 0.0476833 0.99848 -0.0276356
v -0.000818 0.065285 0.121215
vn 0.283018 0.957955 0.0471379
v 0.003483 0.063884 0.115422
vn 0.332127 0.942033 -0.0476
v 0.003633 0.063442 0.122343
vn 0.416445 0.898763 0.13711
v -0.009807 0.065834 0.125396
vn -0.0842333 0.991754 0.0965821
v -0.004947 0.065867 0.126864
vn 0.134213 0.975529 0.174156
v -0.000564 0.064129 0.127916
vn 0.365718 0.899241 0.240033
v 0.002802 0.063086 0.107974
vn 0.266909 0.947124 -0.178089
v 0.007711 0.061617 0.109355
vn 0.383924 0.91372 -0.133108
v 0.007983 0.06201 0.116437
vn 0.463628 0.885123 0.0400864
v 0.012246 0.059538 0.110443
vn 0.541562 0.839225 -0.0491118
v -0.002203 0.06373 0.106346
vn 0.14949 0.968036 -0.201392
v -0.006258 0.06552 0.112428
vn -0.0099102 0.986923 -0.160885
v -0.010524 0.065673 0.118197
vn -0.13262 0.987452 -0.0857348
v -0.016304 0.065166 0.123943
vn -0.0628792 0.997907 0.0151102
v 0.015288 0.056149 0.118159
vn 0.711208 0.673689 0.200812
v 0.011844 0.059358 0.117333
vn 0.603709 0.787069 0.126722
v 0.011325 0.05816 0.123239
vn 0.639541 0.717589 0.275777
v 0.007757 0.061043 0.122516
vn 0.536383 0.816481 0.213664
v 0.007438 0.059314 0.128053
vn 0.584017 0.740884 0.331686
v 0.00367 0.06195 0.127966
vn 0.48601 0.825637 0.286561
v 0.014436 0.054495 0.123969
vn 0.727754 0.611126 0.311284
v 0.018259 0.052046 0.118858
vn 0.779698 0.568665 0.262092
v 0.017396 0.05013 0.124807
vn 0.785773 0.529016 0.320471
v 0.010727 0.056091 0.128492
vn 0.661732 0.651954 0.370225
v 0.013839 0.052297 0.129144
vn 0.716535 0.574469 0.395682
v 0.019545 0.052808 0.11234
vn 0.754708 0.640092 0.143868
v 0.022491 0.048575 0.113116
vn 0.82294 0.52395 0.21965
v 0.021229 0.047211 0.119608
vn 0.827592 0.479138 0.292434
v 0.025121 0.043333 0.113855
vn 0.865519 0.430927 0.255301
v 0.016115 0.056413 0.111379
vn 0.665931 0.744719 0.0439238
v 0.000759 0.05919 0.13692
vn 0.461753 0.723563 0.51307
v 0.00386 0.059777 0.132679
vn 0.526263 0.751626 0.397625
v -0.000131 0.061969 0.133046
vn 0.414121 0.82489 0.384786
v -0.003436 0.061127 0.137524
vn 0.325318 0.807002 0.492866
v -0.004346 0.063724 0.132889
vn 0.222953 0.904235 0.364213
v -0.00207 0.057662 0.141034
vn 0.427764 0.681408 0.593886
v -0.006888 0.059324 0.142086
vn 0.265316 0.781496 0.564688
v -0.007877 0.062153 0.137524
vn 0.106672 0.894714 0.433715
v -0.012189 0.059861 0.142747
vn 0.0823306 0.860433 0.502868
v 0.002748 0.055414 0.139663
vn 0.524389 0.617114 0.586674
v 0.004542 0.057325 0.135778
vn 0.564338 0.656341 0.500738
v 0.007541 0.053693 0.136482
vn 0.637901 0.568957 0.519009
v 0.00333 0.052242 0.142065
vn 0.546305 0.55021 0.631521
v 0.007447 0.056868 0.132449
vn 0.624057 0.656617 0.423565
v 0.010437 0.05379 0.132348
vn 0.668009 0.587782 0.456374
v -0.018446 0.062676 0.136031
vn -0.0607173 0.940653 0.333895
v -0.013847 0.062468 0.137358
vn -0.0122174 0.929898 0.367615
v -0.015225 0.064339 0.131117
vn -0.0560265 0.973547 0.221512
v -0.008844 0.064485 0.131959
vn -0.00371099 0.955283 0.295669
v -0.02113 0.063433 0.133552
vn -0.0471073 0.945291 0.322808
v -0.019744 0.064594 0.129239
vn -0.0122254 0.984528 0.174801
v -0.022962 0.061406 0.137983
vn -0.122773 0.899419 0.41949
v -0.019276 0.061131 0.139908
vn -0.100349 0.908567 0.405507
v -0.016697 0.060312 0.142006
vn -0.0299738 0.89253 0.449991
v 0.022497 0.010626 0.118226
vn 0.26284 -0.876732 0.402809
v 0.025703 0.015081 0.121839
vn 0.480914 -0.705095 0.521117
v 0.018061 0.013287 0.12619
vn 0.295116 -0.840088 0.455147
v 0.021647 0.018454 0.128725
vn 0.537821 -0.600817 0.591412
v 0.014063 0.015342 0.132889
vn 0.377047 -0.776421 0.504982
v 0.025703 0.015081 0.121839
vn 0.822321 -0.268921 0.501467
v 0.026928 0.021328 0.122879
vn 0.859534 -0.105818 0.500004
v 0.021647 0.018454 0.128725
vn 0.768605 -0.222489 0.599788
v 0.022919 0.024941 0.129358
vn 0.81199 -0.0778995 0.57845
v 0.017311 0.02138 0.134952
vn 0.738741 -0.191774 0.646131
v 0.013396 0.011965 0.122666
vn 0.0179062 -0.952043 0.30544
v 0.017454 0.009413 0.115246
vn 0.0100805 -0.957421 0.288519
v 0.008465 0.010871 0.119079
vn 0.0166546 -0.951787 0.306308
v 0.009601 0.013863 0.129451
vn 0.047156 -0.9567 0.28723
v 0.004475 0.012632 0.125561
vn 0.0316247 -0.962501 0.269429
v 0.026156 0.007751 0.108433
vn 0.245684 -0.921444 0.300966
v 0.021037 0.006761 0.104799
vn 0.0325198 -0.975061 0.219541
v 0.012061 0.008041 0.110352
vn 0.0244327 -0.961087 0.275164
v 0.015348 0.005623 0.100405
vn 0.0483102 -0.975135 0.21628
v 0.029992 0.011349 0.111541
vn 0.470978 -0.783393 0.405556
v 0.029992 0.011349 0.111541
vn 0.841144 -0.335027 0.424539
v 0.031125 0.017249 0.113436
vn 0.889382 -0.152255 0.431065
v 0.03346 0.009314 0.101711
vn 0.493985 -0.829054 0.262006
v 0.005178 0.022217 0.14378
vn 0.367636 -0.465247 0.805226
v 0.009815 0.017326 0.138889
vn 0.409882 -0.609128 0.67894
v 0.012879 0.024938 0.140525
vn 0.511396 -0.385589 0.767981
v 0.007921 0.028888 0.145582
vn 0.638254 -0.115519 0.761109
v 0.012879 0.024938 0.140525
vn 0.689332 -0.146169 0.709546
v 0.013767 0.033024 0.141163
vn 0.724493 0.0254121 0.688814
v 0.017311 0.02138 0.134952
vn 0.585151 -0.47693 0.655848
v 0.01876 0.028218 0.135249
vn 0.774361 -0.0456314 0.631097
v 0.007921 0.028888 0.145582
vn 0.436379 -0.393118 0.80934
v 0.000464 0.026721 0.148336
vn 0.328537 -0.455096 0.827618
v 0.002702 0.033234 0.150197
vn 0.399642 -0.348029 0.848034
v 0.007885 0.035499 0.146521
vn 0.642491 0.0341153 0.765534
v 0.002702 0.033234 0.150197
vn 0.573357 -0.0211491 0.819033
v 0.003712 0.038437 0.149211
vn 0.588314 0.1216 0.799437
v -0.002847 0.021929 0.146233
vn 0.176198 -0.582401 0.793576
v 0.001506 0.017431 0.141581
vn 0.152757 -0.777939 0.609488
v -0.007174 0.017639 0.143297
vn 0.0742774 -0.802995 0.591339
v 0.005627 0.015489 0.135798
vn 0.071352 -0.942392 0.326813
v -0.003219 0.015808 0.137908
vn 0.0396353 -0.947803 0.316382
v 0.00073 0.01423 0.132031
vn 0.03778 -0.961862 0.270914
v 0.009816 0.045086 0.141144
vn 0.68755 0.377101 0.62054
v 0.009812 0.040088 0.143625
vn 0.69785 0.236676 0.67601
v 0.014047 0.040396 0.138674
vn 0.755744 0.262409 0.599994
v 0.012732 0.045659 0.137203
vn 0.732351 0.398282 0.552297
v 0.017054 0.043321 0.132752
vn 0.791695 0.34404 0.504832
v 0.018538 0.035847 0.134471
vn 0.80778 0.181817 0.560744
v 0.009267 0.049374 0.138561
vn 0.669752 0.481881 0.564998
v 0.012702 0.049622 0.133914
vn 0.710206 0.487273 0.508107
v 0.016552 0.048098 0.129771
vn 0.775648 0.459793 0.432389
v 0.006087 0.049143 0.142156
vn 0.614741 0.477344 0.627882
v 0.005907 0.045601 0.144784
vn 0.626308 0.39207 0.67381
v 0.005866 0.052089 0.139874
vn 0.600703 0.542698 0.587056
v 0.00531 0.04161 0.147308
vn 0.622404 0.266042 0.736094
v 0.025642 0.035028 0.121875
vn 0.885505 0.252175 0.390242
v 0.021682 0.038622 0.127947
vn 0.84796 0.285396 0.44667
v 0.022766 0.031801 0.128921
vn 0.851959 0.131348 0.506866
v 0.026754 0.028209 0.122685
vn 0.88866 0.106805 0.445955
v 0.029506 0.030809 0.11516
vn 0.914642 0.218967 0.339828
v 0.030738 0.024083 0.114577
vn 0.920925 0.0666011 0.384006
v 0.027574 0.037322 0.114564
vn 0.893093 0.340152 0.294418
v 0.023775 0.041506 0.120763
vn 0.866435 0.372247 0.332751
v 0.019941 0.044986 0.125986
vn 0.830548 0.406653 0.380556
v -0.031904 0.000483 0.080591
vn 0.00955495 -0.989792 0.142195
v -0.024112 0.001073 0.084797
vn 0.00966237 -0.988802 0.148921
v -0.033658 0.001703 0.088134
vn -0.00118843 -0.983449 0.18118
v -0.026132 0.002609 0.092451
vn -0.00475757 -0.979021 0.203704
v -0.034795 0.003198 0.095372
vn 0.011974 -0.977222 0.211884
v -0.016134 0.00191 0.089501
vn 0.0284772 -0.985718 0.165977
v -0.018453 0.003534 0.097366
vn 0.00577067 -0.972844 0.231391
v -0.028345 0.004304 0.100092
vn -0.000568684 -0.970358 0.24167
v -0.039934 0.001091 0.084189
vn 0.0184116 -0.98511 0.170938
v -0.038448 -0.00017 0.077006
vn 0.0240387 -0.988361 0.150213
v -0.041412 0.002223 0.090918
vn 0.0341112 -0.983562 0.177319
v -0.030247 -0.000509 0.072782
vn 0.0484734 -0.994686 0.0908259
v -0.037691 -0.001259 0.069132
vn 0.0478868 -0.995662 0.0797746
v -0.022294 0.000208 0.076781
vn 0.0462694 -0.995593 0.0815757
v -0.014082 0.000942 0.081333
vn 0.0641762 -0.994208 0.0862063
v -0.038602 0.006267 0.107845
vn 0.0414583 -0.964643 0.260277
v -0.036781 0.004751 0.102032
vn 0.0232266 -0.968612 0.24749
v -0.030709 0.006243 0.107284
vn 0.0104299 -0.96225 0.271967
v -0.032976 0.007947 0.11324
vn 0.0289379 -0.96319 0.26726
v -0.023851 0.007913 0.112654
vn 0.0050758 -0.957628 0.287963
v -0.02102 0.005672 0.105096
vn 0.000757801 -0.96287 0.269966
v -0.040537 0.007581 0.113292
vn 0.0425477 -0.962629 0.26746
v -0.035393 0.009304 0.118825
vn 0.0324368 -0.963521 0.265662
v -0.026542 0.009643 0.11876
vn 0.0270759 -0.963928 0.264783
v -0.029407 0.011051 0.124438
vn 0.0264081 -0.964097 0.264232
v -0.045218 0.005941 0.108367
vn 0.0440273 -0.963645 0.263532
v -0.043682 0.004703 0.103074
vn 0.0520584 -0.968134 0.244964
v -0.042296 0.003395 0.097384
vn 0.0494843 -0.974831 0.217384
v -0.014058 0.012826 0.129465
vn 0.0358202 -0.961713 0.271707
v -0.020155 0.011256 0.124199
vn 0.026418 -0.965466 0.259186
v -0.010626 0.011268 0.123215
vn 0.036462 -0.961932 0.270845
v -0.017077 0.009648 0.117996
vn 0.0175652 -0.956715 0.290495
v -0.007293 0.009426 0.116617
vn 0.0293733 -0.949128 0.313517
v -0.014031 0.007337 0.111193
vn 0.0085899 -0.955821 0.293824
v -0.004859 0.012749 0.127536
vn 0.045009 -0.962332 0.268125
v -0.008513 0.014311 0.133573
vn 0.0399402 -0.957583 0.285378
v -0.000938 0.011294 0.121569
vn 0.0408585 -0.954502 0.295391
v -0.017554 0.014395 0.135104
vn 0.0317745 -0.954792 0.295572
v -0.012285 0.015909 0.139214
vn 0.0347008 -0.944343 0.327128
v -0.023372 0.012712 0.129933
vn 0.0244583 -0.962103 0.271589
v -0.000861 0.004443 0.099471
vn 0.0406213 -0.973494 0.225077
v -0.003881 0.006681 0.108305
vn 0.0326252 -0.957801 0.285574
v -0.010899 0.004956 0.102279
vn 0.0147681 -0.96792 0.250823
v -0.008285 0.003096 0.094167
vn 0.0352253 -0.981849 0.186365
v 0.001703 0.002965 0.090981
vn 0.0535069 -0.990117 0.129637
v -0.005986 0.002082 0.085767
vn 0.0644245 -0.99283 0.10069
v 0.008892 0.004206 0.095679
vn 0.0605147 -0.980799 0.185393
v 0.005989 0.006227 0.104868
vn 0.0513279 -0.964233 0.26004
v 0.002434 0.008996 0.11459
vn 0.0395402 -0.949264 0.311986
v 0.306821 0.01491 -0.057517
vn -0.976015 -0.127213 0.176668
v 0.392875 0.004507 -0.021968
vn 0.75985 -0.585174 -0.283194
v 0.386145 0.027564 0.14935
vn 0.257293 -0.517765 0.815916
v 0.349134 0.030488 0.153476
vn -0.363523 -0.423245 0.829888
v 0.060772 0.094139 -0.045897
vn 0.987593 0.152797 0.0362235
v -0.00191 0.035948 0.152919
vn 0.357593 -0.244184 0.901388
f 1//1 2//2 3//3
f 3//3 4//4 5//5
f 2//2 6//6 4//4
f 4//4 7//7 8//8
f 1//1 3//3 9//9
f 3//3 11//11 12//12
f 1//1 10//10 13//13
f 13//13 14//14 15//15
f 1//1 13//13 17//17
f 2//2 17//17 18//18
f 13//13 15//15 19//19
f 17//17 19//19 20//20
f 21//21 22//22 23//23
f 23//23 24//24 7//7
f 22//22 25//25 24//24
f 24//24 26//26 7//7
f 21//21 23//23 27//27
f 27//27 28//28 29//29
f 23//23 6//6 28//28
f 28//28 18//18 30//30
f 21//21 27//27 31//31
f 31//31 32//32 33//33
f 27//27 29//29 34//34
f 32//32 34//34 35//35
f 21//21 31//31 36//36
f 22//22 36//36 37//37
f 31//31 33//33 38//38
f 36//36 38//38 39//39
f 40//40 41//41 42//42
f 43//43 42//42 26//26
f 41//41 44//44 45//45
f 42//42 45//45 8//8
f 40//40 43//43 46//46
f 46//46 47//47 48//48
f 43//43 25//25 47//47
f 47//47 37//37 49//49
f 40//40 46//46 50//50
f 51//51 50//50 52//52
f 46//46 48//48 53//53
f 50//50 53//53 54//54
f 40//40 51//51 41//41
f 41//41 55//55 44//44
f 51//51 56//56 55//55
f 55//55 57//57 58//58
f 59//59 60//60 61//61
f 61//61 62//62 44//44
f 60//60 11//11 62//62
f 62//62 5//5 45//45
f 59//59 61//61 63//63
f 64//64 63//63 65//65
f 61//61 44//44 58//58
f 63//63 58//58 66//66
f 68//68 69//69 70//70
f 71//71 70//70 72//72
f 69//69 73//73 74//74
f 70//70 74//74 75//75
f 68//68 71//71 76//76
f 76//76 77//77 33//33
f 71//71 78//78 77//77
f 77//77 79//79 38//38
f 68//68 76//76 80//80
f 81//81 80//80 82//82
f 76//76 33//33 35//35
f 80//80 35//35 83//83
f 68//68 81//81 69//69
f 69//69 84//84 73//73
f 81//81 85//85 84//84
f 84//84 86//86 87//87
f 88//88 89//89 90//90
f 90//90 91//91 73//73
f 89//89 92//92 91//91
f 91//91 93//93 74//74
f 88//88 90//90 94//94
f 95//95 94//94 96//96
f 90//90 73//73 87//87
f 94//94 87//87 97//97
f 88//88 95//95 98//98
f 98//98 99//99 100//100
f 95//95 101//101 99//99
f 99//99 102//102 103//103
f 88//88 98//98 104//104
f 89//89 104//104 105//105
f 98//98 106//106 104//104
f 104//104 107//107 105//105
f 108//108 109//109 110//110
f 111//111 110//110 93//93
f 109//109 112//112 113//113
f 110//110 113//113 75//75
f 108//108 111//111 114//114
f 114//114 115//115 116//116
f 111//111 92//92 115//115
f 115//115 105//105 117//117
f 108//108 114//114 118//118
f 119//119 118//118 120//120
f 114//114 116//116 121//121
f 118//118 121//121 122//122
f 108//108 119//119 109//109
f 109//109 123//123 112//112
f 119//119 124//124 123//123
f 123//123 125//125 126//126
f 127//127 128//128 129//129
f 129//129 130//130 112//112
f 128//128 78//78 130//130
f 130//130 72//72 113//113
f 127//127 129//129 131//131
f 132//132 131//131 133//133
f 129//129 112//112 126//126
f 131//131 126//126 134//134
f 127//127 132//132 135//135
f 135//135 136//136 48//48
f 132//132 137//137 136//136
f 136//136 138//138 53//53
f 127//127 135//135 139//139
f 128//128 139//139 79//79
f 135//135 48//48 49//49
f 139//139 49//49 39//39
f 140//140 141//141 142//142
f 143//143 142//142 144//144
f 141//141 145//145 146//146
f 142//142 146//146 147//147
f 143//143 149//149 148//148
f 140//140 151//151 141//141
f 141//141 152//152 145//145
f 151//151 67//67 152//152
f 152//152 65//65 153//153
f 154//154 155//155 156//156
f 156//156 157//157 145//145
f 155//155 158//158 157//157
f 157//157 159//159 146//146
f 154//154 156//156 160//160
f 161//161 160//160 57//57
f 156//156 145//145 153//153
f 160//160 153//153 66//66
f 154//154 161//161 162//162
f 162//162 163//163 164//164
f 161//161 56//56 163//163
f 163//163 52//52 165//165
f 154//154 162//162 166//166
f 155//155 166//166 167//167
f 162//162 164//164 168//168
f 166//166 168//168 169//169
f 170//170 171//171 172//172
f 173//173 172//172 159//159
f 171//171 174//174 175//175
f 172//172 175//175 147//147
f 170//170 173//173 176//176
f 176//176 177//177 178//178
f 173//173 158//158 177//177
f 177//177 167//167 179//179
f 170//170 176//176 180//180
f 181//181 180//180 182//182
f 176//176 178//178 183//183
f 180//180 183//183 184//184
f 170//170 181//181 171//171
f 171//171 185//185 174//174
f 181//181 186//186 185//185
f 185//185 187//187 188//188
f 189//189 190//190 191//191
f 191//191 192//192 174//174
f 190//190 149//149 192//192
f 192//192 144//144 175//175
f 189//189 191//191 193//193
f 194//194 193//193 195//195
f 191//191 174//174 188//188
f 193//193 188//188 196//196
f 189//189 194//194 197//197
f 194//194 199//199 198//198
f 202//202 203//203 204//204
f 204//204 205//205 206//206
f 203//203 207//207 205//205
f 205//205 208//208 206//206
f 202//202 204//204 209//209
f 209//209 210//210 164//164
f 204//204 211//211 210//210
f 210//210 212//212 168//168
f 202//202 209//209 213//213
f 213//213 214//214 137//137
f 209//209 164//164 165//165
f 214//214 165//165 54//54
f 202//202 213//213 215//215
f 203//203 215//215 216//216
f 213//213 137//137 133//133
f 215//215 133//133 134//134
f 217//217 218//218 219//219
f 220//220 219//219 208//208
f 221//221 222//222 223//223
f 219//219 224//224 225//225
f 217//217 220//220 226//226
f 226//226 227//227 124//124
f 220//220 207//207 227//227
f 227//227 216//216 125//125
f 217//217 226//226 228//228
f 229//229 228//228 230//230
f 226//226 124//124 120//120
f 228//228 120//120 122//122
f 217//217 229//229 218//218
f 221//221 231//231 222//222
f 232//232 233//233 231//231
f 231//231 234//234 235//235
f 236//236 237//237 238//238
f 239//239 238//238 223//223
f 240//240 241//241 242//242
f 243//243 242//242 225//225
f 236//236 239//239 244//244
f 244//244 245//245 246//246
f 239//239 222//222 245//245
f 245//245 247//247 248//248
f 236//236 244//244 249//249
f 250//250 249//249 251//251
f 244//244 246//246 252//252
f 249//249 252//252 253//253
f 236//236 250//250 237//237
f 240//240 254//254 241//241
f 250//250 255//255 256//256
f 254//254 257//257 258//258
f 259//259 260//260 261//261
f 261//261 262//262 241//241
f 260//260 211//211 262//262
f 262//262 206//206 242//242
f 259//259 261//261 263//263
f 264//264 263//263 265//265
f 261//261 241//241 258//258
f 263//263 258//258 266//266
f 259//259 264//264 267//267
f 267//267 268//268 178//178
f 264//264 269//269 268//268
f 268//268 270//270 183//183
f 259//259 267//267 271//271
f 260//260 271//271 212//212
f 267//267 178//178 179//179
f 271//271 179//179 169//169
f 272//272 273//273 274//274
f 274//274 275//275 276//276
f 273//273 277//277 275//275
f 275//275 278//278 279//279
f 272//272 274//274 280//280
f 281//281 280//280 282//282
f 274//274 276//276 283//283
f 280//280 283//283 284//284
f 272//272 281//281 285//285
f 285//285 286//286 29//29
f 281//281 287//287 286//286
f 286//286 288//288 83//83
f 272//272 285//285 289//289
f 273//273 289//289 290//290
f 285//285 29//29 30//30
f 289//289 30//30 20//20
f 291//291 292//292 293//293
f 294//294 293//293 278//278
f 292//292 295//295 296//296
f 293//293 296//296 297//297
f 291//291 294//294 298//298
f 298//298 299//299 15//15
f 294//294 277//277 299//299
f 299//299 290//290 19//19
f 291//291 298//298 300//300
f 298//298 15//15 16//16
f 291//291 301//301 292//292
f 292//292 302//302 295//295
f 304//304 305//305 306//306
f 306//306 307//307 295//295
f 305//305 308//308 307//307
f 307//307 309//309 296//296
f 304//304 306//306 310//310
f 306//306 295//295 303//303
f 304//304 311//311 312//312
f 312//312 313//313 314//314
f 304//304 312//312 316//316
f 305//305 316//316 317//317
f 312//312 314//314 318//318
f 316//316 318//318 319//319
f 320//320 321//321 322//322
f 323//323 322//322 309//309
f 321//321 276//276 279//279
f 322//322 279//279 297//297
f 320//320 323//323 324//324
f 324//324 325//325 326//326
f 323//323 308//308 325//325
f 325//325 317//317 327//327
f 320//320 324//324 328//328
f 329//329 328//328 330//330
f 324//324 326//326 331//331
f 328//328 331//331 332//332
f 320//320 329//329 321//321
f 321//321 333//333 276//276
f 329//329 334//334 333//333
f 333//333 335//335 283//283
f 336//336 337//337 338//338
f 338//338 339//339 340//340
f 337//337 341//341 339//339
f 339//339 342//342 343//343
f 336//336 338//338 344//344
f 345//345 344//344 346//346
f 338//338 340//340 347//347
f 344//344 347//347 346//346
f 336//336 345//345 348//348
f 349//349 350//350 351//351
f 345//345 352//352 353//353
f 350//350 354//354 355//355
f 336//336 348//348 356//356
f 337//337 356//356 357//357
f 349//349 351//351 358//358
f 359//359 358//358 360//360
f 361//361 362//362 363//363
f 364//364 363//363 342//342
f 362//362 365//365 366//366
f 363//363 366//366 367//367
f 361//361 364//364 368//368
f 368//368 369//369 370//370
f 364//364 341//341 369//369
f 371//371 372//372 373//373
f 361//361 368//368 374//374
f 375//375 374//374 102//102
f 368//368 370//370 376//376
f 374//374 376//376 102//102
f 361//361 375//375 362//362
f 362//362 377//377 365//365
f 375//375 101//101 377//377
f 377//377 96//96 378//378
f 379//379 380//380 381//381
f 381//381 382//382 365//365
f 380//380 383//383 382//382
f 382//382 384//384 366//366
f 379//379 381//381 385//385
f 386//386 385//385 86//86
f 381//381 365//365 378//378
f 385//385 378//378 97//97
f 379//379 386//386 387//387
f 387//387 388//388 287//287
f 386//386 85//85 388//388
f 388//388 82//82 288//288
f 379//379 387//387 389//389
f 380//380 389//389 390//390
f 387//387 287//287 282//282
f 389//389 282//282 390//390
f 391//391 392//392 393//393
f 393//393 394//394 384//384
f 392//392 340//340 343//343
f 394//394 343//343 367//367
f 391//391 393//393 395//395
f 396//396 395//395 335//335
f 393//393 383//383 395//395
f 395//395 390//390 284//284
f 391//391 396//396 397//397
f 397//397 398//398 399//399
f 396//396 334//334 398//398
f 398//398 330//330 400//400
f 391//391 397//397 401//401
f 392//392 401//401 347//347
f 397//397 399//399 402//402
f 401//401 402//402 403//403
f 404//404 405//405 406//406
f 407//407 406//406 408//408
f 405//405 409//409 410//410
f 406//406 410//410 411//411
f 404//404 407//407 412//412
f 412//412 413//413 351//351
f 407//407 414//414 413//413
f 413//413 415//415 358//358
f 404//404 412//412 416//416
f 417//417 416//416 418//418
f 412//412 351//351 355//355
f 416//416 355//355 419//419
f 404//404 417//417 405//405
f 405//405 420//420 409//409
f 417//417 421//421 420//420
f 420//420 422//422 423//423
f 424//424 425//425 426//426
f 426//426 427//427 409//409
f 425//425 428//428 427//427
f 427//427 429//429 410//410
f 424//424 426//426 430//430
f 431//431 430//430 432//432
f 426//426 409//409 423//423
f 430//430 423//423 433//433
f 424//424 431//431 434//434
f 434//434 435//435 436//436
f 431//431 437//437 435//435
f 435//435 438//438 439//439
f 424//424 434//434 440//440
f 425//425 440//440 441//441
f 434//434 436//436 442//442
f 440//440 442//442 443//443
f 444//444 445//445 446//446
f 447//447 446//446 429//429
f 445//445 448//448 449//449
f 446//446 449//449 411//411
f 444//444 447//447 450//450
f 450//450 451//451 452//452
f 447//447 428//428 451//451
f 451//451 441//441 453//453
f 444//444 450//450 454//454
f 455//455 454//454 456//456
f 450//450 452//452 457//457
f 454//454 457//457 253//253
f 444//444 455//455 445//445
f 445//445 458//458 448//448
f 455//455 459//459 458//458
f 458//458 460//460 461//461
f 462//462 463//463 464//464
f 464//464 465//465 448//448
f 463//463 414//414 465//465
f 465//465 408//408 449//449
f 462//462 464//464 466//466
f 467//467 466//466 468//468
f 464//464 448//448 461//461
f 466//466 461//461 469//469
f 462//462 467//467 470//470
f 470//470 471//471 472//472
f 467//467 473//473 474//474
f 475//475 476//476 103//103
f 462//462 470//470 477//477
f 463//463 477//477 415//415
f 470//470 472//472 373//373
f 477//477 373//373 360//360
f 478//478 479//479 480//480
f 480//480 481//481 482//482
f 479//479 483//483 481//481
f 481//481 484//484 485//485
f 478//478 480//480 486//486
f 487//487 488//488 107//107
f 480//480 482//482 489//489
f 488//488 490//490 491//491
f 478//478 492//492 493//493
f 493//493 494//494 473//473
f 487//487 106//106 495//495
f 495//495 100//100 476//476
f 478//478 493//493 496//496
f 479//479 496//496 483//483
f 493//493 473//473 468//468
f 496//496 468//468 497//497
f 498//498 499//499 500//500
f 500//500 501//501 483//483
f 499//499 502//502 501//501
f 501//501 503//503 484//484
f 498//498 500//500 504//504
f 505//505 504//504 460//460
f 500//500 483//483 497//497
f 504//504 497//497 469//469
f 498//498 505//505 506//506
f 506//506 507//507 246//246
f 505//505 459//459 507//507
f 507//507 456//456 252//252
f 498//498 506//506 508//508
f 499//499 508//508 509//509
f 506//506 246//246 248//248
f 508//508 248//248 235//235
f 510//510 511//511 512//512
f 513//513 512//512 503//503
f 511//511 482//482 485//485
f 512//512 485//485 514//514
f 510//510 513//513 515//515
f 515//515 516//516 233//233
f 513//513 502//502 516//516
f 516//516 509//509 234//234
f 510//510 515//515 517//517
f 518//518 519//519 121//121
f 515//515 233//233 520//520
f 519//519 230//230 122//122
f 510//510 521//521 511//511
f 511//511 522//522 482//482
f 518//518 116//116 523//523
f 523//523 117//117 490//490
f 524//524 525//525 526//526
f 526//526 527//527 528//528
f 525//525 529//529 527//527
f 527//527 530//530 531//531
f 524//524 526//526 532//532
f 533//533 532//532 534//534
f 526//526 528//528 535//535
f 532//532 535//535 536//536
f 524//524 533//533 537//537
f 537//537 538//538 539//539
f 533//533 540//540 538//538
f 538//538 541//541 542//542
f 524//524 537//537 543//543
f 525//525 543//543 544//544
f 537//537 539//539 545//545
f 543//543 545//545 546//546
f 547//547 548//548 549//549
f 550//550 549//549 530//530
f 548//548 551//551 552//552
f 549//549 552//552 553//553
f 547//547 550//550 554//554
f 554//554 555//555 556//556
f 550//550 529//529 555//555
f 555//555 544//544 557//557
f 547//547 554//554 558//558
f 559//559 558//558 560//560
f 554//554 556//556 561//561
f 558//558 561//561 562//562
f 547//547 559//559 548//548
f 548//548 563//563 551//551
f 559//559 564//564 563//563
f 563//563 565//565 566//566
f 567//567 568//568 569//569
f 569//569 570//570 551//551
f 568//568 571//571 570//570
f 570//570 572//572 552//552
f 567//567 569//569 573//573
f 574//574 573//573 575//575
f 569//569 551//551 566//566
f 573//573 566//566 576//576
f 567//567 574//574 577//577
f 577//577 578//578 579//579
f 574//574 580//580 578//578
f 578//578 581//581 582//582
f 567//567 577//577 583//583
f 568//568 583//583 584//584
f 577//577 579//579 585//585
f 583//583 585//585 586//586
f 587//587 588//588 589//589
f 590//590 589//589 572//572
f 588//588 528//528 531//531
f 589//589 531//531 553//553
f 587//587 590//590 591//591
f 591//591 592//592 593//593
f 590//590 571//571 592//592
f 592//592 584//584 594//594
f 587//587 591//591 595//595
f 596//596 595//595 597//597
f 591//591 593//593 598//598
f 595//595 598//598 599//599
f 587//587 596//596 588//588
f 588//588 600//600 528//528
f 596//596 601//601 600//600
f 600//600 602//602 535//535
f 603//603 604//604 605//605
f 606//606 605//605 607//607
f 604//604 608//608 609//609
f 605//605 609//609 610//610
f 603//603 606//606 611//611
f 611//611 612//612 613//613
f 606//606 614//614 612//612
f 612//612 615//615 616//616
f 603//603 611//611 617//617
f 618//618 617//617 581//581
f 611//611 613//613 619//619
f 617//617 619//619 620//620
f 603//603 618//618 604//604
f 604//604 621//621 608//608
f 618//618 580//580 621//621
f 621//621 575//575 622//622
f 623//623 624//624 625//625
f 625//625 626//626 608//608
f 624//624 627//627 626//626
f 626//626 628//628 609//609
f 623//623 625//625 629//629
f 630//630 629//629 565//565
f 625//625 608//608 622//622
f 629//629 622//622 576//576
f 623//623 630//630 631//631
f 631//631 632//632 633//633
f 630//630 564//564 632//632
f 632//632 560//560 634//634
f 623//623 631//631 635//635
f 624//624 635//635 636//636
f 631//631 633//633 637//637
f 635//635 637//637 638//638
f 639//639 640//640 641//641
f 642//642 641//641 628//628
f 640//640 643//643 644//644
f 641//641 644//644 610//610
f 639//639 642//642 645//645
f 645//645 646//646 647//647
f 642//642 627//627 646//646
f 646//646 636//636 648//648
f 639//639 645//645 649//649
f 650//650 649//649 438//438
f 645//645 647//647 651//651
f 649//649 651//651 652//652
f 639//639 650//650 640//640
f 640//640 653//653 643//643
f 650//650 437//437 653//653
f 653//653 432//432 654//654
f 655//655 656//656 657//657
f 657//657 658//658 643//643
f 656//656 614//614 658//658
f 658//658 607//607 644//644
f 655//655 657//657 659//659
f 660//660 659//659 422//422
f 657//657 643//643 654//654
f 659//659 654//654 433//433
f 655//655 660//660 661//661
f 661//661 662//662 663//663
f 660//660 421//421 662//662
f 662//662 418//418 664//664
f 655//655 661//661 665//665
f 656//656 665//665 615//615
f 661//661 663//663 666//666
f 665//665 666//666 667//667
f 668//668 669//669 670//670
f 671//671 670//670 672//672
f 669//669 673//673 674//674
f 670//670 674//674 675//675
f 668//668 677//677 669//669
f 669//669 678//678 673//673
f 677//677 199//199 678//678
f 678//678 195//195 679//679
f 680//680 681//681 682//682
f 682//682 683//683 673//673
f 681//681 684//684 683//683
f 683//683 685//685 674//674
f 680//680 682//682 686//686
f 687//687 686//686 187//187
f 682//682 673//673 679//679
f 686//686 679//679 196//196
f 680//680 687//687 688//688
f 688//688 689//689 690//690
f 687//687 186//186 689//689
f 689//689 182//182 691//691
f 680//680 688//688 692//692
f 681//681 692//692 693//693
f 688//688 690//690 694//694
f 692//692 694//694 695//695
f 696//696 697//697 698//698
f 699//699 700//700 684//684
f 697//697 701//701 702//702
f 700//700 703//703 685//685
f 696//696 698//698 704//704
f 705//705 704//704 706//706
f 699//699 684//684 707//707
f 707//707 693//693 708//708
f 696//696 705//705 709//709
f 709//709 710//710 711//711
f 705//705 706//706 710//710
f 710//710 712//712 713//713
f 696//696 709//709 714//714
f 697//697 714//714 715//715
f 709//709 711//711 716//716
f 714//714 716//716 717//717
f 718//718 719//719 720//720
f 721//721 720//720 722//722
f 723//723 676//676 672//672
f 724//724 672//672 675//675
f 718//718 721//721 725//725
f 725//725 726//726 727//727
f 721//721 701//701 726//726
f 726//726 715//715 728//728
f 718//718 725//725 729//729
f 725//725 727//727 730//730
f 731//731 732//732 733//733
f 734//734 735//735 736//736
f 732//732 737//737 738//738
f 735//735 739//739 740//740
f 731//731 733//733 741//741
f 742//742 741//741 743//743
f 734//734 736//736 744//744
f 745//745 744//744 266//266
f 731//731 742//742 746//746
f 746//746 747//747 452//452
f 742//742 255//255 747//747
f 747//747 251//251 457//457
f 731//731 746//746 748//748
f 732//732 748//748 749//749
f 746//746 452//452 453//453
f 748//748 453//453 443//443
f 750//750 751//751 752//752
f 753//753 752//752 754//754
f 755//755 756//756 757//757
f 758//758 759//759 760//760
f 750//750 753//753 761//761
f 761//761 762//762 436//436
f 753//753 737//737 762//762
f 762//762 749//749 442//442
f 750//750 761//761 763//763
f 764//764 763//763 765//765
f 761//761 436//436 439//439
f 763//763 439//439 652//652
f 750//750 764//764 751//751
f 755//755 766//766 756//756
f 764//764 767//767 768//768
f 766//766 769//769 770//770
f 771//771 772//772 773//773
f 773//773 774//774 756//756
f 775//775 776//776 777//777
f 777//777 778//778 759//759
f 771//771 773//773 779//779
f 780//780 779//779 781//781
f 773//773 756//756 770//770
f 779//779 770//770 782//782
f 771//771 780//780 783//783
f 783//783 784//784 706//706
f 780//780 785//785 784//784
f 784//784 786//786 712//712
f 771//771 783//783 787//787
f 775//775 788//788 789//789
f 783//783 706//706 790//790
f 788//788 708//708 695//695
f 791//791 792//792 793//793
f 794//794 793//793 778//778
f 792//792 736//736 740//740
f 793//793 740//740 760//760
f 791//791 794//794 795//795
f 795//795 796//796 690//690
f 794//794 776//776 796//796
f 796//796 789//789 694//694
f 791//791 795//795 797//797
f 798//798 797//797 270//270
f 795//795 690//690 691//691
f 797//797 691//691 184//184
f 791//791 798//798 792//792
f 792//792 799//799 736//736
f 798//798 269//269 799//799
f 799//799 265//265 744//744
f 800//800 801//801 802//802
f 803//803 802//802 804//804
f 801//801 805//805 802//802
f 802//802 806//806 804//804
f 800//800 803//803 807//807
f 807//807 808//808 314//314
f 803//803 809//809 808//808
f 808//808 810//810 318//318
f 800//800 807//807 811//811
f 807//807 314//314 315//315
f 800//800 812//812 801//801
f 801//801 813//813 805//805
f 815//815 816//816 817//817
f 818//818 817//817 806//806
f 816//816 819//819 820//820
f 817//817 820//820 821//821
f 815//815 818//818 822//822
f 822//822 823//823 824//824
f 818//818 805//805 823//823
f 815//815 822//822 825//825
f 826//826 825//825 827//827
f 822//822 824//824 828//828
f 825//825 828//828 829//829
f 815//815 826//826 816//816
f 816//816 830//830 819//819
f 826//826 831//831 830//830
f 830//830 832//832 833//833
f 834//834 835//835 836//836
f 836//836 837//837 819//819
f 835//835 838//838 837//837
f 837//837 839//839 820//820
f 834//834 836//836 840//840
f 841//841 840//840 842//842
f 836//836 819//819 833//833
f 840//840 833//833 843//843
f 834//834 841//841 844//844
f 844//844 845//845 846//846
f 841//841 847//847 845//845
f 845//845 848//848 849//849
f 834//834 844//844 850//850
f 835//835 850//850 851//851
f 844//844 846//846 852//852
f 850//850 852//852 853//853
f 854//854 855//855 856//856
f 857//857 856//856 839//839
f 855//855 809//809 856//856
f 856//856 804//804 821//821
f 854//854 857//857 858//858
f 858//858 859//859 860//860
f 857//857 838//838 859//859
f 859//859 851//851 861//861
f 854//854 858//858 862//862
f 862//862 863//863 326//326
f 858//858 860//860 863//863
f 863//863 864//864 331//331
f 854//854 862//862 865//865
f 855//855 865//865 810//810
f 862//862 326//326 327//327
f 865//865 327//327 319//319
f 866//866 867//867 868//868
f 869//869 868//868 870//870
f 867//867 871//871 872//872
f 868//868 872//872 873//873
f 866//866 869//869 874//874
f 874//874 875//875 876//876
f 869//869 877//877 875//875
f 875//875 878//878 879//879
f 866//866 874//874 880//880
f 881//881 880//880 882//882
f 874//874 876//876 883//883
f 880//880 883//883 884//884
f 866//866 881//881 867//867
f 867//867 885//885 871//871
f 881//881 886//886 885//885
f 885//885 887//887 888//888
f 889//889 890//890 891//891
f 891//891 892//892 871//871
f 890//890 893//893 892//892
f 892//892 894//894 872//872
f 889//889 891//891 895//895
f 891//891 871//871 888//888
f 895//895 888//888 897//897
f 889//889 896//896 898//898
f 898//898 899//899 727//727
f 889//889 898//898 900//900
f 890//890 900//900 901//901
f 898//898 727//727 728//728
f 900//900 728//728 717//717
f 902//902 903//903 904//904
f 905//905 904//904 894//894
f 903//903 906//906 907//907
f 904//904 907//907 873//873
f 902//902 905//905 908//908
f 908//908 909//909 711//711
f 905//905 893//893 909//909
f 909//909 901//901 716//716
f 902//902 908//908 910//910
f 911//911 910//910 912//912
f 908//908 711//711 713//713
f 910//910 713//713 913//913
f 902//902 911//911 903//903
f 903//903 914//914 906//906
f 911//911 915//915 914//914
f 914//914 916//916 917//917
f 918//918 919//919 920//920
f 920//920 921//921 906//906
f 919//919 877//877 921//921
f 921//921 870//870 907//907
f 918//918 920//920 922//922
f 923//923 922//922 924//924
f 920//920 906//906 917//917
f 922//922 917//917 925//925
f 918//918 923//923 926//926
f 926//926 927//927 928//928
f 923//923 929//929 927//927
f 927//927 930//930 931//931
f 918//918 926//926 932//932
f 919//919 932//932 878//878
f 926//926 928//928 933//933
f 932//932 933//933 934//934
f 935//935 936//936 937//937
f 938//938 939//939 940//940
f 936//936 941//941 942//942
f 939//939 943//943 944//944
f 935//935 937//937 945//945
f 946//946 945//945 947//947
f 938//938 940//940 948//948
f 949//949 948//948 782//782
f 935//935 946//946 950//950
f 950//950 951//951 647//647
f 946//946 767//767 951//951
f 951//951 765//765 651//651
f 935//935 950//950 952//952
f 936//936 952//952 953//953
f 950//950 647//647 648//648
f 952//952 648//648 638//638
f 954//954 955//955 956//956
f 957//957 956//956 958//958
f 959//959 960//960 961//961
f 962//962 961//961 963//963
f 954//954 957//957 964//964
f 964//964 965//965 633//633
f 957//957 941//941 965//965
f 965//965 953//953 637//637
f 954//954 964//964 966//966
f 967//967 966//966 968//968
f 964//964 633//633 634//634
f 966//966 634//634 562//562
f 954//954 967//967 955//955
f 959//959 969//969 960//960
f 967//967 970//970 971//971
f 969//969 972//972 973//973
f 974//974 975//975 976//976
f 976//976 977//977 960//960
f 975//975 978//978 977//977
f 977//977 979//979 961//961
f 974//974 976//976 980//980
f 981//981 980//980 982//982
f 976//976 960//960 973//973
f 980//980 973//973 983//983
f 974//974 981//981 984//984
f 984//984 985//985 929//929
f 981//981 986//986 985//985
f 985//985 987//987 930//930
f 974//974 984//984 988//988
f 975//975 988//988 989//989
f 984//984 929//929 924//924
f 988//988 924//924 925//925
f 990//990 991//991 992//992
f 993//993 992//992 979//979
f 991//991 940//940 944//944
f 992//992 944//944 963//963
f 990//990 993//993 994//994
f 994//994 995//995 916//916
f 993//993 978//978 995//995
f 995//995 989//989 916//916
f 990//990 994//994 996//996
f 997//997 996//996 786//786
f 994//994 915//915 996//996
f 996//996 912//912 786//786
f 990//990 997//997 991//991
f 991//991 998//998 940//940
f 997//997 785//785 998//998
f 998//998 781//781 948//948
f 1000//1000 1001//1001 1002//1002
f 1002//1002 1003//1003 1004//1004
f 1001//1001 1005//1005 1003//1003
f 1003//1003 1006//1006 1007//1007
f 1000//1000 1002//1002 1008//1008
f 1009//1009 1008//1008 1010//1010
f 1002//1002 1004//1004 1011//1011
f 1008//1008 1011//1011 1012//1012
f 1000//1000 1009//1009 1013//1013
f 1014//1014 1015//1015 613//613
f 1009//1009 1016//1016 1017//1017
f 1015//1015 1018//1018 619//619
f 1000//1000 1013//1013 1019//1019
f 1001//1001 1019//1019 1020//1020
f 1014//1014 613//613 616//616
f 1021//1021 616//616 667//667
f 1022//1022 1023//1023 1024//1024
f 1025//1025 1024//1024 1006//1006
f 1023//1023 1026//1026 1024//1024
f 1024//1024 1027//1027 1006//1006
f 1022//1022 1025//1025 1028//1028
f 1029//1029 1030//1030 663//663
f 1025//1025 1005//1005 1031//1031
f 1030//1030 1032//1032 666//666
f 1022//1022 1028//1028 1033//1033
f 1034//1034 1033//1033 1035//1035
f 1029//1029 663//663 664//664
f 1036//1036 664//664 419//419
f 1022//1022 1034//1034 1037//1037
f 1023//1023 1037//1037 1038//1038
f 1034//1034 352//352 346//346
f 1037//1037 346//346 403//403
f 1039//1039 1040//1040 1041//1041
f 1042//1042 1041//1041 1027//1027
f 1040//1040 1043//1043 1044//1044
f 1041//1041 1044//1044 1045//1045
f 1039//1039 1042//1042 1046//1046
f 1046//1046 1047//1047 399//399
f 1042//1042 1026//1026 1047//1047
f 1047//1047 1038//1038 402//402
f 1039//1039 1046//1046 1048//1048
f 1049//1049 1048//1048 864//864
f 1046//1046 399//399 400//400
f 1048//1048 400//400 332//332
f 1039//1039 1049//1049 1040//1040
f 1040//1040 1050//1050 1043//1043
f 1049//1049 860//860 1050//1050
f 1050//1050 861//861 853//853
f 1051//1051 1052//1052 1053//1053
f 1054//1054 1053//1053 1044//1044
f 1052//1052 1004//1004 1007//1007
f 1053//1053 1007//1007 1044//1044
f 1051//1051 1054//1054 1055//1055
f 1055//1055 1056//1056 846//846
f 1054//1054 1043//1043 1056//1056
f 1056//1056 1057//1057 852//852
f 1051//1051 1055//1055 1058//1058
f 1059//1059 1058//1058 1060//1060
f 1055//1055 846//846 849//849
f 1058//1058 849//849 1061//1061
f 1051//1051 1059//1059 1052//1052
f 1052//1052 1062//1062 1004//1004
f 1059//1059 1060//1060 1063//1063
f 1062//1062 1063//1063 1011//1011
f 1064//1064 1065//1065 1066//1066
f 1066//1066 1067//1067 1068//1068
f 1065//1065 1069//1069 1067//1067
f 1067//1067 1070//1070 1071//1071
f 1064//1064 1066//1066 1072//1072
f 1073//1073 1072//1072 832//832
f 1066//1066 1068//1068 1074//1074
f 1072//1072 1074//1074 843//843
f 1064//1064 1073//1073 1075//1075
f 1075//1075 1076//1076 1077//1077
f 1073//1073 831//831 1076//1076
f 1076//1076 827//827 1078//1078
f 1064//1064 1075//1075 1079//1079
f 1065//1065 1079//1079 1080//1080
f 1075//1075 1077//1077 1081//1081
f 1079//1079 1081//1081 1082//1082
f 1083//1083 1084//1084 1085//1085
f 1086//1086 1085//1085 1070//1070
f 1084//1084 1087//1087 1088//1088
f 1085//1085 1088//1088 1089//1089
f 1083//1083 1086//1086 1090//1090
f 1090//1090 1091//1091 1092//1092
f 1086//1086 1069//1069 1091//1091
f 1091//1091 1080//1080 1093//1093
f 1083//1083 1090//1090 1094//1094
f 1095//1095 1094//1094 1096//1096
f 1090//1090 1092//1092 1097//1097
f 1094//1094 1097//1097 1098//1098
f 1083//1083 1095//1095 1084//1084
f 1084//1084 1099//1099 1087//1087
f 1095//1095 1100//1100 1099//1099
f 1099//1099 1101//1101 1102//1102
f 1103//1103 1104//1104 1105//1105
f 1105//1105 1106//1106 1087//1087
f 1104//1104 1107//1107 1106//1106
f 1106//1106 1108//1108 1088//1088
f 1103//1103 1105//1105 1109//1109
f 1110//1110 1109//1109 1111//1111
f 1105//1105 1087//1087 1102//1102
f 1109//1109 1102//1102 1112//1112
f 1103//1103 1110//1110 1113//1113
f 1113//1113 1114//1114 1115//1115
f 1110//1110 1116//1116 1114//1114
f 1114//1114 1117//1117 1118//1118
f 1103//1103 1113//1113 1119//1119
f 1104//1104 1119//1119 1120//1120
f 1113//1113 1115//1115 1121//1121
f 1119//1119 1121//1121 1122//1122
f 1123//1123 1124//1124 1125//1125
f 1126//1126 1125//1125 1108//1108
f 1124//1124 1068//1068 1071//1071
f 1125//1125 1071//1071 1089//1089
f 1123//1123 1126//1126 1127//1127
f 1127//1127 1128//1128 1129//1129
f 1126//1126 1107//1107 1128//1128
f 1128//1128 1120//1120 1130//1130
f 1123//1123 1127//1127 1131//1131
f 1132//1132 1131//1131 848//848
f 1127//1127 1129//1129 1133//1133
f 1131//1131 1133//1133 1134//1134
f 1123//1123 1132//1132 1124//1124
f 1124//1124 1135//1135 1068//1068
f 1132//1132 847//847 1135//1135
f 1135//1135 842//842 1074//1074
f 1136//1136 1137//1137 1138//1138
f 1138//1138 1139//1139 1140//1140
f 1137//1137 1141//1141 1139//1139
f 1139//1139 1142//1142 1143//1143
f 1136//1136 1138//1138 1144//1144
f 1145//1145 1144//1144 1101//1101
f 1138//1138 1140//1140 1146//1146
f 1144//1144 1146//1146 1112//1112
f 1136//1136 1145//1145 1147//1147
f 1147//1147 1148//1148 1149//1149
f 1145//1145 1100//1100 1148//1148
f 1148//1148 1096//1096 1150//1150
f 1136//1136 1147//1147 1151//1151
f 1137//1137 1151//1151 1152//1152
f 1147//1147 1149//1149 1153//1153
f 1151//1151 1153//1153 1154//1154
f 1155//1155 1156//1156 1157//1157
f 1158//1158 1157//1157 1142//1142
f 1156//1156 1159//1159 1160//1160
f 1157//1157 1160//1160 1161//1161
f 1155//1155 1158//1158 1162//1162
f 1162//1162 1163//1163 1164//1164
f 1158//1158 1141//1141 1163//1163
f 1163//1163 1152//1152 1165//1165
f 1155//1155 1162//1162 1166//1166
f 1167//1167 1166//1166 1168//1168
f 1162//1162 1164//1164 1169//1169
f 1166//1166 1169//1169 1170//1170
f 1155//1155 1167//1167 1156//1156
f 1156//1156 1171//1171 1159//1159
f 1167//1167 1168//1168 1172//1172
f 1171//1171 1172//1172 1173//1173
f 1174//1174 1175//1175 1176//1176
f 1176//1176 1177//1177 1159//1159
f 1175//1175 1178//1178 1177//1177
f 1177//1177 1179//1179 1160//1160
f 1174//1174 1176//1176 1180//1180
f 1181//1181 1180//1180 1182//1182
f 1176//1176 1159//1159 1173//1173
f 1180//1180 1173//1173 1183//1183
f 1174//1174 1181//1181 1184//1184
f 1184//1184 1185//1185 1186//1186
f 1181//1181 1187//1187 1185//1185
f 1185//1185 1188//1188 1189//1189
f 1174//1174 1184//1184 1190//1190
f 1175//1175 1190//1190 1191//1191
f 1184//1184 1186//1186 1192//1192
f 1190//1190 1192//1192 1193//1193
f 1194//1194 1195//1195 1196//1196
f 1197//1197 1196//1196 1179//1179
f 1195//1195 1140//1140 1143//1143
f 1196//1196 1143//1143 1161//1161
f 1194//1194 1197//1197 1198//1198
f 1198//1198 1199//1199 1200//1200
f 1197//1197 1178//1178 1199//1199
f 1199//1199 1191//1191 1201//1201
f 1194//1194 1198//1198 1202//1202
f 1203//1203 1202//1202 1117//1117
f 1198//1198 1200//1200 1204//1204
f 1202//1202 1204//1204 1205//1205
f 1194//1194 1203//1203 1195//1195
f 1195//1195 1206//1206 1140//1140
f 1203//1203 1116//1116 1206//1206
f 1206//1206 1111//1111 1146//1146
f 1207//1207 1208//1208 1209//1209
f 1210//1210 1209//1209 1211//1211
f 1208//1208 1212//1212 1213//1213
f 1209//1209 1213//1213 1214//1214
f 1207//1207 1210//1210 1215//1215
f 1215//1215 1216//1216 1168//1168
f 1210//1210 1217//1217 1216//1216
f 1216//1216 1218//1218 1172//1172
f 1207//1207 1215//1215 1219//1219
f 1220//1220 1219//1219 1221//1221
f 1215//1215 1168//1168 1170//1170
f 1219//1219 1170//1170 1222//1222
f 1207//1207 1220//1220 1208//1208
f 1208//1208 1223//1223 1212//1212
f 1220//1220 1224//1224 1223//1223
f 1223//1223 1225//1225 1226//1226
f 1227//1227 1228//1228 1229//1229
f 1229//1229 1230//1230 1212//1212
f 1228//1228 1231//1231 1230//1230
f 1230//1230 1232//1232 1213//1213
f 1227//1227 1229//1229 1233//1233
f 1234//1234 1233//1233 1235//1235
f 1229//1229 1212//1212 1226//1226
f 1233//1233 1226//1226 1236//1236
f 1227//1227 1234//1234 1237//1237
f 1237//1237 1238//1238 876//876
f 1234//1234 1239//1239 1238//1238
f 1238//1238 1240//1240 883//883
f 1227//1227 1237//1237 1241//1241
f 1228//1228 1241//1241 1242//1242
f 1237//1237 876//876 879//879
f 1241//1241 879//879 934//934
f 1243//1243 1244//1244 1245//1245
f 1246//1246 1245//1245 1232//1232
f 1244//1244 1247//1247 1248//1248
f 1245//1245 1248//1248 1214//1214
f 1243//1243 1246//1246 1249//1249
f 1249//1249 1250//1250 928//928
f 1246//1246 1231//1231 1250//1250
f 1250//1250 1242//1242 933//933
f 1243//1243 1249//1249 1251//1251
f 1252//1252 1251//1251 1253//1253
f 1249//1249 928//928 931//931
f 1251//1251 931//931 1254//1254
f 1243//1243 1252//1252 1244//1244
f 1244//1244 1255//1255 1247//1247
f 1252//1252 1256//1256 1255//1255
f 1255//1255 1257//1257 1258//1258
f 1259//1259 1260//1260 1261//1261
f 1261//1261 1262//1262 1247//1247
f 1260//1260 1217//1217 1262//1262
f 1262//1262 1211//1211 1248//1248
f 1259//1259 1261//1261 1263//1263
f 1264//1264 1263//1263 1265//1265
f 1261//1261 1247//1247 1258//1258
f 1263//1263 1258//1258 1266//1266
f 1259//1259 1264//1264 1267//1267
f 1267//1267 1268//1268 1187//1187
f 1264//1264 1269//1269 1268//1268
f 1268//1268 1270//1270 1188//1188
f 1259//1259 1267//1267 1271//1271
f 1260//1260 1271//1271 1218//1218
f 1267//1267 1187//1187 1182//1182
f 1271//1271 1182//1182 1183//1183
f 1273//1273 1275//1275 1277//1277
f 1278//1278 1277//1277 1169//1169
f 1275//1275 1276//1276 1279//1279
f 1277//1277 1279//1279 1222//1222
f 1273//1273 1278//1278 1274//1274
f 1278//1278 1164//1164 1280//1280
f 1280//1280 1165//1165 1154//1154
f 1281//1281 1282//1282 1149//1149
f 1282//1282 1283//1283 1153//1153
f 1281//1281 1149//1149 1150//1150
f 1284//1284 1150//1150 1098//1098
f 1286//1286 1285//1285 1240//1240
f 1285//1285 999//999 884//884
f 1286//1286 1239//1239 1287//1287
f 1287//1287 1235//1235 1288//1288
f 1289//1289 1290//1290 1291//1291
f 1292//1292 1291//1291 1225//1225
f 1291//1291 1288//1288 1236//1236
f 1289//1289 1292//1292 1293//1293
f 1293//1293 1294//1294 1276//1276
f 1292//1292 1224//1224 1294//1294
f 1294//1294 1221//1221 1279//1279
f 1295//1295 1296//1296 1297//1297
f 1298//1298 1297//1297 1299//1299
f 1296//1296 1300//1300 1301//1301
f 1297//1297 1301//1301 1302//1302
f 1295//1295 1298//1298 1303//1303
f 1303//1303 1304//1304 1305//1305
f 1298//1298 1306//1306 1304//1304
f 1304//1304 1307//1307 1308//1308
f 1309//1309 1310//1310 1311//1311
f 1312//1312 1311//1311 593//593
f 1310//1310 1313//1313 1314//1314
f 1311//1311 1314//1314 599//599
f 1309//1309 1312//1312 1315//1315
f 1315//1315 1316//1316 1317//1317
f 1312//1312 593//593 594//594
f 1316//1316 594//594 586//586
f 1318//1318 1319//1319 1320//1320
f 1321//1321 1320//1320 1301//1301
f 1319//1319 1322//1322 1320//1320
f 1320//1320 1323//1323 1301//1301
f 1318//1318 1321//1321 1324//1324
f 1325//1325 1326//1326 579//579
f 1321//1321 1300//1300 1327//1327
f 1326//1326 1317//1317 585//585
f 1318//1318 1324//1324 1328//1328
f 1329//1329 1328//1328 1330//1330
f 1325//1325 579//579 582//582
f 1331//1331 582//582 620//620
f 1318//1318 1329//1329 1319//1319
f 1319//1319 1332//1332 1322//1322
f 1329//1329 1016//1016 1332//1332
f 1332//1332 1010//1010 1333//1333
f 1334//1334 1335//1335 1336//1336
f 1337//1337 1336//1336 1323//1323
f 1335//1335 1338//1338 1339//1339
f 1336//1336 1339//1339 1302//1302
f 1334//1334 1337//1337 1340//1340
f 1340//1340 1341//1341 1060//1060
f 1337//1337 1322//1322 1341//1341
f 1341//1341 1333//1333 1012//1012
f 1334//1334 1340//1340 1342//1342
f 1343//1343 1342//1342 1344//1344
f 1340//1340 1060//1060 1061//1061
f 1342//1342 1061//1061 1134//1134
f 1334//1334 1343//1343 1335//1335
f 1335//1335 1345//1345 1338//1338
f 1343//1343 1346//1346 1345//1345
f 1345//1345 1347//1347 1348//1348
f 1349//1349 1350//1350 1351//1351
f 1351//1351 1352//1352 1338//1338
f 1350//1350 1306//1306 1352//1352
f 1352//1352 1299//1299 1339//1339
f 1349//1349 1351//1351 1353//1353
f 1354//1354 1353//1353 1355//1355
f 1351//1351 1338//1338 1348//1348
f 1353//1353 1348//1348 1356//1356
f 1349//1349 1354//1354 1357//1357
f 1357//1357 1358//1358 1359//1359
f 1354//1354 1360//1360 1358//1358
f 1358//1358 1361//1361 1362//1362
f 1349//1349 1357//1357 1363//1363
f 1350//1350 1363//1363 1307//1307
f 1357//1357 1359//1359 1364//1364
f 1363//1363 1364//1364 1365//1365
f 1366//1366 1367//1367 1368//1368
f 1368//1368 1369//1369 1370//1370
f 1367//1367 1371//1371 1369//1369
f 1369//1369 1372//1372 1373//1373
f 1374//1374 1375//1375 1376//1376
f 1377//1377 1376//1376 1378//1378
f 1375//1375 1379//1379 1380//1380
f 1376//1376 1380//1380 1381//1381
f 1374//1374 1377//1377 1382//1382
f 1382//1382 1383//1383 1313//1313
f 1377//1377 1384//1384 1383//1383
f 1383//1383 1385//1385 1314//1314
f 1366//1366 1386//1386 1387//1387
f 1367//1367 1387//1387 1388//1388
f 1386//1386 1305//1305 1308//1308
f 1387//1387 1308//1308 1365//1365
f 1389//1389 1390//1390 1391//1391
f 1392//1392 1391//1391 1372//1372
f 1390//1390 1393//1393 1394//1394
f 1391//1391 1394//1394 1395//1395
f 1389//1389 1392//1392 1396//1396
f 1396//1396 1397//1397 1359//1359
f 1392//1392 1371//1371 1397//1397
f 1397//1397 1388//1388 1364//1364
f 1389//1389 1396//1396 1398//1398
f 1399//1399 1398//1398 1400//1400
f 1396//1396 1359//1359 1362//1362
f 1398//1398 1362//1362 1401//1401
f 1389//1389 1399//1399 1390//1390
f 1390//1390 1402//1402 1393//1393
f 1399//1399 1403//1403 1402//1402
f 1402//1402 1404//1404 1405//1405
f 1406//1406 1407//1407 1408//1408
f 1408//1408 1409//1409 1393//1393
f 1407//1407 1410//1410 1409//1409
f 1409//1409 1411//1411 1394//1394
f 1406//1406 1408//1408 1412//1412
f 1413//1413 1412//1412 1414//1414
f 1408//1408 1393//1393 1405//1405
f 1412//1412 1405//1405 1415//1415
f 1406//1406 1413//1413 1416//1416
f 1416//1416 1417//1417 1418//1418
f 1413//1413 1419//1419 1417//1417
f 1417//1417 1420//1420 1421//1421
f 1406//1406 1416//1416 1422//1422
f 1407//1407 1422//1422 1423//1423
f 1416//1416 1418//1418 1424//1424
f 1422//1422 1424//1424 1425//1425
f 1426//1426 1427//1427 1428//1428
f 1429//1429 1428//1428 1411//1411
f 1427//1427 1370//1370 1373//1373
f 1428//1428 1373//1373 1395//1395
f 1426//1426 1429//1429 1430//1430
f 1430//1430 1431//1431 1432//1432
f 1429//1429 1410//1410 1431//1431
f 1431//1431 1423//1423 1433//1433
f 1434//1434 1435//1435 1436//1436
f 1437//1437 1436//1436 1438//1438
f 1435//1435 1439//1439 1440//1440
f 1436//1436 1440//1440 1441//1441
f 1434//1434 1437//1437 1442//1442
f 1442//1442 1443//1443 1379//1379
f 1437//1437 1444//1444 1443//1443
f 1443//1443 1445//1445 1380//1380
f 1446//1446 1447//1447 1448//1448
f 1448//1448 1449//1449 1450//1450
f 1447//1447 1451//1451 1449//1449
f 1449//1449 1452//1452 1453//1453
f 1446//1446 1448//1448 1454//1454
f 1455//1455 1454//1454 1347//1347
f 1448//1448 1450//1450 1456//1456
f 1454//1454 1456//1456 1356//1356
f 1446//1446 1455//1455 1457//1457
f 1457//1457 1458//1458 1129//1129
f 1455//1455 1346//1346 1458//1458
f 1458//1458 1344//1344 1133//1133
f 1446//1446 1457//1457 1459//1459
f 1447//1447 1459//1459 1460//1460
f 1457//1457 1129//1129 1130//1130
f 1459//1459 1130//1130 1122//1122
f 1461//1461 1462//1462 1463//1463
f 1464//1464 1463//1463 1452//1452
f 1462//1462 1465//1465 1463//1463
f 1463//1463 1466//1466 1467//1467
f 1461//1461 1464//1464 1468//1468
f 1468//1468 1469//1469 1115//1115
f 1464//1464 1451//1451 1469//1469
f 1469//1469 1460//1460 1121//1121
f 1461//1461 1468//1468 1470//1470
f 1471//1471 1470//1470 1472//1472
f 1468//1468 1115//1115 1118//1118
f 1470//1470 1118//1118 1473//1473
f 1461//1461 1471//1471 1462//1462
f 1462//1462 1474//1474 1475//1475
f 1471//1471 1472//1472 1476//1476
f 1474//1474 1476//1476 1477//1477
f 1478//1478 1479//1479 1480//1480
f 1481//1481 1480//1480 1466//1466
f 1479//1479 1450//1450 1453//1453
f 1480//1480 1453//1453 1467//1467
f 1478//1478 1481//1481 1482//1482
f 1482//1482 1483//1483 1484//1484
f 1481//1481 1465//1465 1483//1483
f 1483//1483 1475//1475 1485//1485
f 1478//1478 1482//1482 1486//1486
f 1487//1487 1486//1486 1361//1361
f 1482//1482 1484//1484 1488//1488
f 1486//1486 1488//1488 1401//1401
f 1478//1478 1487//1487 1479//1479
f 1479//1479 1489//1489 1450//1450
f 1487//1487 1360//1360 1489//1489
f 1489//1489 1355//1355 1456//1456
f 1490//1490 1491//1491 1492//1492
f 1492//1492 1493//1493 1494//1494
f 1491//1491 1495//1495 1493//1493
f 1493//1493 1496//1496 1497//1497
f 1490//1490 1492//1492 1498//1498
f 1499//1499 1498//1498 1500//1500
f 1492//1492 1494//1494 1501//1501
f 1498//1498 1501//1501 1502//1502
f 1490//1490 1499//1499 1503//1503
f 1503//1503 1504//1504 1200//1200
f 1499//1499 1505//1505 1504//1504
f 1504//1504 1506//1506 1204//1204
f 1490//1490 1503//1503 1507//1507
f 1491//1491 1507//1507 1508//1508
f 1503//1503 1200//1200 1201//1201
f 1507//1507 1201//1201 1193//1193
f 1509//1509 1510//1510 1511//1511
f 1512//1512 1511//1511 1496//1496
f 1510//1510 1513//1513 1514//1514
f 1511//1511 1514//1514 1515//1515
f 1509//1509 1512//1512 1516//1516
f 1516//1516 1517//1517 1186//1186
f 1512//1512 1495//1495 1517//1517
f 1517//1517 1508//1508 1192//1192
f 1509//1509 1516//1516 1518//1518
f 1519//1519 1518//1518 1520//1520
f 1516//1516 1186//1186 1189//1189
f 1518//1518 1189//1189 1521//1521
f 1509//1509 1519//1519 1510//1510
f 1510//1510 1522//1522 1523//1523
f 1519//1519 1520//1520 1524//1524
f 1522//1522 1524//1524 1525//1525
f 1526//1526 1527//1527 1528//1528
f 1529//1529 1528//1528 1513//1513
f 1527//1527 1530//1530 1528//1528
f 1528//1528 1531//1531 1514//1514
f 1526//1526 1529//1529 1532//1532
f 1532//1532 1533//1533 1534//1534
f 1529//1529 1513//1513 1533//1533
f 1533//1533 1523//1523 1535//1535
f 1526//1526 1532//1532 1536//1536
f 1537//1537 1536//1536 1538//1538
f 1532//1532 1534//1534 1539//1539
f 1536//1536 1539//1539 1540//1540
f 1526//1526 1537//1537 1527//1527
f 1527//1527 1541//1541 1542//1542
f 1537//1537 1543//1543 1541//1541
f 1541//1541 1544//1544 1545//1545
f 1546//1546 1547//1547 1548//1548
f 1549//1549 1548//1548 1531//1531
f 1547//1547 1494//1494 1497//1497
f 1548//1548 1497//1497 1515//1515
f 1546//1546 1549//1549 1550//1550
f 1550//1550 1551//1551 1552//1552
f 1549//1549 1530//1530 1551//1551
f 1551//1551 1542//1542 1553//1553
f 1546//1546 1550//1550 1554//1554
f 1555//1555 1554//1554 1556//1556
f 1550//1550 1552//1552 1557//1557
f 1554//1554 1557//1557 1558//1558
f 1546//1546 1555//1555 1547//1547
f 1547//1547 1559//1559 1494//1494
f 1555//1555 1560//1560 1559//1559
f 1559//1559 1561//1561 1501//1501
f 1562//1562 1563//1563 1564//1564
f 1565//1565 1564//1564 1566//1566
f 1563//1563 1567//1567 1568//1568
f 1564//1564 1568//1568 1569//1569
f 1562//1562 1565//1565 1570//1570
f 1570//1570 1571//1571 1472//1472
f 1565//1565 1572//1572 1571//1571
f 1571//1571 1573//1573 1476//1476
f 1562//1562 1570//1570 1574//1574
f 1575//1575 1574//1574 1506//1506
f 1570//1570 1472//1472 1473//1473
f 1574//1574 1473//1473 1506//1506
f 1562//1562 1575//1575 1563//1563
f 1563//1563 1576//1576 1567//1567
f 1575//1575 1505//1505 1576//1576
f 1576//1576 1500//1500 1577//1577
f 1578//1578 1579//1579 1580//1580
f 1580//1580 1581//1581 1567//1567
f 1579//1579 1582//1582 1581//1581
f 1581//1581 1583//1583 1568//1568
f 1578//1578 1580//1580 1584//1584
f 1585//1585 1584//1584 1561//1561
f 1580//1580 1567//1567 1577//1577
f 1584//1584 1577//1577 1502//1502
f 1578//1578 1585//1585 1586//1586
f 1586//1586 1587//1587 1588//1588
f 1585//1585 1560//1560 1587//1587
f 1587//1587 1556//1556 1589//1589
f 1578//1578 1586//1586 1590//1590
f 1579//1579 1590//1590 1591//1591
f 1586//1586 1588//1588 1592//1592
f 1590//1590 1592//1592 1593//1593
f 1594//1594 1595//1595 1596//1596
f 1597//1597 1596//1596 1583//1583
f 1595//1595 1598//1598 1599//1599
f 1596//1596 1599//1599 1569//1569
f 1594//1594 1597//1597 1600//1600
f 1600//1600 1601//1601 1602//1602
f 1597//1597 1582//1582 1601//1601
f 1601//1601 1591//1591 1603//1603
f 1594//1594 1600//1600 1604//1604
f 1605//1605 1604//1604 1420//1420
f 1600//1600 1602//1602 1606//1606
f 1604//1604 1606//1606 1607//1607
f 1594//1594 1605//1605 1595//1595
f 1595//1595 1608//1608 1598//1598
f 1605//1605 1419//1419 1608//1608
f 1608//1608 1414//1414 1609//1609
f 1610//1610 1611//1611 1612//1612
f 1612//1612 1613//1613 1598//1598
f 1611//1611 1572//1572 1613//1613
f 1613//1613 1566//1566 1599//1599
f 1610//1610 1612//1612 1614//1614
f 1615//1615 1614//1614 1404//1404
f 1612//1612 1598//1598 1609//1609
f 1614//1614 1609//1609 1415//1415
f 1610//1610 1615//1615 1616//1616
f 1616//1616 1617//1617 1484//1484
f 1615//1615 1403//1403 1617//1617
f 1617//1617 1400//1400 1488//1488
f 1610//1610 1616//1616 1618//1618
f 1611//1611 1618//1618 1573//1573
f 1616//1616 1484//1484 1485//1485
f 1618//1618 1485//1485 1477//1477
f 1619//1619 1620//1620 1621//1621
f 1622//1622 1621//1621 1623//1623
f 1624//1624 1625//1625 1626//1626
f 1627//1627 1626//1626 1628//1628
f 1619//1619 1622//1622 1629//1629
f 1629//1629 1630//1630 539//539
f 1622//1622 1631//1631 1630//1630
f 1630//1630 1632//1632 545//545
f 1619//1619 1629//1629 1633//1633
f 1634//1634 1633//1633 1635//1635
f 1629//1629 539//539 542//542
f 1633//1633 542//542 1636//1636
f 1619//1619 1634//1634 1620//1620
f 1624//1624 1637//1637 1625//1625
f 1634//1634 1638//1638 1639//1639
f 1637//1637 1640//1640 1641//1641
f 1642//1642 1643//1643 1644//1644
f 1644//1644 1645//1645 1625//1625
f 1643//1643 1646//1646 1645//1645
f 1645//1645 1647//1647 1626//1626
f 1642//1642 1644//1644 1648//1648
f 1649//1649 1648//1648 1650//1650
f 1644//1644 1625//1625 1641//1641
f 1648//1648 1641//1641 1651//1651
f 1642//1642 1649//1649 1652//1652
f 1652//1652 1653//1653 1654//1654
f 1649//1649 1655//1655 1653//1653
f 1653//1653 1656//1656 1657//1657
f 1642//1642 1652//1652 1658//1658
f 1643//1643 1658//1658 1659//1659
f 1652//1652 1654//1654 1660//1660
f 1658//1658 1660//1660 1661//1661
f 1662//1662 1663//1663 1664//1664
f 1665//1665 1664//1664 1647//1647
f 1663//1663 1666//1666 1667//1667
f 1664//1664 1667//1667 1628//1628
f 1662//1662 1665//1665 1668//1668
f 1668//1668 1669//1669 1670//1670
f 1665//1665 1646//1646 1669//1669
f 1669//1669 1659//1659 1671//1671
f 1662//1662 1668//1668 1672//1672
f 1673//1673 1672//1672 987//987
f 1668//1668 1670//1670 1674//1674
f 1672//1672 1674//1674 1254//1254
f 1662//1662 1673//1673 1663//1663
f 1663//1663 1675//1675 1666//1666
f 1673//1673 986//986 1675//1675
f 1675//1675 982//982 1676//1676
f 1677//1677 1678//1678 1679//1679
f 1680//1680 1681//1681 1666//1666
f 1678//1678 1631//1631 1682//1682
f 1681//1681 1683//1683 1667//1667
f 1677//1677 1679//1679 1684//1684
f 1685//1685 1684//1684 1686//1686
f 1680//1680 1666//1666 1676//1676
f 1687//1687 1676//1676 983//983
f 1677//1677 1685//1685 1688//1688
f 1688//1688 1689//1689 556//556
f 1685//1685 970//970 1689//1689
f 1689//1689 968//968 561//561
f 1677//1677 1688//1688 1690//1690
f 1678//1678 1690//1690 1632//1632
f 1688//1688 556//556 557//557
f 1690//1690 557//557 546//546
f 1691//1691 1692//1692 1693//1693
f 1693//1693 1694//1694 1695//1695
f 1692//1692 1696//1696 1694//1694
f 1694//1694 1697//1697 1698//1698
f 1691//1691 1693//1693 1699//1699
f 1700//1700 1699//1699 1257//1257
f 1693//1693 1695//1695 1701//1701
f 1699//1699 1701//1701 1266//1266
f 1691//1691 1700//1700 1702//1702
f 1702//1702 1703//1703 1670//1670
f 1700//1700 1256//1256 1703//1703
f 1703//1703 1253//1253 1674//1674
f 1691//1691 1702//1702 1704//1704
f 1692//1692 1704//1704 1705//1705
f 1702//1702 1670//1670 1671//1671
f 1704//1704 1671//1671 1661//1661
f 1706//1706 1707//1707 1708//1708
f 1709//1709 1708//1708 1697//1697
f 1707//1707 1710//1710 1711//1711
f 1708//1708 1711//1711 1712//1712
f 1706//1706 1709//1709 1713//1713
f 1713//1713 1714//1714 1654//1654
f 1709//1709 1696//1696 1714//1714
f 1714//1714 1705//1705 1660//1660
f 1706//1706 1713//1713 1715//1715
f 1716//1716 1715//1715 1717//1717
f 1713//1713 1654//1654 1657//1657
f 1715//1715 1657//1657 1718//1718
f 1706//1706 1716//1716 1707//1707
f 1707//1707 1719//1719 1710//1710
f 1716//1716 1720//1720 1719//1719
f 1719//1719 1721//1721 1722//1722
f 1723//1723 1724//1724 1725//1725
f 1726//1726 1725//1725 1710//1710
f 1724//1724 1695//1695 1698//1698
f 1725//1725 1698//1698 1712//1712
f 1723//1723 1726//1726 1727//1727
f 1727//1727 1728//1728 1729//1729
f 1726//1726 1710//1710 1722//1722
f 1728//1728 1722//1722 1730//1730
f 1723//1723 1727//1727 1731//1731
f 1732//1732 1731//1731 1270//1270
f 1727//1727 1729//1729 1733//1733
f 1731//1731 1733//1733 1734//1734
f 1723//1723 1732//1732 1724//1724
f 1724//1724 1735//1735 1695//1695
f 1732//1732 1269//1269 1735//1735
f 1735//1735 1265//1265 1701//1701
f 1736//1736 1737//1737 1738//1738
f 1739//1739 1738//1738 1740//1740
f 1737//1737 1741//1741 1742//1742
f 1738//1738 1742//1742 1743//1743
f 1736//1736 1739//1739 1744//1744
f 1744//1744 1745//1745 1746//1746
f 1739//1739 1747//1747 1745//1745
f 1745//1745 1748//1748 1749//1749
f 1736//1736 1744//1744 1750//1750
f 1751//1751 1750//1750 541//541
f 1744//1744 1746//1746 1752//1752
f 1750//1750 1752//1752 1636//1636
f 1736//1736 1751//1751 1737//1737
f 1737//1737 1753//1753 1741//1741
f 1751//1751 540//540 1753//1753
f 1753//1753 534//534 1754//1754
f 1755//1755 1756//1756 1757//1757
f 1757//1757 1758//1758 1741//1741
f 1756//1756 1759//1759 1758//1758
f 1758//1758 1760//1760 1742//1742
f 1755//1755 1757//1757 1761//1761
f 1762//1762 1761//1761 602//602
f 1757//1757 1741//1741 1754//1754
f 1761//1761 1754//1754 536//536
f 1755//1755 1762//1762 1763//1763
f 1763//1763 1764//1764 1385//1385
f 1762//1762 601//601 1764//1764
f 1764//1764 597//597 1385//1385
f 1755//1755 1763//1763 1765//1765
f 1756//1756 1765//1765 1766//1766
f 1763//1763 1384//1384 1765//1765
f 1765//1765 1378//1378 1766//1766
f 1767//1767 1768//1768 1769//1769
f 1770//1770 1769//1769 1760//1760
f 1768//1768 1771//1771 1772//1772
f 1769//1769 1772//1772 1743//1743
f 1767//1767 1770//1770 1773//1773
f 1773//1773 1774//1774 1445//1445
f 1770//1770 1759//1759 1774//1774
f 1774//1774 1766//1766 1381//1381
f 1767//1767 1773//1773 1775//1775
f 1776//1776 1775//1775 1777//1777
f 1773//1773 1444//1444 1775//1775
f 1775//1775 1438//1438 1441//1441
f 1767//1767 1776//1776 1768//1768
f 1768//1768 1778//1778 1771//1771
f 1776//1776 1779//1779 1778//1778
f 1778//1778 1780//1780 1781//1781
f 1782//1782 1783//1783 1784//1784
f 1784//1784 1785//1785 1771//1771
f 1783//1783 1747//1747 1785//1785
f 1785//1785 1740//1740 1772//1772
f 1782//1782 1784//1784 1786//1786
f 1787//1787 1786//1786 1788//1788
f 1784//1784 1771//1771 1781//1781
f 1786//1786 1781//1781 1789//1789
f 1782//1782 1787//1787 1790//1790
f 1790//1790 1791//1791 1792//1792
f 1787//1787 1793//1793 1791//1791
f 1791//1791 1794//1794 1795//1795
f 1782//1782 1790//1790 1796//1796
f 1783//1783 1796//1796 1748//1748
f 1790//1790 1792//1792 1797//1797
f 1796//1796 1797//1797 1798//1798
f 1799//1799 1800//1800 1801//1801
f 1802//1802 1803//1803 1804//1804
f 1800//1800 1805//1805 1806//1806
f 1803//1803 1807//1807 1808//1808
f 1799//1799 1801//1801 1809//1809
f 1810//1810 1809//1809 1811//1811
f 1802//1802 1804//1804 1812//1812
f 1813//1813 1812//1812 1651//1651
f 1799//1799 1810//1810 1814//1814
f 1814//1814 1815//1815 1746//1746
f 1810//1810 1638//1638 1815//1815
f 1815//1815 1635//1635 1752//1752
f 1799//1799 1814//1814 1816//1816
f 1800//1800 1816//1816 1817//1817
f 1814//1814 1746//1746 1749//1749
f 1816//1816 1749//1749 1798//1798
f 1818//1818 1819//1819 1820//1820
f 1821//1821 1820//1820 1822//1822
f 1823//1823 1824//1824 1825//1825
f 1826//1826 1825//1825 1827//1827
f 1818//1818 1821//1821 1828//1828
f 1828//1828 1829//1829 1792//1792
f 1821//1821 1805//1805 1829//1829
f 1829//1829 1817//1817 1797//1797
f 1818//1818 1828//1828 1830//1830
f 1831//1831 1830//1830 1832//1832
f 1828//1828 1792//1792 1795//1795
f 1830//1830 1795//1795 1833//1833
f 1818//1818 1831//1831 1819//1819
f 1823//1823 1834//1834 1824//1824
f 1831//1831 1835//1835 1836//1836
f 1834//1834 1837//1837 1838//1838
f 1839//1839 1840//1840 1841//1841
f 1841//1841 1842//1842 1824//1824
f 1840//1840 1843//1843 1842//1842
f 1842//1842 1844//1844 1825//1825
f 1839//1839 1841//1841 1845//1845
f 1846//1846 1845//1845 1847//1847
f 1841//1841 1824//1824 1838//1838
f 1845//1845 1838//1838 1848//1848
f 1839//1839 1846//1846 1849//1849
f 1849//1849 1850//1850 1851//1851
f 1846//1846 1852//1852 1850//1850
f 1850//1850 1853//1853 1854//1854
f 1839//1839 1849//1849 1855//1855
f 1840//1840 1855//1855 1856//1856
f 1849//1849 1851//1851 1857//1857
f 1855//1855 1857//1857 1858//1858
f 1859//1859 1860//1860 1861//1861
f 1862//1862 1861//1861 1844//1844
f 1860//1860 1804//1804 1808//1808
f 1861//1861 1808//1808 1827//1827
f 1859//1859 1862//1862 1863//1863
f 1863//1863 1864//1864 1865//1865
f 1862//1862 1843//1843 1864//1864
f 1864//1864 1856//1856 1866//1866
f 1859//1859 1863//1863 1867//1867
f 1868//1868 1867//1867 1656//1656
f 1863//1863 1865//1865 1869//1869
f 1867//1867 1869//1869 1718//1718
f 1859//1859 1868//1868 1860//1860
f 1860//1860 1870//1870 1804//1804
f 1868//1868 1655//1655 1870//1870
f 1870//1870 1650//1650 1812//1812
f 1871//1871 1872//1872 1873//1873
f 1874//1874 1873//1873 1875//1875
f 1872//1872 1876//1876 1877//1877
f 1873//1873 1877//1877 1878//1878
f 1871//1871 1874//1874 1879//1879
f 1879//1879 1880//1880 1520//1520
f 1874//1874 1881//1881 1880//1880
f 1880//1880 1882//1882 1524//1524
f 1871//1871 1879//1879 1883//1883
f 1883//1883 1884//1884 1729//1729
f 1879//1879 1520//1520 1884//1884
f 1884//1884 1521//1521 1733//1733
f 1871//1871 1883//1883 1872//1872
f 1872//1872 1885//1885 1876//1876
f 1883//1883 1729//1729 1885//1885
f 1885//1885 1886//1886 1887//1887
f 1888//1888 1889//1889 1890//1890
f 1890//1890 1891//1891 1876//1876
f 1889//1889 1892//1892 1891//1891
f 1891//1891 1893//1893 1877//1877
f 1888//1888 1890//1890 1894//1894
f 1895//1895 1894//1894 1721//1721
f 1890//1890 1876//1876 1887//1887
f 1894//1894 1887//1887 1730//1730
f 1888//1888 1895//1895 1896//1896
f 1896//1896 1897//1897 1865//1865
f 1895//1895 1720//1720 1897//1897
f 1897//1897 1717//1717 1869//1869
f 1888//1888 1896//1896 1898//1898
f 1889//1889 1898//1898 1899//1899
f 1896//1896 1865//1865 1866//1866
f 1898//1898 1866//1866 1858//1858
f 1900//1900 1901//1901 1902//1902
f 1903//1903 1902//1902 1893//1893
f 1901//1901 1904//1904 1905//1905
f 1902//1902 1905//1905 1878//1878
f 1900//1900 1903//1903 1906//1906
f 1906//1906 1907//1907 1851//1851
f 1903//1903 1892//1892 1907//1907
f 1907//1907 1899//1899 1857//1857
f 1900//1900 1906//1906 1908//1908
f 1909//1909 1908//1908 1910//1910
f 1906//1906 1851//1851 1854//1854
f 1908//1908 1854//1854 1911//1911
f 1900//1900 1909//1909 1901//1901
f 1901//1901 1912//1912 1904//1904
f 1909//1909 1913//1913 1912//1912
f 1912//1912 1914//1914 1915//1915
f 1916//1916 1917//1917 1918//1918
f 1918//1918 1919//1919 1904//1904
f 1917//1917 1881//1881 1919//1919
f 1919//1919 1875//1875 1905//1905
f 1916//1916 1918//1918 1920//1920
f 1921//1921 1920//1920 1922//1922
f 1918//1918 1904//1904 1915//1915
f 1920//1920 1915//1915 1923//1923
f 1916//1916 1921//1921 1924//1924
f 1924//1924 1925//1925 1534//1534
f 1921//1921 1926//1926 1925//1925
f 1925//1925 1927//1927 1539//1539
f 1916//1916 1924//1924 1928//1928
f 1917//1917 1928//1928 1882//1882
f 1924//1924 1534//1534 1535//1535
f 1928//1928 1535//1535 1525//1525
f 1929//1929 1930//1930 1931//1931
f 1932//1932 1933//1933 1934//1934
f 1930//1930 1935//1935 1936//1936
f 1933//1933 1937//1937 1938//1938
f 1929//1929 1931//1931 1939//1939
f 1940//1940 1939//1939 1941//1941
f 1932//1932 1934//1934 1942//1942
f 1943//1943 1942//1942 1944//1944
f 1929//1929 1940//1940 1945//1945
f 1945//1945 1946//1946 1947//1947
f 1940//1940 1948//1948 1946//1946
f 1946//1946 1949//1949 1950//1950
f 1929//1929 1945//1945 1930//1930
f 1930//1930 1951//1951 1935//1935
f 1945//1945 1952//1952 1951//1951
f 1951//1951 1953//1953 1954//1954
f 1955//1955 1956//1956 1957//1957
f 1957//1957 1958//1958 1935//1935
f 1959//1959 1960//1960 1961//1961
f 1961//1961 1962//1962 1937//1937
f 1955//1955 1957//1957 1963//1963
f 1964//1964 1963//1963 1965//1965
f 1957//1957 1935//1935 1954//1954
f 1963//1963 1954//1954 1966//1966
f 1955//1955 1964//1964 1967//1967
f 1967//1967 1968//1968 1969//1969
f 1964//1964 1970//1970 1968//1968
f 1968//1968 1971//1971 1972//1972
f 1955//1955 1967//1967 1973//1973
f 1959//1959 1974//1974 1975//1975
f 1967//1967 1969//1969 1976//1976
f 1974//1974 1977//1977 1978//1978
f 1979//1979 1980//1980 1981//1981
f 1981//1981 1982//1982 1962//1962
f 1980//1980 1983//1983 1982//1982
f 1982//1982 1984//1984 1962//1962
f 1979//1979 1981//1981 1985//1985
f 1985//1985 1986//1986 1987//1987
f 1981//1981 1960//1960 1986//1986
f 1986//1986 1975//1975 1988//1988
f 1979//1979 1985//1985 1989//1989
f 1990//1990 1989//1989 1991//1991
f 1985//1985 1987//1987 1992//1992
f 1989//1989 1992//1992 1993//1993
f 1979//1979 1990//1990 1994//1994
f 1980//1980 1994//1994 1995//1995
f 1990//1990 1991//1991 1996//1996
f 1994//1994 1996//1996 1997//1997
f 1998//1998 1999//1999 2000//2000
f 2001//2001 2000//2000 1984//1984
f 1999//1999 1934//1934 1938//1938
f 2000//2000 1938//1938 2002//2002
f 1998//1998 2001//2001 2003//2003
f 2003//2003 2004//2004 2005//2005
f 2001//2001 1983//1983 2004//2004
f 2004//2004 1995//1995 2006//2006
f 1998//1998 2003//2003 2007//2007
f 2008//2008 2007//2007 2009//2009
f 2003//2003 2005//2005 2010//2010
f 2007//2007 2010//2010 2011//2011
f 1998//1998 2008//2008 1999//1999
f 1999//1999 2012//2012 1934//1934
f 2008//2008 2013//2013 2012//2012
f 2012//2012 2014//2014 1942//1942
f 2015//2015 2016//2016 2017//2017
f 2017//2017 2018//2018 2019//2019
f 2016//2016 2020//2020 2018//2018
f 2018//2018 2021//2021 2022//2022
f 2015//2015 2017//2017 2023//2023
f 2024//2024 2023//2023 2025//2025
f 2017//2017 2026//2026 2023//2023
f 2023//2023 2027//2027 2028//2028
f 2015//2015 2024//2024 2029//2029
f 2029//2029 2030//2030 1987//1987
f 2024//2024 2025//2025 2031//2031
f 2030//2030 2031//2031 2032//2032
f 2015//2015 2029//2029 2033//2033
f 2016//2016 2033//2033 2034//2034
f 2029//2029 1987//1987 1988//1988
f 2033//2033 1988//1988 1978//1978
f 2035//2035 2036//2036 2037//2037
f 2038//2038 2039//2039 2021//2021
f 2040//2040 2041//2041 2042//2042
f 2039//2039 2042//2042 2022//2022
f 2035//2035 2043//2043 2044//2044
f 2044//2044 2045//2045 1969//1969
f 2038//2038 2020//2020 2046//2046
f 2046//2046 2034//2034 1977//1977
f 2035//2035 2044//2044 2047//2047
f 2048//2048 2047//2047 2049//2049
f 2044//2044 1969//1969 1972//1972
f 2047//2047 1972//1972 2050//2050
f 2035//2035 2048//2048 2036//2036
f 2040//2040 2051//2051 2041//2041
f 2048//2048 2052//2052 2053//2053
f 2051//2051 2054//2054 2055//2055
f 2056//2056 2057//2057 2058//2058
f 2058//2058 2059//2059 2041//2041
f 2057//2057 2026//2026 2019//2019
f 2059//2059 2019//2019 2022//2022
f 2056//2056 2058//2058 2060//2060
f 2061//2061 2060//2060 2062//2062
f 2058//2058 2041//2041 2055//2055
f 2060//2060 2055//2055 2063//2063
f 2056//2056 2061//2061 2064//2064
f 2064//2064 2065//2065 2066//2066
f 2061//2061 2067//2067 2065//2065
f 2065//2065 2068//2068 2069//2069
f 2056//2056 2064//2064 2070//2070
f 2057//2057 2070//2070 2027//2027
f 2064//2064 2066//2066 2071//2071
f 2070//2070 2071//2071 2072//2072
f 2073//2073 2074//2074 2075//2075
f 2075//2075 2076//2076 2077//2077
f 2074//2074 2078//2078 2076//2076
f 2076//2076 2079//2079 2080//2080
f 2073//2073 2075//2075 2081//2081
f 2082//2082 2081//2081 2083//2083
f 2075//2075 2084//2084 2081//2081
f 2081//2081 2085//2085 2083//2083
f 2073//2073 2082//2082 2086//2086
f 2086//2086 2087//2087 2088//2088
f 2082//2082 2089//2089 2087//2087
f 2087//2087 2090//2090 2091//2091
f 2073//2073 2086//2086 2092//2092
f 2074//2074 2092//2092 2093//2093
f 2086//2086 2088//2088 2094//2094
f 2092//2092 2094//2094 2095//2095
f 2096//2096 2097//2097 2098//2098
f 2099//2099 2100//2100 2079//2079
f 2101//2101 2102//2102 2103//2103
f 2100//2100 2103//2103 2080//2080
f 2096//2096 2104//2104 2105//2105
f 2105//2105 2106//2106 2107//2107
f 2099//2099 2078//2078 2108//2108
f 2108//2108 2093//2093 2109//2109
f 2096//2096 2105//2105 2110//2110
f 2111//2111 2110//2110 1949//1949
f 2105//2105 2107//2107 2110//2110
f 2110//2110 2112//2112 1949//1949
f 2096//2096 2111//2111 2097//2097
f 2101//2101 2113//2113 2102//2102
f 2111//2111 1948//1948 2114//2114
f 2113//2113 2115//2115 2116//2116
f 2117//2117 2118//2118 2119//2119
f 2119//2119 2120//2120 2102//2102
f 2118//2118 2084//2084 2120//2120
f 2120//2120 2077//2077 2080//2080
f 2117//2117 2119//2119 2121//2121
f 2122//2122 2121//2121 2014//2014
f 2119//2119 2102//2102 2116//2116
f 2121//2121 2116//2116 1944//1944
f 2117//2117 2122//2122 2123//2123
f 2123//2123 2124//2124 2125//2125
f 2122//2122 2013//2013 2124//2124
f 2124//2124 2009//2009 2126//2126
f 2117//2117 2123//2123 2127//2127
f 2118//2118 2127//2127 2085//2085
f 2123//2123 2125//2125 2128//2128
f 2127//2127 2128//2128 2129//2129
f 2130//2130 2131//2131 2132//2132
f 2132//2132 2133//2133 2134//2134
f 2131//2131 2135//2135 2133//2133
f 2133//2133 2136//2136 2137//2137
f 2130//2130 2132//2132 2138//2138
f 2139//2139 2138//2138 1418//1418
f 2132//2132 2134//2134 2140//2140
f 2138//2138 2140//2140 1425//1425
f 2130//2130 2139//2139 2141//2141
f 2142//2142 2141//2141 2143//2143
f 2139//2139 1418//1418 1421//1421
f 2141//2141 1421//1421 1607//1607
f 2130//2130 2142//2142 2144//2144
f 2131//2131 2144//2144 2145//2145
f 2142//2142 2146//2146 2144//2144
f 2144//2144 2147//2147 2145//2145
f 2148//2148 2149//2149 2150//2150
f 2151//2151 2150//2150 2136//2136
f 2149//2149 2152//2152 2153//2153
f 2150//2150 2153//2153 2154//2154
f 2148//2148 2151//2151 2155//2155
f 2155//2155 2156//2156 2157//2157
f 2151//2151 2135//2135 2156//2156
f 2156//2156 2145//2145 2158//2158
f 2148//2148 2155//2155 2159//2159
f 2160//2160 2159//2159 2068//2068
f 2155//2155 2157//2157 2161//2161
f 2159//2159 2161//2161 2069//2069
f 2148//2148 2160//2160 2149//2149
f 2149//2149 2162//2162 2152//2152
f 2160//2160 2067//2067 2162//2162
f 2162//2162 2062//2062 2163//2163
f 2164//2164 2165//2165 2166//2166
f 2167//2167 2168//2168 2152//2152
f 2165//2165 2169//2169 2170//2170
f 2168//2168 2171//2171 2153//2153
f 2164//2164 2166//2166 2172//2172
f 2173//2173 2172//2172 2174//2174
f 2167//2167 2152//2152 2163//2163
f 2175//2175 2163//2163 2063//2063
f 2164//2164 2173//2173 2176//2176
f 2176//2176 2177//2177 2178//2178
f 2173//2173 2052//2052 2177//2177
f 2177//2177 2049//2049 2179//2179
f 2164//2164 2176//2176 2180//2180
f 2165//2165 2180//2180 2181//2181
f 2176//2176 2178//2178 2182//2182
f 2180//2180 2182//2182 2183//2183
f 2184//2184 2185//2185 2186//2186
f 2187//2187 2186//2186 2188//2188
f 2189//2189 2134//2134 2137//2137
f 2190//2190 2137//2137 2154//2154
f 2184//2184 2187//2187 2191//2191
f 2191//2191 2192//2192 2193//2193
f 2187//2187 2169//2169 2192//2192
f 2192//2192 2181//2181 2194//2194
f 2184//2184 2191//2191 2195//2195
f 2196//2196 2195//2195 1440//1440
f 2191//2191 2193//2193 2197//2197
f 2195//2195 2197//2197 1441//1441
f 2184//2184 2196//2196 2185//2185
f 2189//2189 2198//2198 2134//2134
f 2196//2196 1439//1439 2199//2199
f 2198//2198 1433//1433 2140//2140
f 2200//2200 2201//2201 2202//2202
f 2202//2202 2203//2203 2204//2204
f 2201//2201 2205//2205 2203//2203
f 2203//2203 2206//2206 2207//2207
f 2200//2200 2202//2202 2208//2208
f 2209//2209 2208//2208 2147//2147
f 2202//2202 2204//2204 2210//2210
f 2208//2208 2210//2210 2211//2211
f 2200//2200 2209//2209 2212//2212
f 2212//2212 2213//2213 1602//1602
f 2209//2209 2146//2146 2213//2213
f 2213//2213 2143//2143 1606//1606
f 2200//2200 2212//2212 2214//2214
f 2201//2201 2214//2214 2215//2215
f 2212//2212 1602//1602 1603//1603
f 2214//2214 1603//1603 1593//1593
f 2216//2216 2217//2217 2218//2218
f 2219//2219 2218//2218 2206//2206
f 2217//2217 2220//2220 2221//2221
f 2218//2218 2221//2221 2222//2222
f 2216//2216 2219//2219 2223//2223
f 2223//2223 2224//2224 1588//1588
f 2219//2219 2205//2205 2224//2224
f 2224//2224 2215//2215 1592//1592
f 2216//2216 2223//2223 2225//2225
f 2226//2226 2225//2225 2227//2227
f 2223//2223 1588//1588 1589//1589
f 2225//2225 1589//1589 1558//1558
f 2216//2216 2226//2226 2217//2217
f 2217//2217 2228//2228 2220//2220
f 2226//2226 2229//2229 2228//2228
f 2228//2228 2230//2230 2231//2231
f 2232//2232 2233//2233 2234//2234
f 2234//2234 2235//2235 2220//2220
f 2233//2233 2236//2236 2235//2235
f 2235//2235 2237//2237 2221//2221
f 2232//2232 2234//2234 2238//2238
f 2239//2239 2238//2238 2240//2240
f 2234//2234 2220//2220 2231//2231
f 2238//2238 2231//2231 2241//2241
f 2232//2232 2239//2239 2242//2242
f 2242//2242 2243//2243 2025//2025
f 2239//2239 2244//2244 2243//2243
f 2243//2243 2245//2245 2031//2031
f 2232//2232 2242//2242 2246//2246
f 2233//2233 2246//2246 2247//2247
f 2242//2242 2025//2025 2028//2028
f 2246//2246 2028//2028 2072//2072
f 2248//2248 2249//2249 2250//2250
f 2251//2251 2250//2250 2237//2237
f 2249//2249 2204//2204 2207//2207
f 2250//2250 2207//2207 2222//2222
f 2248//2248 2251//2251 2252//2252
f 2252//2252 2253//2253 2066//2066
f 2251//2251 2236//2236 2253//2253
f 2253//2253 2247//2247 2071//2071
f 2248//2248 2252//2252 2254//2254
f 2255//2255 2254//2254 2161//2161
f 2252//2252 2066//2066 2256//2256
f 2254//2254 2256//2256 2161//2161
f 2248//2248 2255//2255 2249//2249
f 2249//2249 2257//2257 2204//2204
f 2255//2255 2157//2157 2257//2257
f 2257//2257 2158//2158 2210//2210
f 2258//2258 2259//2259 2260//2260
f 2260//2260 2261//2261 2262//2262
f 2259//2259 2263//2263 2261//2261
f 2261//2261 2264//2264 2265//2265
f 2258//2258 2260//2260 2266//2266
f 2267//2267 2266//2266 2230//2230
f 2260//2260 2262//2262 2268//2268
f 2266//2266 2268//2268 2241//2241
f 2258//2258 2267//2267 2269//2269
f 2269//2269 2270//2270 1552//1552
f 2267//2267 2229//2229 2270//2270
f 2270//2270 2227//2227 1557//1557
f 2258//2258 2269//2269 2271//2271
f 2259//2259 2271//2271 2272//2272
f 2269//2269 1552//1552 1553//1553
f 2271//2271 1553//1553 1545//1545
f 2273//2273 2274//2274 2275//2275
f 2276//2276 2275//2275 2264//2264
f 2274//2274 2277//2277 2278//2278
f 2275//2275 2278//2278 2279//2279
f 2273//2273 2276//2276 2280//2280
f 2281//2281 2280//2280 1544//1544
f 2276//2276 2263//2263 2280//2280
f 2280//2280 2272//2272 1544//1544
f 2273//2273 2281//2281 2282//2282
f 2282//2282 2283//2283 2284//2284
f 2281//2281 1543//1543 2283//2283
f 2283//2283 1538//1538 2285//2285
f 2273//2273 2282//2282 2286//2286
f 2274//2274 2286//2286 2277//2277
f 2282//2282 2284//2284 2287//2287
f 2286//2286 2287//2287 2288//2288
f 2289//2289 2290//2290 2291//2291
f 2291//2291 2292//2292 2277//2277
f 2290//2290 2293//2293 2292//2292
f 2292//2292 2294//2294 2278//2278
f 2289//2289 2291//2291 2295//2295
f 2296//2296 2295//2295 2297//2297
f 2291//2291 2277//2277 2298//2298
f 2295//2295 2298//2298 2288//2288
f 2289//2289 2296//2296 2299//2299
f 2299//2299 2300//2300 2005//2005
f 2296//2296 2301//2301 2300//2300
f 2300//2300 2302//2302 2010//2010
f 2289//2289 2299//2299 2303//2303
f 2290//2290 2303//2303 2304//2304
f 2299//2299 2005//2005 2006//2006
f 2303//2303 2006//2006 1997//1997
f 2305//2305 2306//2306 2307//2307
f 2308//2308 2307//2307 2294//2294
f 2306//2306 2262//2262 2265//2265
f 2307//2307 2265//2265 2279//2279
f 2305//2305 2308//2308 2309//2309
f 2309//2309 2310//2310 1991//1991
f 2308//2308 2293//2293 2310//2310
f 2310//2310 2304//2304 1996//1996
f 2305//2305 2309//2309 2311//2311
f 2312//2312 2311//2311 2245//2245
f 2309//2309 1991//1991 1993//1993
f 2311//2311 1993//1993 2032//2032
f 2305//2305 2312//2312 2306//2306
f 2306//2306 2313//2313 2262//2262
f 2312//2312 2244//2244 2313//2313
f 2313//2313 2240//2240 2268//2268
f 2314//2314 2315//2315 2316//2316
f 2317//2317 2316//2316 2318//2318
f 2315//2315 2319//2319 2320//2320
f 2316//2316 2320//2320 2321//2321
f 2314//2314 2317//2317 2322//2322
f 2322//2322 2323//2323 2284//2284
f 2317//2317 2324//2324 2323//2323
f 2323//2323 2325//2325 2287//2287
f 2314//2314 2322//2322 2326//2326
f 2327//2327 2326//2326 1927//1927
f 2322//2322 2284//2284 2285//2285
f 2326//2326 2285//2285 1540//1540
f 2314//2314 2327//2327 2315//2315
f 2315//2315 2328//2328 2319//2319
f 2327//2327 1926//1926 2328//2328
f 2328//2328 1922//1922 2329//2329
f 2330//2330 2331//2331 2332//2332
f 2332//2332 2333//2333 2319//2319
f 2331//2331 2334//2334 2333//2333
f 2333//2333 2335//2335 2320//2320
f 2330//2330 2332//2332 2336//2336
f 2337//2337 2336//2336 1914//1914
f 2332//2332 2319//2319 2329//2329
f 2336//2336 2329//2329 1923//1923
f 2330//2330 2337//2337 2338//2338
f 2338//2338 2339//2339 2340//2340
f 2337//2337 1913//1913 2339//2339
f 2339//2339 1910//1910 2341//2341
f 2330//2330 2338//2338 2342//2342
f 2331//2331 2342//2342 2343//2343
f 2338//2338 2340//2340 2344//2344
f 2342//2342 2344//2344 2345//2345
f 2346//2346 2347//2347 2348//2348
f 2349//2349 2348//2348 2335//2335
f 2347//2347 2350//2350 2351//2351
f 2348//2348 2351//2351 2321//2321
f 2346//2346 2349//2349 2352//2352
f 2352//2352 2353//2353 2354//2354
f 2349//2349 2334//2334 2353//2353
f 2353//2353 2343//2343 2355//2355
f 2346//2346 2352//2352 2356//2356
f 2357//2357 2356//2356 2090//2090
f 2352//2352 2354//2354 2356//2356
f 2356//2356 2358//2358 2359//2359
f 2346//2346 2357//2357 2347//2347
f 2347//2347 2360//2360 2350//2350
f 2357//2357 2089//2089 2360//2360
f 2360//2360 2083//2083 2361//2361
f 2362//2362 2363//2363 2364//2364
f 2364//2364 2365//2365 2350//2350
f 2363//2363 2324//2324 2365//2365
f 2365//2365 2318//2318 2351//2351
f 2362//2362 2364//2364 2366//2366
f 2366//2366 2367//2367 2125//2125
f 2364//2364 2350//2350 2361//2361
f 2367//2367 2361//2361 2128//2128
f 2362//2362 2366//2366 2368//2368
f 2369//2369 2368//2368 2302//2302
f 2366//2366 2125//2125 2126//2126
f 2368//2368 2126//2126 2011//2011
f 2362//2362 2369//2369 2363//2363
f 2363//2363 2370//2370 2325//2325
f 2369//2369 2301//2301 2370//2370
f 2370//2370 2297//2297 2325//2325
f 2371//2371 2372//2372 2373//2373
f 2374//2374 2375//2375 2376//2376
f 2372//2372 2377//2377 2378//2378
f 2375//2375 2379//2379 2380//2380
f 2371//2371 2373//2373 2381//2381
f 2382//2382 2381//2381 2383//2383
f 2374//2374 2376//2376 2384//2384
f 2385//2385 2384//2384 1848//1848
f 2371//2371 2382//2382 2386//2386
f 2386//2386 2387//2387 2388//2388
f 2382//2382 1835//1835 2387//2387
f 2387//2387 1832//1832 2389//2389
f 2371//2371 2386//2386 2390//2390
f 2372//2372 2390//2390 2391//2391
f 2386//2386 2388//2388 2392//2392
f 2390//2390 2392//2392 2393//2393
f 2394//2394 2395//2395 2396//2396
f 2397//2397 2396//2396 2398//2398
f 2399//2399 2400//2400 2401//2401
f 2402//2402 2401//2401 2403//2403
f 2394//2394 2397//2397 2404//2404
f 2404//2404 2405//2405 2406//2406
f 2397//2397 2377//2377 2405//2405
f 2405//2405 2391//2391 2407//2407
f 2394//2394 2404//2404 2408//2408
f 2409//2409 2408//2408 2112//2112
f 2404//2404 2406//2406 2410//2410
f 2408//2408 2410//2410 1950//1950
f 2394//2394 2409//2409 2395//2395
f 2399//2399 2411//2411 2400//2400
f 2409//2409 2107//2107 2412//2412
f 2411//2411 2109//2109 2095//2095
f 2413//2413 2414//2414 2415//2415
f 2416//2416 2415//2415 2401//2401
f 2414//2414 2417//2417 2415//2415
f 2415//2415 2418//2418 2401//2401
f 2413//2413 2416//2416 2419//2419
f 2419//2419 2420//2420 2088//2088
f 2416//2416 2400//2400 2420//2420
f 2420//2420 2421//2421 2094//2094
f 2413//2413 2419//2419 2422//2422
f 2423//2423 2422//2422 2358//2358
f 2419//2419 2088//2088 2091//2091
f 2422//2422 2091//2091 2359//2359
f 2413//2413 2423//2423 2414//2414
f 2414//2414 2424//2424 2417//2417
f 2423//2423 2354//2354 2424//2424
f 2424//2424 2355//2355 2345//2345
f 2425//2425 2426//2426 2427//2427
f 2428//2428 2427//2427 2418//2418
f 2426//2426 2376//2376 2380//2380
f 2427//2427 2380//2380 2403//2403
f 2425//2425 2428//2428 2429//2429
f 2429//2429 2430//2430 2340//2340
f 2428//2428 2417//2417 2430//2430
f 2430//2430 2431//2431 2344//2344
f 2425//2425 2429//2429 2432//2432
f 2433//2433 2432//2432 1853//1853
f 2429//2429 2340//2340 2341//2341
f 2432//2432 2341//2341 1911//1911
f 2425//2425 2433//2433 2426//2426
f 2426//2426 2434//2434 2376//2376
f 2433//2433 1852//1852 2434//2434
f 2434//2434 1847//1847 2384//2384
f 2435//2435 2436//2436 2437//2437
f 2437//2437 2438//2438 2439//2439
f 2436//2436 2440//2440 2438//2438
f 2438//2438 2441//2441 2442//2442
f 2435//2435 2437//2437 2443//2443
f 2444//2444 2443//2443 1780//1780
f 2437//2437 2439//2439 2445//2445
f 2443//2443 2445//2445 1789//1789
f 2435//2435 2444//2444 2446//2446
f 2446//2446 2447//2447 2193//2193
f 2444//2444 1779//1779 2447//2447
f 2447//2447 1777//1777 2197//2197
f 2435//2435 2446//2446 2448//2448
f 2436//2436 2448//2448 2449//2449
f 2446//2446 2193//2193 2194//2194
f 2448//2448 2194//2194 2183//2183
f 2450//2450 2451//2451 2452//2452
f 2453//2453 2452//2452 2441//2441
f 2451//2451 2454//2454 2455//2455
f 2452//2452 2455//2455 2456//2456
f 2450//2450 2453//2453 2457//2457
f 2457//2457 2458//2458 2178//2178
f 2453//2453 2440//2440 2458//2458
f 2458//2458 2449//2449 2182//2182
f 2450//2450 2457//2457 2459//2459
f 2460//2460 2459//2459 1971//1971
f 2457//2457 2178//2178 2179//2179
f 2459//2459 2179//2179 2050//2050
f 2450//2450 2460//2460 2451//2451
f 2451//2451 2461//2461 2454//2454
f 2460//2460 1970//1970 2461//2461
f 2461//2461 1965//1965 2462//2462
f 2463//2463 2464//2464 2465//2465
f 2465//2465 2466//2466 2454//2454
f 2464//2464 2467//2467 2466//2466
f 2466//2466 2468//2468 2455//2455
f 2463//2463 2465//2465 2469//2469
f 2470//2470 2469//2469 1953//1953
f 2465//2465 2454//2454 2462//2462
f 2469//2469 2462//2462 1966//1966
f 2463//2463 2470//2470 2471//2471
f 2471//2471 2472//2472 2406//2406
f 2470//2470 1952//1952 2472//2472
f 2472//2472 1947//1947 2410//2410
f 2463//2463 2471//2471 2473//2473
f 2464//2464 2473//2473 2474//2474
f 2471//2471 2406//2406 2407//2407
f 2473//2473 2407//2407 2393//2393
f 2475//2475 2476//2476 2477//2477
f 2478//2478 2477//2477 2468//2468
f 2476//2476 2439//2439 2442//2442
f 2477//2477 2442//2442 2456//2456
f 2475//2475 2478//2478 2479//2479
f 2479//2479 2480//2480 2388//2388
f 2478//2478 2467//2467 2480//2480
f 2480//2480 2474//2474 2392//2392
f 2475//2475 2479//2479 2481//2481
f 2482//2482 2481//2481 1794//1794
f 2479//2479 2388//2388 2389//2389
f 2481//2481 2389//2389 1833//1833
f 2475//2475 2482//2482 2476//2476
f 2476//2476 2483//2483 2439//2439
f 2482//2482 1793//1793 2483//2483
f 2483//2483 1788//1788 2445//2445
f 2484//2484 2485//2485 2486//2486
f 2486//2486 2487//2487 2488//2488
f 2484//2484 2486//2486 2490//2490
f 2490//2490 2491//2491 2492//2492
f 2486//2486 2488//2488 2493//2493
f 2491//2491 2493//2493 2494//2494
f 2484//2484 2490//2490 2495//2495
f 2496//2496 2495//2495 2497//2497
f 2490//2490 2492//2492 2498//2498
f 2495//2495 2498//2498 2499//2499
f 2484//2484 2496//2496 2500//2500
f 2502//2502 2503//2503 2504//2504
f 2503//2503 2488//2488 2489//2489
f 2502//2502 2505//2505 2507//2507
f 2508//2508 2507//2507 2509//2509
f 2505//2505 2506//2506 2510//2510
f 2507//2507 2510//2510 2511//2511
f 2502//2502 2508//2508 2503//2503
f 2503//2503 2512//2512 2488//2488
f 2508//2508 2513//2513 2512//2512
f 2512//2512 2514//2514 2493//2493
f 2515//2515 2516//2516 2517//2517
f 2517//2517 2518//2518 2519//2519
f 2516//2516 2520//2520 2521//2521
f 2518//2518 2521//2521 2522//2522
f 2515//2515 2517//2517 2523//2523
f 2524//2524 2523//2523 2525//2525
f 2517//2517 2519//2519 2526//2526
f 2523//2523 2526//2526 2527//2527
f 2515//2515 2524//2524 2528//2528
f 2528//2528 2529//2529 2492//2492
f 2524//2524 2530//2530 2529//2529
f 2529//2529 2531//2531 2498//2498
f 2515//2515 2528//2528 2532//2532
f 2516//2516 2532//2532 2533//2533
f 2528//2528 2492//2492 2534//2534
f 2532//2532 2534//2534 2533//2533
f 2535//2535 2536//2536 2537//2537
f 2537//2537 2538//2538 2539//2539
f 2536//2536 2519//2519 2540//2540
f 2538//2538 2540//2540 2541//2541
f 2535//2535 2537//2537 2542//2542
f 2543//2543 2542//2542 2544//2544
f 2537//2537 2539//2539 2545//2545
f 2542//2542 2545//2545 2546//2546
f 2535//2535 2543//2543 2547//2547
f 2547//2547 2548//2548 2549//2549
f 2543//2543 2550//2550 2548//2548
f 2548//2548 2551//2551 2549//2549
f 2535//2535 2547//2547 2536//2536
f 2536//2536 2552//2552 2519//2519
f 2547//2547 2553//2553 2552//2552
f 2552//2552 2554//2554 2526//2526
f 2555//2555 2556//2556 2557//2557
f 2558//2558 2557//2557 2559//2559
f 2556//2556 2539//2539 2541//2541
f 2557//2557 2541//2541 2522//2522
f 2555//2555 2558//2558 2560//2560
f 2560//2560 2561//2561 2562//2562
f 2558//2558 2563//2563 2561//2561
f 2561//2561 2564//2564 2565//2565
f 2555//2555 2560//2560 2566//2566
f 2567//2567 2566//2566 2568//2568
f 2560//2560 2562//2562 2569//2569
f 2566//2566 2569//2569 2570//2570
f 2555//2555 2567//2567 2556//2556
f 2556//2556 2571//2571 2539//2539
f 2567//2567 2572//2572 2571//2571
f 2571//2571 2573//2573 2545//2545
f 2574//2574 2575//2575 2576//2576
f 2576//2576 2577//2577 2520//2520
f 2575//2575 2563//2563 2577//2577
f 2577//2577 2559//2559 2521//2521
f 2574//2574 2576//2576 2578//2578
f 2579//2579 2578//2578 2514//2514
f 2576//2576 2520//2520 2533//2533
f 2578//2578 2533//2533 2494//2494
f 2574//2574 2579//2579 2580//2580
f 2580//2580 2581//2581 2582//2582
f 2579//2579 2513//2513 2581//2581
f 2581//2581 2509//2509 2583//2583
f 2574//2574 2580//2580 2584//2584
f 2575//2575 2584//2584 2564//2564
f 2580//2580 2582//2582 2585//2585
f 2584//2584 2585//2585 2586//2586
f 2587//2587 2588//2588 2589//2589
f 2590//2590 2589//2589 2591//2591
f 2588//2588 2592//2592 2593//2593
f 2589//2589 2593//2593 2594//2594
f 2587//2587 2590//2590 2595//2595
f 2595//2595 2596//2596 2597//2597
f 2590//2590 2598//2598 2596//2596
f 2596//2596 2599//2599 2600//2600
f 2587//2587 2595//2595 2601//2601
f 2602//2602 2601//2601 2551//2551
f 2595//2595 2597//2597 2603//2603
f 2601//2601 2603//2603 2604//2604
f 2587//2587 2602//2602 2588//2588
f 2588//2588 2605//2605 2592//2592
f 2602//2602 2550//2550 2605//2605
f 2605//2605 2544//2544 2606//2606
f 2607//2607 2608//2608 2609//2609
f 2609//2609 2610//2610 2611//2611
f 2608//2608 2598//2598 2610//2610
f 2610//2610 2591//2591 2612//2612
f 2607//2607 2609//2609 2613//2613
f 2614//2614 2613//2613 2615//2615
f 2609//2609 2611//2611 2616//2616
f 2613//2613 2616//2616 2617//2617
f 2607//2607 2614//2614 2618//2618
f 2618//2618 2619//2619 2620//2620
f 2614//2614 2615//2615 2621//2621
f 2619//2619 2621//2621 2622//2622
f 2607//2607 2618//2618 2623//2623
f 2608//2608 2623//2623 2599//2599
f 2618//2618 2620//2620 2624//2624
f 2623//2623 2624//2624 2625//2625
f 2626//2626 2627//2627 2628//2628
f 2629//2629 2628//2628 2630//2630
f 2627//2627 2611//2611 2612//2612
f 2628//2628 2612//2612 2594//2594
f 2626//2626 2629//2629 2631//2631
f 2631//2631 2632//2632 2633//2633
f 2629//2629 2634//2634 2632//2632
f 2632//2632 2635//2635 2636//2636
f 2626//2626 2631//2631 2637//2637
f 2638//2638 2637//2637 2639//2639
f 2631//2631 2633//2633 2640//2640
f 2637//2637 2640//2640 2641//2641
f 2626//2626 2638//2638 2627//2627
f 2627//2627 2642//2642 2611//2611
f 2638//2638 2643//2643 2642//2642
f 2642//2642 2644//2644 2616//2616
f 2645//2645 2646//2646 2647//2647
f 2647//2647 2648//2648 2592//2592
f 2646//2646 2634//2634 2648//2648
f 2648//2648 2630//2630 2593//2593
f 2645//2645 2647//2647 2649//2649
f 2650//2650 2649//2649 2573//2573
f 2647//2647 2592//2592 2606//2606
f 2649//2649 2606//2606 2546//2546
f 2645//2645 2650//2650 2651//2651
f 2651//2651 2652//2652 2653//2653
f 2650//2650 2572//2572 2652//2652
f 2652//2652 2568//2568 2654//2654
f 2645//2645 2651//2651 2655//2655
f 2646//2646 2655//2655 2635//2635
f 2651//2651 2653//2653 2656//2656
f 2655//2655 2656//2656 2657//2657
f 2659//2659 2658//2658 2660//2660
f 2658//2658 2661//2661 2662//2662
f 2663//2663 2664//2664 2506//2506
f 2659//2659 2665//2665 2664//2664
f 2664//2664 2666//2666 2510//2510
f 2671//2671 2672//2672 2673//2673
f 2674//2674 2673//2673 2675//2675
f 2672//2672 2676//2676 2677//2677
f 2673//2673 2677//2677 2678//2678
f 2671//2671 2674//2674 2679//2679
f 2679//2679 2680//2680 2582//2582
f 2674//2674 2681//2681 2680//2680
f 2680//2680 2682//2682 2585//2585
f 2671//2671 2679//2679 2683//2683
f 2684//2684 2683//2683 2666//2666
f 2679//2679 2582//2582 2583//2583
f 2683//2683 2583//2583 2511//2511
f 2671//2671 2684//2684 2672//2672
f 2672//2672 2685//2685 2676//2676
f 2684//2684 2665//2665 2685//2685
f 2685//2685 2660//2660 2686//2686
f 2687//2687 2688//2688 2689//2689
f 2689//2689 2690//2690 2691//2691
f 2688//2688 2681//2681 2690//2690
f 2690//2690 2675//2675 2692//2692
f 2687//2687 2689//2689 2693//2693
f 2694//2694 2693//2693 2695//2695
f 2689//2689 2691//2691 2696//2696
f 2693//2693 2696//2696 2697//2697
f 2687//2687 2694//2694 2698//2698
f 2698//2698 2699//2699 2562//2562
f 2694//2694 2700//2700 2699//2699
f 2699//2699 2701//2701 2569//2569
f 2687//2687 2698//2698 2702//2702
f 2688//2688 2702//2702 2682//2682
f 2698//2698 2562//2562 2565//2565
f 2702//2702 2565//2565 2586//2586
f 2703//2703 2704//2704 2705//2705
f 2706//2706 2705//2705 2707//2707
f 2704//2704 2691//2691 2692//2692
f 2705//2705 2692//2692 2678//2678
f 2703//2703 2706//2706 2708//2708
f 2708//2708 2709//2709 2710//2710
f 2706//2706 2711//2711 2709//2709
f 2709//2709 2712//2712 2713//2713
f 2703//2703 2708//2708 2714//2714
f 2715//2715 2714//2714 2716//2716
f 2708//2708 2710//2710 2717//2717
f 2714//2714 2717//2717 2718//2718
f 2703//2703 2715//2715 2704//2704
f 2704//2704 2719//2719 2691//2691
f 2715//2715 2720//2720 2719//2719
f 2719//2719 2721//2721 2696//2696
f 2722//2722 2723//2723 2724//2724
f 2724//2724 2725//2725 2676//2676
f 2723//2723 2711//2711 2725//2725
f 2725//2725 2707//2707 2677//2677
f 2722//2722 2724//2724 2726//2726
f 2727//2727 2726//2726 2670//2670
f 2724//2724 2676//2676 2686//2686
f 2726//2726 2686//2686 2662//2662
f 2722//2722 2727//2727 2728//2728
f 2728//2728 2729//2729 2730//2730
f 2727//2727 2669//2669 2729//2729
f 2729//2729 2667//2667 2731//2731
f 2722//2722 2728//2728 2732//2732
f 2723//2723 2732//2732 2712//2712
f 2728//2728 2730//2730 2733//2733
f 2732//2732 2733//2733 2734//2734
f 2735//2735 2736//2736 2737//2737
f 2737//2737 2738//2738 2739//2739
f 2736//2736 2740//2740 2741//2741
f 2738//2738 2741//2741 2742//2742
f 2735//2735 2737//2737 2743//2743
f 2744//2744 2743//2743 2656//2656
f 2737//2737 2739//2739 2745//2745
f 2743//2743 2745//2745 2657//2657
f 2735//2735 2744//2744 2746//2746
f 2746//2746 2747//2747 2701//2701
f 2744//2744 2653//2653 2747//2747
f 2747//2747 2654//2654 2570//2570
f 2735//2735 2746//2746 2736//2736
f 2736//2736 2748//2748 2740//2740
f 2746//2746 2700//2700 2748//2748
f 2748//2748 2695//2695 2749//2749
f 2750//2750 2751//2751 2752//2752
f 2753//2753 2752//2752 2754//2754
f 2751//2751 2739//2739 2742//2742
f 2752//2752 2742//2742 2755//2755
f 2750//2750 2753//2753 2756//2756
f 2757//2757 2758//2758 2759//2759
f 2760//2760 2761//2761 2758//2758
f 2758//2758 2762//2762 2763//2763
f 2750//2750 2756//2756 2764//2764
f 2765//2765 2764//2764 2640//2640
f 2757//2757 2759//2759 2766//2766
f 2764//2764 2767//2767 2641//2641
f 2750//2750 2765//2765 2751//2751
f 2751//2751 2768//2768 2739//2739
f 2765//2765 2633//2633 2768//2768
f 2768//2768 2636//2636 2745//2745
f 2769//2769 2770//2770 2771//2771
f 2772//2772 2773//2773 2774//2774
f 2770//2770 2761//2761 2775//2775
f 2773//2773 2754//2754 2755//2755
f 2769//2769 2776//2776 2777//2777
f 2777//2777 2778//2778 2779//2779
f 2772//2772 2780//2780 2781//2781
f 2781//2781 2782//2782 2783//2783
f 2769//2769 2777//2777 2784//2784
f 2785//2785 2784//2784 2786//2786
f 2777//2777 2779//2779 2787//2787
f 2784//2784 2787//2787 2788//2788
f 2769//2769 2785//2785 2770//2770
f 2770//2770 2789//2789 2761//2761
f 2785//2785 2790//2790 2789//2789
f 2789//2789 2791//2791 2762//2762
f 2792//2792 2793//2793 2794//2794
f 2794//2794 2795//2795 2740//2740
f 2793//2793 2780//2780 2795//2795
f 2795//2795 2774//2774 2741//2741
f 2792//2792 2794//2794 2796//2796
f 2797//2797 2796//2796 2721//2721
f 2794//2794 2740//2740 2749//2749
f 2796//2796 2749//2749 2697//2697
f 2792//2792 2797//2797 2798//2798
f 2798//2798 2799//2799 2800//2800
f 2797//2797 2720//2720 2799//2799
f 2799//2799 2716//2716 2801//2801
f 2792//2792 2798//2798 2802//2802
f 2793//2793 2802//2802 2782//2782
f 2798//2798 2800//2800 2803//2803
f 2802//2802 2803//2803 2804//2804
f 2805//2805 2806//2806 2807//2807
f 2807//2807 2808//2808 2809//2809
f 2806//2806 2810//2810 2808//2808
f 2808//2808 2811//2811 2812//2812
f 2805//2805 2807//2807 2813//2813
f 2814//2814 2813//2813 2554//2554
f 2807//2807 2809//2809 2815//2815
f 2813//2813 2815//2815 2527//2527
f 2805//2805 2814//2814 2816//2816
f 2816//2816 2817//2817 2818//2818
f 2814//2814 2553//2553 2817//2817
f 2817//2817 2549//2549 2604//2604
f 2805//2805 2816//2816 2819//2819
f 2806//2806 2819//2819 2820//2820
f 2816//2816 2818//2818 2821//2821
f 2819//2819 2821//2821 2822//2822
f 2823//2823 2824//2824 2825//2825
f 2826//2826 2825//2825 2827//2827
f 2824//2824 2809//2809 2812//2812
f 2825//2825 2812//2812 2828//2828
f 2823//2823 2826//2826 2829//2829
f 2829//2829 2830//2830 2831//2831
f 2826//2826 2832//2832 2830//2830
f 2830//2830 2833//2833 2834//2834
f 2823//2823 2829//2829 2835//2835
f 2836//2836 2835//2835 2531//2531
f 2829//2829 2831//2831 2837//2837
f 2835//2835 2837//2837 2499//2499
f 2823//2823 2836//2836 2824//2824
f 2824//2824 2838//2838 2809//2809
f 2836//2836 2530//2530 2838//2838
f 2838//2838 2525//2525 2815//2815
f 2839//2839 2840//2840 2841//2841
f 2841//2841 2842//2842 2843//2843
f 2840//2840 2832//2832 2842//2842
f 2842//2842 2827//2827 2844//2844
f 2839//2839 2841//2841 2845//2845
f 2846//2846 2845//2845 2847//2847
f 2841//2841 2843//2843 2848//2848
f 2845//2845 2848//2848 2849//2849
f 2839//2839 2846//2846 2850//2850
f 2850//2850 2851//2851 2852//2852
f 2846//2846 2853//2853 2851//2851
f 2851//2851 2854//2854 2855//2855
f 2839//2839 2850//2850 2856//2856
f 2840//2840 2856//2856 2833//2833
f 2850//2850 2852//2852 2857//2857
f 2856//2856 2857//2857 2858//2858
f 2859//2859 2860//2860 2861//2861
f 2862//2862 2861//2861 2811//2811
f 2860//2860 2843//2843 2844//2844
f 2861//2861 2844//2844 2828//2828
f 2859//2859 2862//2862 2863//2863
f 2863//2863 2864//2864 2865//2865
f 2862//2862 2810//2810 2864//2864
f 2864//2864 2820//2820 2866//2866
f 2859//2859 2863//2863 2867//2867
f 2868//2868 2867//2867 2869//2869
f 2863//2863 2865//2865 2870//2870
f 2867//2867 2870//2870 2871//2871
f 2859//2859 2868//2868 2860//2860
f 2860//2860 2872//2872 2843//2843
f 2868//2868 2873//2873 2872//2872
f 2872//2872 2874//2874 2848//2848
f 2875//2875 2876//2876 2877//2877
f 2877//2877 2878//2878 2879//2879
f 2876//2876 2880//2880 2878//2878
f 2878//2878 2881//2881 2882//2882
f 2875//2875 2877//2877 2883//2883
f 2884//2884 2885//2885 2886//2886
f 2877//2877 2879//2879 2887//2887
f 2885//2885 2888//2888 2889//2889
f 2875//2875 2890//2890 2891//2891
f 2891//2891 2892//2892 2893//2893
f 2884//2884 2894//2894 2895//2895
f 2895//2895 2896//2896 2897//2897
f 2875//2875 2891//2891 2898//2898
f 2876//2876 2898//2898 2899//2899
f 2891//2891 2893//2893 2900//2900
f 2898//2898 2900//2900 2899//2899
f 2901//2901 2902//2902 2903//2903
f 2904//2904 2903//2903 2905//2905
f 2902//2902 2879//2879 2882//2882
f 2903//2903 2882//2882 2906//2906
f 2901//2901 2904//2904 2907//2907
f 2907//2907 2908//2908 2620//2620
f 2904//2904 2909//2909 2908//2908
f 2908//2908 2910//2910 2624//2624
f 2901//2901 2907//2907 2911//2911
f 2912//2912 2911//2911 2913//2913
f 2907//2907 2620//2620 2914//2914
f 2911//2911 2914//2914 2913//2913
f 2901//2901 2912//2912 2902//2902
f 2902//2902 2915//2915 2879//2879
f 2912//2912 2916//2916 2915//2915
f 2917//2917 2918//2918 2888//2888
f 2919//2919 2920//2920 2921//2921
f 2921//2921 2922//2922 2923//2923
f 2920//2920 2909//2909 2922//2922
f 2922//2922 2905//2905 2924//2924
f 2919//2919 2921//2921 2925//2925
f 2926//2926 2925//2925 2821//2821
f 2921//2921 2923//2923 2927//2927
f 2925//2925 2927//2927 2821//2821
f 2919//2919 2926//2926 2928//2928
f 2928//2928 2929//2929 2597//2597
f 2926//2926 2818//2818 2929//2929
f 2929//2929 2930//2930 2603//2603
f 2919//2919 2928//2928 2931//2931
f 2920//2920 2931//2931 2910//2910
f 2928//2928 2597//2597 2600//2600
f 2931//2931 2600//2600 2625//2625
f 2932//2932 2933//2933 2934//2934
f 2934//2934 2935//2935 2881//2881
f 2933//2933 2923//2923 2924//2924
f 2935//2935 2924//2924 2906//2906
f 2932//2932 2934//2934 2936//2936
f 2937//2937 2936//2936 2938//2938
f 2934//2934 2880//2880 2899//2899
f 2936//2936 2899//2899 2939//2939
f 2932//2932 2937//2937 2940//2940
f 2940//2940 2941//2941 2865//2865
f 2937//2937 2942//2942 2941//2941
f 2941//2941 2943//2943 2870//2870
f 2932//2932 2940//2940 2944//2944
f 2933//2933 2944//2944 2923//2923
f 2940//2940 2865//2865 2866//2866
f 2944//2944 2866//2866 2822//2822
f 2945//2945 2852//2852 2855//2855
f 2948//2948 2855//2855 2950//2950
f 2951//2951 2952//2952 2953//2953
f 2953//2953 2954//2954 2831//2831
f 2952//2952 2501//2501 2954//2954
f 2954//2954 2497//2497 2837//2837
f 2951//2951 2953//2953 2955//2955
f 2953//2953 2831//2831 2834//2834
f 2955//2955 2834//2834 2858//2858
f 2956//2956 2957//2957 2958//2958
f 2959//2959 2958//2958 2960//2960
f 2957//2957 2961//2961 2962//2962
f 2958//2958 2962//2962 2963//2963
f 2956//2956 2959//2959 2964//2964
f 2964//2964 2965//2965 2966//2966
f 2959//2959 2967//2967 2965//2965
f 2965//2965 2968//2968 2969//2969
f 2956//2956 2964//2964 2970//2970
f 2971//2971 2970//2970 2896//2896
f 2964//2964 2966//2966 2972//2972
f 2970//2970 2972//2972 2973//2973
f 2956//2956 2971//2971 2957//2957
f 2957//2957 2974//2974 2961//2961
f 2971//2971 2894//2894 2974//2974
f 2974//2974 2886//2886 2975//2975
f 2976//2976 2977//2977 2978//2978
f 2978//2978 2979//2979 2980//2980
f 2977//2977 2967//2967 2979//2979
f 2979//2979 2960//2960 2981//2981
f 2976//2976 2978//2978 2982//2982
f 2983//2983 2982//2982 2984//2984
f 2978//2978 2980//2980 2985//2985
f 2982//2982 2985//2985 2986//2986
f 2976//2976 2983//2983 2987//2987
f 2987//2987 2988//2988 2989//2989
f 2983//2983 2990//2990 2988//2988
f 2988//2988 2991//2991 2992//2992
f 2976//2976 2987//2987 2993//2993
f 2977//2977 2993//2993 2968//2968
f 2987//2987 2989//2989 2994//2994
f 2993//2993 2994//2994 2995//2995
f 2996//2996 2997//2997 2998//2998
f 2999//2999 2998//2998 3000//3000
f 2997//2997 2980//2980 2981//2981
f 2998//2998 2981//2981 2963//2963
f 2996//2996 2999//2999 3001//3001
f 3001//3001 3002//3002 3003//3003
f 2999//2999 3004//3004 3002//3002
f 3002//3002 3005//3005 3006//3006
f 2996//2996 3001//3001 3007//3007
f 3008//3008 3007//3007 3009//3009
f 3001//3001 3003//3003 3010//3010
f 3007//3007 3010//3010 2788//2788
f 2996//2996 3008//3008 2997//2997
f 2997//2997 3011//3011 2980//2980
f 3008//3008 3012//3012 3011//3011
f 3011//3011 3013//3013 2985//2985
f 3014//3014 3015//3015 3016//3016
f 3016//3016 3017//3017 2961//2961
f 3015//3015 3004//3004 3017//3017
f 3017//3017 3000//3000 2962//2962
f 3014//3014 3016//3016 3018//3018
f 3019//3019 3018//3018 2918//2918
f 3016//3016 2961//2961 2975//2975
f 3018//3018 2975//2975 2889//2889
f 3014//3014 3019//3019 3020//3020
f 3020//3020 3021//3021 3022//3022
f 3019//3019 3023//3023 3021//3021
f 3024//3024 2913//2913 2622//2622
f 3014//3014 3020//3020 3025//3025
f 3015//3015 3025//3025 3005//3005
f 3020//3020 3026//3026 3027//3027
f 3025//3025 3027//3027 3028//3028
f 3029//3029 3030//3030 3031//3031
f 3031//3031 3032//3032 3033//3033
f 3030//3030 3034//3034 3032//3032
f 3032//3032 3035//3035 3036//3036
f 3029//3029 3031//3031 3037//3037
f 3038//3038 3037//3037 3027//3027
f 3031//3031 3033//3033 3037//3037
f 3037//3037 3039//3039 3027//3027
f 3029//3029 3038//3038 3040//3040
f 3041//3041 3042//3042 2615//2615
f 3038//3038 3026//3026 3043//3043
f 3042//3042 3044//3044 2621//2621
f 3029//3029 3040//3040 3045//3045
f 3030//3030 3045//3045 3046//3046
f 3041//3041 2615//2615 2617//2617
f 3047//3047 2617//2617 3048//3048
f 3049//3049 3050//3050 3051//3051
f 3051//3051 3052//3052 3053//3053
f 3050//3050 3033//3033 3052//3052
f 3052//3052 3036//3036 3054//3054
f 3049//3049 3051//3051 3055//3055
f 3056//3056 3055//3055 2791//2791
f 3051//3051 3053//3053 3057//3057
f 3055//3055 3057//3057 2763//2763
f 3049//3049 3056//3056 3058//3058
f 3058//3058 3059//3059 3003//3003
f 3056//3056 2790//2790 3059//3059
f 3059//3059 2786//2786 3010//3010
f 3049//3049 3058//3058 3060//3060
f 3050//3050 3060//3060 3039//3039
f 3058//3058 3003//3003 3006//3006
f 3060//3060 3006//3006 3028//3028
f 3061//3061 3062//3062 3063//3063
f 3064//3064 3063//3063 3035//3035
f 3062//3062 3053//3053 3054//3054
f 3063//3063 3054//3054 3065//3065
f 3061//3061 3064//3064 3066//3066
f 3067//3067 3068//3068 2643//2643
f 3064//3064 3034//3034 3069//3069
f 3068//3068 3070//3070 2644//2644
f 3061//3061 3066//3066 3071//3071
f 3072//3072 3071//3071 2766//2766
f 3067//3067 2643//2643 2639//2639
f 3073//3073 2639//2639 2641//2641
f 3061//3061 3072//3072 3062//3062
f 3062//3062 3074//3074 3053//3053
f 3072//3072 2759//2759 3074//3074
f 3074//3074 3075//3075 3057//3057
f 3076//3076 3077//3077 3078//3078
f 3078//3078 3079//3079 3080//3080
f 3077//3077 3081//3081 3079//3079
f 3079//3079 3082//3082 3083//3083
f 3076//3076 3078//3078 3084//3084
f 3085//3085 3084//3084 3086//3086
f 3078//3078 3080//3080 3087//3087
f 3084//3084 3087//3087 3088//3088
f 3076//3076 3085//3085 3089//3089
f 3089//3089 3090//3090 3091//3091
f 3085//3085 3092//3092 3090//3090
f 3090//3090 3093//3093 3094//3094
f 3076//3076 3089//3089 3095//3095
f 3077//3077 3095//3095 3096//3096
f 3089//3089 3091//3091 3097//3097
f 3095//3095 3097//3097 3098//3098
f 3099//3099 3100//3100 3101//3101
f 3102//3102 3101//3101 3103//3103
f 3100//3100 3080//3080 3083//3083
f 3101//3101 3083//3083 3104//3104
f 3099//3099 3102//3102 3105//3105
f 3105//3105 3106//3106 3107//3107
f 3102//3102 3108//3108 3106//3106
f 3106//3106 3109//3109 3110//3110
f 3099//3099 3105//3105 3111//3111
f 3112//3112 3111//3111 3113//3113
f 3105//3105 3107//3107 3114//3114
f 3111//3111 3114//3114 3115//3115
f 3099//3099 3112//3112 3100//3100
f 3100//3100 3116//3116 3080//3080
f 3112//3112 3117//3117 3116//3116
f 3116//3116 3118//3118 3087//3087
f 3119//3119 3120//3120 3121//3121
f 3121//3121 3122//3122 3123//3123
f 3120//3120 3108//3108 3122//3122
f 3122//3122 3103//3103 3124//3124
f 3119//3119 3121//3121 3125//3125
f 3126//3126 3125//3125 3127//3127
f 3121//3121 3123//3123 3128//3128
f 3125//3125 3128//3128 3129//3129
f 3119//3119 3126//3126 3130//3130
f 3130//3130 3131//3131 3132//3132
f 3126//3126 3133//3133 3131//3131
f 3131//3131 3134//3134 3135//3135
f 3119//3119 3130//3130 3136//3136
f 3120//3120 3136//3136 3109//3109
f 3130//3130 3132//3132 3137//3137
f 3136//3136 3137//3137 3138//3138
f 3139//3139 3140//3140 3141//3141
f 3142//3142 3141//3141 3082//3082
f 3140//3140 3123//3123 3124//3124
f 3141//3141 3124//3124 3104//3104
f 3139//3139 3142//3142 3143//3143
f 3143//3143 3144//3144 3145//3145
f 3142//3142 3081//3081 3144//3144
f 3144//3144 3096//3096 3146//3146
f 3139//3139 3143//3143 3147//3147
f 3148//3148 3147//3147 3149//3149
f 3143//3143 3145//3145 3150//3150
f 3147//3147 3150//3150 3151//3151
f 3139//3139 3148//3148 3140//3140
f 3140//3140 3152//3152 3123//3123
f 3148//3148 3153//3153 3152//3152
f 3152//3152 3154//3154 3128//3128
f 3155//3155 3156//3156 3157//3157
f 3158//3158 3157//3157 3159//3159
f 3156//3156 3160//3160 3161//3161
f 3157//3157 3161//3161 3162//3162
f 3155//3155 3158//3158 3163//3163
f 3163//3163 3164//3164 3132//3132
f 3158//3158 3165//3165 3164//3164
f 3164//3164 3166//3166 3137//3137
f 3155//3155 3163//3163 3167//3167
f 3168//3168 3167//3167 3169//3169
f 3163//3163 3132//3132 3135//3135
f 3167//3167 3135//3135 3170//3170
f 3155//3155 3168//3168 3156//3156
f 3156//3156 3171//3171 3160//3160
f 3168//3168 3172//3172 3171//3171
f 3171//3171 3173//3173 3174//3174
f 3175//3175 3176//3176 3177//3177
f 3177//3177 3178//3178 3179//3179
f 3176//3176 3165//3165 3178//3178
f 3178//3178 3159//3159 3180//3180
f 3175//3175 3177//3177 3181//3181
f 3182//3182 3181//3181 3183//3183
f 3177//3177 3179//3179 3184//3184
f 3181//3181 3184//3184 3185//3185
f 3175//3175 3182//3182 3186//3186
f 3186//3186 3187//3187 3107//3107
f 3182//3182 3188//3188 3187//3187
f 3187//3187 3189//3189 3114//3114
f 3175//3175 3186//3186 3190//3190
f 3176//3176 3190//3190 3166//3166
f 3186//3186 3107//3107 3110//3110
f 3190//3190 3110//3110 3138//3138
f 3191//3191 3192//3192 3193//3193
f 3194//3194 3193//3193 3195//3195
f 3192//3192 3179//3179 3180//3180
f 3193//3193 3180//3180 3162//3162
f 3191//3191 3194//3194 3196//3196
f 3196//3196 3197//3197 2989//2989
f 3194//3194 3198//3198 3197//3197
f 3197//3197 3199//3199 2994//2994
f 3191//3191 3196//3196 3200//3200
f 3201//3201 3200//3200 3202//3202
f 3196//3196 2989//2989 2992//2992
f 3200//3200 2992//2992 3203//3203
f 3191//3191 3201//3201 3192//3192
f 3192//3192 3204//3204 3179//3179
f 3201//3201 3205//3205 3204//3204
f 3204//3204 3206//3206 3184//3184
f 3207//3207 3208//3208 3209//3209
f 3209//3209 3210//3210 3160//3160
f 3208//3208 3198//3198 3210//3210
f 3210//3210 3195//3195 3161//3161
f 3207//3207 3209//3209 3211//3211
f 3212//3212 3211//3211 3213//3213
f 3209//3209 3160//3160 3174//3174
f 3211//3211 3174//3174 3214//3214
f 3207//3207 3212//3212 3215//3215
f 3215//3215 3216//3216 2966//2966
f 3212//3212 3217//3217 3216//3216
f 3216//3216 3218//3218 2972//2972
f 3207//3207 3215//3215 3219//3219
f 3208//3208 3219//3219 3199//3199
f 3215//3215 2966//2966 2969//2969
f 3219//3219 2969//2969 2995//2995
f 3220//3220 3221//3221 3222//3222
f 3223//3223 3222//3222 3224//3224
f 3221//3221 3225//3225 3226//3226
f 3222//3222 3226//3226 3227//3227
f 3220//3220 3223//3223 3228//3228
f 3228//3228 3229//3229 2730//2730
f 3223//3223 3230//3230 3229//3229
f 3229//3229 3231//3231 2733//2733
f 3220//3220 3228//3228 3232//3232
f 3233//3233 3232//3232 3234//3234
f 3228//3228 2730//2730 2731//2731
f 3232//3232 2731//2731 2668//2668
f 3220//3220 3233//3233 3221//3221
f 3221//3221 3235//3235 3225//3225
f 3233//3233 3236//3236 3235//3235
f 3235//3235 3237//3237 3238//3238
f 3239//3239 3240//3240 3241//3241
f 3241//3241 3242//3242 3243//3243
f 3240//3240 3230//3230 3242//3242
f 3242//3242 3224//3224 3244//3244
f 3239//3239 3241//3241 3245//3245
f 3246//3246 3245//3245 3247//3247
f 3241//3241 3243//3243 3248//3248
f 3245//3245 3248//3248 3249//3249
f 3239//3239 3246//3246 3250//3250
f 3250//3250 3251//3251 2710//2710
f 3246//3246 3252//3252 3251//3251
f 3251//3251 3253//3253 2717//2717
f 3239//3239 3250//3250 3254//3254
f 3240//3240 3254//3254 3231//3231
f 3250//3250 2710//2710 2713//2713
f 3254//3254 2713//2713 2734//2734
f 3255//3255 3256//3256 3257//3257
f 3257//3257 3258//3258 3259//3259
f 3260//3260 3243//3243 3261//3261
f 3261//3261 3244//3244 3262//3262
f 3255//3255 3257//3257 3263//3263
f 3264//3264 3263//3263 3265//3265
f 3257//3257 3259//3259 3266//3266
f 3263//3263 3266//3266 3267//3267
f 3255//3255 3264//3264 3268//3268
f 3268//3268 3269//3269 3270//3270
f 3264//3264 3271//3271 3269//3269
f 3269//3269 3272//3272 3273//3273
f 3255//3255 3268//3268 3274//3274
f 3260//3260 3275//3275 3243//3243
f 3268//3268 3270//3270 3274//3274
f 3275//3275 3276//3276 3248//3248
f 3277//3277 3278//3278 3279//3279
f 3280//3280 3281//3281 3226//3226
f 3278//3278 3259//3259 3282//3282
f 3281//3281 3262//3262 3227//3227
f 3277//3277 3283//3283 3284//3284
f 3284//3284 3285//3285 3286//3286
f 3280//3280 3225//3225 3287//3287
f 3287//3287 3238//3238 3288//3288
f 3277//3277 3284//3284 3289//3289
f 3290//3290 3289//3289 3291//3291
f 3284//3284 3286//3286 3292//3292
f 3289//3289 3292//3292 3293//3293
f 3277//3277 3290//3290 3278//3278
f 3278//3278 3294//3294 3259//3259
f 3290//3290 3295//3295 3294//3294
f 3294//3294 3296//3296 3266//3266
f 3297//3297 3298//3298 3292//3292
f 3300//3300 3301//3301 3302//3302
f 3302//3302 3303//3303 3304//3304
f 3305//3305 3306//3306 3307//3307
f 3307//3307 3308//3308 3309//3309
f 3300//3300 3302//3302 3310//3310
f 3311//3311 3310//3310 3013//3013
f 3302//3302 3304//3304 3312//3312
f 3310//3310 3312//3312 2986//2986
f 3300//3300 3311//3311 3313//3313
f 3313//3313 3314//3314 2779//2779
f 3311//3311 3012//3012 3314//3314
f 3314//3314 3009//3009 2787//2787
f 3300//3300 3313//3313 3315//3315
f 3305//3305 3316//3316 3317//3317
f 3313//3313 2779//2779 3318//3318
f 3316//3316 2783//2783 2804//2804
f 3319//3319 3320//3320 3321//3321
f 3322//3322 3323//3323 3324//3324
f 3320//3320 3304//3304 3325//3325
f 3326//3326 3309//3309 3327//3327
f 3319//3319 3328//3328 3329//3329
f 3329//3329 3330//3330 3331//3331
f 3322//3322 3332//3332 3333//3333
f 3333//3333 3334//3334 3335//3335
f 3319//3319 3329//3329 3336//3336
f 3337//3337 3336//3336 2991//2991
f 3329//3329 3331//3331 3338//3338
f 3336//3336 3338//3338 3203//3203
f 3319//3319 3337//3337 3320//3320
f 3320//3320 3339//3339 3304//3304
f 3337//3337 2990//2990 3339//3339
f 3339//3339 2984//2984 3312//3312
f 3340//3340 3341//3341 3342//3342
f 3343//3343 3344//3344 3345//3345
f 3341//3341 3332//3332 3346//3346
f 3344//3344 3347//3347 3348//3348
f 3340//3340 3342//3342 3349//3349
f 3350//3350 3349//3349 3351//3351
f 3343//3343 3345//3345 3352//3352
f 3353//3353 3352//3352 3249//3249
f 3340//3340 3350//3350 3354//3354
f 3354//3354 3355//3355 3356//3356
f 3350//3350 3270//3270 3355//3355
f 3355//3355 3273//3273 3357//3357
f 3340//3340 3354//3354 3358//3358
f 3341//3341 3358//3358 3334//3334
f 3354//3354 3356//3356 3359//3359
f 3358//3358 3359//3359 3360//3360
f 3361//3361 3362//3362 3363//3363
f 3364//3364 3363//3363 3308//3308
f 3362//3362 3345//3345 3348//3348
f 3363//3363 3348//3348 3327//3327
f 3361//3361 3364//3364 3365//3365
f 3365//3365 3366//3366 2800//2800
f 3364//3364 3306//3306 3366//3366
f 3366//3366 3317//3317 2803//2803
f 3361//3361 3365//3365 3367//3367
f 3368//3368 3367//3367 3253//3253
f 3365//3365 2800//2800 2801//2801
f 3367//3367 2801//2801 2718//2718
f 3361//3361 3368//3368 3362//3362
f 3362//3362 3369//3369 3345//3345
f 3368//3368 3252//3252 3369//3369
f 3369//3369 3247//3247 3352//3352
f 3370//3370 3371//3371 3372//3372
f 3373//3373 3372//3372 3374//3374
f 3371//3371 3375//3375 3376//3376
f 3372//3372 3376//3376 3377//3377
f 3370//3370 3373//3373 3378//3378
f 3378//3378 3379//3379 3380//3380
f 3373//3373 3374//3374 3379//3379
f 3379//3379 3381//3381 3382//3382
f 3370//3370 3378//3378 3383//3383
f 3384//3384 3383//3383 2854//2854
f 3378//3378 3380//3380 3385//3385
f 3383//3383 3385//3385 2950//2950
f 3370//3370 3384//3384 3371//3371
f 3371//3371 3386//3386 3375//3375
f 3384//3384 2853//2853 3386//3386
f 3386//3386 2847//2847 3387//3387
f 3388//3388 3389//3389 3390//3390
f 3391//3391 3390//3390 3392//3392
f 3389//3389 3374//3374 3377//3377
f 3390//3390 3377//3377 3393//3393
f 3388//3388 3391//3391 3394//3394
f 3394//3394 3395//3395 3396//3396
f 3391//3391 3397//3397 3395//3395
f 3395//3395 3398//3398 3399//3399
f 3388//3388 3394//3394 3400//3400
f 3401//3401 3400//3400 3402//3402
f 3394//3394 3396//3396 3403//3403
f 3400//3400 3403//3403 3404//3404
f 3388//3388 3401//3401 3389//3389
f 3389//3389 3405//3405 3374//3374
f 3401//3401 3406//3406 3405//3405
f 3405//3405 3407//3407 3381//3381
f 3408//3408 3409//3409 3410//3410
f 3410//3410 3411//3411 3412//3412
f 3409//3409 3397//3397 3411//3411
f 3411//3411 3392//3392 3413//3413
f 3408//3408 3410//3410 3414//3414
f 3415//3415 3414//3414 3416//3416
f 3410//3410 3412//3412 3417//3417
f 3414//3414 3417//3417 3418//3418
f 3408//3408 3415//3415 3419//3419
f 3419//3419 3420//3420 3421//3421
f 3415//3415 3422//3422 3420//3420
f 3420//3420 3423//3423 3424//3424
f 3408//3408 3419//3419 3425//3425
f 3409//3409 3425//3425 3398//3398
f 3419//3419 3421//3421 3426//3426
f 3425//3425 3426//3426 3427//3427
f 3428//3428 3429//3429 3430//3430
f 3431//3431 3430//3430 3375//3375
f 3429//3429 3412//3412 3413//3413
f 3430//3430 3413//3413 3393//3393
f 3428//3428 3431//3431 3432//3432
f 3433//3433 3432//3432 2874//2874
f 3431//3431 3375//3375 3387//3387
f 3432//3432 3387//3387 2849//2849
f 3428//3428 3433//3433 3434//3434
f 3434//3434 3435//3435 3436//3436
f 3433//3433 2873//2873 3435//3435
f 3435//3435 2869//2869 3437//3437
f 3428//3428 3434//3434 3429//3429
f 3429//3429 3438//3438 3412//3412
f 3434//3434 3436//3436 3438//3438
f 3438//3438 3439//3439 3417//3417
f 3440//3440 3441//3441 3442//3442
f 3443//3443 3442//3442 3444//3444
f 3441//3441 3445//3445 3446//3446
f 3442//3442 3446//3446 3447//3447
f 3440//3440 3443//3443 3448//3448
f 3448//3448 3449//3449 3450//3450
f 3443//3443 3451//3451 3449//3449
f 3449//3449 3452//3452 3453//3453
f 3440//3440 3448//3448 3454//3454
f 3455//3455 3454//3454 3456//3456
f 3448//3448 3450//3450 3457//3457
f 3454//3454 3457//3457 3458//3458
f 3440//3440 3455//3455 3441//3441
f 3441//3441 3459//3459 3445//3445
f 3455//3455 3460//3460 3459//3459
f 3459//3459 3461//3461 3462//3462
f 3463//3463 3464//3464 3465//3465
f 3465//3465 3466//3466 3467//3467
f 3464//3464 3451//3451 3466//3466
f 3466//3466 3444//3444 3468//3468
f 3463//3463 3465//3465 3469//3469
f 3470//3470 3469//3469 3296//3296
f 3465//3465 3467//3467 3471//3471
f 3469//3469 3471//3471 3267//3267
f 3463//3463 3470//3470 3472//3472
f 3472//3472 3473//3473 3474//3474
f 3470//3470 3295//3295 3473//3473
f 3473//3473 3291//3291 3475//3475
f 3463//3463 3472//3472 3476//3476
f 3464//3464 3476//3476 3452//3452
f 3472//3472 3474//3474 3477//3477
f 3476//3476 3477//3477 3478//3478
f 3479//3479 3480//3480 3481//3481
f 3482//3482 3481//3481 3483//3483
f 3480//3480 3467//3467 3468//3468
f 3481//3481 3468//3468 3447//3447
f 3479//3479 3482//3482 3484//3484
f 3484//3484 3485//3485 3486//3486
f 3482//3482 3487//3487 3485//3485
f 3485//3485 3488//3488 3489//3489
f 3479//3479 3484//3484 3490//3490
f 3491//3491 3490//3490 3272//3272
f 3484//3484 3486//3486 3492//3492
f 3490//3490 3492//3492 3493//3493
f 3479//3479 3491//3491 3480//3480
f 3480//3480 3494//3494 3467//3467
f 3491//3491 3271//3271 3494//3494
f 3494//3494 3265//3265 3471//3471
f 3495//3495 3496//3496 3497//3497
f 3497//3497 3498//3498 3445//3445
f 3496//3496 3487//3487 3498//3498
f 3498//3498 3483//3483 3446//3446
f 3495//3495 3497//3497 3499//3499
f 3500//3500 3499//3499 3501//3501
f 3497//3497 3445//3445 3462//3462
f 3499//3499 3462//3462 3502//3502
f 3495//3495 3500//3500 3503//3503
f 3503//3503 3504//3504 3505//3505
f 3500//3500 3506//3506 3504//3504
f 3504//3504 3507//3507 3508//3508
f 3495//3495 3503//3503 3509//3509
f 3496//3496 3509//3509 3488//3488
f 3503//3503 3505//3505 3510//3510
f 3509//3509 3510//3510 3511//3511
f 3512//3512 3513//3513 3514//3514
f 3514//3514 3515//3515 3516//3516
f 3517//3517 3518//3518 3519//3519
f 3519//3519 3520//3520 3521//3521
f 3512//3512 3514//3514 3522//3522
f 3523//3523 3522//3522 3206//3206
f 3514//3514 3516//3516 3524//3524
f 3522//3522 3524//3524 3185//3185
f 3512//3512 3523//3523 3525//3525
f 3525//3525 3526//3526 3331//3331
f 3523//3523 3205//3205 3526//3526
f 3526//3526 3202//3202 3338//3338
f 3512//3512 3525//3525 3527//3527
f 3517//3517 3528//3528 3529//3529
f 3525//3525 3331//3331 3530//3530
f 3528//3528 3335//3335 3360//3360
f 3531//3531 3532//3532 3533//3533
f 3534//3534 3535//3535 3536//3536
f 3532//3532 3516//3516 3537//3537
f 3535//3535 3521//3521 3538//3538
f 3531//3531 3539//3539 3540//3540
f 3540//3540 3541//3541 3542//3542
f 3534//3534 3543//3543 3544//3544
f 3544//3544 3545//3545 3546//3546
f 3531//3531 3540//3540 3547//3547
f 3548//3548 3547//3547 3189//3189
f 3540//3540 3542//3542 3549//3549
f 3547//3547 3549//3549 3115//3115
f 3531//3531 3548//3548 3532//3532
f 3532//3532 3550//3550 3516//3516
f 3548//3548 3188//3188 3550//3550
f 3550//3550 3183//3183 3524//3524
f 3551//3551 3552//3552 3553//3553
f 3553//3553 3554//3554 3555//3555
f 3552//3552 3543//3543 3554//3554
f 3554//3554 3536//3536 3556//3556
f 3551//3551 3553//3553 3557//3557
f 3558//3558 3557//3557 3510//3510
f 3553//3553 3555//3555 3559//3559
f 3557//3557 3559//3559 3511//3511
f 3551//3551 3558//3558 3560//3560
f 3560//3560 3561//3561 3562//3562
f 3558//3558 3505//3505 3561//3561
f 3561//3561 3508//3508 3563//3563
f 3551//3551 3560//3560 3564//3564
f 3552//3552 3564//3564 3545//3545
f 3560//3560 3562//3562 3565//3565
f 3564//3564 3565//3565 3566//3566
f 3567//3567 3568//3568 3569//3569
f 3570//3570 3569//3569 3520//3520
f 3568//3568 3555//3555 3556//3556
f 3569//3569 3556//3556 3538//3538
f 3567//3567 3570//3570 3571//3571
f 3571//3571 3572//3572 3356//3356
f 3570//3570 3518//3518 3572//3572
f 3572//3572 3529//3529 3359//3359
f 3567//3567 3571//3571 3573//3573
f 3574//3574 3573//3573 3486//3486
f 3571//3571 3356//3356 3357//3357
f 3573//3573 3357//3357 3492//3492
f 3567//3567 3574//3574 3568//3568
f 3568//3568 3575//3575 3555//3555
f 3574//3574 3486//3486 3489//3489
f 3575//3575 3489//3489 3559//3559
f 3576//3576 3577//3577 3578//3578
f 3578//3578 3579//3579 3474//3474
f 3577//3577 3580//3580 3579//3579
f 3579//3579 3581//3581 3477//3477
f 3576//3576 3578//3578 3582//3582
f 3578//3578 3474//3474 3475//3475
f 3582//3582 3475//3475 3293//3293
f 3583//3583 3585//3585 3586//3586
f 3586//3586 3587//3587 3450//3450
f 3585//3585 3588//3588 3587//3587
f 3587//3587 3589//3589 3457//3457
f 3583//3583 3586//3586 3590//3590
f 3584//3584 3590//3590 3581//3581
f 3586//3586 3450//3450 3453//3453
f 3590//3590 3453//3453 3478//3478
f 3591//3591 3402//3402 3592//3592
f 3595//3595 3596//3596 3597//3597
f 3597//3597 3598//3598 3599//3599
f 3596//3596 3600//3600 3598//3598
f 3598//3598 3601//3601 3602//3602
f 3595//3595 3597//3597 3603//3603
f 3604//3604 3605//3605 3173//3173
f 3597//3597 3599//3599 3606//3606
f 3605//3605 3607//3607 3214//3214
f 3595//3595 3608//3608 3609//3609
f 3609//3609 3610//3610 3611//3611
f 3604//3604 3172//3172 3612//3612
f 3612//3612 3169//3169 3613//3613
f 3595//3595 3609//3609 3614//3614
f 3596//3596 3614//3614 3615//3615
f 3609//3609 3611//3611 3616//3616
f 3614//3614 3616//3616 3617//3617
f 3618//3618 3619//3619 3620//3620
f 3621//3621 3620//3620 3622//3622
f 3619//3619 3599//3599 3602//3602
f 3620//3620 3602//3602 3623//3623
f 3618//3618 3621//3621 3624//3624
f 3625//3625 3624//3624 2900//2900
f 3621//3621 3622//3622 3626//3626
f 3624//3624 3626//3626 2939//2939
f 3618//3618 3625//3625 3627//3627
f 3628//3628 3629//3629 3218//3218
f 3625//3625 2893//2893 3630//3630
f 3629//3629 2897//2897 2973//2973
f 3618//3618 3631//3631 3619//3619
f 3619//3619 3632//3632 3599//3599
f 3628//3628 3217//3217 3633//3633
f 3633//3633 3213//3213 3607//3607
f 3634//3634 3635//3635 3636//3636
f 3637//3637 3636//3636 3638//3638
f 3635//3635 3622//3622 3623//3623
f 3636//3636 3623//3623 3639//3639
f 3634//3634 3637//3637 3640//3640
f 3640//3640 3641//3641 3436//3436
f 3637//3637 3642//3642 3641//3641
f 3641//3641 3643//3643 3418//3418
f 3634//3634 3640//3640 3644//3644
f 3645//3645 3644//3644 2943//2943
f 3640//3640 3436//3436 3437//3437
f 3644//3644 3437//3437 2871//2871
f 3634//3634 3645//3645 3635//3635
f 3635//3635 3646//3646 3622//3622
f 3645//3645 2942//2942 3646//3646
f 3646//3646 2938//2938 3626//3626
f 3647//3647 3648//3648 3649//3649
f 3650//3650 3649//3649 3601//3601
f 3648//3648 3642//3642 3638//3638
f 3649//3649 3638//3638 3601//3601
f 3647//3647 3650//3650 3651//3651
f 3651//3651 3652//3652 3653//3653
f 3650//3650 3600//3600 3652//3652
f 3652//3652 3615//3615 3653//3653
f 3647//3647 3651//3651 3654//3654
f 3655//3655 3654//3654 3423//3423
f 3651//3651 3656//3656 3654//3654
f 3654//3654 3657//3657 3423//3423
f 3647//3647 3655//3655 3648//3648
f 3648//3648 3658//3658 3642//3642
f 3655//3655 3422//3422 3658//3658
f 3658//3658 3416//3416 3643//3643
f 3659//3659 3660//3660 3661//3661
f 3661//3661 3662//3662 3663//3663
f 3660//3660 3664//3664 3662//3662
f 3662//3662 3665//3665 3666//3666
f 3659//3659 3661//3661 3667//3667
f 3668//3668 3667//3667 3669//3669
f 3661//3661 3663//3663 3670//3670
f 3667//3667 3670//3670 3671//3671
f 3659//3659 3668//3668 3672//3672
f 3672//3672 3673//3673 3396//3396
f 3668//3668 3674//3674 3673//3673
f 3673//3673 3675//3675 3403//3403
f 3659//3659 3672//3672 3676//3676
f 3660//3660 3676//3676 3677//3677
f 3672//3672 3396//3396 3399//3399
f 3676//3676 3399//3399 3427//3427
f 3678//3678 3679//3679 3680//3680
f 3681//3681 3680//3680 3682//3682
f 3679//3679 3663//3663 3666//3666
f 3680//3680 3666//3666 3683//3683
f 3678//3678 3681//3681 3684//3684
f 3684//3684 3685//3685 3686//3686
f 3681//3681 3687//3687 3685//3685
f 3685//3685 3688//3688 3689//3689
f 3678//3678 3684//3684 3690//3690
f 3691//3691 3690//3690 3692//3692
f 3684//3684 3686//3686 3693//3693
f 3690//3690 3693//3693 3694//3694
f 3678//3678 3691//3691 3679//3679
f 3679//3679 3695//3695 3663//3663
f 3691//3691 3696//3696 3695//3695
f 3695//3695 3697//3697 3670//3670
f 3698//3698 3699//3699 3700//3700
f 3700//3700 3701//3701 3702//3702
f 3699//3699 3687//3687 3701//3701
f 3701//3701 3682//3682 3703//3703
f 3698//3698 3700//3700 3704//3704
f 3705//3705 3704//3704 3706//3706
f 3700//3700 3702//3702 3707//3707
f 3704//3704 3707//3707 3708//3708
f 3698//3698 3705//3705 3709//3709
f 3709//3709 3710//3710 3711//3711
f 3705//3705 3712//3712 3710//3710
f 3710//3710 3713//3713 3714//3714
f 3698//3698 3709//3709 3715//3715
f 3699//3699 3715//3715 3688//3688
f 3709//3709 3711//3711 3716//3716
f 3715//3715 3716//3716 3717//3717
f 3718//3718 3719//3719 3720//3720
f 3721//3721 3720//3720 3665//3665
f 3719//3719 3702//3702 3703//3703
f 3720//3720 3703//3703 3683//3683
f 3718//3718 3721//3721 3722//3722
f 3722//3722 3723//3723 3421//3421
f 3721//3721 3664//3664 3723//3723
f 3723//3723 3677//3677 3426//3426
f 3718//3718 3722//3722 3724//3724
f 3725//3725 3724//3724 3726//3726
f 3722//3722 3421//3421 3424//3424
f 3724//3724 3424//3424 3727//3727
f 3718//3718 3725//3725 3719//3719
f 3719//3719 3728//3728 3702//3702
f 3725//3725 3729//3729 3728//3728
f 3728//3728 3730//3730 3707//3707
f 3731//3731 3732//3732 3733//3733
f 3733//3733 3734//3734 3735//3735
f 3732//3732 3736//3736 3734//3734
f 3734//3734 3737//3737 3738//3738
f 3731//3731 3733//3733 3739//3739
f 3740//3740 3739//3739 3741//3741
f 3733//3733 3735//3735 3742//3742
f 3739//3739 3742//3742 3743//3743
f 3731//3731 3740//3740 3744//3744
f 3744//3744 3745//3745 3686//3686
f 3740//3740 3746//3746 3745//3745
f 3745//3745 3747//3747 3693//3693
f 3731//3731 3744//3744 3748//3748
f 3732//3732 3748//3748 3749//3749
f 3744//3744 3686//3686 3689//3689
f 3748//3748 3689//3689 3717//3717
f 3750//3750 3751//3751 3752//3752
f 3753//3753 3752//3752 3754//3754
f 3751//3751 3735//3735 3738//3738
f 3752//3752 3738//3738 3755//3755
f 3750//3750 3753//3753 3756//3756
f 3756//3756 3757//3757 3758//3758
f 3753//3753 3759//3759 3757//3757
f 3757//3757 3760//3760 3758//3758
f 3750//3750 3756//3756 3761//3761
f 3762//3762 3761//3761 3763//3763
f 3756//3756 3764//3764 3761//3761
f 3761//3761 3765//3765 3763//3763
f 3750//3750 3762//3762 3751//3751
f 3751//3751 3766//3766 3735//3735
f 3762//3762 3767//3767 3766//3766
f 3766//3766 3768//3768 3742//3742
f 3769//3769 3770//3770 3771//3771
f 3771//3771 3772//3772 3773//3773
f 3770//3770 3759//3759 3772//3772
f 3772//3772 3754//3754 3774//3774
f 3769//3769 3771//3771 3775//3775
f 3776//3776 3775//3775 3777//3777
f 3771//3771 3773//3773 3778//3778
f 3775//3775 3778//3778 3779//3779
f 3769//3769 3776//3776 3780//3780
f 3780//3780 3781//3781 3782//3782
f 3776//3776 3783//3783 3781//3781
f 3781//3781 3784//3784 3785//3785
f 3769//3769 3780//3780 3786//3786
f 3770//3770 3786//3786 3760//3760
f 3780//3780 3782//3782 3787//3787
f 3786//3786 3787//3787 3788//3788
f 3789//3789 3790//3790 3791//3791
f 3792//3792 3791//3791 3737//3737
f 3790//3790 3773//3773 3774//3774
f 3791//3791 3774//3774 3755//3755
f 3789//3789 3792//3792 3793//3793
f 3793//3793 3794//3794 3711//3711
f 3792//3792 3736//3736 3794//3794
f 3794//3794 3749//3749 3716//3716
f 3789//3789 3793//3793 3795//3795
f 3796//3796 3795//3795 3797//3797
f 3793//3793 3711//3711 3714//3714
f 3795//3795 3714//3714 3798//3798
f 3789//3789 3796//3796 3790//3790
f 3790//3790 3799//3799 3773//3773
f 3796//3796 3800//3800 3799//3799
f 3799//3799 3801//3801 3778//3778
f 3802//3802 3803//3803 3804//3804
f 3805//3805 3804//3804 3806//3806
f 3803//3803 3807//3807 3808//3808
f 3804//3804 3808//3808 3809//3809
f 3802//3802 3805//3805 3810//3810
f 3810//3810 3811//3811 3812//3812
f 3805//3805 3813//3813 3811//3811
f 3811//3811 3814//3814 3815//3815
f 3802//3802 3810//3810 3816//3816
f 3817//3817 3816//3816 3765//3765
f 3810//3810 3812//3812 3818//3818
f 3816//3816 3818//3818 3819//3819
f 3802//3802 3817//3817 3803//3803
f 3803//3803 3820//3820 3807//3807
f 3817//3817 3764//3764 3820//3820
f 3820//3820 3758//3758 3821//3821
f 3822//3822 3823//3823 3824//3824
f 3824//3824 3825//3825 3826//3826
f 3823//3823 3813//3813 3825//3825
f 3825//3825 3806//3806 3827//3827
f 3822//3822 3824//3824 3828//3828
f 3829//3829 3828//3828 3461//3461
f 3824//3824 3826//3826 3830//3830
f 3828//3828 3830//3830 3502//3502
f 3822//3822 3829//3829 3831//3831
f 3831//3831 3832//3832 3833//3833
f 3829//3829 3460//3460 3832//3832
f 3832//3832 3456//3456 3834//3834
f 3822//3822 3831//3831 3835//3835
f 3823//3823 3835//3835 3814//3814
f 3831//3831 3833//3833 3836//3836
f 3835//3835 3836//3836 3837//3837
f 3838//3838 3839//3839 3840//3840
f 3841//3841 3840//3840 3842//3842
f 3839//3839 3826//3826 3827//3827
f 3840//3840 3827//3827 3809//3809
f 3838//3838 3841//3841 3843//3843
f 3843//3843 3844//3844 3845//3845
f 3841//3841 3846//3846 3844//3844
f 3844//3844 3847//3847 3848//3848
f 3838//3838 3843//3843 3849//3849
f 3850//3850 3849//3849 3507//3507
f 3843//3843 3845//3845 3851//3851
f 3849//3849 3851//3851 3852//3852
f 3838//3838 3850//3850 3839//3839
f 3839//3839 3853//3853 3826//3826
f 3850//3850 3506//3506 3853//3853
f 3853//3853 3501//3501 3830//3830
f 3854//3854 3855//3855 3856//3856
f 3856//3856 3857//3857 3807//3807
f 3855//3855 3846//3846 3857//3857
f 3857//3857 3842//3842 3808//3808
f 3854//3854 3856//3856 3858//3858
f 3859//3859 3858//3858 3787//3787
f 3856//3856 3807//3807 3821//3821
f 3858//3858 3821//3821 3788//3788
f 3854//3854 3859//3859 3860//3860
f 3860//3860 3861//3861 3862//3862
f 3859//3859 3782//3782 3861//3861
f 3861//3861 3785//3785 3863//3863
f 3854//3854 3860//3860 3864//3864
f 3855//3855 3864//3864 3847//3847
f 3860//3860 3862//3862 3865//3865
f 3864//3864 3865//3865 3866//3866
f 3867//3867 3868//3868 3870//3870
f 3871//3871 3870//3870 3697//3697
f 3868//3868 3869//3869 3872//3872
f 3870//3870 3872//3872 3671//3671
f 3867//3867 3871//3871 3873//3873
f 3873//3873 3874//3874 3875//3875
f 3871//3871 3696//3696 3874//3874
f 3874//3874 3692//3692 3876//3876
f 3879//3879 3878//3878 3675//3675
f 3878//3878 3592//3592 3404//3404
f 3877//3877 3880//3880 3869//3869
f 3879//3879 3674//3674 3880//3880
f 3880//3880 3669//3669 3872//3872
f 3881//3881 3882//3882 3883//3883
f 3883//3883 3884//3884 3767//3767
f 3884//3884 3885//3885 3743//3743
f 3881//3881 3883//3883 3886//3886
f 3887//3887 3886//3886 3888//3888
f 3883//3883 3767//3767 3763//3763
f 3886//3886 3763//3763 3819//3819
f 3892//3892 3891//3891 3747//3747
f 3890//3890 3875//3875 3876//3876
f 3891//3891 3876//3876 3694//3694
f 3892//3892 3746//3746 3893//3893
f 3893//3893 3741//3741 3885//3885
f 3894//3894 3895//3895 3896//3896
f 3896//3896 3897//3897 3833//3833
f 3895//3895 3898//3898 3897//3897
f 3897//3897 3899//3899 3836//3836
f 3894//3894 3896//3896 3900//3900
f 3901//3901 3900//3900 3589//3589
f 3896//3896 3833//3833 3834//3834
f 3900//3900 3834//3834 3458//3458
f 3902//3902 3904//3904 3905//3905
f 3905//3905 3906//3906 3812//3812
f 3904//3904 3889//3889 3906//3906
f 3906//3906 3888//3888 3818//3818
f 3902//3902 3905//3905 3907//3907
f 3903//3903 3907//3907 3899//3899
f 3905//3905 3812//3812 3815//3815
f 3907//3907 3815//3815 3837//3837
f 3908//3908 3909//3909 3910//3910
f 3911//3911 3910//3910 3912//3912
f 3909//3909 3913//3913 3914//3914
f 3910//3910 3914//3914 3915//3915
f 3916//3916 3917//3917 3918//3918
f 3918//3918 3919//3919 3154//3154
f 3911//3911 3920//3920 3921//3921
f 3919//3919 3922//3922 3129//3129
f 3916//3916 3918//3918 3923//3923
f 3924//3924 3923//3923 3925//3925
f 3918//3918 3153//3153 3923//3923
f 3923//3923 3149//3149 3151//3151
f 3908//3908 3926//3926 3909//3909
f 3909//3909 3927//3927 3913//3913
f 3926//3926 3928//3928 3927//3927
f 3927//3927 3929//3929 3930//3930
f 3931//3931 3932//3932 3933//3933
f 3934//3934 3933//3933 3935//3935
f 3932//3932 3920//3920 3912//3912
f 3933//3933 3912//3912 3936//3936
f 3931//3931 3934//3934 3937//3937
f 3937//3937 3938//3938 3611//3611
f 3934//3934 3935//3935 3938//3938
f 3938//3938 3939//3939 3616//3616
f 3931//3931 3937//3937 3940//3940
f 3941//3941 3942//3942 3134//3134
f 3937//3937 3611//3611 3943//3943
f 3942//3942 3613//3613 3170//3170
f 3931//3931 3944//3944 3932//3932
f 3932//3932 3945//3945 3920//3920
f 3941//3941 3133//3133 3946//3946
f 3946//3946 3127//3127 3922//3922
f 3947//3947 3948//3948 3949//3949
f 3950//3950 3949//3949 3951//3951
f 3948//3948 3935//3935 3936//3936
f 3949//3949 3936//3936 3915//3915
f 3947//3947 3950//3950 3952//3952
f 3952//3952 3953//3953 3954//3954
f 3950//3950 3955//3955 3953//3953
f 3953//3953 3956//3956 3957//3957
f 3947//3947 3952//3952 3958//3958
f 3959//3959 3958//3958 3657//3657
f 3952//3952 3954//3954 3960//3960
f 3958//3958 3960//3960 3727//3727
f 3947//3947 3959//3959 3948//3948
f 3948//3948 3961//3961 3935//3935
f 3959//3959 3656//3656 3961//3961
f 3961//3961 3653//3653 3617//3617
f 3962//3962 3963//3963 3964//3964
f 3964//3964 3965//3965 3913//3913
f 3963//3963 3955//3955 3965//3965
f 3965//3965 3951//3951 3914//3914
f 3962//3962 3964//3964 3966//3966
f 3967//3967 3966//3966 3968//3968
f 3964//3964 3913//3913 3930//3930
f 3966//3966 3930//3930 3969//3969
f 3962//3962 3967//3967 3970//3970
f 3970//3970 3971//3971 3972//3972
f 3967//3967 3973//3973 3971//3971
f 3971//3971 3974//3974 3975//3975
f 3962//3962 3970//3970 3976//3976
f 3963//3963 3976//3976 3956//3956
f 3970//3970 3972//3972 3977//3977
f 3976//3976 3977//3977 3978//3978
f 3979//3979 3980//3980 3981//3981
f 3981//3981 3982//3982 3983//3983
f 3980//3980 3984//3984 3982//3982
f 3982//3982 3985//3985 3986//3986
f 3979//3979 3981//3981 3987//3987
f 3988//3988 3987//3987 3929//3929
f 3981//3981 3983//3983 3989//3989
f 3987//3987 3989//3989 3969//3969
f 3990//3990 3991//3991 3992//3992
f 3992//3992 3993//3993 3994//3994
f 3991//3991 3995//3995 3993//3993
f 3993//3993 3925//3925 3996//3996
f 3990//3990 3992//3992 3997//3997
f 3998//3998 3997//3997 3999//3999
f 3992//3992 3994//3994 4000//4000
f 3997//3997 4000//4000 4001//4001
f 4002//4002 4003//4003 4004//4004
f 4005//4005 4004//4004 4006//4006
f 4003//4003 3983//3983 3986//3986
f 4004//4004 3986//3986 4007//4007
f 4002//4002 4005//4005 4008//4008
f 4008//4008 4009//4009 4010//4010
f 4005//4005 4011//4011 4009//4009
f 4009//4009 4012//4012 4013//4013
f 4002//4002 4008//4008 4014//4014
f 4015//4015 4014//4014 3974//3974
f 4008//4008 4010//4010 4016//4016
f 4014//4014 4016//4016 4017//4017
f 4002//4002 4015//4015 4003//4003
f 4003//4003 4018//4018 3983//3983
f 4015//4015 3973//3973 4018//4018
f 4018//4018 3968//3968 3989//3989
f 4019//4019 4020//4020 4021//4021
f 4021//4021 4022//4022 4023//4023
f 4020//4020 4011//4011 4022//4022
f 4022//4022 4006//4006 4024//4024
f 4019//4019 4021//4021 4025//4025
f 4026//4026 4025//4025 4027//4027
f 4021//4021 4023//4023 4028//4028
f 4025//4025 4028//4028 4029//4029
f 4019//4019 4026//4026 4030//4030
f 4030//4030 4031//4031 4032//4032
f 4026//4026 4033//4033 4031//4031
f 4031//4031 4034//4034 4035//4035
f 4019//4019 4030//4030 4036//4036
f 4020//4020 4036//4036 4012//4012
f 4030//4030 4032//4032 4037//4037
f 4036//4036 4037//4037 4038//4038
f 4039//4039 4040//4040 4041//4041
f 4042//4042 4041//4041 3985//3985
f 4040//4040 4023//4023 4024//4024
f 4041//4041 4024//4024 4007//4007
f 4043//4043 4044//4044 4045//4045
f 4045//4045 4046//4046 4047//4047
f 4044//4044 4048//4048 4046//4046
f 4046//4046 3999//3999 4049//4049
f 4043//4043 4045//4045 4050//4050
f 4051//4051 4050//4050 4052//4052
f 4045//4045 4047//4047 4053//4053
f 4050//4050 4053//4053 4054//4054
f 4039//4039 4055//4055 4040//4040
f 4040//4040 4056//4056 4023//4023
f 4055//4055 4057//4057 4056//4056
f 4056//4056 4058//4058 4028//4028
f 4059//4059 4060//4060 4061//4061
f 4061//4061 4062//4062 4063//4063
f 4060//4060 4064//4064 4062//4062
f 4062//4062 4065//4065 4066//4066
f 4059//4059 4061//4061 4067//4067
f 4068//4068 4067//4067 3730//3730
f 4061//4061 4063//4063 4069//4069
f 4067//4067 4069//4069 3708//3708
f 4059//4059 4068//4068 4070//4070
f 4070//4070 4071//4071 3954//3954
f 4068//4068 3729//3729 4071//4071
f 4071//4071 3726//3726 3960//3960
f 4059//4059 4070//4070 4072//4072
f 4060//4060 4072//4072 4073//4073
f 4070//4070 3954//3954 3957//3957
f 4072//4072 3957//3957 3978//3978
f 4074//4074 4075//4075 4076//4076
f 4077//4077 4076//4076 4078//4078
f 4075//4075 4063//4063 4066//4066
f 4076//4076 4066//4066 4079//4079
f 4074//4074 4077//4077 4080//4080
f 4080//4080 4081//4081 4082//4082
f 4077//4077 4078//4078 4083//4083
f 4081//4081 4083//4083 4084//4084
f 4074//4074 4080//4080 4085//4085
f 4086//4086 4085//4085 3713//3713
f 4080//4080 4087//4087 4085//4085
f 4085//4085 4088//4088 3713//3713
f 4074//4074 4086//4086 4075//4075
f 4075//4075 4089//4089 4063//4063
f 4086//4086 3712//3712 4089//4089
f 4089//4089 3706//3706 4069//4069
f 4090//4090 4091//4091 4092//4092
f 4093//4093 4092//4092 4065//4065
f 4091//4091 4078//4078 4094//4094
f 4092//4092 4094//4094 4079//4079
f 4090//4090 4093//4093 4095//4095
f 4095//4095 4096//4096 3972//3972
f 4093//4093 4064//4064 4096//4096
f 4096//4096 4073//4073 3977//3977
f 4090//4090 4095//4095 4097//4097
f 4098//4098 4097//4097 4099//4099
f 4095//4095 3972//3972 3975//3975
f 4097//4097 3975//3975 4017//4017
f 4090//4090 4098//4098 4091//4091
f 4091//4091 4100//4100 4078//4078
f 4098//4098 4101//4101 4100//4100
f 4100//4100 4102//4102 4083//4083
f 4103//4103 4104//4104 4105//4105
f 4105//4105 4106//4106 4107//4107
f 4104//4104 4108//4108 4106//4106
f 4106//4106 4109//4109 4110//4110
f 4103//4103 4105//4105 4111//4111
f 4112//4112 4111//4111 3801//3801
f 4105//4105 4107//4107 4113//4113
f 4111//4111 4113//4113 3779//3779
f 4103//4103 4112//4112 4114//4114
f 4114//4114 4115//4115 4116//4116
f 4112//4112 3800//3800 4115//4115
f 4115//4115 3797//3797 4117//4117
f 4103//4103 4114//4114 4118//4118
f 4104//4104 4118//4118 4119//4119
f 4114//4114 4116//4116 4120//4120
f 4118//4118 4120//4120 4121//4121
f 4122//4122 4123//4123 4124//4124
f 4125//4125 4124//4124 4126//4126
f 4123//4123 4107//4107 4110//4110
f 4124//4124 4110//4110 4127//4127
f 4122//4122 4125//4125 4128//4128
f 4128//4128 4129//4129 4130//4130
f 4125//4125 4131//4131 4132//4132
f 4129//4129 4132//4132 4133//4133
f 4122//4122 4128//4128 4134//4134
f 4135//4135 4134//4134 3784//3784
f 4128//4128 4136//4136 4134//4134
f 4134//4134 4137//4137 3784//3784
f 4122//4122 4135//4135 4123//4123
f 4123//4123 4138//4138 4107//4107
f 4135//4135 3783//3783 4138//4138
f 4138//4138 3777//3777 4113//4113
f 4139//4139 4140//4140 4141//4141
f 4142//4142 4141//4141 4143//4143
f 4140//4140 4131//4131 4141//4141
f 4141//4141 4126//4126 4144//4144
f 4139//4139 4142//4142 4145//4145
f 4145//4145 4146//4146 4147//4147
f 4142//4142 4143//4143 4148//4148
f 4146//4146 4148//4148 4149//4149
f 4139//4139 4145//4145 4150//4150
f 4151//4151 4150//4150 4152//4152
f 4145//4145 4147//4147 4153//4153
f 4150//4150 4153//4153 4154//4154
f 4139//4139 4151//4151 4140//4140
f 4140//4140 4155//4155 4131//4131
f 4151//4151 4156//4156 4155//4155
f 4155//4155 4157//4157 4132//4132
f 4158//4158 4159//4159 4160//4160
f 4161//4161 4160//4160 4109//4109
f 4159//4159 4143//4143 4144//4144
f 4160//4160 4144//4144 4127//4127
f 4158//4158 4161//4161 4162//4162
f 4162//4162 4163//4163 4164//4164
f 4161//4161 4108//4108 4163//4163
f 4163//4163 4119//4119 4165//4165
f 4158//4158 4162//4162 4166//4166
f 4167//4167 4166//4166 4168//4168
f 4162//4162 4164//4164 4169//4169
f 4166//4166 4169//4169 4170//4170
f 4158//4158 4167//4167 4159//4159
f 4159//4159 4171//4171 4143//4143
f 4167//4167 4172//4172 4171//4171
f 4171//4171 4173//4173 4148//4148
f 4174//4174 4175//4175 4176//4176
f 4177//4177 4176//4176 4178//4178
f 4175//4175 4179//4179 4180//4180
f 4176//4176 4180//4180 4181//4181
f 4174//4174 4177//4177 4182//4182
f 4182//4182 4183//4183 4116//4116
f 4177//4177 4184//4184 4183//4183
f 4183//4183 4185//4185 4120//4120
f 4174//4174 4182//4182 4186//4186
f 4187//4187 4186//4186 4088//4088
f 4182//4182 4116//4116 4117//4117
f 4186//4186 4117//4117 4088//4088
f 4174//4174 4187//4187 4175//4175
f 4175//4175 4188//4188 4179//4179
f 4187//4187 4087//4087 4188//4188
f 4188//4188 4082//4082 4189//4189
f 4190//4190 4191//4191 4192//4192
f 4192//4192 4193//4193 4194//4194
f 4191//4191 4184//4184 4193//4193
f 4193//4193 4178//4178 4195//4195
f 4190//4190 4192//4192 4196//4196
f 4197//4197 4196//4196 4198//4198
f 4192//4192 4194//4194 4199//4199
f 4196//4196 4199//4199 4200//4200
f 4190//4190 4197//4197 4201//4201
f 4201//4201 4202//4202 4164//4164
f 4197//4197 4203//4203 4202//4202
f 4202//4202 4204//4204 4169//4169
f 4190//4190 4201//4201 4205//4205
f 4191//4191 4205//4205 4185//4185
f 4201//4201 4164//4164 4165//4165
f 4205//4205 4165//4165 4121//4121
f 4206//4206 4207//4207 4208//4208
f 4209//4209 4208//4208 4210//4210
f 4207//4207 4194//4194 4195//4195
f 4208//4208 4195//4195 4181//4181
f 4206//4206 4209//4209 4211//4211
f 4211//4211 4212//4212 4032//4032
f 4209//4209 4213//4213 4212//4212
f 4212//4212 4214//4214 4037//4037
f 4206//4206 4211//4211 4215//4215
f 4216//4216 4215//4215 4217//4217
f 4211//4211 4032//4032 4035//4035
f 4215//4215 4035//4035 4218//4218
f 4206//4206 4216//4216 4207//4207
f 4207//4207 4219//4219 4194//4194
f 4216//4216 4220//4220 4219//4219
f 4219//4219 4221//4221 4199//4199
f 4222//4222 4223//4223 4224//4224
f 4224//4224 4225//4225 4179//4179
f 4223//4223 4213//4213 4225//4225
f 4225//4225 4210//4210 4180//4180
f 4222//4222 4224//4224 4226//4226
f 4227//4227 4226//4226 4102//4102
f 4224//4224 4179//4179 4189//4189
f 4226//4226 4189//4189 4084//4084
f 4222//4222 4227//4227 4228//4228
f 4228//4228 4229//4229 4010//4010
f 4227//4227 4101//4101 4229//4229
f 4229//4229 4099//4099 4016//4016
f 4222//4222 4228//4228 4230//4230
f 4223//4223 4230//4230 4214//4214
f 4228//4228 4010//4010 4013//4013
f 4230//4230 4013//4013 4038//4038
f 4231//4231 4232//4232 4233//4233
f 4234//4234 4235//4235 4236//4236
f 4232//4232 4237//4237 4238//4238
f 4235//4235 4239//4239 4240//4240
f 4231//4231 4241//4241 4242//4242
f 4242//4242 4243//4243 4244//4244
f 4234//4234 4245//4245 4246//4246
f 4246//4246 4247//4247 4248//4248
f 4231//4231 4242//4242 4249//4249
f 4250//4250 4249//4249 3093//3093
f 4242//4242 4244//4244 4251//4251
f 4249//4249 4251//4251 4252//4252
f 4231//4231 4250//4250 4232//4232
f 4232//4232 4253//4253 4237//4237
f 4250//4250 3092//3092 4253//4253
f 4253//4253 3086//3086 4254//4254
f 4255//4255 4256//4256 4257//4257
f 4257//4257 4258//4258 4259//4259
f 4256//4256 4245//4245 4258//4258
f 4258//4258 4236//4236 4260//4260
f 4255//4255 4257//4257 4261//4261
f 4262//4262 4261//4261 4263//4263
f 4257//4257 4259//4259 4264//4264
f 4261//4261 4264//4264 4265//4265
f 4255//4255 4262//4262 4266//4266
f 4266//4266 4267//4267 4268//4268
f 4262//4262 4269//4269 4267//4267
f 4267//4267 4270//4270 4271//4271
f 4255//4255 4266//4266 4272//4272
f 4256//4256 4272//4272 4247//4247
f 4266//4266 4268//4268 4273//4273
f 4272//4272 4273//4273 4274//4274
f 4275//4275 4276//4276 4277//4277
f 4278//4278 4277//4277 4279//4279
f 4276//4276 4259//4259 4260//4260
f 4277//4277 4260//4260 4240//4240
f 4275//4275 4278//4278 4280//4280
f 4280//4280 4281//4281 3562//3562
f 4278//4278 4282//4282 4281//4281
f 4281//4281 4283//4283 3565//3565
f 4275//4275 4280//4280 4284//4284
f 4285//4285 4284//4284 4286//4286
f 4280//4280 3562//3562 3563//3563
f 4284//4284 3563//3563 3852//3852
f 4275//4275 4285//4285 4276//4276
f 4276//4276 4287//4287 4259//4259
f 4285//4285 4288//4288 4287//4287
f 4287//4287 4289//4289 4264//4264
f 4290//4290 4291//4291 4292//4292
f 4292//4292 4293//4293 4237//4237
f 4294//4294 4282//4282 4295//4295
f 4295//4295 4279//4279 4239//4239
f 4290//4290 4292//4292 4296//4296
f 4297//4297 4296//4296 3118//3118
f 4292//4292 4237//4237 4254//4254
f 4296//4296 4254//4254 3088//3088
f 4290//4290 4297//4297 4298//4298
f 4298//4298 4299//4299 3542//3542
f 4297//4297 3117//3117 4299//4299
f 4299//4299 3113//3113 3549//3549
f 4290//4290 4298//4298 4300//4300
f 4294//4294 4301//4301 4283//4283
f 4298//4298 3542//3542 4302//4302
f 4301//4301 3546//3546 3566//3566
f 4303//4303 4304//4304 4305//4305
f 4305//4305 4306//4306 4307//4307
f 4304//4304 4308//4308 4306//4306
f 4306//4306 4309//4309 4310//4310
f 4303//4303 4305//4305 4311//4311
f 4312//4312 4311//4311 4289//4289
f 4305//4305 4307//4307 4313//4313
f 4311//4311 4313//4313 4265//4265
f 4303//4303 4312//4312 4314//4314
f 4314//4314 4315//4315 3845//3845
f 4312//4312 4288//4288 4315//4315
f 4315//4315 4286//4286 3851//3851
f 4303//4303 4314//4314 4316//4316
f 4304//4304 4316//4316 4317//4317
f 4314//4314 3845//3845 3848//3848
f 4316//4316 3848//3848 3866//3866
f 4318//4318 4319//4319 4320//4320
f 4321//4321 4320//4320 4322//4322
f 4319//4319 4307//4307 4310//4310
f 4320//4320 4310//4310 4323//4323
f 4318//4318 4321//4321 4324//4324
f 4324//4324 4325//4325 4326//4326
f 4321//4321 4327//4327 4325//4325
f 4325//4325 4328//4328 4329//4329
f 4318//4318 4324//4324 4330//4330
f 4331//4331 4330//4330 4270//4270
f 4324//4324 4326//4326 4332//4332
f 4330//4330 4332//4332 4333//4333
f 4318//4318 4331//4331 4319//4319
f 4319//4319 4334//4334 4307//4307
f 4331//4331 4269//4269 4334//4334
f 4334//4334 4263//4263 4313//4313
f 4335//4335 4336//4336 4337//4337
f 4338//4338 4337//4337 4309//4309
f 4336//4336 4327//4327 4337//4337
f 4337//4337 4322//4322 4323//4323
f 4335//4335 4338//4338 4339//4339
f 4339//4339 4340//4340 3862//3862
f 4338//4338 4308//4308 4340//4340
f 4340//4340 4317//4317 3865//3865
f 4335//4335 4339//4339 4341//4341
f 4342//4342 4341//4341 4343//4343
f 4339//4339 3862//3862 3863//3863
f 4341//4341 3863//3863 4344//4344
f 4335//4335 4342//4342 4336//4336
f 4336//4336 4345//4345 4328//4328
f 4342//4342 4346//4346 4345//4345
f 4345//4345 4347//4347 4348//4348
f 4349//4349 4350//4350 4351//4351
f 4352//4352 4351//4351 4353//4353
f 4350//4350 4354//4354 4355//4355
f 4351//4351 4355//4355 4356//4356
f 4349//4349 4352//4352 4357//4357
f 4357//4357 4358//4358 3091//3091
f 4352//4352 4359//4359 4358//4358
f 4358//4358 4360//4360 3097//3097
f 4349//4349 4357//4357 4361//4361
f 4362//4362 4361//4361 4363//4363
f 4357//4357 3091//3091 3094//3094
f 4361//4361 3094//3094 4252//4252
f 4349//4349 4362//4362 4350//4350
f 4350//4350 4364//4364 4354//4354
f 4362//4362 4365//4365 4364//4364
f 4364//4364 4366//4366 4367//4367
f 4368//4368 4369//4369 4370//4370
f 4370//4370 4371//4371 4372//4372
f 4369//4369 4359//4359 4371//4371
f 4371//4371 4353//4353 4373//4373
f 4368//4368 4370//4370 4374//4374
f 4375//4375 4374//4374 3994//3994
f 4370//4370 4372//4372 4376//4376
f 4374//4374 4376//4376 4000//4000
f 4368//4368 4375//4375 4377//4377
f 4377//4377 4378//4378 3145//3145
f 4375//4375 3994//3994 3996//3996
f 4378//4378 3996//3996 3150//3150
f 4368//4368 4377//4377 4379//4379
f 4369//4369 4379//4379 4360//4360
f 4377//4377 3145//3145 3146//3146
f 4379//4379 3146//3146 3098//3098
f 4380//4380 4381//4381 4382//4382
f 4383//4383 4382//4382 4384//4384
f 4381//4381 4372//4372 4373//4373
f 4382//4382 4373//4373 4356//4356
f 4380//4380 4383//4383 4385//4385
f 4385//4385 4386//4386 4387//4387
f 4383//4383 4388//4388 4386//4386
f 4386//4386 4389//4389 4390//4390
f 4380//4380 4385//4385 4391//4391
f 4392//4392 4391//4391 4047//4047
f 4385//4385 4387//4387 4393//4393
f 4391//4391 4393//4393 4054//4054
f 4380//4380 4392//4392 4381//4381
f 4381//4381 4394//4394 4372//4372
f 4392//4392 4047//4047 4049//4049
f 4394//4394 4049//4049 4001//4001
f 4395//4395 4396//4396 4397//4397
f 4397//4397 4398//4398 4354//4354
f 4396//4396 4388//4388 4398//4398
f 4398//4398 4384//4384 4355//4355
f 4395//4395 4397//4397 4399//4399
f 4400//4400 4399//4399 4401//4401
f 4397//4397 4354//4354 4367//4367
f 4399//4399 4367//4367 4402//4402
f 4395//4395 4400//4400 4403//4403
f 4403//4403 4404//4404 4405//4405
f 4400//4400 4406//4406 4404//4404
f 4404//4404 4407//4407 4408//4408
f 4395//4395 4403//4403 4409//4409
f 4396//4396 4409//4409 4389//4389
f 4403//4403 4405//4405 4410//4410
f 4409//4409 4410//4410 4411//4411
f 4412//4412 4413//4413 4414//4414
f 4414//4414 4415//4415 4416//4416
f 4417//4417 4418//4418 4419//4419
f 4419//4419 4420//4420 4421//4421
f 4412//4412 4414//4414 4422//4422
f 4423//4423 4422//4422 4366//4366
f 4414//4414 4416//4416 4424//4424
f 4422//4422 4424//4424 4402//4402
f 4412//4412 4423//4423 4425//4425
f 4425//4425 4426//4426 4244//4244
f 4423//4423 4365//4365 4426//4426
f 4426//4426 4363//4363 4251//4251
f 4412//4412 4425//4425 4427//4427
f 4417//4417 4428//4428 4429//4429
f 4425//4425 4244//4244 4430//4430
f 4428//4428 4248//4248 4274//4274
f 4431//4431 4432//4432 4433//4433
f 4434//4434 4435//4435 4436//4436
f 4432//4432 4416//4416 4437//4437
f 4435//4435 4421//4421 4438//4438
f 4431//4431 4439//4439 4440//4440
f 4440//4440 4441//4441 4442//4442
f 4434//4434 4443//4443 4444//4444
f 4444//4444 4445//4445 4446//4446
f 4431//4431 4440//4440 4447//4447
f 4448//4448 4447//4447 4407//4407
f 4440//4440 4442//4442 4449//4449
f 4447//4447 4449//4449 4450//4450
f 4431//4431 4448//4448 4432//4432
f 4432//4432 4451//4451 4416//4416
f 4448//4448 4406//4406 4451//4451
f 4451//4451 4401//4401 4424//4424
f 4452//4452 4453//4453 4454//4454
f 4454//4454 4455//4455 4456//4456
f 4453//4453 4443//4443 4455//4455
f 4455//4455 4436//4436 4457//4457
f 4452//4452 4454//4454 4458//4458
f 4459//4459 4458//4458 4460//4460
f 4454//4454 4456//4456 4461//4461
f 4458//4458 4461//4461 4462//4462
f 4452//4452 4459//4459 4463//4463
f 4463//4463 4464//4464 4465//4465
f 4459//4459 4466//4466 4464//4464
f 4464//4464 4467//4467 4468//4468
f 4452//4452 4463//4463 4469//4469
f 4453//4453 4469//4469 4445//4445
f 4463//4463 4465//4465 4470//4470
f 4469//4469 4470//4470 4471//4471
f 4472//4472 4473//4473 4474//4474
f 4475//4475 4474//4474 4420//4420
f 4473//4473 4456//4456 4457//4457
f 4474//4474 4457//4457 4438//4438
f 4472//4472 4475//4475 4476//4476
f 4476//4476 4477//4477 4268//4268
f 4475//4475 4418//4418 4477//4477
f 4477//4477 4429//4429 4273//4273
f 4472//4472 4476//4476 4478//4478
f 4479//4479 4478//4478 4480//4480
f 4476//4476 4268//4268 4271//4271
f 4478//4478 4271//4271 4333//4333
f 4472//4472 4479//4479 4473//4473
f 4473//4473 4481//4481 4456//4456
f 4479//4479 4482//4482 4481//4481
f 4481//4481 4483//4483 4461//4461
f 4484//4484 4485//4485 4486//4486
f 4487//4487 4486//4486 4488//4488
f 4485//4485 4489//4489 4490//4490
f 4486//4486 4490//4490 4491//4491
f 4484//4484 4487//4487 4492//4492
f 4492//4492 4493//4493 4346//4346
f 4487//4487 4494//4494 4493//4493
f 4493//4493 4495//4495 4347//4347
f 4484//4484 4492//4492 4496//4496
f 4496//4496 4497//4497 4136//4136
f 4492//4492 4346//4346 4497//4497
f 4497//4497 4343//4343 4137//4137
f 4484//4484 4496//4496 4485//4485
f 4485//4485 4498//4498 4489//4489
f 4496//4496 4136//4136 4498//4498
f 4498//4498 4130//4130 4499//4499
f 4500//4500 4501//4501 4502//4502
f 4502//4502 4503//4503 4504//4504
f 4501//4501 4494//4494 4503//4503
f 4503//4503 4488//4488 4505//4505
f 4500//4500 4502//4502 4506//4506
f 4507//4507 4506//4506 4483//4483
f 4502//4502 4504//4504 4508//4508
f 4506//4506 4508//4508 4462//4462
f 4500//4500 4507//4507 4509//4509
f 4509//4509 4510//4510 4326//4326
f 4507//4507 4482//4482 4510//4510
f 4510//4510 4480//4480 4332//4332
f 4500//4500 4509//4509 4511//4511
f 4501//4501 4511//4511 4495//4495
f 4509//4509 4326//4326 4329//4329
f 4511//4511 4329//4329 4348//4348
f 4512//4512 4513//4513 4514//4514
f 4515//4515 4514//4514 4516//4516
f 4513//4513 4504//4504 4505//4505
f 4514//4514 4505//4505 4491//4491
f 4512//4512 4515//4515 4517//4517
f 4517//4517 4518//4518 4519//4519
f 4515//4515 4520//4520 4518//4518
f 4518//4518 4521//4521 4522//4522
f 4512//4512 4517//4517 4523//4523
f 4524//4524 4523//4523 4467//4467
f 4517//4517 4519//4519 4525//4525
f 4523//4523 4525//4525 4526//4526
f 4512//4512 4524//4524 4513//4513
f 4513//4513 4527//4527 4504//4504
f 4524//4524 4466//4466 4527//4527
f 4527//4527 4460//4460 4508//4508
f 4528//4528 4529//4529 4530//4530
f 4530//4530 4531//4531 4489//4489
f 4529//4529 4520//4520 4531//4531
f 4531//4531 4516//4516 4490//4490
f 4528//4528 4530//4530 4532//4532
f 4533//4533 4532//4532 4157//4157
f 4530//4530 4489//4489 4499//4499
f 4532//4532 4499//4499 4133//4133
f 4528//4528 4533//4533 4534//4534
f 4534//4534 4535//4535 4536//4536
f 4533//4533 4156//4156 4535//4535
f 4535//4535 4152//4152 4537//4537
f 4528//4528 4534//4534 4538//4538
f 4529//4529 4538//4538 4521//4521
f 4534//4534 4536//4536 4539//4539
f 4538//4538 4539//4539 4540//4540
f 4541//4541 4542//4542 4543//4543
f 4543//4543 4544//4544 4545//4545
f 4546//4546 4547//4547 4548//4548
f 4548//4548 4549//4549 4550//4550
f 4541//4541 4543//4543 4551//4551
f 4551//4551 4552//4552 4553//4553
f 4543//4543 4554//4554 4552//4552
f 4552//4552 4555//4555 4556//4556
f 4541//4541 4551//4551 4557//4557
f 4557//4557 4558//4558 4559//4559
f 4551//4551 4553//4553 4560//4560
f 4558//4558 4560//4560 4561//4561
f 4541//4541 4557//4557 4562//4562
f 4546//4546 4563//4563 4564//4564
f 4557//4557 4559//4559 4565//4565
f 4563//4563 4566//4566 4567//4567
f 4568//4568 4569//4569 4570//4570
f 4571//4571 4572//4572 4573//4573
f 4569//4569 4554//4554 4574//4574
f 4572//4572 4550//4550 4575//4575
f 4568//4568 4570//4570 4576//4576
f 4577//4577 4576//4576 4578//4578
f 4571//4571 4573//4573 4579//4579
f 4580//4580 4579//4579 4581//4581
f 4568//4568 4577//4577 4582//4582
f 4582//4582 4583//4583 4584//4584
f 4577//4577 4585//4585 4583//4583
f 4583//4583 4586//4586 4587//4587
f 4568//4568 4582//4582 4588//4588
f 4569//4569 4588//4588 4555//4555
f 4582//4582 4584//4584 4589//4589
f 4588//4588 4589//4589 4590//4590
f 4591//4591 4592//4592 4593//4593
f 4593//4593 4594//4594 4595//4595
f 4592//4592 4573//4573 4575//4575
f 4594//4594 4575//4575 4596//4596
f 4591//4591 4593//4593 4597//4597
f 4598//4598 4597//4597 4599//4599
f 4593//4593 4595//4595 4600//4600
f 4597//4597 4600//4600 4601//4601
f 4591//4591 4598//4598 4602//4602
f 4603//4603 4602//4602 4604//4604
f 4598//4598 4605//4605 4602//4602
f 4602//4602 4606//4606 4604//4604
f 4591//4591 4603//4603 4592//4592
f 4592//4592 4607//4607 4573//4573
f 4603//4603 4608//4608 4607//4607
f 4607//4607 4609//4609 4579//4579
f 4610//4610 4611//4611 4612//4612
f 4613//4613 4612//4612 4549//4549
f 4611//4611 4595//4595 4596//4596
f 4612//4612 4596//4596 4614//4614
f 4610//4610 4613//4613 4615//4615
f 4615//4615 4616//4616 4617//4617
f 4613//4613 4547//4547 4616//4616
f 4616//4616 4564//4564 4618//4618
f 4610//4610 4615//4615 4619//4619
f 4620//4620 4619//4619 4621//4621
f 4615//4615 4617//4617 4622//4622
f 4619//4619 4622//4622 4623//4623
f 4610//4610 4620//4620 4611//4611
f 4611//4611 4624//4624 4595//4595
f 4620//4620 4625//4625 4624//4624
f 4624//4624 4626//4626 4600//4600
f 4627//4627 4628//4628 4629//4629
f 4629//4629 4630//4630 4631//4631
f 4628//4628 4632//4632 4633//4633
f 4630//4630 4633//4633 4634//4634
f 4627//4627 4629//4629 4635//4635
f 4636//4636 4635//4635 4609//4609
f 4629//4629 4631//4631 4637//4637
f 4635//4635 4637//4637 4581//4581
f 4627//4627 4636//4636 4638//4638
f 4638//4638 4639//4639 4640//4640
f 4636//4636 4608//4608 4639//4639
f 4639//4639 4604//4604 4641//4641
f 4627//4627 4638//4638 4642//4642
f 4628//4628 4642//4642 4632//4632
f 4638//4638 4643//4643 4642//4642
f 4642//4642 4644//4644 4645//4645
f 4646//4646 4647//4647 4648//4648
f 4649//4649 4650//4650 4651//4651
f 4652//4652 4631//4631 4653//4653
f 4650//4650 4653//4653 4634//4634
f 4646//4646 4654//4654 4655//4655
f 4655//4655 4656//4656 4657//4657
f 4649//4649 4658//4658 4659//4659
f 4659//4659 4660//4660 4661//4661
f 4646//4646 4655//4655 4662//4662
f 4663//4663 4662//4662 4586//4586
f 4655//4655 4657//4657 4664//4664
f 4662//4662 4664//4664 4665//4665
f 4646//4646 4663//4663 4647//4647
f 4652//4652 4666//4666 4631//4631
f 4663//4663 4585//4585 4667//4667
f 4666//4666 4668//4668 4637//4637
f 4669//4669 4670//4670 4671//4671
f 4671//4671 4672//4672 4633//4633
f 4670//4670 4658//4658 4672//4672
f 4672//4672 4651//4651 4634//4634
f 4669//4669 4671//4671 4673//4673
f 4674//4674 4673//4673 4675//4675
f 4671//4671 4632//4632 4645//4645
f 4673//4673 4645//4645 4676//4676
f 4669//4669 4674//4674 4677//4677
f 4677//4677 4678//4678 4679//4679
f 4674//4674 4680//4680 4678//4678
f 4678//4678 4681//4681 4682//4682
f 4669//4669 4677//4677 4683//4683
f 4670//4670 4683//4683 4660//4660
f 4677//4677 4679//4679 4684//4684
f 4683//4683 4684//4684 4685//4685
f 4686//4686 4687//4687 4688//4688
f 4688//4688 4689//4689 4690//4690
f 4687//4687 4691//4691 4692//4692
f 4689//4689 4692//4692 4693//4693
f 4686//4686 4688//4688 4694//4694
f 4695//4695 4694//4694 4696//4696
f 4688//4688 4690//4690 4697//4697
f 4694//4694 4697//4697 4698//4698
f 4686//4686 4695//4695 4699//4699
f 4699//4699 4700//4700 4701//4701
f 4695//4695 4702//4702 4700//4700
f 4700//4700 4703//4703 4704//4704
f 4686//4686 4699//4699 4705//4705
f 4687//4687 4705//4705 4691//4691
f 4699//4699 4701//4701 4706//4706
f 4705//4705 4706//4706 4707//4707
f 4708//4708 4709//4709 4710//4710
f 4711//4711 4712//4712 4713//4713
f 4714//4714 4690//4690 4715//4715
f 4712//4712 4715//4715 4693//4693
f 4708//4708 4716//4716 4717//4717
f 4717//4717 4718//4718 4559//4559
f 4711//4711 4719//4719 4720//4720
f 4720//4720 4721//4721 4566//4566
f 4708//4708 4717//4717 4722//4722
f 4723//4723 4722//4722 4724//4724
f 4717//4717 4559//4559 4725//4725
f 4722//4722 4725//4725 4726//4726
f 4708//4708 4723//4723 4709//4709
f 4714//4714 4727//4727 4690//4690
f 4723//4723 4724//4724 4728//4728
f 4727//4727 4729//4729 4697//4697
f 4730//4730 4731//4731 4732//4732
f 4732//4732 4733//4733 4691//4691
f 4731//4731 4719//4719 4733//4733
f 4733//4733 4713//4713 4693//4693
f 4730//4730 4732//4732 4734//4734
f 4735//4735 4734//4734 4736//4736
f 4732//4732 4691//4691 4707//4707
f 4734//4734 4707//4707 4737//4737
f 4730//4730 4735//4735 4738//4738
f 4738//4738 4739//4739 4617//4617
f 4735//4735 4740//4740 4739//4739
f 4739//4739 4741//4741 4622//4622
f 4730//4730 4738//4738 4742//4742
f 4731//4731 4742//4742 4721//4721
f 4738//4738 4617//4617 4618//4618
f 4742//4742 4618//4618 4567//4567
f 4743//4743 4744//4744 4745//4745
f 4745//4745 4746//4746 4747//4747
f 4744//4744 4748//4748 4746//4746
f 4746//4746 4749//4749 4750//4750
f 4743//4743 4745//4745 4751//4751
f 4752//4752 4751//4751 4753//4753
f 4745//4745 4747//4747 4754//4754
f 4751//4751 4754//4754 4755//4755
f 4743//4743 4752//4752 4756//4756
f 4757//4757 4756//4756 4034//4034
f 4752//4752 4753//4753 4758//4758
f 4756//4756 4758//4758 4218//4218
f 4743//4743 4757//4757 4759//4759
f 4744//4744 4759//4759 4760//4760
f 4757//4757 4033//4033 4759//4759
f 4759//4759 4027//4027 4029//4029
f 4761//4761 4762//4762 4763//4763
f 4764//4764 4763//4763 4765//4765
f 4762//4762 4747//4747 4750//4750
f 4763//4763 4750//4750 4766//4766
f 4761//4761 4764//4764 4767//4767
f 4767//4767 4768//4768 4679//4679
f 4764//4764 4769//4769 4768//4768
f 4768//4768 4770//4770 4684//4684
f 4761//4761 4767//4767 4771//4771
f 4772//4772 4771//4771 4773//4773
f 4767//4767 4679//4679 4774//4774
f 4771//4771 4774//4774 4682//4682
f 4761//4761 4772//4772 4762//4762
f 4762//4762 4775//4775 4747//4747
f 4772//4772 4776//4776 4775//4775
f 4775//4775 4777//4777 4754//4754
f 4778//4778 4779//4779 4780//4780
f 4780//4780 4781//4781 4782//4782
f 4783//4783 4769//4769 4784//4784
f 4784//4784 4765//4765 4785//4785
f 4778//4778 4780//4780 4786//4786
f 4787//4787 4786//4786 4788//4788
f 4780//4780 4782//4782 4789//4789
f 4786//4786 4789//4789 4790//4790
f 4778//4778 4787//4787 4791//4791
f 4791//4791 4792//4792 4657//4657
f 4787//4787 4793//4793 4792//4792
f 4792//4792 4794//4794 4664//4664
f 4778//4778 4791//4791 4795//4795
f 4783//4783 4796//4796 4770//4770
f 4791//4791 4657//4657 4797//4797
f 4796//4796 4661//4661 4685//4685
f 4798//4798 4799//4799 4800//4800
f 4801//4801 4802//4802 4749//4749
f 4799//4799 4782//4782 4803//4803
f 4802//4802 4785//4785 4766//4766
f 4798//4798 4804//4804 4805//4805
f 4805//4805 4806//4806 4807//4807
f 4801//4801 4748//4748 4808//4808
f 4808//4808 4760//4760 4058//4058
f 4798//4798 4805//4805 4809//4809
f 4810//4810 4809//4809 4811//4811
f 4805//4805 4807//4807 4052//4052
f 4809//4809 4052//4052 4054//4054
f 4798//4798 4810//4810 4799//4799
f 4799//4799 4812//4812 4782//4782
f 4810//4810 4813//4813 4812//4812
f 4812//4812 4814//4814 4789//4789
f 4815//4815 4816//4816 4817//4817
f 4817//4817 4818//4818 4819//4819
f 4816//4816 4820//4820 4818//4818
f 4818//4818 4821//4821 4822//4822
f 4815//4815 4817//4817 4823//4823
f 4824//4824 4823//4823 4221//4221
f 4817//4817 4819//4819 4825//4825
f 4823//4823 4825//4825 4200//4200
f 4815//4815 4824//4824 4826//4826
f 4826//4826 4827//4827 4753//4753
f 4824//4824 4220//4220 4827//4827
f 4827//4827 4217//4217 4758//4758
f 4815//4815 4826//4826 4828//4828
f 4816//4816 4828//4828 4829//4829
f 4826//4826 4753//4753 4755//4755
f 4828//4828 4755//4755 4830//4830
f 4831//4831 4832//4832 4833//4833
f 4834//4834 4833//4833 4835//4835
f 4832//4832 4819//4819 4822//4822
f 4833//4833 4822//4822 4836//4836
f 4831//4831 4834//4834 4837//4837
f 4837//4837 4838//4838 4839//4839
f 4834//4834 4840//4840 4838//4838
f 4838//4838 4841//4841 4842//4842
f 4831//4831 4837//4837 4843//4843
f 4844//4844 4843//4843 4204//4204
f 4837//4837 4839//4839 4845//4845
f 4843//4843 4845//4845 4170//4170
f 4831//4831 4844//4844 4832//4832
f 4832//4832 4846//4846 4819//4819
f 4844//4844 4203//4203 4846//4846
f 4846//4846 4198//4198 4825//4825
f 4847//4847 4848//4848 4849//4849
f 4849//4849 4850//4850 4851//4851
f 4848//4848 4840//4840 4850//4850
f 4850//4850 4835//4835 4852//4852
f 4847//4847 4849//4849 4853//4853
f 4854//4854 4853//4853 4644//4644
f 4849//4849 4851//4851 4855//4855
f 4853//4853 4855//4855 4676//4676
f 4847//4847 4854//4854 4856//4856
f 4856//4856 4857//4857 4858//4858
f 4854//4854 4643//4643 4857//4857
f 4857//4857 4640//4640 4859//4859
f 4847//4847 4856//4856 4860//4860
f 4848//4848 4860//4860 4841//4841
f 4856//4856 4858//4858 4861//4861
f 4860//4860 4861//4861 4862//4862
f 4863//4863 4864//4864 4865//4865
f 4866//4866 4865//4865 4821//4821
f 4864//4864 4851//4851 4852//4852
f 4865//4865 4852//4852 4836//4836
f 4863//4863 4866//4866 4867//4867
f 4867//4867 4868//4868 4776//4776
f 4866//4866 4820//4820 4868//4868
f 4868//4868 4829//4829 4777//4777
f 4863//4863 4867//4867 4869//4869
f 4870//4870 4869//4869 4681//4681
f 4867//4867 4776//4776 4773//4773
f 4869//4869 4773//4773 4681//4681
f 4863//4863 4870//4870 4864//4864
f 4864//4864 4871//4871 4851//4851
f 4870//4870 4680//4680 4871//4871
f 4871//4871 4675//4675 4855//4855
f 4872//4872 4873//4873 4874//4874
f 4874//4874 4875//4875 4876//4876
f 4873//4873 4877//4877 4875//4875
f 4875//4875 4878//4878 4879//4879
f 4872//4872 4874//4874 4880//4880
f 4881//4881 4880//4880 4173//4173
f 4874//4874 4876//4876 4882//4882
f 4880//4880 4882//4882 4149//4149
f 4872//4872 4881//4881 4883//4883
f 4883//4883 4884//4884 4839//4839
f 4881//4881 4172//4172 4884//4884
f 4884//4884 4168//4168 4845//4845
f 4872//4872 4883//4883 4885//4885
f 4873//4873 4885//4885 4886//4886
f 4883//4883 4839//4839 4842//4842
f 4885//4885 4842//4842 4862//4862
f 4887//4887 4888//4888 4889//4889
f 4890//4890 4889//4889 4891//4891
f 4888//4888 4876//4876 4879//4879
f 4889//4889 4879//4879 4892//4892
f 4887//4887 4890//4890 4893//4893
f 4894//4894 4893//4893 4895//4895
f 4890//4890 4896//4896 4893//4893
f 4893//4893 4897//4897 4898//4898
f 4887//4887 4894//4894 4899//4899
f 4899//4899 4900//4900 4147//4147
f 4894//4894 4901//4901 4900//4900
f 4900//4900 4902//4902 4153//4153
f 4887//4887 4899//4899 4903//4903
f 4888//4888 4903//4903 4876//4876
f 4899//4899 4147//4147 4904//4904
f 4903//4903 4904//4904 4882//4882
f 4905//4905 4906//4906 4907//4907
f 4907//4907 4908//4908 4909//4909
f 4906//4906 4896//4896 4908//4908
f 4908//4908 4891//4891 4910//4910
f 4905//4905 4907//4907 4911//4911
f 4912//4912 4911//4911 4626//4626
f 4907//4907 4909//4909 4913//4913
f 4911//4911 4913//4913 4601//4601
f 4905//4905 4912//4912 4914//4914
f 4914//4914 4915//4915 4916//4916
f 4912//4912 4625//4625 4915//4915
f 4915//4915 4621//4621 4917//4917
f 4905//4905 4914//4914 4918//4918
f 4906//4906 4918//4918 4897//4897
f 4914//4914 4916//4916 4919//4919
f 4918//4918 4919//4919 4898//4898
f 4920//4920 4921//4921 4922//4922
f 4923//4923 4922//4922 4878//4878
f 4921//4921 4909//4909 4910//4910
f 4922//4922 4910//4910 4892//4892
f 4920//4920 4923//4923 4924//4924
f 4924//4924 4925//4925 4858//4858
f 4923//4923 4877//4877 4925//4925
f 4925//4925 4886//4886 4861//4861
f 4920//4920 4924//4924 4926//4926
f 4927//4927 4926//4926 4606//4606
f 4924//4924 4858//4858 4859//4859
f 4926//4926 4859//4859 4641//4641
f 4920//4920 4927//4927 4921//4921
f 4921//4921 4928//4928 4909//4909
f 4927//4927 4605//4605 4928//4928
f 4928//4928 4599//4599 4913//4913
f 4929//4929 4930//4930 4931//4931
f 4932//4932 4931//4931 4933//4933
f 4930//4930 4934//4934 4935//4935
f 4931//4931 4935//4935 4936//4936
f 4929//4929 4932//4932 4937//4937
f 4937//4937 4938//4938 4536//4536
f 4932//4932 4939//4939 4938//4938
f 4938//4938 4940//4940 4539//4539
f 4929//4929 4937//4937 4941//4941
f 4942//4942 4941//4941 4902//4902
f 4937//4937 4536//4536 4537//4537
f 4941//4941 4537//4537 4154//4154
f 4929//4929 4942//4942 4930//4930
f 4930//4930 4943//4943 4934//4934
f 4942//4942 4901//4901 4943//4943
f 4943//4943 4895//4895 4944//4944
f 4945//4945 4946//4946 4947//4947
f 4947//4947 4948//4948 4949//4949
f 4946//4946 4939//4939 4948//4948
f 4948//4948 4933//4933 4950//4950
f 4945//4945 4947//4947 4951//4951
f 4952//4952 4951//4951 4953//4953
f 4947//4947 4949//4949 4954//4954
f 4951//4951 4954//4954 4955//4955
f 4945//4945 4952//4952 4956//4956
f 4956//4956 4957//4957 4519//4519
f 4952//4952 4958//4958 4957//4957
f 4957//4957 4959//4959 4525//4525
f 4945//4945 4956//4956 4960//4960
f 4946//4946 4960//4960 4940//4940
f 4956//4956 4519//4519 4522//4522
f 4960//4960 4522//4522 4540//4540
f 4961//4961 4962//4962 4963//4963
f 4964//4964 4963//4963 4965//4965
f 4962//4962 4949//4949 4950//4950
f 4963//4963 4950//4950 4936//4936
f 4961//4961 4964//4964 4966//4966
f 4966//4966 4967//4967 4701//4701
f 4964//4964 4968//4968 4967//4967
f 4967//4967 4969//4969 4706//4706
f 4961//4961 4966//4966 4970//4970
f 4971//4971 4970//4970 4972//4972
f 4966//4966 4701//4701 4704//4704
f 4970//4970 4704//4704 4973//4973
f 4961//4961 4971//4971 4962//4962
f 4962//4962 4974//4974 4949//4949
f 4971//4971 4972//4972 4974//4974
f 4974//4974 4975//4975 4954//4954
f 4976//4976 4977//4977 4978//4978
f 4978//4978 4979//4979 4934//4934
f 4977//4977 4968//4968 4979//4979
f 4979//4979 4965//4965 4935//4935
f 4976//4976 4978//4978 4980//4980
f 4980//4980 4981//4981 4916//4916
f 4978//4978 4934//4934 4944//4944
f 4981//4981 4944//4944 4919//4919
f 4976//4976 4980//4980 4982//4982
f 4983//4983 4982//4982 4741//4741
f 4980//4980 4916//4916 4917//4917
f 4982//4982 4917//4917 4623//4623
f 4976//4976 4983//4983 4977//4977
f 4977//4977 4984//4984 4969//4969
f 4983//4983 4740//4740 4984//4984
f 4984//4984 4736//4736 4969//4969
f 4985//4985 4986//4986 4987//4987
f 4987//4987 4988//4988 4989//4989
f 4990//4990 4991//4991 4992//4992
f 4992//4992 4993//4993 4994//4994
f 4985//4985 4987//4987 4995//4995
f 4996//4996 4995//4995 4997//4997
f 4987//4987 4989//4989 4998//4998
f 4995//4995 4998//4998 4999//4999
f 4985//4985 4996//4996 5000//5000
f 5000//5000 5001//5001 4442//4442
f 4996//4996 5002//5002 5001//5001
f 5001//5001 5003//5003 4449//4449
f 4985//4985 5000//5000 5004//5004
f 4990//4990 5005//5005 5006//5006
f 5000//5000 4442//4442 5007//5007
f 5005//5005 4446//4446 4471//4471
f 5008//5008 5009//5009 5010//5010
f 5011//5011 5012//5012 5013//5013
f 5009//5009 4989//4989 5014//5014
f 5012//5012 4994//4994 5015//5015
f 5008//5008 5016//5016 5017//5017
f 5017//5017 5018//5018 4724//4724
f 5011//5011 5019//5019 5020//5020
f 5020//5020 5021//5021 4698//4698
f 5008//5008 5017//5017 5022//5022
f 5023//5023 5022//5022 5024//5024
f 5017//5017 4724//4724 4726//4726
f 5022//5022 4726//4726 4561//4561
f 5008//5008 5023//5023 5009//5009
f 5009//5009 5025//5025 4989//4989
f 5023//5023 5026//5026 5025//5025
f 5025//5025 5027//5027 4998//4998
f 5028//5028 5029//5029 5030//5030
f 5031//5031 5030//5030 5032//5032
f 5029//5029 5019//5019 5013//5013
f 5030//5030 5013//5013 5033//5033
f 5028//5028 5031//5031 5034//5034
f 5034//5034 5035//5035 4972//4972
f 5031//5031 5032//5032 5035//5035
f 5035//5035 5036//5036 4955//4955
f 5028//5028 5034//5034 5037//5037
f 5038//5038 5037//5037 4703//4703
f 5034//5034 4972//4972 5039//5039
f 5037//5037 5039//5039 4973//4973
f 5028//5028 5038//5038 5029//5029
f 5029//5029 5040//5040 5019//5019
f 5038//5038 4702//4702 5040//5040
f 5040//5040 4696//4696 5021//5021
f 5041//5041 5042//5042 5043//5043
f 5044//5044 5043//5043 4993//4993
f 5042//5042 5032//5032 5033//5033
f 5043//5043 5033//5033 5015//5015
f 5041//5041 5044//5044 5045//5045
f 5045//5045 5046//5046 4465//4465
f 5044//5044 4991//4991 5046//5046
f 5046//5046 5006//5006 4470//4470
f 5041//5041 5045//5045 5047//5047
f 5048//5048 5047//5047 4959//4959
f 5045//5045 4465//4465 4468//4468
f 5047//5047 4468//4468 4526//4526
f 5041//5041 5048//5048 5042//5042
f 5042//5042 5049//5049 5032//5032
f 5048//5048 4958//4958 5049//5049
f 5049//5049 4953//4953 5036//5036
f 5050//5050 5051//5051 5052//5052
f 5052//5052 5053//5053 5054//5054
f 5051//5051 5055//5055 5053//5053
f 5053//5053 5056//5056 5057//5057
f 5050//5050 5052//5052 5058//5058
f 5059//5059 5058//5058 4814//4814
f 5052//5052 5054//5054 5060//5060
f 5058//5058 5060//5060 4790//4790
f 5050//5050 5059//5059 5061//5061
f 5061//5061 5062//5062 4387//4387
f 5059//5059 4813//4813 5062//5062
f 5062//5062 4811//4811 4393//4393
f 5050//5050 5061//5061 5063//5063
f 5051//5051 5063//5063 5064//5064
f 5061//5061 4387//4387 4390//4390
f 5063//5063 4390//4390 4411//4411
f 5065//5065 5066//5066 5067//5067
f 5068//5068 5067//5067 5069//5069
f 5066//5066 5054//5054 5057//5057
f 5067//5067 5057//5057 5070//5070
f 5065//5065 5068//5068 5071//5071
f 5071//5071 5072//5072 4584//4584
f 5068//5068 5073//5073 5072//5072
f 5072//5072 5074//5074 4589//4589
f 5065//5065 5071//5071 5075//5075
f 5076//5076 5075//5075 4794//4794
f 5071//5071 4584//4584 4587//4587
f 5075//5075 4587//4587 4665//4665
f 5065//5065 5076//5076 5066//5066
f 5066//5066 5077//5077 5054//5054
f 5076//5076 4793//4793 5077//5077
f 5077//5077 4788//4788 5060//5060
f 5078//5078 5079//5079 5080//5080
f 5080//5080 5081//5081 5082//5082
f 5079//5079 5073//5073 5081//5081
f 5081//5081 5069//5069 5083//5083
f 5078//5078 5080//5080 5084//5084
f 5085//5085 5084//5084 5027//5027
f 5080//5080 5082//5082 5086//5086
f 5084//5084 5086//5086 4999//4999
f 5078//5078 5085//5085 5087//5087
f 5087//5087 5088//5088 4553//4553
f 5085//5085 5026//5026 5088//5088
f 5088//5088 5024//5024 4560//4560
f 5078//5078 5087//5087 5089//5089
f 5079//5079 5089//5089 5074//5074
f 5087//5087 4553//4553 4556//4556
f 5089//5089 4556//4556 4590//4590
f 5090//5090 5091//5091 5092//5092
f 5093//5093 5092//5092 5056//5056
f 5091//5091 5082//5082 5083//5083
f 5092//5092 5083//5083 5070//5070
f 5090//5090 5093//5093 5094//5094
f 5094//5094 5095//5095 4405//4405
f 5093//5093 5055//5055 5095//5095
f 5095//5095 5064//5064 4410//4410
f 5090//5090 5094//5094 5096//5096
f 5097//5097 5096//5096 5003//5003
f 5094//5094 4405//4405 4408//4408
f 5096//5096 4408//4408 4450//4450
f 5090//5090 5097//5097 5091//5091
f 5091//5091 5098//5098 5082//5082
f 5097//5097 5002//5002 5098//5098
f 5098//5098 4997//4997 5086//5086
f 2//2 4//4 3//3
f 11//11 3//3 5//5
f 6//6 7//7 4//4
f 5//5 4//4 8//8
f 10//10 1//1 9//9
f 9//9 3//3 12//12
f 10//10 14//14 13//13
f 14//14 16//16 15//15
f 2//2 1//1 17//17
f 6//6 2//2 18//18
f 17//17 13//13 19//19
f 18//18 17//17 20//20
f 22//22 24//24 23//23
f 6//6 23//23 7//7
f 25//25 26//26 24//24
f 26//26 8//8 7//7
f 23//23 28//28 27//27
f 28//28 30//30 29//29
f 6//6 18//18 28//28
f 18//18 20//20 30//30
f 27//27 32//32 31//31
f 32//32 35//35 33//33
f 32//32 27//27 34//34
f 34//34 83//83 35//35
f 22//22 21//21 36//36
f 25//25 22//22 37//37
f 36//36 31//31 38//38
f 37//37 36//36 39//39
f 43//43 40//40 42//42
f 25//25 43//43 26//26
f 42//42 41//41 45//45
f 26//26 42//42 8//8
f 43//43 47//47 46//46
f 47//47 49//49 48//48
f 25//25 37//37 47//47
f 37//37 39//39 49//49
f 51//51 40//40 50//50
f 56//56 51//51 52//52
f 50//50 46//46 53//53
f 52//52 50//50 54//54
f 51//51 55//55 41//41
f 55//55 58//58 44//44
f 56//56 57//57 55//55
f 57//57 66//66 58//58
f 60//60 62//62 61//61
f 62//62 45//45 44//44
f 11//11 5//5 62//62
f 5//5 8//8 45//45
f 64//64 59//59 63//63
f 67//67 64//64 65//65
f 63//63 61//61 58//58
f 65//65 63//63 66//66
f 11//11 60//60 12//12
f 71//71 68//68 70//70
f 78//78 71//71 72//72
f 70//70 69//69 74//74
f 72//72 70//70 75//75
f 71//71 77//77 76//76
f 77//77 38//38 33//33
f 78//78 79//79 77//77
f 79//79 39//39 38//38
f 81//81 68//68 80//80
f 85//85 81//81 82//82
f 80//80 76//76 35//35
f 82//82 80//80 83//83
f 81//81 84//84 69//69
f 84//84 87//87 73//73
f 85//85 86//86 84//84
f 86//86 97//97 87//87
f 89//89 91//91 90//90
f 91//91 74//74 73//73
f 92//92 93//93 91//91
f 93//93 75//75 74//74
f 95//95 88//88 94//94
f 101//101 95//95 96//96
f 94//94 90//90 87//87
f 96//96 94//94 97//97
f 95//95 99//99 98//98
f 106//106 98//98 100//100
f 101//101 102//102 99//99
f 100//100 99//99 103//103
f 89//89 88//88 104//104
f 92//92 89//89 105//105
f 106//106 107//107 104//104
f 107//107 491//491 105//105
f 111//111 108//108 110//110
f 92//92 111//111 93//93
f 110//110 109//109 113//113
f 93//93 110//110 75//75
f 111//111 115//115 114//114
f 115//115 117//117 116//116
f 92//92 105//105 115//115
f 105//105 491//491 117//117
f 119//119 108//108 118//118
f 124//124 119//119 120//120
f 118//118 114//114 121//121
f 120//120 118//118 122//122
f 119//119 123//123 109//109
f 123//123 126//126 112//112
f 124//124 125//125 123//123
f 125//125 134//134 126//126
f 128//128 130//130 129//129
f 130//130 113//113 112//112
f 78//78 72//72 130//130
f 72//72 75//75 113//113
f 132//132 127//127 131//131
f 137//137 132//132 133//133
f 131//131 129//129 126//126
f 133//133 131//131 134//134
f 132//132 136//136 135//135
f 136//136 53//53 48//48
f 137//137 138//138 136//136
f 138//138 54//54 53//53
f 128//128 127//127 139//139
f 78//78 128//128 79//79
f 139//139 135//135 49//49
f 79//79 139//139 39//39
f 143//143 140//140 142//142
f 149//149 143//143 144//144
f 142//142 141//141 146//146
f 144//144 142//142 147//147
f 151//151 152//152 141//141
f 152//152 153//153 145//145
f 67//67 65//65 152//152
f 65//65 66//66 153//153
f 155//155 157//157 156//156
f 157//157 146//146 145//145
f 158//158 159//159 157//157
f 159//159 147//147 146//146
f 161//161 154//154 160//160
f 56//56 161//161 57//57
f 160//160 156//156 153//153
f 57//57 160//160 66//66
f 161//161 163//163 162//162
f 163//163 165//165 164//164
f 56//56 52//52 163//163
f 52//52 54//54 165//165
f 155//155 154//154 166//166
f 158//158 155//155 167//167
f 166//166 162//162 168//168
f 167//167 166//166 169//169
f 173//173 170//170 172//172
f 158//158 173//173 159//159
f 172//172 171//171 175//175
f 159//159 172//172 147//147
f 173//173 177//177 176//176
f 177//177 179//179 178//178
f 158//158 167//167 177//177
f 167//167 169//169 179//179
f 181//181 170//170 180//180
f 186//186 181//181 182//182
f 180//180 176//176 183//183
f 182//182 180//180 184//184
f 181//181 185//185 171//171
f 185//185 188//188 174//174
f 186//186 187//187 185//185
f 187//187 196//196 188//188
f 190//190 192//192 191//191
f 192//192 175//175 174//174
f 149//149 144//144 192//192
f 144//144 147//147 175//175
f 194//194 189//189 193//193
f 199//199 194//194 195//195
f 193//193 191//191 188//188
f 195//195 193//193 196//196
f 190//190 189//189 201//201
f 149//149 190//190 150//150
f 203//203 205//205 204//204
f 211//211 204//204 206//206
f 207//207 208//208 205//205
f 208//208 225//225 206//206
f 204//204 210//210 209//209
f 210//210 168//168 164//164
f 211//211 212//212 210//210
f 212//212 169//169 168//168
f 209//209 214//214 213//213
f 214//214 138//138 137//137
f 214//214 209//209 165//165
f 138//138 214//214 54//54
f 203//203 202//202 215//215
f 207//207 203//203 216//216
f 215//215 213//213 133//133
f 216//216 215//215 134//134
f 220//220 217//217 219//219
f 207//207 220//220 208//208
f 219//219 218//218 224//224
f 208//208 219//219 225//225
f 220//220 227//227 226//226
f 227//227 125//125 124//124
f 207//207 216//216 227//227
f 216//216 134//134 125//125
f 229//229 217//217 228//228
f 233//233 232//232 520//520
f 228//228 226//226 120//120
f 230//230 228//228 122//122
f 232//232 231//231 221//221
f 231//231 247//247 222//222
f 233//233 234//234 231//231
f 247//247 231//231 235//235
f 239//239 236//236 238//238
f 222//222 239//239 223//223
f 243//243 240//240 242//242
f 224//224 243//243 225//225
f 239//239 245//245 244//244
f 245//245 248//248 246//246
f 222//222 247//247 245//245
f 247//247 235//235 248//248
f 250//250 236//236 249//249
f 255//255 250//250 251//251
f 249//249 244//244 252//252
f 251//251 249//249 253//253
f 250//250 256//256 237//237
f 254//254 258//258 241//241
f 255//255 743//743 256//256
f 257//257 266//266 258//258
f 260//260 262//262 261//261
f 262//262 242//242 241//241
f 211//211 206//206 262//262
f 206//206 225//225 242//242
f 264//264 259//259 263//263
f 269//269 264//264 265//265
f 263//263 261//261 258//258
f 265//265 263//263 266//266
f 264//264 268//268 267//267
f 268//268 183//183 178//178
f 269//269 270//270 268//268
f 270//270 184//184 183//183
f 260//260 259//259 271//271
f 211//211 260//260 212//212
f 271//271 267//267 179//179
f 212//212 271//271 169//169
f 273//273 275//275 274//274
f 275//275 279//279 276//276
f 277//277 278//278 275//275
f 278//278 297//297 279//279
f 281//281 272//272 280//280
f 287//287 281//281 282//282
f 280//280 274//274 283//283
f 282//282 280//280 284//284
f 281//281 286//286 285//285
f 286//286 34//34 29//29
f 287//287 288//288 286//286
f 34//34 286//286 83//83
f 273//273 272//272 289//289
f 277//277 273//273 290//290
f 289//289 285//285 30//30
f 290//290 289//289 20//20
f 294//294 291//291 293//293
f 277//277 294//294 278//278
f 293//293 292//292 296//296
f 278//278 293//293 297//297
f 294//294 299//299 298//298
f 299//299 19//19 15//15
f 277//277 290//290 299//299
f 290//290 20//20 19//19
f 301//301 291//291 300//300
f 300//300 298//298 16//16
f 301//301 302//302 292//292
f 302//302 303//303 295//295
f 305//305 307//307 306//306
f 307//307 296//296 295//295
f 308//308 309//309 307//307
f 309//309 297//297 296//296
f 311//311 304//304 310//310
f 310//310 306//306 303//303
f 311//311 313//313 312//312
f 313//313 315//315 314//314
f 305//305 304//304 316//316
f 308//308 305//305 317//317
f 316//316 312//312 318//318
f 317//317 316//316 319//319
f 323//323 320//320 322//322
f 308//308 323//323 309//309
f 322//322 321//321 279//279
f 309//309 322//322 297//297
f 323//323 325//325 324//324
f 325//325 327//327 326//326
f 308//308 317//317 325//325
f 317//317 319//319 327//327
f 329//329 320//320 328//328
f 334//334 329//329 330//330
f 328//328 324//324 331//331
f 330//330 328//328 332//332
f 329//329 333//333 321//321
f 333//333 283//283 276//276
f 334//334 335//335 333//333
f 335//335 284//284 283//283
f 337//337 339//339 338//338
f 339//339 343//343 340//340
f 341//341 342//342 339//339
f 342//342 367//367 343//343
f 345//345 336//336 344//344
f 352//352 345//345 346//346
f 344//344 338//338 347//347
f 347//347 403//403 346//346
f 345//345 353//353 348//348
f 350//350 355//355 351//351
f 352//352 1035//1035 353//353
f 354//354 419//419 355//355
f 337//337 336//336 356//356
f 341//341 337//337 357//357
f 359//359 349//349 358//358
f 372//372 359//359 360//360
f 364//364 361//361 363//363
f 341//341 364//364 342//342
f 363//363 362//362 366//366
f 342//342 363//363 367//367
f 364//364 369//369 368//368
f 371//371 373//373 472//472
f 341//341 357//357 369//369
f 372//372 360//360 373//373
f 375//375 361//361 374//374
f 101//101 375//375 102//102
f 374//374 368//368 376//376
f 376//376 103//103 102//102
f 375//375 377//377 362//362
f 377//377 378//378 365//365
f 101//101 96//96 377//377
f 96//96 97//97 378//378
f 380//380 382//382 381//381
f 382//382 366//366 365//365
f 383//383 384//384 382//382
f 384//384 367//367 366//366
f 386//386 379//379 385//385
f 85//85 386//386 86//86
f 385//385 381//381 378//378
f 86//86 385//385 97//97
f 386//386 388//388 387//387
f 388//388 288//288 287//287
f 85//85 82//82 388//388
f 82//82 83//83 288//288
f 380//380 379//379 389//389
f 383//383 380//380 390//390
f 389//389 387//387 282//282
f 282//282 284//284 390//390
f 392//392 394//394 393//393
f 383//383 393//393 384//384
f 394//394 392//392 343//343
f 384//384 394//394 367//367
f 396//396 391//391 395//395
f 334//334 396//396 335//335
f 383//383 390//390 395//395
f 335//335 395//395 284//284
f 396//396 398//398 397//397
f 398//398 400//400 399//399
f 334//334 330//330 398//398
f 330//330 332//332 400//400
f 392//392 391//391 401//401
f 340//340 392//392 347//347
f 401//401 397//397 402//402
f 347//347 401//401 403//403
f 407//407 404//404 406//406
f 414//414 407//407 408//408
f 406//406 405//405 410//410
f 408//408 406//406 411//411
f 407//407 413//413 412//412
f 413//413 358//358 351//351
f 414//414 415//415 413//413
f 415//415 360//360 358//358
f 417//417 404//404 416//416
f 421//421 417//417 418//418
f 416//416 412//412 355//355
f 418//418 416//416 419//419
f 417//417 420//420 405//405
f 420//420 423//423 409//409
f 421//421 422//422 420//420
f 422//422 433//433 423//423
f 425//425 427//427 426//426
f 427//427 410//410 409//409
f 428//428 429//429 427//427
f 429//429 411//411 410//410
f 431//431 424//424 430//430
f 437//437 431//431 432//432
f 430//430 426//426 423//423
f 432//432 430//430 433//433
f 431//431 435//435 434//434
f 435//435 439//439 436//436
f 437//437 438//438 435//435
f 438//438 652//652 439//439
f 425//425 424//424 440//440
f 428//428 425//425 441//441
f 440//440 434//434 442//442
f 441//441 440//440 443//443
f 447//447 444//444 446//446
f 428//428 447//447 429//429
f 446//446 445//445 449//449
f 429//429 446//446 411//411
f 447//447 451//451 450//450
f 451//451 453//453 452//452
f 428//428 441//441 451//451
f 441//441 443//443 453//453
f 455//455 444//444 454//454
f 459//459 455//455 456//456
f 454//454 450//450 457//457
f 456//456 454//454 253//253
f 455//455 458//458 445//445
f 458//458 461//461 448//448
f 459//459 460//460 458//458
f 460//460 469//469 461//461
f 463//463 465//465 464//464
f 465//465 449//449 448//448
f 414//414 408//408 465//465
f 408//408 411//411 449//449
f 467//467 462//462 466//466
f 473//473 467//467 468//468
f 466//466 464//464 461//461
f 468//468 466//466 469//469
f 467//467 471//471 470//470
f 475//475 376//376 370//370
f 471//471 467//467 474//474
f 376//376 475//475 103//103
f 463//463 462//462 477//477
f 414//414 463//463 415//415
f 477//477 470//470 373//373
f 415//415 477//477 360//360
f 479//479 481//481 480//480
f 481//481 485//485 482//482
f 483//483 484//484 481//481
f 484//484 514//514 485//485
f 492//492 478//478 486//486
f 106//106 487//487 107//107
f 486//486 480//480 489//489
f 107//107 488//488 491//491
f 492//492 494//494 493//493
f 494//494 474//474 473//473
f 106//106 100//100 495//495
f 100//100 103//103 476//476
f 479//479 478//478 496//496
f 496//496 497//497 483//483
f 496//496 493//493 468//468
f 468//468 469//469 497//497
f 499//499 501//501 500//500
f 501//501 484//484 483//483
f 502//502 503//503 501//501
f 503//503 514//514 484//484
f 505//505 498//498 504//504
f 459//459 505//505 460//460
f 504//504 500//500 497//497
f 460//460 504//504 469//469
f 505//505 507//507 506//506
f 507//507 252//252 246//246
f 459//459 456//456 507//507
f 456//456 253//253 252//252
f 499//499 498//498 508//508
f 502//502 499//499 509//509
f 508//508 506//506 248//248
f 509//509 508//508 235//235
f 513//513 510//510 512//512
f 502//502 513//513 503//503
f 512//512 511//511 485//485
f 503//503 512//512 514//514
f 513//513 516//516 515//515
f 516//516 234//234 233//233
f 502//502 509//509 516//516
f 509//509 235//235 234//234
f 521//521 510//510 517//517
f 116//116 518//518 121//121
f 517//517 515//515 520//520
f 121//121 519//519 122//122
f 521//521 522//522 511//511
f 522//522 489//489 482//482
f 116//116 117//117 523//523
f 117//117 491//491 490//490
f 525//525 527//527 526//526
f 527//527 531//531 528//528
f 529//529 530//530 527//527
f 530//530 553//553 531//531
f 533//533 524//524 532//532
f 540//540 533//533 534//534
f 532//532 526//526 535//535
f 534//534 532//532 536//536
f 533//533 538//538 537//537
f 538//538 542//542 539//539
f 540//540 541//541 538//538
f 541//541 1636//1636 542//542
f 525//525 524//524 543//543
f 529//529 525//525 544//544
f 543//543 537//537 545//545
f 544//544 543//543 546//546
f 550//550 547//547 549//549
f 529//529 550//550 530//530
f 549//549 548//548 552//552
f 530//530 549//549 553//553
f 550//550 555//555 554//554
f 555//555 557//557 556//556
f 529//529 544//544 555//555
f 544//544 546//546 557//557
f 559//559 547//547 558//558
f 564//564 559//559 560//560
f 558//558 554//554 561//561
f 560//560 558//558 562//562
f 559//559 563//563 548//548
f 563//563 566//566 551//551
f 564//564 565//565 563//563
f 565//565 576//576 566//566
f 568//568 570//570 569//569
f 570//570 552//552 551//551
f 571//571 572//572 570//570
f 572//572 553//553 552//552
f 574//574 567//567 573//573
f 580//580 574//574 575//575
f 573//573 569//569 566//566
f 575//575 573//573 576//576
f 574//574 578//578 577//577
f 578//578 582//582 579//579
f 580//580 581//581 578//578
f 581//581 620//620 582//582
f 568//568 567//567 583//583
f 571//571 568//568 584//584
f 583//583 577//577 585//585
f 584//584 583//583 586//586
f 590//590 587//587 589//589
f 571//571 590//590 572//572
f 589//589 588//588 531//531
f 572//572 589//589 553//553
f 590//590 592//592 591//591
f 592//592 594//594 593//593
f 571//571 584//584 592//592
f 584//584 586//586 594//594
f 596//596 587//587 595//595
f 601//601 596//596 597//597
f 595//595 591//591 598//598
f 597//597 595//595 599//599
f 596//596 600//600 588//588
f 600//600 535//535 528//528
f 601//601 602//602 600//600
f 602//602 536//536 535//535
f 606//606 603//603 605//605
f 614//614 606//606 607//607
f 605//605 604//604 609//609
f 607//607 605//605 610//610
f 606//606 612//612 611//611
f 612//612 616//616 613//613
f 614//614 615//615 612//612
f 615//615 667//667 616//616
f 618//618 603//603 617//617
f 580//580 618//618 581//581
f 617//617 611//611 619//619
f 581//581 617//617 620//620
f 618//618 621//621 604//604
f 621//621 622//622 608//608
f 580//580 575//575 621//621
f 575//575 576//576 622//622
f 624//624 626//626 625//625
f 626//626 609//609 608//608
f 627//627 628//628 626//626
f 628//628 610//610 609//609
f 630//630 623//623 629//629
f 564//564 630//630 565//565
f 629//629 625//625 622//622
f 565//565 629//629 576//576
f 630//630 632//632 631//631
f 632//632 634//634 633//633
f 564//564 560//560 632//632
f 560//560 562//562 634//634
f 624//624 623//623 635//635
f 627//627 624//624 636//636
f 635//635 631//631 637//637
f 636//636 635//635 638//638
f 642//642 639//639 641//641
f 627//627 642//642 628//628
f 641//641 640//640 644//644
f 628//628 641//641 610//610
f 642//642 646//646 645//645
f 646//646 648//648 647//647
f 627//627 636//636 646//646
f 636//636 638//638 648//648
f 650//650 639//639 649//649
f 437//437 650//650 438//438
f 649//649 645//645 651//651
f 438//438 649//649 652//652
f 650//650 653//653 640//640
f 653//653 654//654 643//643
f 437//437 432//432 653//653
f 432//432 433//433 654//654
f 656//656 658//658 657//657
f 658//658 644//644 643//643
f 614//614 607//607 658//658
f 607//607 610//610 644//644
f 660//660 655//655 659//659
f 421//421 660//660 422//422
f 659//659 657//657 654//654
f 422//422 659//659 433//433
f 660//660 662//662 661//661
f 662//662 664//664 663//663
f 421//421 418//418 662//662
f 418//418 419//419 664//664
f 656//656 655//655 665//665
f 614//614 656//656 615//615
f 665//665 661//661 666//666
f 615//615 665//665 667//667
f 671//671 668//668 670//670
f 676//676 671//671 672//672
f 670//670 669//669 674//674
f 672//672 670//670 675//675
f 199//199 677//677 200//200
f 677//677 678//678 669//669
f 678//678 679//679 673//673
f 199//199 195//195 678//678
f 195//195 196//196 679//679
f 681//681 683//683 682//682
f 683//683 674//674 673//673
f 684//684 685//685 683//683
f 685//685 675//675 674//674
f 687//687 680//680 686//686
f 186//186 687//687 187//187
f 686//686 682//682 679//679
f 187//187 686//686 196//196
f 687//687 689//689 688//688
f 689//689 691//691 690//690
f 186//186 182//182 689//689
f 182//182 184//184 691//691
f 681//681 680//680 692//692
f 684//684 681//681 693//693
f 692//692 688//688 694//694
f 693//693 692//692 695//695
f 697//697 702//702 698//698
f 700//700 685//685 684//684
f 701//701 722//722 702//702
f 703//703 675//675 685//685
f 705//705 696//696 704//704
f 704//704 790//790 706//706
f 684//684 693//693 707//707
f 693//693 695//695 708//708
f 705//705 710//710 709//709
f 710//710 713//713 711//711
f 706//706 712//712 710//710
f 712//712 913//913 713//713
f 697//697 696//696 714//714
f 701//701 697//697 715//715
f 714//714 709//709 716//716
f 715//715 714//714 717//717
f 721//721 718//718 720//720
f 701//701 721//721 722//722
f 724//724 723//723 672//672
f 703//703 724//724 675//675
f 721//721 726//726 725//725
f 726//726 728//728 727//727
f 701//701 715//715 726//726
f 715//715 717//717 728//728
f 729//729 725//725 730//730
f 732//732 738//738 733//733
f 735//735 740//740 736//736
f 737//737 754//754 738//738
f 739//739 760//760 740//740
f 742//742 731//731 741//741
f 255//255 742//742 743//743
f 745//745 734//734 744//744
f 257//257 745//745 266//266
f 742//742 747//747 746//746
f 747//747 457//457 452//452
f 255//255 251//251 747//747
f 251//251 253//253 457//457
f 732//732 731//731 748//748
f 737//737 732//732 749//749
f 748//748 746//746 453//453
f 749//749 748//748 443//443
f 753//753 750//750 752//752
f 737//737 753//753 754//754
f 5099//5099 755//755 757//757
f 739//739 758//758 760//760
f 753//753 762//762 761//761
f 762//762 442//442 436//436
f 737//737 749//749 762//762
f 749//749 443//443 442//442
f 764//764 750//750 763//763
f 767//767 764//764 765//765
f 763//763 761//761 439//439
f 765//765 763//763 652//652
f 764//764 768//768 751//751
f 766//766 770//770 756//756
f 767//767 947//947 768//768
f 769//769 782//782 770//770
f 772//772 774//774 773//773
f 774//774 757//757 756//756
f 776//776 778//778 777//777
f 778//778 760//760 759//759
f 780//780 771//771 779//779
f 785//785 780//780 781//781
f 779//779 773//773 770//770
f 781//781 779//779 782//782
f 780//780 784//784 783//783
f 784//784 712//712 706//706
f 785//785 786//786 784//784
f 786//786 913//913 712//712
f 772//772 771//771 787//787
f 776//776 775//775 789//789
f 787//787 783//783 790//790
f 789//789 788//788 695//695
f 794//794 791//791 793//793
f 776//776 794//794 778//778
f 793//793 792//792 740//740
f 778//778 793//793 760//760
f 794//794 796//796 795//795
f 796//796 694//694 690//690
f 776//776 789//789 796//796
f 789//789 695//695 694//694
f 798//798 791//791 797//797
f 269//269 798//798 270//270
f 797//797 795//795 691//691
f 270//270 797//797 184//184
f 798//798 799//799 792//792
f 799//799 744//744 736//736
f 269//269 265//265 799//799
f 265//265 266//266 744//744
f 803//803 800//800 802//802
f 809//809 803//803 804//804
f 805//805 806//806 802//802
f 806//806 821//821 804//804
f 803//803 808//808 807//807
f 808//808 318//318 314//314
f 809//809 810//810 808//808
f 810//810 319//319 318//318
f 812//812 800//800 811//811
f 811//811 807//807 315//315
f 812//812 813//813 801//801
f 813//813 814//814 805//805
f 818//818 815//815 817//817
f 805//805 818//818 806//806
f 817//817 816//816 820//820
f 806//806 817//817 821//821
f 818//818 823//823 822//822
f 805//805 814//814 823//823
f 826//826 815//815 825//825
f 831//831 826//826 827//827
f 825//825 822//822 828//828
f 827//827 825//825 829//829
f 826//826 830//830 816//816
f 830//830 833//833 819//819
f 831//831 832//832 830//830
f 832//832 843//843 833//833
f 835//835 837//837 836//836
f 837//837 820//820 819//819
f 838//838 839//839 837//837
f 839//839 821//821 820//820
f 841//841 834//834 840//840
f 847//847 841//841 842//842
f 840//840 836//836 833//833
f 842//842 840//840 843//843
f 841//841 845//845 844//844
f 845//845 849//849 846//846
f 847//847 848//848 845//845
f 848//848 1134//1134 849//849
f 835//835 834//834 850//850
f 838//838 835//835 851//851
f 850//850 844//844 852//852
f 851//851 850//850 853//853
f 857//857 854//854 856//856
f 838//838 857//857 839//839
f 809//809 804//804 856//856
f 839//839 856//856 821//821
f 857//857 859//859 858//858
f 859//859 861//861 860//860
f 838//838 851//851 859//859
f 851//851 853//853 861//861
f 858//858 863//863 862//862
f 863//863 331//331 326//326
f 860//860 864//864 863//863
f 864//864 332//332 331//331
f 855//855 854//854 865//865
f 809//809 855//855 810//810
f 865//865 862//862 327//327
f 810//810 865//865 319//319
f 869//869 866//866 868//868
f 877//877 869//869 870//870
f 868//868 867//867 872//872
f 870//870 868//868 873//873
f 869//869 875//875 874//874
f 875//875 879//879 876//876
f 877//877 878//878 875//875
f 878//878 934//934 879//879
f 881//881 866//866 880//880
f 886//886 881//881 882//882
f 880//880 874//874 883//883
f 882//882 880//880 884//884
f 881//881 885//885 867//867
f 885//885 888//888 871//871
f 886//886 887//887 885//885
f 887//887 897//897 888//888
f 890//890 892//892 891//891
f 892//892 872//872 871//871
f 893//893 894//894 892//892
f 894//894 873//873 872//872
f 896//896 889//889 895//895
f 895//895 891//891 888//888
f 896//896 899//899 898//898
f 899//899 730//730 727//727
f 890//890 889//889 900//900
f 893//893 890//890 901//901
f 900//900 898//898 728//728
f 901//901 900//900 717//717
f 905//905 902//902 904//904
f 893//893 905//905 894//894
f 904//904 903//903 907//907
f 894//894 904//904 873//873
f 905//905 909//909 908//908
f 909//909 716//716 711//711
f 893//893 901//901 909//909
f 901//901 717//717 716//716
f 911//911 902//902 910//910
f 915//915 911//911 912//912
f 910//910 908//908 713//713
f 912//912 910//910 913//913
f 911//911 914//914 903//903
f 914//914 917//917 906//906
f 915//915 916//916 914//914
f 916//916 925//925 917//917
f 919//919 921//921 920//920
f 921//921 907//907 906//906
f 877//877 870//870 921//921
f 870//870 873//873 907//907
f 923//923 918//918 922//922
f 929//929 923//923 924//924
f 922//922 920//920 917//917
f 924//924 922//922 925//925
f 923//923 927//927 926//926
f 927//927 931//931 928//928
f 929//929 930//930 927//927
f 930//930 1254//1254 931//931
f 919//919 918//918 932//932
f 877//877 919//919 878//878
f 932//932 926//926 933//933
f 878//878 932//932 934//934
f 936//936 942//942 937//937
f 939//939 944//944 940//940
f 941//941 958//958 942//942
f 943//943 963//963 944//944
f 946//946 935//935 945//945
f 767//767 946//946 947//947
f 949//949 938//938 948//948
f 769//769 949//949 782//782
f 946//946 951//951 950//950
f 951//951 651//651 647//647
f 767//767 765//765 951//951
f 765//765 652//652 651//651
f 936//936 935//935 952//952
f 941//941 936//936 953//953
f 952//952 950//950 648//648
f 953//953 952//952 638//638
f 957//957 954//954 956//956
f 941//941 957//957 958//958
f 962//962 959//959 961//961
f 943//943 962//962 963//963
f 957//957 965//965 964//964
f 965//965 637//637 633//633
f 941//941 953//953 965//965
f 953//953 638//638 637//637
f 967//967 954//954 966//966
f 970//970 967//967 968//968
f 966//966 964//964 634//634
f 968//968 966//966 562//562
f 967//967 971//971 955//955
f 969//969 973//973 960//960
f 970//970 1686//1686 971//971
f 972//972 983//983 973//973
f 975//975 977//977 976//976
f 977//977 961//961 960//960
f 978//978 979//979 977//977
f 979//979 963//963 961//961
f 981//981 974//974 980//980
f 986//986 981//981 982//982
f 980//980 976//976 973//973
f 982//982 980//980 983//983
f 981//981 985//985 984//984
f 985//985 930//930 929//929
f 986//986 987//987 985//985
f 987//987 1254//1254 930//930
f 975//975 974//974 988//988
f 978//978 975//975 989//989
f 988//988 984//984 924//924
f 989//989 988//988 925//925
f 993//993 990//990 992//992
f 978//978 993//993 979//979
f 992//992 991//991 944//944
f 979//979 992//992 963//963
f 993//993 995//995 994//994
f 915//915 994//994 916//916
f 978//978 989//989 995//995
f 989//989 925//925 916//916
f 997//997 990//990 996//996
f 785//785 997//997 786//786
f 915//915 912//912 996//996
f 912//912 913//913 786//786
f 997//997 998//998 991//991
f 998//998 948//948 940//940
f 785//785 781//781 998//998
f 781//781 782//782 948//948
f 882//882 884//884 999//999
f 1001//1001 1003//1003 1002//1002
f 1003//1003 1007//1007 1004//1004
f 1005//1005 1006//1006 1003//1003
f 1006//1006 1045//1045 1007//1007
f 1009//1009 1000//1000 1008//1008
f 1016//1016 1009//1009 1010//1010
f 1008//1008 1002//1002 1011//1011
f 1010//1010 1008//1008 1012//1012
f 1009//1009 1017//1017 1013//1013
f 1015//1015 619//619 613//613
f 1016//1016 1330//1330 1017//1017
f 1018//1018 620//620 619//619
f 1001//1001 1000//1000 1019//1019
f 1005//1005 1001//1001 1020//1020
f 1021//1021 1014//1014 616//616
f 1032//1032 1021//1021 667//667
f 1025//1025 1022//1022 1024//1024
f 1005//1005 1025//1025 1006//1006
f 1026//1026 1027//1027 1024//1024
f 1027//1027 1045//1045 1006//1006
f 1025//1025 1031//1031 1028//1028
f 1030//1030 666//666 663//663
f 1005//1005 1020//1020 1031//1031
f 1032//1032 667//667 666//666
f 1034//1034 1022//1022 1033//1033
f 352//352 1034//1034 1035//1035
f 1036//1036 1029//1029 664//664
f 354//354 1036//1036 419//419
f 1023//1023 1022//1022 1037//1037
f 1026//1026 1023//1023 1038//1038
f 1037//1037 1034//1034 346//346
f 1038//1038 1037//1037 403//403
f 1042//1042 1039//1039 1041//1041
f 1026//1026 1042//1042 1027//1027
f 1041//1041 1040//1040 1044//1044
f 1027//1027 1041//1041 1045//1045
f 1042//1042 1047//1047 1046//1046
f 1047//1047 402//402 399//399
f 1026//1026 1038//1038 1047//1047
f 1038//1038 403//403 402//402
f 1049//1049 1039//1039 1048//1048
f 860//860 1049//1049 864//864
f 1048//1048 1046//1046 400//400
f 864//864 1048//1048 332//332
f 1049//1049 1050//1050 1040//1040
f 1050//1050 1057//1057 1043//1043
f 860//860 861//861 1050//1050
f 1057//1057 1050//1050 853//853
f 1054//1054 1051//1051 1053//1053
f 1043//1043 1054//1054 1044//1044
f 1053//1053 1052//1052 1007//1007
f 1007//1007 1045//1045 1044//1044
f 1054//1054 1056//1056 1055//1055
f 1056//1056 852//852 846//846
f 1043//1043 1057//1057 1056//1056
f 1057//1057 853//853 852//852
f 1059//1059 1051//1051 1058//1058
f 1058//1058 1061//1061 1060//1060
f 1058//1058 1055//1055 849//849
f 849//849 1134//1134 1061//1061
f 1059//1059 1062//1062 1052//1052
f 1062//1062 1011//1011 1004//1004
f 1062//1062 1059//1059 1063//1063
f 1063//1063 1012//1012 1011//1011
f 1065//1065 1067//1067 1066//1066
f 1067//1067 1071//1071 1068//1068
f 1069//1069 1070//1070 1067//1067
f 1070//1070 1089//1089 1071//1071
f 1073//1073 1064//1064 1072//1072
f 831//831 1073//1073 832//832
f 1072//1072 1066//1066 1074//1074
f 832//832 1072//1072 843//843
f 1073//1073 1076//1076 1075//1075
f 1076//1076 1078//1078 1077//1077
f 831//831 827//827 1076//1076
f 827//827 829//829 1078//1078
f 1065//1065 1064//1064 1079//1079
f 1069//1069 1065//1065 1080//1080
f 1079//1079 1075//1075 1081//1081
f 1080//1080 1079//1079 1082//1082
f 1086//1086 1083//1083 1085//1085
f 1069//1069 1086//1086 1070//1070
f 1085//1085 1084//1084 1088//1088
f 1070//1070 1085//1085 1089//1089
f 1086//1086 1091//1091 1090//1090
f 1091//1091 1093//1093 1092//1092
f 1069//1069 1080//1080 1091//1091
f 1080//1080 1082//1082 1093//1093
f 1095//1095 1083//1083 1094//1094
f 1100//1100 1095//1095 1096//1096
f 1094//1094 1090//1090 1097//1097
f 1096//1096 1094//1094 1098//1098
f 1095//1095 1099//1099 1084//1084
f 1099//1099 1102//1102 1087//1087
f 1100//1100 1101//1101 1099//1099
f 1101//1101 1112//1112 1102//1102
f 1104//1104 1106//1106 1105//1105
f 1106//1106 1088//1088 1087//1087
f 1107//1107 1108//1108 1106//1106
f 1108//1108 1089//1089 1088//1088
f 1110//1110 1103//1103 1109//1109
f 1116//1116 1110//1110 1111//1111
f 1109//1109 1105//1105 1102//1102
f 1111//1111 1109//1109 1112//1112
f 1110//1110 1114//1114 1113//1113
f 1114//1114 1118//1118 1115//1115
f 1116//1116 1117//1117 1114//1114
f 1117//1117 1205//1205 1118//1118
f 1104//1104 1103//1103 1119//1119
f 1107//1107 1104//1104 1120//1120
f 1119//1119 1113//1113 1121//1121
f 1120//1120 1119//1119 1122//1122
f 1126//1126 1123//1123 1125//1125
f 1107//1107 1126//1126 1108//1108
f 1125//1125 1124//1124 1071//1071
f 1108//1108 1125//1125 1089//1089
f 1126//1126 1128//1128 1127//1127
f 1128//1128 1130//1130 1129//1129
f 1107//1107 1120//1120 1128//1128
f 1120//1120 1122//1122 1130//1130
f 1132//1132 1123//1123 1131//1131
f 847//847 1132//1132 848//848
f 1131//1131 1127//1127 1133//1133
f 848//848 1131//1131 1134//1134
f 1132//1132 1135//1135 1124//1124
f 1135//1135 1074//1074 1068//1068
f 847//847 842//842 1135//1135
f 842//842 843//843 1074//1074
f 1137//1137 1139//1139 1138//1138
f 1139//1139 1143//1143 1140//1140
f 1141//1141 1142//1142 1139//1139
f 1142//1142 1161//1161 1143//1143
f 1145//1145 1136//1136 1144//1144
f 1100//1100 1145//1145 1101//1101
f 1144//1144 1138//1138 1146//1146
f 1101//1101 1144//1144 1112//1112
f 1145//1145 1148//1148 1147//1147
f 1148//1148 1150//1150 1149//1149
f 1100//1100 1096//1096 1148//1148
f 1096//1096 1098//1098 1150//1150
f 1137//1137 1136//1136 1151//1151
f 1141//1141 1137//1137 1152//1152
f 1151//1151 1147//1147 1153//1153
f 1152//1152 1151//1151 1154//1154
f 1158//1158 1155//1155 1157//1157
f 1141//1141 1158//1158 1142//1142
f 1157//1157 1156//1156 1160//1160
f 1142//1142 1157//1157 1161//1161
f 1158//1158 1163//1163 1162//1162
f 1163//1163 1165//1165 1164//1164
f 1141//1141 1152//1152 1163//1163
f 1152//1152 1154//1154 1165//1165
f 1167//1167 1155//1155 1166//1166
f 1166//1166 1170//1170 1168//1168
f 1166//1166 1162//1162 1169//1169
f 1169//1169 1222//1222 1170//1170
f 1167//1167 1171//1171 1156//1156
f 1171//1171 1173//1173 1159//1159
f 1171//1171 1167//1167 1172//1172
f 1172//1172 1183//1183 1173//1173
f 1175//1175 1177//1177 1176//1176
f 1177//1177 1160//1160 1159//1159
f 1178//1178 1179//1179 1177//1177
f 1179//1179 1161//1161 1160//1160
f 1181//1181 1174//1174 1180//1180
f 1187//1187 1181//1181 1182//1182
f 1180//1180 1176//1176 1173//1173
f 1182//1182 1180//1180 1183//1183
f 1181//1181 1185//1185 1184//1184
f 1185//1185 1189//1189 1186//1186
f 1187//1187 1188//1188 1185//1185
f 1188//1188 1734//1734 1189//1189
f 1175//1175 1174//1174 1190//1190
f 1178//1178 1175//1175 1191//1191
f 1190//1190 1184//1184 1192//1192
f 1191//1191 1190//1190 1193//1193
f 1197//1197 1194//1194 1196//1196
f 1178//1178 1197//1197 1179//1179
f 1196//1196 1195//1195 1143//1143
f 1179//1179 1196//1196 1161//1161
f 1197//1197 1199//1199 1198//1198
f 1199//1199 1201//1201 1200//1200
f 1178//1178 1191//1191 1199//1199
f 1191//1191 1193//1193 1201//1201
f 1203//1203 1194//1194 1202//1202
f 1116//1116 1203//1203 1117//1117
f 1202//1202 1198//1198 1204//1204
f 1117//1117 1202//1202 1205//1205
f 1203//1203 1206//1206 1195//1195
f 1206//1206 1146//1146 1140//1140
f 1116//1116 1111//1111 1206//1206
f 1111//1111 1112//1112 1146//1146
f 1210//1210 1207//1207 1209//1209
f 1217//1217 1210//1210 1211//1211
f 1209//1209 1208//1208 1213//1213
f 1211//1211 1209//1209 1214//1214
f 1210//1210 1216//1216 1215//1215
f 1216//1216 1172//1172 1168//1168
f 1217//1217 1218//1218 1216//1216
f 1218//1218 1183//1183 1172//1172
f 1220//1220 1207//1207 1219//1219
f 1224//1224 1220//1220 1221//1221
f 1219//1219 1215//1215 1170//1170
f 1221//1221 1219//1219 1222//1222
f 1220//1220 1223//1223 1208//1208
f 1223//1223 1226//1226 1212//1212
f 1224//1224 1225//1225 1223//1223
f 1225//1225 1236//1236 1226//1226
f 1228//1228 1230//1230 1229//1229
f 1230//1230 1213//1213 1212//1212
f 1231//1231 1232//1232 1230//1230
f 1232//1232 1214//1214 1213//1213
f 1234//1234 1227//1227 1233//1233
f 1239//1239 1234//1234 1235//1235
f 1233//1233 1229//1229 1226//1226
f 1235//1235 1233//1233 1236//1236
f 1234//1234 1238//1238 1237//1237
f 1238//1238 883//883 876//876
f 1239//1239 1240//1240 1238//1238
f 1240//1240 884//884 883//883
f 1228//1228 1227//1227 1241//1241
f 1231//1231 1228//1228 1242//1242
f 1241//1241 1237//1237 879//879
f 1242//1242 1241//1241 934//934
f 1246//1246 1243//1243 1245//1245
f 1231//1231 1246//1246 1232//1232
f 1245//1245 1244//1244 1248//1248
f 1232//1232 1245//1245 1214//1214
f 1246//1246 1250//1250 1249//1249
f 1250//1250 933//933 928//928
f 1231//1231 1242//1242 1250//1250
f 1242//1242 934//934 933//933
f 1252//1252 1243//1243 1251//1251
f 1256//1256 1252//1252 1253//1253
f 1251//1251 1249//1249 931//931
f 1253//1253 1251//1251 1254//1254
f 1252//1252 1255//1255 1244//1244
f 1255//1255 1258//1258 1247//1247
f 1256//1256 1257//1257 1255//1255
f 1257//1257 1266//1266 1258//1258
f 1260//1260 1262//1262 1261//1261
f 1262//1262 1248//1248 1247//1247
f 1217//1217 1211//1211 1262//1262
f 1211//1211 1214//1214 1248//1248
f 1264//1264 1259//1259 1263//1263
f 1269//1269 1264//1264 1265//1265
f 1263//1263 1261//1261 1258//1258
f 1265//1265 1263//1263 1266//1266
f 1264//1264 1268//1268 1267//1267
f 1268//1268 1188//1188 1187//1187
f 1269//1269 1270//1270 1268//1268
f 1270//1270 1734//1734 1188//1188
f 1260//1260 1259//1259 1271//1271
f 1217//1217 1260//1260 1218//1218
f 1271//1271 1267//1267 1182//1182
f 1218//1218 1271//1271 1183//1183
f 1272//1272 1098//1098 1097//1097
f 1278//1278 1273//1273 1277//1277
f 1164//1164 1278//1278 1169//1169
f 1277//1277 1275//1275 1279//1279
f 1169//1169 1277//1277 1222//1222
f 1278//1278 1280//1280 1274//1274
f 1164//1164 1165//1165 1280//1280
f 1283//1283 1280//1280 1154//1154
f 1282//1282 1153//1153 1149//1149
f 1283//1283 1154//1154 1153//1153
f 1284//1284 1281//1281 1150//1150
f 1272//1272 1284//1284 1098//1098
f 1239//1239 1286//1286 1240//1240
f 1240//1240 1285//1285 884//884
f 1239//1239 1235//1235 1287//1287
f 1235//1235 1236//1236 1288//1288
f 1292//1292 1289//1289 1291//1291
f 1224//1224 1292//1292 1225//1225
f 1291//1291 1290//1290 1288//1288
f 1225//1225 1291//1291 1236//1236
f 1292//1292 1294//1294 1293//1293
f 1294//1294 1279//1279 1276//1276
f 1224//1224 1221//1221 1294//1294
f 1221//1221 1222//1222 1279//1279
f 1298//1298 1295//1295 1297//1297
f 1306//1306 1298//1298 1299//1299
f 1297//1297 1296//1296 1301//1301
f 1299//1299 1297//1297 1302//1302
f 1298//1298 1304//1304 1303//1303
f 1304//1304 1308//1308 1305//1305
f 1306//1306 1307//1307 1304//1304
f 1307//1307 1365//1365 1308//1308
f 1312//1312 1309//1309 1311//1311
f 1311//1311 598//598 593//593
f 1311//1311 1310//1310 1314//1314
f 598//598 1311//1311 599//599
f 1312//1312 1316//1316 1315//1315
f 1300//1300 1296//1296 5100//5100
f 1316//1316 1312//1312 594//594
f 1317//1317 1316//1316 586//586
f 1321//1321 1318//1318 1320//1320
f 1300//1300 1321//1321 1301//1301
f 1322//1322 1323//1323 1320//1320
f 1323//1323 1302//1302 1301//1301
f 1321//1321 1327//1327 1324//1324
f 1326//1326 585//585 579//579
f 1300//1300 5100//5100 1327//1327
f 1317//1317 586//586 585//585
f 1329//1329 1318//1318 1328//1328
f 1016//1016 1329//1329 1330//1330
f 1331//1331 1325//1325 582//582
f 1018//1018 1331//1331 620//620
f 1329//1329 1332//1332 1319//1319
f 1332//1332 1333//1333 1322//1322
f 1016//1016 1010//1010 1332//1332
f 1010//1010 1012//1012 1333//1333
f 1337//1337 1334//1334 1336//1336
f 1322//1322 1337//1337 1323//1323
f 1336//1336 1335//1335 1339//1339
f 1323//1323 1336//1336 1302//1302
f 1337//1337 1341//1341 1340//1340
f 1341//1341 1063//1063 1060//1060
f 1322//1322 1333//1333 1341//1341
f 1063//1063 1341//1341 1012//1012
f 1343//1343 1334//1334 1342//1342
f 1346//1346 1343//1343 1344//1344
f 1342//1342 1340//1340 1061//1061
f 1344//1344 1342//1342 1134//1134
f 1343//1343 1345//1345 1335//1335
f 1345//1345 1348//1348 1338//1338
f 1346//1346 1347//1347 1345//1345
f 1347//1347 1356//1356 1348//1348
f 1350//1350 1352//1352 1351//1351
f 1352//1352 1339//1339 1338//1338
f 1306//1306 1299//1299 1352//1352
f 1299//1299 1302//1302 1339//1339
f 1354//1354 1349//1349 1353//1353
f 1360//1360 1354//1354 1355//1355
f 1353//1353 1351//1351 1348//1348
f 1355//1355 1353//1353 1356//1356
f 1354//1354 1358//1358 1357//1357
f 1358//1358 1362//1362 1359//1359
f 1360//1360 1361//1361 1358//1358
f 1361//1361 1401//1401 1362//1362
f 1350//1350 1349//1349 1363//1363
f 1306//1306 1350//1350 1307//1307
f 1363//1363 1357//1357 1364//1364
f 1307//1307 1363//1363 1365//1365
f 1367//1367 1369//1369 1368//1368
f 1369//1369 1373//1373 1370//1370
f 1371//1371 1372//1372 1369//1369
f 1372//1372 1395//1395 1373//1373
f 1377//1377 1374//1374 1376//1376
f 1384//1384 1377//1377 1378//1378
f 1376//1376 1375//1375 1380//1380
f 1378//1378 1376//1376 1381//1381
f 1377//1377 1383//1383 1382//1382
f 1383//1383 1314//1314 1313//1313
f 1384//1384 1385//1385 1383//1383
f 1385//1385 599//599 1314//1314
f 1367//1367 1366//1366 1387//1387
f 1371//1371 1367//1367 1388//1388
f 1387//1387 1386//1386 1308//1308
f 1388//1388 1387//1387 1365//1365
f 1392//1392 1389//1389 1391//1391
f 1371//1371 1392//1392 1372//1372
f 1391//1391 1390//1390 1394//1394
f 1372//1372 1391//1391 1395//1395
f 1392//1392 1397//1397 1396//1396
f 1397//1397 1364//1364 1359//1359
f 1371//1371 1388//1388 1397//1397
f 1388//1388 1365//1365 1364//1364
f 1399//1399 1389//1389 1398//1398
f 1403//1403 1399//1399 1400//1400
f 1398//1398 1396//1396 1362//1362
f 1400//1400 1398//1398 1401//1401
f 1399//1399 1402//1402 1390//1390
f 1402//1402 1405//1405 1393//1393
f 1403//1403 1404//1404 1402//1402
f 1404//1404 1415//1415 1405//1405
f 1407//1407 1409//1409 1408//1408
f 1409//1409 1394//1394 1393//1393
f 1410//1410 1411//1411 1409//1409
f 1411//1411 1395//1395 1394//1394
f 1413//1413 1406//1406 1412//1412
f 1419//1419 1413//1413 1414//1414
f 1412//1412 1408//1408 1405//1405
f 1414//1414 1412//1412 1415//1415
f 1413//1413 1417//1417 1416//1416
f 1417//1417 1421//1421 1418//1418
f 1419//1419 1420//1420 1417//1417
f 1420//1420 1607//1607 1421//1421
f 1407//1407 1406//1406 1422//1422
f 1410//1410 1407//1407 1423//1423
f 1422//1422 1416//1416 1424//1424
f 1423//1423 1422//1422 1425//1425
f 1429//1429 1426//1426 1428//1428
f 1410//1410 1429//1429 1411//1411
f 1428//1428 1427//1427 1373//1373
f 1411//1411 1428//1428 1395//1395
f 1429//1429 1431//1431 1430//1430
f 1431//1431 1433//1433 1432//1432
f 1410//1410 1423//1423 1431//1431
f 1423//1423 1425//1425 1433//1433
f 1437//1437 1434//1434 1436//1436
f 1444//1444 1437//1437 1438//1438
f 1436//1436 1435//1435 1440//1440
f 1438//1438 1436//1436 1441//1441
f 1437//1437 1443//1443 1442//1442
f 1443//1443 1380//1380 1379//1379
f 1444//1444 1445//1445 1443//1443
f 1445//1445 1381//1381 1380//1380
f 1447//1447 1449//1449 1448//1448
f 1449//1449 1453//1453 1450//1450
f 1451//1451 1452//1452 1449//1449
f 1452//1452 1467//1467 1453//1453
f 1455//1455 1446//1446 1454//1454
f 1346//1346 1455//1455 1347//1347
f 1454//1454 1448//1448 1456//1456
f 1347//1347 1454//1454 1356//1356
f 1455//1455 1458//1458 1457//1457
f 1458//1458 1133//1133 1129//1129
f 1346//1346 1344//1344 1458//1458
f 1344//1344 1134//1134 1133//1133
f 1447//1447 1446//1446 1459//1459
f 1451//1451 1447//1447 1460//1460
f 1459//1459 1457//1457 1130//1130
f 1460//1460 1459//1459 1122//1122
f 1464//1464 1461//1461 1463//1463
f 1451//1451 1464//1464 1452//1452
f 1465//1465 1466//1466 1463//1463
f 1452//1452 1463//1463 1467//1467
f 1464//1464 1469//1469 1468//1468
f 1469//1469 1121//1121 1115//1115
f 1451//1451 1460//1460 1469//1469
f 1460//1460 1122//1122 1121//1121
f 1471//1471 1461//1461 1470//1470
f 1470//1470 1473//1473 1472//1472
f 1470//1470 1468//1468 1118//1118
f 1118//1118 1205//1205 1473//1473
f 1471//1471 1474//1474 1462//1462
f 1465//1465 1462//1462 1475//1475
f 1474//1474 1471//1471 1476//1476
f 1475//1475 1474//1474 1477//1477
f 1481//1481 1478//1478 1480//1480
f 1465//1465 1481//1481 1466//1466
f 1480//1480 1479//1479 1453//1453
f 1466//1466 1480//1480 1467//1467
f 1481//1481 1483//1483 1482//1482
f 1483//1483 1485//1485 1484//1484
f 1465//1465 1475//1475 1483//1483
f 1475//1475 1477//1477 1485//1485
f 1487//1487 1478//1478 1486//1486
f 1360//1360 1487//1487 1361//1361
f 1486//1486 1482//1482 1488//1488
f 1361//1361 1486//1486 1401//1401
f 1487//1487 1489//1489 1479//1479
f 1489//1489 1456//1456 1450//1450
f 1360//1360 1355//1355 1489//1489
f 1355//1355 1356//1356 1456//1456
f 1491//1491 1493//1493 1492//1492
f 1493//1493 1497//1497 1494//1494
f 1495//1495 1496//1496 1493//1493
f 1496//1496 1515//1515 1497//1497
f 1499//1499 1490//1490 1498//1498
f 1505//1505 1499//1499 1500//1500
f 1498//1498 1492//1492 1501//1501
f 1500//1500 1498//1498 1502//1502
f 1499//1499 1504//1504 1503//1503
f 1504//1504 1204//1204 1200//1200
f 1505//1505 1506//1506 1504//1504
f 1506//1506 1205//1205 1204//1204
f 1491//1491 1490//1490 1507//1507
f 1495//1495 1491//1491 1508//1508
f 1507//1507 1503//1503 1201//1201
f 1508//1508 1507//1507 1193//1193
f 1512//1512 1509//1509 1511//1511
f 1495//1495 1512//1512 1496//1496
f 1511//1511 1510//1510 1514//1514
f 1496//1496 1511//1511 1515//1515
f 1512//1512 1517//1517 1516//1516
f 1517//1517 1192//1192 1186//1186
f 1495//1495 1508//1508 1517//1517
f 1508//1508 1193//1193 1192//1192
f 1519//1519 1509//1509 1518//1518
f 1518//1518 1521//1521 1520//1520
f 1518//1518 1516//1516 1189//1189
f 1189//1189 1734//1734 1521//1521
f 1519//1519 1522//1522 1510//1510
f 1513//1513 1510//1510 1523//1523
f 1522//1522 1519//1519 1524//1524
f 1523//1523 1522//1522 1525//1525
f 1529//1529 1526//1526 1528//1528
f 1528//1528 1514//1514 1513//1513
f 1530//1530 1531//1531 1528//1528
f 1531//1531 1515//1515 1514//1514
f 1529//1529 1533//1533 1532//1532
f 1533//1533 1535//1535 1534//1534
f 1513//1513 1523//1523 1533//1533
f 1523//1523 1525//1525 1535//1535
f 1537//1537 1526//1526 1536//1536
f 1543//1543 1537//1537 1538//1538
f 1536//1536 1532//1532 1539//1539
f 1538//1538 1536//1536 1540//1540
f 1537//1537 1541//1541 1527//1527
f 1530//1530 1527//1527 1542//1542
f 1543//1543 1544//1544 1541//1541
f 1542//1542 1541//1541 1545//1545
f 1549//1549 1546//1546 1548//1548
f 1530//1530 1549//1549 1531//1531
f 1548//1548 1547//1547 1497//1497
f 1531//1531 1548//1548 1515//1515
f 1549//1549 1551//1551 1550//1550
f 1551//1551 1553//1553 1552//1552
f 1530//1530 1542//1542 1551//1551
f 1542//1542 1545//1545 1553//1553
f 1555//1555 1546//1546 1554//1554
f 1560//1560 1555//1555 1556//1556
f 1554//1554 1550//1550 1557//1557
f 1556//1556 1554//1554 1558//1558
f 1555//1555 1559//1559 1547//1547
f 1559//1559 1501//1501 1494//1494
f 1560//1560 1561//1561 1559//1559
f 1561//1561 1502//1502 1501//1501
f 1565//1565 1562//1562 1564//1564
f 1572//1572 1565//1565 1566//1566
f 1564//1564 1563//1563 1568//1568
f 1566//1566 1564//1564 1569//1569
f 1565//1565 1571//1571 1570//1570
f 1571//1571 1476//1476 1472//1472
f 1572//1572 1573//1573 1571//1571
f 1573//1573 1477//1477 1476//1476
f 1575//1575 1562//1562 1574//1574
f 1505//1505 1575//1575 1506//1506
f 1574//1574 1570//1570 1473//1473
f 1473//1473 1205//1205 1506//1506
f 1575//1575 1576//1576 1563//1563
f 1576//1576 1577//1577 1567//1567
f 1505//1505 1500//1500 1576//1576
f 1500//1500 1502//1502 1577//1577
f 1579//1579 1581//1581 1580//1580
f 1581//1581 1568//1568 1567//1567
f 1582//1582 1583//1583 1581//1581
f 1583//1583 1569//1569 1568//1568
f 1585//1585 1578//1578 1584//1584
f 1560//1560 1585//1585 1561//1561
f 1584//1584 1580//1580 1577//1577
f 1561//1561 1584//1584 1502//1502
f 1585//1585 1587//1587 1586//1586
f 1587//1587 1589//1589 1588//1588
f 1560//1560 1556//1556 1587//1587
f 1556//1556 1558//1558 1589//1589
f 1579//1579 1578//1578 1590//1590
f 1582//1582 1579//1579 1591//1591
f 1590//1590 1586//1586 1592//1592
f 1591//1591 1590//1590 1593//1593
f 1597//1597 1594//1594 1596//1596
f 1582//1582 1597//1597 1583//1583
f 1596//1596 1595//1595 1599//1599
f 1583//1583 1596//1596 1569//1569
f 1597//1597 1601//1601 1600//1600
f 1601//1601 1603//1603 1602//1602
f 1582//1582 1591//1591 1601//1601
f 1591//1591 1593//1593 1603//1603
f 1605//1605 1594//1594 1604//1604
f 1419//1419 1605//1605 1420//1420
f 1604//1604 1600//1600 1606//1606
f 1420//1420 1604//1604 1607//1607
f 1605//1605 1608//1608 1595//1595
f 1608//1608 1609//1609 1598//1598
f 1419//1419 1414//1414 1608//1608
f 1414//1414 1415//1415 1609//1609
f 1611//1611 1613//1613 1612//1612
f 1613//1613 1599//1599 1598//1598
f 1572//1572 1566//1566 1613//1613
f 1566//1566 1569//1569 1599//1599
f 1615//1615 1610//1610 1614//1614
f 1403//1403 1615//1615 1404//1404
f 1614//1614 1612//1612 1609//1609
f 1404//1404 1614//1614 1415//1415
f 1615//1615 1617//1617 1616//1616
f 1617//1617 1488//1488 1484//1484
f 1403//1403 1400//1400 1617//1617
f 1400//1400 1401//1401 1488//1488
f 1611//1611 1610//1610 1618//1618
f 1572//1572 1611//1611 1573//1573
f 1618//1618 1616//1616 1485//1485
f 1573//1573 1618//1618 1477//1477
f 1622//1622 1619//1619 1621//1621
f 1631//1631 1622//1622 1623//1623
f 1627//1627 1624//1624 1626//1626
f 1683//1683 1627//1627 1628//1628
f 1622//1622 1630//1630 1629//1629
f 1630//1630 545//545 539//539
f 1631//1631 1632//1632 1630//1630
f 1632//1632 546//546 545//545
f 1634//1634 1619//1619 1633//1633
f 1638//1638 1634//1634 1635//1635
f 1633//1633 1629//1629 542//542
f 1635//1635 1633//1633 1636//1636
f 1634//1634 1639//1639 1620//1620
f 1637//1637 1641//1641 1625//1625
f 1638//1638 1811//1811 1639//1639
f 1640//1640 1651//1651 1641//1641
f 1643//1643 1645//1645 1644//1644
f 1645//1645 1626//1626 1625//1625
f 1646//1646 1647//1647 1645//1645
f 1647//1647 1628//1628 1626//1626
f 1649//1649 1642//1642 1648//1648
f 1655//1655 1649//1649 1650//1650
f 1648//1648 1644//1644 1641//1641
f 1650//1650 1648//1648 1651//1651
f 1649//1649 1653//1653 1652//1652
f 1653//1653 1657//1657 1654//1654
f 1655//1655 1656//1656 1653//1653
f 1656//1656 1718//1718 1657//1657
f 1643//1643 1642//1642 1658//1658
f 1646//1646 1643//1643 1659//1659
f 1658//1658 1652//1652 1660//1660
f 1659//1659 1658//1658 1661//1661
f 1665//1665 1662//1662 1664//1664
f 1646//1646 1665//1665 1647//1647
f 1664//1664 1663//1663 1667//1667
f 1647//1647 1664//1664 1628//1628
f 1665//1665 1669//1669 1668//1668
f 1669//1669 1671//1671 1670//1670
f 1646//1646 1659//1659 1669//1669
f 1659//1659 1661//1661 1671//1671
f 1673//1673 1662//1662 1672//1672
f 986//986 1673//1673 987//987
f 1672//1672 1668//1668 1674//1674
f 987//987 1672//1672 1254//1254
f 1673//1673 1675//1675 1663//1663
f 1675//1675 1676//1676 1666//1666
f 986//986 982//982 1675//1675
f 982//982 983//983 1676//1676
f 1678//1678 1682//1682 1679//1679
f 1681//1681 1667//1667 1666//1666
f 1631//1631 1623//1623 1682//1682
f 1683//1683 1628//1628 1667//1667
f 1685//1685 1677//1677 1684//1684
f 970//970 1685//1685 1686//1686
f 1687//1687 1680//1680 1676//1676
f 972//972 1687//1687 983//983
f 1685//1685 1689//1689 1688//1688
f 1689//1689 561//561 556//556
f 970//970 968//968 1689//1689
f 968//968 562//562 561//561
f 1678//1678 1677//1677 1690//1690
f 1631//1631 1678//1678 1632//1632
f 1690//1690 1688//1688 557//557
f 1632//1632 1690//1690 546//546
f 1692//1692 1694//1694 1693//1693
f 1694//1694 1698//1698 1695//1695
f 1696//1696 1697//1697 1694//1694
f 1697//1697 1712//1712 1698//1698
f 1700//1700 1691//1691 1699//1699
f 1256//1256 1700//1700 1257//1257
f 1699//1699 1693//1693 1701//1701
f 1257//1257 1699//1699 1266//1266
f 1700//1700 1703//1703 1702//1702
f 1703//1703 1674//1674 1670//1670
f 1256//1256 1253//1253 1703//1703
f 1253//1253 1254//1254 1674//1674
f 1692//1692 1691//1691 1704//1704
f 1696//1696 1692//1692 1705//1705
f 1704//1704 1702//1702 1671//1671
f 1705//1705 1704//1704 1661//1661
f 1709//1709 1706//1706 1708//1708
f 1696//1696 1709//1709 1697//1697
f 1708//1708 1707//1707 1711//1711
f 1697//1697 1708//1708 1712//1712
f 1709//1709 1714//1714 1713//1713
f 1714//1714 1660//1660 1654//1654
f 1696//1696 1705//1705 1714//1714
f 1705//1705 1661//1661 1660//1660
f 1716//1716 1706//1706 1715//1715
f 1720//1720 1716//1716 1717//1717
f 1715//1715 1713//1713 1657//1657
f 1717//1717 1715//1715 1718//1718
f 1716//1716 1719//1719 1707//1707
f 1719//1719 1722//1722 1710//1710
f 1720//1720 1721//1721 1719//1719
f 1721//1721 1730//1730 1722//1722
f 1726//1726 1723//1723 1725//1725
f 1725//1725 1711//1711 1710//1710
f 1725//1725 1724//1724 1698//1698
f 1711//1711 1725//1725 1712//1712
f 1726//1726 1728//1728 1727//1727
f 1728//1728 1886//1886 1729//1729
f 1728//1728 1726//1726 1722//1722
f 1886//1886 1728//1728 1730//1730
f 1732//1732 1723//1723 1731//1731
f 1269//1269 1732//1732 1270//1270
f 1731//1731 1727//1727 1733//1733
f 1270//1270 1731//1731 1734//1734
f 1732//1732 1735//1735 1724//1724
f 1735//1735 1701//1701 1695//1695
f 1269//1269 1265//1265 1735//1735
f 1265//1265 1266//1266 1701//1701
f 1739//1739 1736//1736 1738//1738
f 1747//1747 1739//1739 1740//1740
f 1738//1738 1737//1737 1742//1742
f 1740//1740 1738//1738 1743//1743
f 1739//1739 1745//1745 1744//1744
f 1745//1745 1749//1749 1746//1746
f 1747//1747 1748//1748 1745//1745
f 1748//1748 1798//1798 1749//1749
f 1751//1751 1736//1736 1750//1750
f 540//540 1751//1751 541//541
f 1750//1750 1744//1744 1752//1752
f 541//541 1750//1750 1636//1636
f 1751//1751 1753//1753 1737//1737
f 1753//1753 1754//1754 1741//1741
f 540//540 534//534 1753//1753
f 534//534 536//536 1754//1754
f 1756//1756 1758//1758 1757//1757
f 1758//1758 1742//1742 1741//1741
f 1759//1759 1760//1760 1758//1758
f 1760//1760 1743//1743 1742//1742
f 1762//1762 1755//1755 1761//1761
f 601//601 1762//1762 602//602
f 1761//1761 1757//1757 1754//1754
f 602//602 1761//1761 536//536
f 1762//1762 1764//1764 1763//1763
f 1384//1384 1763//1763 1385//1385
f 601//601 597//597 1764//1764
f 597//597 599//599 1385//1385
f 1756//1756 1755//1755 1765//1765
f 1759//1759 1756//1756 1766//1766
f 1384//1384 1378//1378 1765//1765
f 1378//1378 1381//1381 1766//1766
f 1770//1770 1767//1767 1769//1769
f 1759//1759 1770//1770 1760//1760
f 1769//1769 1768//1768 1772//1772
f 1760//1760 1769//1769 1743//1743
f 1770//1770 1774//1774 1773//1773
f 1444//1444 1773//1773 1445//1445
f 1759//1759 1766//1766 1774//1774
f 1445//1445 1774//1774 1381//1381
f 1776//1776 1767//1767 1775//1775
f 1779//1779 1776//1776 1777//1777
f 1444//1444 1438//1438 1775//1775
f 1777//1777 1775//1775 1441//1441
f 1776//1776 1778//1778 1768//1768
f 1778//1778 1781//1781 1771//1771
f 1779//1779 1780//1780 1778//1778
f 1780//1780 1789//1789 1781//1781
f 1783//1783 1785//1785 1784//1784
f 1785//1785 1772//1772 1771//1771
f 1747//1747 1740//1740 1785//1785
f 1740//1740 1743//1743 1772//1772
f 1787//1787 1782//1782 1786//1786
f 1793//1793 1787//1787 1788//1788
f 1786//1786 1784//1784 1781//1781
f 1788//1788 1786//1786 1789//1789
f 1787//1787 1791//1791 1790//1790
f 1791//1791 1795//1795 1792//1792
f 1793//1793 1794//1794 1791//1791
f 1794//1794 1833//1833 1795//1795
f 1783//1783 1782//1782 1796//1796
f 1747//1747 1783//1783 1748//1748
f 1796//1796 1790//1790 1797//1797
f 1748//1748 1796//1796 1798//1798
f 1800//1800 1806//1806 1801//1801
f 1803//1803 1808//1808 1804//1804
f 1805//1805 1822//1822 1806//1806
f 1807//1807 1827//1827 1808//1808
f 1810//1810 1799//1799 1809//1809
f 1638//1638 1810//1810 1811//1811
f 1813//1813 1802//1802 1812//1812
f 1640//1640 1813//1813 1651//1651
f 1810//1810 1815//1815 1814//1814
f 1815//1815 1752//1752 1746//1746
f 1638//1638 1635//1635 1815//1815
f 1635//1635 1636//1636 1752//1752
f 1800//1800 1799//1799 1816//1816
f 1805//1805 1800//1800 1817//1817
f 1816//1816 1814//1814 1749//1749
f 1817//1817 1816//1816 1798//1798
f 1821//1821 1818//1818 1820//1820
f 1805//1805 1821//1821 1822//1822
f 1826//1826 1823//1823 1825//1825
f 1807//1807 1826//1826 1827//1827
f 1821//1821 1829//1829 1828//1828
f 1829//1829 1797//1797 1792//1792
f 1805//1805 1817//1817 1829//1829
f 1817//1817 1798//1798 1797//1797
f 1831//1831 1818//1818 1830//1830
f 1835//1835 1831//1831 1832//1832
f 1830//1830 1828//1828 1795//1795
f 1832//1832 1830//1830 1833//1833
f 1831//1831 1836//1836 1819//1819
f 1834//1834 1838//1838 1824//1824
f 1835//1835 2383//2383 1836//1836
f 1837//1837 1848//1848 1838//1838
f 1840//1840 1842//1842 1841//1841
f 1842//1842 1825//1825 1824//1824
f 1843//1843 1844//1844 1842//1842
f 1844//1844 1827//1827 1825//1825
f 1846//1846 1839//1839 1845//1845
f 1852//1852 1846//1846 1847//1847
f 1845//1845 1841//1841 1838//1838
f 1847//1847 1845//1845 1848//1848
f 1846//1846 1850//1850 1849//1849
f 1850//1850 1854//1854 1851//1851
f 1852//1852 1853//1853 1850//1850
f 1853//1853 1911//1911 1854//1854
f 1840//1840 1839//1839 1855//1855
f 1843//1843 1840//1840 1856//1856
f 1855//1855 1849//1849 1857//1857
f 1856//1856 1855//1855 1858//1858
f 1862//1862 1859//1859 1861//1861
f 1843//1843 1862//1862 1844//1844
f 1861//1861 1860//1860 1808//1808
f 1844//1844 1861//1861 1827//1827
f 1862//1862 1864//1864 1863//1863
f 1864//1864 1866//1866 1865//1865
f 1843//1843 1856//1856 1864//1864
f 1856//1856 1858//1858 1866//1866
f 1868//1868 1859//1859 1867//1867
f 1655//1655 1868//1868 1656//1656
f 1867//1867 1863//1863 1869//1869
f 1656//1656 1867//1867 1718//1718
f 1868//1868 1870//1870 1860//1860
f 1870//1870 1812//1812 1804//1804
f 1655//1655 1650//1650 1870//1870
f 1650//1650 1651//1651 1812//1812
f 1874//1874 1871//1871 1873//1873
f 1881//1881 1874//1874 1875//1875
f 1873//1873 1872//1872 1877//1877
f 1875//1875 1873//1873 1878//1878
f 1874//1874 1880//1880 1879//1879
f 1880//1880 1524//1524 1520//1520
f 1881//1881 1882//1882 1880//1880
f 1882//1882 1525//1525 1524//1524
f 1879//1879 1884//1884 1883//1883
f 1884//1884 1733//1733 1729//1729
f 1520//1520 1521//1521 1884//1884
f 1521//1521 1734//1734 1733//1733
f 1883//1883 1885//1885 1872//1872
f 1885//1885 1887//1887 1876//1876
f 1729//1729 1886//1886 1885//1885
f 1886//1886 1730//1730 1887//1887
f 1889//1889 1891//1891 1890//1890
f 1891//1891 1877//1877 1876//1876
f 1892//1892 1893//1893 1891//1891
f 1893//1893 1878//1878 1877//1877
f 1895//1895 1888//1888 1894//1894
f 1720//1720 1895//1895 1721//1721
f 1894//1894 1890//1890 1887//1887
f 1721//1721 1894//1894 1730//1730
f 1895//1895 1897//1897 1896//1896
f 1897//1897 1869//1869 1865//1865
f 1720//1720 1717//1717 1897//1897
f 1717//1717 1718//1718 1869//1869
f 1889//1889 1888//1888 1898//1898
f 1892//1892 1889//1889 1899//1899
f 1898//1898 1896//1896 1866//1866
f 1899//1899 1898//1898 1858//1858
f 1903//1903 1900//1900 1902//1902
f 1892//1892 1903//1903 1893//1893
f 1902//1902 1901//1901 1905//1905
f 1893//1893 1902//1902 1878//1878
f 1903//1903 1907//1907 1906//1906
f 1907//1907 1857//1857 1851//1851
f 1892//1892 1899//1899 1907//1907
f 1899//1899 1858//1858 1857//1857
f 1909//1909 1900//1900 1908//1908
f 1913//1913 1909//1909 1910//1910
f 1908//1908 1906//1906 1854//1854
f 1910//1910 1908//1908 1911//1911
f 1909//1909 1912//1912 1901//1901
f 1912//1912 1915//1915 1904//1904
f 1913//1913 1914//1914 1912//1912
f 1914//1914 1923//1923 1915//1915
f 1917//1917 1919//1919 1918//1918
f 1919//1919 1905//1905 1904//1904
f 1881//1881 1875//1875 1919//1919
f 1875//1875 1878//1878 1905//1905
f 1921//1921 1916//1916 1920//1920
f 1926//1926 1921//1921 1922//1922
f 1920//1920 1918//1918 1915//1915
f 1922//1922 1920//1920 1923//1923
f 1921//1921 1925//1925 1924//1924
f 1925//1925 1539//1539 1534//1534
f 1926//1926 1927//1927 1925//1925
f 1927//1927 1540//1540 1539//1539
f 1917//1917 1916//1916 1928//1928
f 1881//1881 1917//1917 1882//1882
f 1928//1928 1924//1924 1535//1535
f 1882//1882 1928//1928 1525//1525
f 1930//1930 5101//5101 1931//1931
f 1933//1933 1938//1938 1934//1934
f 5101//5101 1930//1930 1936//1936
f 1937//1937 2002//2002 1938//1938
f 1940//1940 1929//1929 1939//1939
f 1948//1948 1940//1940 1941//1941
f 1943//1943 1932//1932 1942//1942
f 2115//2115 1943//1943 1944//1944
f 1940//1940 1946//1946 1945//1945
f 1952//1952 1945//1945 1947//1947
f 1948//1948 1949//1949 1946//1946
f 1947//1947 1946//1946 1950//1950
f 1945//1945 1951//1951 1930//1930
f 1951//1951 1954//1954 1935//1935
f 1952//1952 1953//1953 1951//1951
f 1953//1953 1966//1966 1954//1954
f 1956//1956 1958//1958 1957//1957
f 1958//1958 1936//1936 1935//1935
f 1960//1960 1962//1962 1961//1961
f 1962//1962 2002//2002 1937//1937
f 1964//1964 1955//1955 1963//1963
f 1970//1970 1964//1964 1965//1965
f 1963//1963 1957//1957 1954//1954
f 1965//1965 1963//1963 1966//1966
f 1964//1964 1968//1968 1967//1967
f 1968//1968 1972//1972 1969//1969
f 1970//1970 1971//1971 1968//1968
f 1971//1971 2050//2050 1972//1972
f 1956//1956 1955//1955 1973//1973
f 1960//1960 1959//1959 1975//1975
f 1973//1973 1967//1967 1976//1976
f 1975//1975 1974//1974 1978//1978
f 1980//1980 1982//1982 1981//1981
f 1960//1960 1981//1981 1962//1962
f 1983//1983 1984//1984 1982//1982
f 1984//1984 2002//2002 1962//1962
f 1981//1981 1986//1986 1985//1985
f 1986//1986 1988//1988 1987//1987
f 1960//1960 1975//1975 1986//1986
f 1975//1975 1978//1978 1988//1988
f 1990//1990 1979//1979 1989//1989
f 1989//1989 1993//1993 1991//1991
f 1989//1989 1985//1985 1992//1992
f 1992//1992 2032//2032 1993//1993
f 1980//1980 1979//1979 1994//1994
f 1983//1983 1980//1980 1995//1995
f 1994//1994 1990//1990 1996//1996
f 1995//1995 1994//1994 1997//1997
f 2001//2001 1998//1998 2000//2000
f 1983//1983 2001//2001 1984//1984
f 2000//2000 1999//1999 1938//1938
f 1984//1984 2000//2000 2002//2002
f 2001//2001 2004//2004 2003//2003
f 2004//2004 2006//2006 2005//2005
f 1983//1983 1995//1995 2004//2004
f 1995//1995 1997//1997 2006//2006
f 2008//2008 1998//1998 2007//2007
f 2013//2013 2008//2008 2009//2009
f 2007//2007 2003//2003 2010//2010
f 2009//2009 2007//2007 2011//2011
f 2008//2008 2012//2012 1999//1999
f 2012//2012 1942//1942 1934//1934
f 2013//2013 2014//2014 2012//2012
f 2014//2014 1944//1944 1942//1942
f 2016//2016 2018//2018 2017//2017
f 2026//2026 2017//2017 2019//2019
f 2020//2020 2021//2021 2018//2018
f 2019//2019 2018//2018 2022//2022
f 2024//2024 2015//2015 2023//2023
f 2023//2023 2028//2028 2025//2025
f 2026//2026 2027//2027 2023//2023
f 2027//2027 2072//2072 2028//2028
f 2024//2024 2030//2030 2029//2029
f 2030//2030 1992//1992 1987//1987
f 2030//2030 2024//2024 2031//2031
f 1992//1992 2030//2030 2032//2032
f 2016//2016 2015//2015 2033//2033
f 2020//2020 2016//2016 2034//2034
f 2033//2033 2029//2029 1988//1988
f 2034//2034 2033//2033 1978//1978
f 2043//2043 2035//2035 2037//2037
f 2020//2020 2038//2038 2021//2021
f 2039//2039 2040//2040 2042//2042
f 2021//2021 2039//2039 2022//2022
f 2043//2043 2045//2045 2044//2044
f 2045//2045 1976//1976 1969//1969
f 2020//2020 2034//2034 2046//2046
f 2034//2034 1978//1978 1977//1977
f 2048//2048 2035//2035 2047//2047
f 2052//2052 2048//2048 2049//2049
f 2047//2047 2044//2044 1972//1972
f 2049//2049 2047//2047 2050//2050
f 2048//2048 2053//2053 2036//2036
f 2051//2051 2055//2055 2041//2041
f 2052//2052 2174//2174 2053//2053
f 2054//2054 2063//2063 2055//2055
f 2057//2057 2059//2059 2058//2058
f 2059//2059 2042//2042 2041//2041
f 2059//2059 2057//2057 2019//2019
f 2042//2042 2059//2059 2022//2022
f 2061//2061 2056//2056 2060//2060
f 2067//2067 2061//2061 2062//2062
f 2060//2060 2058//2058 2055//2055
f 2062//2062 2060//2060 2063//2063
f 2061//2061 2065//2065 2064//2064
f 2065//2065 2256//2256 2066//2066
f 2067//2067 2068//2068 2065//2065
f 2256//2256 2065//2065 2069//2069
f 2057//2057 2056//2056 2070//2070
f 2026//2026 2057//2057 2027//2027
f 2070//2070 2064//2064 2071//2071
f 2027//2027 2070//2070 2072//2072
f 2074//2074 2076//2076 2075//2075
f 2084//2084 2075//2075 2077//2077
f 2078//2078 2079//2079 2076//2076
f 2077//2077 2076//2076 2080//2080
f 2082//2082 2073//2073 2081//2081
f 2089//2089 2082//2082 2083//2083
f 2084//2084 2085//2085 2081//2081
f 2085//2085 2129//2129 2083//2083
f 2082//2082 2087//2087 2086//2086
f 2087//2087 2091//2091 2088//2088
f 2089//2089 2090//2090 2087//2087
f 2090//2090 2359//2359 2091//2091
f 2074//2074 2073//2073 2092//2092
f 2078//2078 2074//2074 2093//2093
f 2092//2092 2086//2086 2094//2094
f 2093//2093 2092//2092 2095//2095
f 2104//2104 2096//2096 2098//2098
f 2078//2078 2099//2099 2079//2079
f 2100//2100 2101//2101 2103//2103
f 2079//2079 2100//2100 2080//2080
f 2104//2104 2106//2106 2105//2105
f 2106//2106 5102//5102 2107//2107
f 2078//2078 2093//2093 2108//2108
f 2093//2093 2095//2095 2109//2109
f 2111//2111 2096//2096 2110//2110
f 1948//1948 2111//2111 1949//1949
f 2107//2107 2112//2112 2110//2110
f 2112//2112 1950//1950 1949//1949
f 2111//2111 2114//2114 2097//2097
f 2113//2113 2116//2116 2102//2102
f 1948//1948 1941//1941 2114//2114
f 2115//2115 1944//1944 2116//2116
f 2118//2118 2120//2120 2119//2119
f 2120//2120 2103//2103 2102//2102
f 2084//2084 2077//2077 2120//2120
f 2103//2103 2120//2120 2080//2080
f 2122//2122 2117//2117 2121//2121
f 2013//2013 2122//2122 2014//2014
f 2121//2121 2119//2119 2116//2116
f 2014//2014 2121//2121 1944//1944
f 2122//2122 2124//2124 2123//2123
f 2124//2124 2126//2126 2125//2125
f 2013//2013 2009//2009 2124//2124
f 2009//2009 2011//2011 2126//2126
f 2118//2118 2117//2117 2127//2127
f 2084//2084 2118//2118 2085//2085
f 2127//2127 2123//2123 2128//2128
f 2085//2085 2127//2127 2129//2129
f 2131//2131 2133//2133 2132//2132
f 2133//2133 2137//2137 2134//2134
f 2135//2135 2136//2136 2133//2133
f 2136//2136 2154//2154 2137//2137
f 2139//2139 2130//2130 2138//2138
f 2138//2138 1424//1424 1418//1418
f 2138//2138 2132//2132 2140//2140
f 1424//1424 2138//2138 1425//1425
f 2142//2142 2130//2130 2141//2141
f 2146//2146 2142//2142 2143//2143
f 2141//2141 2139//2139 1421//1421
f 2143//2143 2141//2141 1607//1607
f 2131//2131 2130//2130 2144//2144
f 2135//2135 2131//2131 2145//2145
f 2146//2146 2147//2147 2144//2144
f 2147//2147 2211//2211 2145//2145
f 2151//2151 2148//2148 2150//2150
f 2135//2135 2151//2151 2136//2136
f 2150//2150 2149//2149 2153//2153
f 2136//2136 2150//2150 2154//2154
f 2151//2151 2156//2156 2155//2155
f 2156//2156 2158//2158 2157//2157
f 2135//2135 2145//2145 2156//2156
f 2145//2145 2211//2211 2158//2158
f 2160//2160 2148//2148 2159//2159
f 2067//2067 2160//2160 2068//2068
f 2159//2159 2155//2155 2161//2161
f 2068//2068 2159//2159 2069//2069
f 2160//2160 2162//2162 2149//2149
f 2162//2162 2163//2163 2152//2152
f 2067//2067 2062//2062 2162//2162
f 2062//2062 2063//2063 2163//2163
f 2165//2165 2170//2170 2166//2166
f 2168//2168 2153//2153 2152//2152
f 2169//2169 2188//2188 2170//2170
f 2171//2171 2154//2154 2153//2153
f 2173//2173 2164//2164 2172//2172
f 2052//2052 2173//2173 2174//2174
f 2175//2175 2167//2167 2163//2163
f 2054//2054 2175//2175 2063//2063
f 2173//2173 2177//2177 2176//2176
f 2177//2177 2179//2179 2178//2178
f 2052//2052 2049//2049 2177//2177
f 2049//2049 2050//2050 2179//2179
f 2165//2165 2164//2164 2180//2180
f 2169//2169 2165//2165 2181//2181
f 2180//2180 2176//2176 2182//2182
f 2181//2181 2180//2180 2183//2183
f 2187//2187 2184//2184 2186//2186
f 2169//2169 2187//2187 2188//2188
f 2190//2190 2189//2189 2137//2137
f 2171//2171 2190//2190 2154//2154
f 2187//2187 2192//2192 2191//2191
f 2192//2192 2194//2194 2193//2193
f 2169//2169 2181//2181 2192//2192
f 2181//2181 2183//2183 2194//2194
f 2196//2196 2184//2184 2195//2195
f 1439//1439 2196//2196 1440//1440
f 2195//2195 2191//2191 2197//2197
f 1440//1440 2195//2195 1441//1441
f 2196//2196 2199//2199 2185//2185
f 2198//2198 2140//2140 2134//2134
f 1432//1432 1433//1433 2198//2198
f 1433//1433 1425//1425 2140//2140
f 2201//2201 2203//2203 2202//2202
f 2203//2203 2207//2207 2204//2204
f 2205//2205 2206//2206 2203//2203
f 2206//2206 2222//2222 2207//2207
f 2209//2209 2200//2200 2208//2208
f 2146//2146 2209//2209 2147//2147
f 2208//2208 2202//2202 2210//2210
f 2147//2147 2208//2208 2211//2211
f 2209//2209 2213//2213 2212//2212
f 2213//2213 1606//1606 1602//1602
f 2146//2146 2143//2143 2213//2213
f 2143//2143 1607//1607 1606//1606
f 2201//2201 2200//2200 2214//2214
f 2205//2205 2201//2201 2215//2215
f 2214//2214 2212//2212 1603//1603
f 2215//2215 2214//2214 1593//1593
f 2219//2219 2216//2216 2218//2218
f 2205//2205 2219//2219 2206//2206
f 2218//2218 2217//2217 2221//2221
f 2206//2206 2218//2218 2222//2222
f 2219//2219 2224//2224 2223//2223
f 2224//2224 1592//1592 1588//1588
f 2205//2205 2215//2215 2224//2224
f 2215//2215 1593//1593 1592//1592
f 2226//2226 2216//2216 2225//2225
f 2229//2229 2226//2226 2227//2227
f 2225//2225 2223//2223 1589//1589
f 2227//2227 2225//2225 1558//1558
f 2226//2226 2228//2228 2217//2217
f 2228//2228 2231//2231 2220//2220
f 2229//2229 2230//2230 2228//2228
f 2230//2230 2241//2241 2231//2231
f 2233//2233 2235//2235 2234//2234
f 2235//2235 2221//2221 2220//2220
f 2236//2236 2237//2237 2235//2235
f 2237//2237 2222//2222 2221//2221
f 2239//2239 2232//2232 2238//2238
f 2244//2244 2239//2239 2240//2240
f 2238//2238 2234//2234 2231//2231
f 2240//2240 2238//2238 2241//2241
f 2239//2239 2243//2243 2242//2242
f 2243//2243 2031//2031 2025//2025
f 2244//2244 2245//2245 2243//2243
f 2245//2245 2032//2032 2031//2031
f 2233//2233 2232//2232 2246//2246
f 2236//2236 2233//2233 2247//2247
f 2246//2246 2242//2242 2028//2028
f 2247//2247 2246//2246 2072//2072
f 2251//2251 2248//2248 2250//2250
f 2236//2236 2251//2251 2237//2237
f 2250//2250 2249//2249 2207//2207
f 2237//2237 2250//2250 2222//2222
f 2251//2251 2253//2253 2252//2252
f 2253//2253 2071//2071 2066//2066
f 2236//2236 2247//2247 2253//2253
f 2247//2247 2072//2072 2071//2071
f 2255//2255 2248//2248 2254//2254
f 2157//2157 2255//2255 2161//2161
f 2254//2254 2252//2252 2256//2256
f 2256//2256 2069//2069 2161//2161
f 2255//2255 2257//2257 2249//2249
f 2257//2257 2210//2210 2204//2204
f 2157//2157 2158//2158 2257//2257
f 2158//2158 2211//2211 2210//2210
f 2259//2259 2261//2261 2260//2260
f 2261//2261 2265//2265 2262//2262
f 2263//2263 2264//2264 2261//2261
f 2264//2264 2279//2279 2265//2265
f 2267//2267 2258//2258 2266//2266
f 2229//2229 2267//2267 2230//2230
f 2266//2266 2260//2260 2268//2268
f 2230//2230 2266//2266 2241//2241
f 2267//2267 2270//2270 2269//2269
f 2270//2270 1557//1557 1552//1552
f 2229//2229 2227//2227 2270//2270
f 2227//2227 1558//1558 1557//1557
f 2259//2259 2258//2258 2271//2271
f 2263//2263 2259//2259 2272//2272
f 2271//2271 2269//2269 1553//1553
f 2272//2272 2271//2271 1545//1545
f 2276//2276 2273//2273 2275//2275
f 2263//2263 2276//2276 2264//2264
f 2275//2275 2274//2274 2278//2278
f 2264//2264 2275//2275 2279//2279
f 2281//2281 2273//2273 2280//2280
f 1543//1543 2281//2281 1544//1544
f 2263//2263 2272//2272 2280//2280
f 2272//2272 1545//1545 1544//1544
f 2281//2281 2283//2283 2282//2282
f 2283//2283 2285//2285 2284//2284
f 1543//1543 1538//1538 2283//2283
f 1538//1538 1540//1540 2285//2285
f 2274//2274 2273//2273 2286//2286
f 2286//2286 2298//2298 2277//2277
f 2286//2286 2282//2282 2287//2287
f 2298//2298 2286//2286 2288//2288
f 2290//2290 2292//2292 2291//2291
f 2292//2292 2278//2278 2277//2277
f 2293//2293 2294//2294 2292//2292
f 2294//2294 2279//2279 2278//2278
f 2296//2296 2289//2289 2295//2295
f 2301//2301 2296//2296 2297//2297
f 2295//2295 2291//2291 2298//2298
f 2297//2297 2295//2295 2288//2288
f 2296//2296 2300//2300 2299//2299
f 2300//2300 2010//2010 2005//2005
f 2301//2301 2302//2302 2300//2300
f 2302//2302 2011//2011 2010//2010
f 2290//2290 2289//2289 2303//2303
f 2293//2293 2290//2290 2304//2304
f 2303//2303 2299//2299 2006//2006
f 2304//2304 2303//2303 1997//1997
f 2308//2308 2305//2305 2307//2307
f 2293//2293 2308//2308 2294//2294
f 2307//2307 2306//2306 2265//2265
f 2294//2294 2307//2307 2279//2279
f 2308//2308 2310//2310 2309//2309
f 2310//2310 1996//1996 1991//1991
f 2293//2293 2304//2304 2310//2310
f 2304//2304 1997//1997 1996//1996
f 2312//2312 2305//2305 2311//2311
f 2244//2244 2312//2312 2245//2245
f 2311//2311 2309//2309 1993//1993
f 2245//2245 2311//2311 2032//2032
f 2312//2312 2313//2313 2306//2306
f 2313//2313 2268//2268 2262//2262
f 2244//2244 2240//2240 2313//2313
f 2240//2240 2241//2241 2268//2268
f 2317//2317 2314//2314 2316//2316
f 2324//2324 2317//2317 2318//2318
f 2316//2316 2315//2315 2320//2320
f 2318//2318 2316//2316 2321//2321
f 2317//2317 2323//2323 2322//2322
f 2323//2323 2287//2287 2284//2284
f 2324//2324 2325//2325 2323//2323
f 2325//2325 2288//2288 2287//2287
f 2327//2327 2314//2314 2326//2326
f 1926//1926 2327//2327 1927//1927
f 2326//2326 2322//2322 2285//2285
f 1927//1927 2326//2326 1540//1540
f 2327//2327 2328//2328 2315//2315
f 2328//2328 2329//2329 2319//2319
f 1926//1926 1922//1922 2328//2328
f 1922//1922 1923//1923 2329//2329
f 2331//2331 2333//2333 2332//2332
f 2333//2333 2320//2320 2319//2319
f 2334//2334 2335//2335 2333//2333
f 2335//2335 2321//2321 2320//2320
f 2337//2337 2330//2330 2336//2336
f 1913//1913 2337//2337 1914//1914
f 2336//2336 2332//2332 2329//2329
f 1914//1914 2336//2336 1923//1923
f 2337//2337 2339//2339 2338//2338
f 2339//2339 2341//2341 2340//2340
f 1913//1913 1910//1910 2339//2339
f 1910//1910 1911//1911 2341//2341
f 2331//2331 2330//2330 2342//2342
f 2334//2334 2331//2331 2343//2343
f 2342//2342 2338//2338 2344//2344
f 2343//2343 2342//2342 2345//2345
f 2349//2349 2346//2346 2348//2348
f 2334//2334 2349//2349 2335//2335
f 2348//2348 2347//2347 2351//2351
f 2335//2335 2348//2348 2321//2321
f 2349//2349 2353//2353 2352//2352
f 2353//2353 2355//2355 2354//2354
f 2334//2334 2343//2343 2353//2353
f 2343//2343 2345//2345 2355//2355
f 2357//2357 2346//2346 2356//2356
f 2089//2089 2357//2357 2090//2090
f 2354//2354 2358//2358 2356//2356
f 2090//2090 2356//2356 2359//2359
f 2357//2357 2360//2360 2347//2347
f 2360//2360 2361//2361 2350//2350
f 2089//2089 2083//2083 2360//2360
f 2083//2083 2129//2129 2361//2361
f 2363//2363 2365//2365 2364//2364
f 2365//2365 2351//2351 2350//2350
f 2324//2324 2318//2318 2365//2365
f 2318//2318 2321//2321 2351//2351
f 2364//2364 2367//2367 2366//2366
f 2367//2367 2128//2128 2125//2125
f 2367//2367 2364//2364 2361//2361
f 2361//2361 2129//2129 2128//2128
f 2369//2369 2362//2362 2368//2368
f 2301//2301 2369//2369 2302//2302
f 2368//2368 2366//2366 2126//2126
f 2302//2302 2368//2368 2011//2011
f 2369//2369 2370//2370 2363//2363
f 2324//2324 2363//2363 2325//2325
f 2301//2301 2297//2297 2370//2370
f 2297//2297 2288//2288 2325//2325
f 2372//2372 2378//2378 2373//2373
f 2375//2375 2380//2380 2376//2376
f 2377//2377 2398//2398 2378//2378
f 2379//2379 2403//2403 2380//2380
f 2382//2382 2371//2371 2381//2381
f 1835//1835 2382//2382 2383//2383
f 2385//2385 2374//2374 2384//2384
f 1837//1837 2385//2385 1848//1848
f 2382//2382 2387//2387 2386//2386
f 2387//2387 2389//2389 2388//2388
f 1835//1835 1832//1832 2387//2387
f 1832//1832 1833//1833 2389//2389
f 2372//2372 2371//2371 2390//2390
f 2377//2377 2372//2372 2391//2391
f 2390//2390 2386//2386 2392//2392
f 2391//2391 2390//2390 2393//2393
f 2397//2397 2394//2394 2396//2396
f 2377//2377 2397//2397 2398//2398
f 2402//2402 2399//2399 2401//2401
f 2379//2379 2402//2402 2403//2403
f 2397//2397 2405//2405 2404//2404
f 2405//2405 2407//2407 2406//2406
f 2377//2377 2391//2391 2405//2405
f 2391//2391 2393//2393 2407//2407
f 2409//2409 2394//2394 2408//2408
f 2107//2107 2409//2409 2112//2112
f 2408//2408 2404//2404 2410//2410
f 2112//2112 2408//2408 1950//1950
f 2409//2409 2412//2412 2395//2395
f 2411//2411 2421//2421 2400//2400
f 2107//2107 5102//5102 2412//2412
f 2421//2421 2411//2411 2095//2095
f 2416//2416 2413//2413 2415//2415
f 2400//2400 2416//2416 2401//2401
f 2417//2417 2418//2418 2415//2415
f 2418//2418 2403//2403 2401//2401
f 2416//2416 2420//2420 2419//2419
f 2420//2420 2094//2094 2088//2088
f 2400//2400 2421//2421 2420//2420
f 2421//2421 2095//2095 2094//2094
f 2423//2423 2413//2413 2422//2422
f 2354//2354 2423//2423 2358//2358
f 2422//2422 2419//2419 2091//2091
f 2358//2358 2422//2422 2359//2359
f 2423//2423 2424//2424 2414//2414
f 2424//2424 2431//2431 2417//2417
f 2354//2354 2355//2355 2424//2424
f 2431//2431 2424//2424 2345//2345
f 2428//2428 2425//2425 2427//2427
f 2417//2417 2428//2428 2418//2418
f 2427//2427 2426//2426 2380//2380
f 2418//2418 2427//2427 2403//2403
f 2428//2428 2430//2430 2429//2429
f 2430//2430 2344//2344 2340//2340
f 2417//2417 2431//2431 2430//2430
f 2431//2431 2345//2345 2344//2344
f 2433//2433 2425//2425 2432//2432
f 1852//1852 2433//2433 1853//1853
f 2432//2432 2429//2429 2341//2341
f 1853//1853 2432//2432 1911//1911
f 2433//2433 2434//2434 2426//2426
f 2434//2434 2384//2384 2376//2376
f 1852//1852 1847//1847 2434//2434
f 1847//1847 1848//1848 2384//2384
f 2436//2436 2438//2438 2437//2437
f 2438//2438 2442//2442 2439//2439
f 2440//2440 2441//2441 2438//2438
f 2441//2441 2456//2456 2442//2442
f 2444//2444 2435//2435 2443//2443
f 1779//1779 2444//2444 1780//1780
f 2443//2443 2437//2437 2445//2445
f 1780//1780 2443//2443 1789//1789
f 2444//2444 2447//2447 2446//2446
f 2447//2447 2197//2197 2193//2193
f 1779//1779 1777//1777 2447//2447
f 1777//1777 1441//1441 2197//2197
f 2436//2436 2435//2435 2448//2448
f 2440//2440 2436//2436 2449//2449
f 2448//2448 2446//2446 2194//2194
f 2449//2449 2448//2448 2183//2183
f 2453//2453 2450//2450 2452//2452
f 2440//2440 2453//2453 2441//2441
f 2452//2452 2451//2451 2455//2455
f 2441//2441 2452//2452 2456//2456
f 2453//2453 2458//2458 2457//2457
f 2458//2458 2182//2182 2178//2178
f 2440//2440 2449//2449 2458//2458
f 2449//2449 2183//2183 2182//2182
f 2460//2460 2450//2450 2459//2459
f 1970//1970 2460//2460 1971//1971
f 2459//2459 2457//2457 2179//2179
f 1971//1971 2459//2459 2050//2050
f 2460//2460 2461//2461 2451//2451
f 2461//2461 2462//2462 2454//2454
f 1970//1970 1965//1965 2461//2461
f 1965//1965 1966//1966 2462//2462
f 2464//2464 2466//2466 2465//2465
f 2466//2466 2455//2455 2454//2454
f 2467//2467 2468//2468 2466//2466
f 2468//2468 2456//2456 2455//2455
f 2470//2470 2463//2463 2469//2469
f 1952//1952 2470//2470 1953//1953
f 2469//2469 2465//2465 2462//2462
f 1953//1953 2469//2469 1966//1966
f 2470//2470 2472//2472 2471//2471
f 2472//2472 2410//2410 2406//2406
f 1952//1952 1947//1947 2472//2472
f 1947//1947 1950//1950 2410//2410
f 2464//2464 2463//2463 2473//2473
f 2467//2467 2464//2464 2474//2474
f 2473//2473 2471//2471 2407//2407
f 2474//2474 2473//2473 2393//2393
f 2478//2478 2475//2475 2477//2477
f 2467//2467 2478//2478 2468//2468
f 2477//2477 2476//2476 2442//2442
f 2468//2468 2477//2477 2456//2456
f 2478//2478 2480//2480 2479//2479
f 2480//2480 2392//2392 2388//2388
f 2467//2467 2474//2474 2480//2480
f 2474//2474 2393//2393 2392//2392
f 2482//2482 2475//2475 2481//2481
f 1793//1793 2482//2482 1794//1794
f 2481//2481 2479//2479 2389//2389
f 1794//1794 2481//2481 1833//1833
f 2482//2482 2483//2483 2476//2476
f 2483//2483 2445//2445 2439//2439
f 1793//1793 1788//1788 2483//2483
f 1788//1788 1789//1789 2445//2445
f 2485//2485 2487//2487 2486//2486
f 2487//2487 2489//2489 2488//2488
f 2486//2486 2491//2491 2490//2490
f 2491//2491 2534//2534 2492//2492
f 2491//2491 2486//2486 2493//2493
f 2534//2534 2491//2491 2494//2494
f 2496//2496 2484//2484 2495//2495
f 2501//2501 2496//2496 2497//2497
f 2495//2495 2490//2490 2498//2498
f 2497//2497 2495//2495 2499//2499
f 2485//2485 2484//2484 2500//2500
f 2504//2504 2503//2503 2489//2489
f 2508//2508 2502//2502 2507//2507
f 2513//2513 2508//2508 2509//2509
f 2507//2507 2505//2505 2510//2510
f 2509//2509 2507//2507 2511//2511
f 2508//2508 2512//2512 2503//2503
f 2512//2512 2493//2493 2488//2488
f 2513//2513 2514//2514 2512//2512
f 2514//2514 2494//2494 2493//2493
f 2516//2516 2518//2518 2517//2517
f 2518//2518 2540//2540 2519//2519
f 2518//2518 2516//2516 2521//2521
f 2540//2540 2518//2518 2522//2522
f 2524//2524 2515//2515 2523//2523
f 2530//2530 2524//2524 2525//2525
f 2523//2523 2517//2517 2526//2526
f 2525//2525 2523//2523 2527//2527
f 2524//2524 2529//2529 2528//2528
f 2529//2529 2498//2498 2492//2492
f 2530//2530 2531//2531 2529//2529
f 2531//2531 2499//2499 2498//2498
f 2516//2516 2515//2515 2532//2532
f 2520//2520 2516//2516 2533//2533
f 2532//2532 2528//2528 2534//2534
f 2534//2534 2494//2494 2533//2533
f 2536//2536 2538//2538 2537//2537
f 2538//2538 2541//2541 2539//2539
f 2538//2538 2536//2536 2540//2540
f 2540//2540 2522//2522 2541//2541
f 2543//2543 2535//2535 2542//2542
f 2550//2550 2543//2543 2544//2544
f 2542//2542 2537//2537 2545//2545
f 2544//2544 2542//2542 2546//2546
f 2543//2543 2548//2548 2547//2547
f 2553//2553 2547//2547 2549//2549
f 2550//2550 2551//2551 2548//2548
f 2551//2551 2604//2604 2549//2549
f 2547//2547 2552//2552 2536//2536
f 2552//2552 2526//2526 2519//2519
f 2553//2553 2554//2554 2552//2552
f 2554//2554 2527//2527 2526//2526
f 2558//2558 2555//2555 2557//2557
f 2563//2563 2558//2558 2559//2559
f 2557//2557 2556//2556 2541//2541
f 2559//2559 2557//2557 2522//2522
f 2558//2558 2561//2561 2560//2560
f 2561//2561 2565//2565 2562//2562
f 2563//2563 2564//2564 2561//2561
f 2564//2564 2586//2586 2565//2565
f 2567//2567 2555//2555 2566//2566
f 2572//2572 2567//2567 2568//2568
f 2566//2566 2560//2560 2569//2569
f 2568//2568 2566//2566 2570//2570
f 2567//2567 2571//2571 2556//2556
f 2571//2571 2545//2545 2539//2539
f 2572//2572 2573//2573 2571//2571
f 2573//2573 2546//2546 2545//2545
f 2575//2575 2577//2577 2576//2576
f 2577//2577 2521//2521 2520//2520
f 2563//2563 2559//2559 2577//2577
f 2559//2559 2522//2522 2521//2521
f 2579//2579 2574//2574 2578//2578
f 2513//2513 2579//2579 2514//2514
f 2578//2578 2576//2576 2533//2533
f 2514//2514 2578//2578 2494//2494
f 2579//2579 2581//2581 2580//2580
f 2581//2581 2583//2583 2582//2582
f 2513//2513 2509//2509 2581//2581
f 2509//2509 2511//2511 2583//2583
f 2575//2575 2574//2574 2584//2584
f 2563//2563 2575//2575 2564//2564
f 2584//2584 2580//2580 2585//2585
f 2564//2564 2584//2584 2586//2586
f 2590//2590 2587//2587 2589//2589
f 2598//2598 2590//2590 2591//2591
f 2589//2589 2588//2588 2593//2593
f 2591//2591 2589//2589 2594//2594
f 2590//2590 2596//2596 2595//2595
f 2596//2596 2600//2600 2597//2597
f 2598//2598 2599//2599 2596//2596
f 2599//2599 2625//2625 2600//2600
f 2602//2602 2587//2587 2601//2601
f 2550//2550 2602//2602 2551//2551
f 2601//2601 2595//2595 2603//2603
f 2551//2551 2601//2601 2604//2604
f 2602//2602 2605//2605 2588//2588
f 2605//2605 2606//2606 2592//2592
f 2550//2550 2544//2544 2605//2605
f 2544//2544 2546//2546 2606//2606
f 2608//2608 2610//2610 2609//2609
f 2610//2610 2612//2612 2611//2611
f 2598//2598 2591//2591 2610//2610
f 2591//2591 2594//2594 2612//2612
f 2614//2614 2607//2607 2613//2613
f 2613//2613 2617//2617 2615//2615
f 2613//2613 2609//2609 2616//2616
f 2616//2616 3048//3048 2617//2617
f 2614//2614 2619//2619 2618//2618
f 2619//2619 2914//2914 2620//2620
f 2619//2619 2614//2614 2621//2621
f 2914//2914 2619//2619 2622//2622
f 2608//2608 2607//2607 2623//2623
f 2598//2598 2608//2608 2599//2599
f 2623//2623 2618//2618 2624//2624
f 2599//2599 2623//2623 2625//2625
f 2629//2629 2626//2626 2628//2628
f 2634//2634 2629//2629 2630//2630
f 2628//2628 2627//2627 2612//2612
f 2630//2630 2628//2628 2594//2594
f 2629//2629 2632//2632 2631//2631
f 2632//2632 2636//2636 2633//2633
f 2634//2634 2635//2635 2632//2632
f 2635//2635 2657//2657 2636//2636
f 2638//2638 2626//2626 2637//2637
f 2643//2643 2638//2638 2639//2639
f 2637//2637 2631//2631 2640//2640
f 2639//2639 2637//2637 2641//2641
f 2638//2638 2642//2642 2627//2627
f 2642//2642 2616//2616 2611//2611
f 2643//2643 2644//2644 2642//2642
f 2644//2644 3048//3048 2616//2616
f 2646//2646 2648//2648 2647//2647
f 2648//2648 2593//2593 2592//2592
f 2634//2634 2630//2630 2648//2648
f 2630//2630 2594//2594 2593//2593
f 2650//2650 2645//2645 2649//2649
f 2572//2572 2650//2650 2573//2573
f 2649//2649 2647//2647 2606//2606
f 2573//2573 2649//2649 2546//2546
f 2650//2650 2652//2652 2651//2651
f 2652//2652 2654//2654 2653//2653
f 2572//2572 2568//2568 2652//2652
f 2568//2568 2570//2570 2654//2654
f 2646//2646 2645//2645 2655//2655
f 2634//2634 2646//2646 2635//2635
f 2655//2655 2651//2651 2656//2656
f 2635//2635 2655//2655 2657//2657
f 2665//2665 2659//2659 2660//2660
f 2660//2660 2658//2658 2662//2662
f 2659//2659 2664//2664 2663//2663
f 2664//2664 2510//2510 2506//2506
f 2665//2665 2666//2666 2664//2664
f 2666//2666 2511//2511 2510//2510
f 2670//2670 2662//2662 2661//2661
f 2674//2674 2671//2671 2673//2673
f 2681//2681 2674//2674 2675//2675
f 2673//2673 2672//2672 2677//2677
f 2675//2675 2673//2673 2678//2678
f 2674//2674 2680//2680 2679//2679
f 2680//2680 2585//2585 2582//2582
f 2681//2681 2682//2682 2680//2680
f 2682//2682 2586//2586 2585//2585
f 2684//2684 2671//2671 2683//2683
f 2665//2665 2684//2684 2666//2666
f 2683//2683 2679//2679 2583//2583
f 2666//2666 2683//2683 2511//2511
f 2684//2684 2685//2685 2672//2672
f 2685//2685 2686//2686 2676//2676
f 2665//2665 2660//2660 2685//2685
f 2660//2660 2662//2662 2686//2686
f 2688//2688 2690//2690 2689//2689
f 2690//2690 2692//2692 2691//2691
f 2681//2681 2675//2675 2690//2690
f 2675//2675 2678//2678 2692//2692
f 2694//2694 2687//2687 2693//2693
f 2700//2700 2694//2694 2695//2695
f 2693//2693 2689//2689 2696//2696
f 2695//2695 2693//2693 2697//2697
f 2694//2694 2699//2699 2698//2698
f 2699//2699 2569//2569 2562//2562
f 2700//2700 2701//2701 2699//2699
f 2701//2701 2570//2570 2569//2569
f 2688//2688 2687//2687 2702//2702
f 2681//2681 2688//2688 2682//2682
f 2702//2702 2698//2698 2565//2565
f 2682//2682 2702//2702 2586//2586
f 2706//2706 2703//2703 2705//2705
f 2711//2711 2706//2706 2707//2707
f 2705//2705 2704//2704 2692//2692
f 2707//2707 2705//2705 2678//2678
f 2706//2706 2709//2709 2708//2708
f 2709//2709 2713//2713 2710//2710
f 2711//2711 2712//2712 2709//2709
f 2712//2712 2734//2734 2713//2713
f 2715//2715 2703//2703 2714//2714
f 2720//2720 2715//2715 2716//2716
f 2714//2714 2708//2708 2717//2717
f 2716//2716 2714//2714 2718//2718
f 2715//2715 2719//2719 2704//2704
f 2719//2719 2696//2696 2691//2691
f 2720//2720 2721//2721 2719//2719
f 2721//2721 2697//2697 2696//2696
f 2723//2723 2725//2725 2724//2724
f 2725//2725 2677//2677 2676//2676
f 2711//2711 2707//2707 2725//2725
f 2707//2707 2678//2678 2677//2677
f 2727//2727 2722//2722 2726//2726
f 2669//2669 2727//2727 2670//2670
f 2726//2726 2724//2724 2686//2686
f 2670//2670 2726//2726 2662//2662
f 2727//2727 2729//2729 2728//2728
f 2729//2729 2731//2731 2730//2730
f 2669//2669 2667//2667 2729//2729
f 2667//2667 2668//2668 2731//2731
f 2723//2723 2722//2722 2732//2732
f 2711//2711 2723//2723 2712//2712
f 2732//2732 2728//2728 2733//2733
f 2712//2712 2732//2732 2734//2734
f 2736//2736 2738//2738 2737//2737
f 2738//2738 2742//2742 2739//2739
f 2738//2738 2736//2736 2741//2741
f 2741//2741 2755//2755 2742//2742
f 2744//2744 2735//2735 2743//2743
f 2653//2653 2744//2744 2656//2656
f 2743//2743 2737//2737 2745//2745
f 2656//2656 2743//2743 2657//2657
f 2744//2744 2747//2747 2746//2746
f 2700//2700 2746//2746 2701//2701
f 2653//2653 2654//2654 2747//2747
f 2701//2701 2747//2747 2570//2570
f 2746//2746 2748//2748 2736//2736
f 2748//2748 2749//2749 2740//2740
f 2700//2700 2695//2695 2748//2748
f 2695//2695 2697//2697 2749//2749
f 2753//2753 2750//2750 2752//2752
f 2761//2761 2760//2760 2775//2775
f 2752//2752 2751//2751 2742//2742
f 2754//2754 2752//2752 2755//2755
f 2760//2760 2758//2758 2757//2757
f 2758//2758 3075//3075 2759//2759
f 2761//2761 2762//2762 2758//2758
f 3075//3075 2758//2758 2763//2763
f 2765//2765 2750//2750 2764//2764
f 2633//2633 2765//2765 2640//2640
f 2764//2764 2756//2756 2767//2767
f 2640//2640 2764//2764 2641//2641
f 2765//2765 2768//2768 2751//2751
f 2768//2768 2745//2745 2739//2739
f 2633//2633 2636//2636 2768//2768
f 2636//2636 2657//2657 2745//2745
f 2776//2776 2769//2769 2771//2771
f 2780//2780 2772//2772 2774//2774
f 2771//2771 2770//2770 2775//2775
f 2774//2774 2773//2773 2755//2755
f 2776//2776 2778//2778 2777//2777
f 2778//2778 3318//3318 2779//2779
f 2780//2780 2782//2782 2781//2781
f 2782//2782 2804//2804 2783//2783
f 2785//2785 2769//2769 2784//2784
f 2790//2790 2785//2785 2786//2786
f 2784//2784 2777//2777 2787//2787
f 2786//2786 2784//2784 2788//2788
f 2785//2785 2789//2789 2770//2770
f 2789//2789 2762//2762 2761//2761
f 2790//2790 2791//2791 2789//2789
f 2791//2791 2763//2763 2762//2762
f 2793//2793 2795//2795 2794//2794
f 2795//2795 2741//2741 2740//2740
f 2780//2780 2774//2774 2795//2795
f 2774//2774 2755//2755 2741//2741
f 2797//2797 2792//2792 2796//2796
f 2720//2720 2797//2797 2721//2721
f 2796//2796 2794//2794 2749//2749
f 2721//2721 2796//2796 2697//2697
f 2797//2797 2799//2799 2798//2798
f 2799//2799 2801//2801 2800//2800
f 2720//2720 2716//2716 2799//2799
f 2716//2716 2718//2718 2801//2801
f 2793//2793 2792//2792 2802//2802
f 2780//2780 2793//2793 2782//2782
f 2802//2802 2798//2798 2803//2803
f 2782//2782 2802//2802 2804//2804
f 2806//2806 2808//2808 2807//2807
f 2808//2808 2812//2812 2809//2809
f 2810//2810 2811//2811 2808//2808
f 2811//2811 2828//2828 2812//2812
f 2814//2814 2805//2805 2813//2813
f 2553//2553 2814//2814 2554//2554
f 2813//2813 2807//2807 2815//2815
f 2554//2554 2813//2813 2527//2527
f 2814//2814 2817//2817 2816//2816
f 2817//2817 2930//2930 2818//2818
f 2553//2553 2549//2549 2817//2817
f 2930//2930 2817//2817 2604//2604
f 2806//2806 2805//2805 2819//2819
f 2810//2810 2806//2806 2820//2820
f 2819//2819 2816//2816 2821//2821
f 2820//2820 2819//2819 2822//2822
f 2826//2826 2823//2823 2825//2825
f 2832//2832 2826//2826 2827//2827
f 2825//2825 2824//2824 2812//2812
f 2827//2827 2825//2825 2828//2828
f 2826//2826 2830//2830 2829//2829
f 2830//2830 2834//2834 2831//2831
f 2832//2832 2833//2833 2830//2830
f 2833//2833 2858//2858 2834//2834
f 2836//2836 2823//2823 2835//2835
f 2530//2530 2836//2836 2531//2531
f 2835//2835 2829//2829 2837//2837
f 2531//2531 2835//2835 2499//2499
f 2836//2836 2838//2838 2824//2824
f 2838//2838 2815//2815 2809//2809
f 2530//2530 2525//2525 2838//2838
f 2525//2525 2527//2527 2815//2815
f 2840//2840 2842//2842 2841//2841
f 2842//2842 2844//2844 2843//2843
f 2832//2832 2827//2827 2842//2842
f 2827//2827 2828//2828 2844//2844
f 2846//2846 2839//2839 2845//2845
f 2853//2853 2846//2846 2847//2847
f 2845//2845 2841//2841 2848//2848
f 2847//2847 2845//2845 2849//2849
f 2846//2846 2851//2851 2850//2850
f 2851//2851 2855//2855 2852//2852
f 2853//2853 2854//2854 2851//2851
f 2854//2854 2950//2950 2855//2855
f 2840//2840 2839//2839 2856//2856
f 2832//2832 2840//2840 2833//2833
f 2856//2856 2850//2850 2857//2857
f 2833//2833 2856//2856 2858//2858
f 2862//2862 2859//2859 2861//2861
f 2810//2810 2862//2862 2811//2811
f 2861//2861 2860//2860 2844//2844
f 2811//2811 2861//2861 2828//2828
f 2862//2862 2864//2864 2863//2863
f 2864//2864 2866//2866 2865//2865
f 2810//2810 2820//2820 2864//2864
f 2820//2820 2822//2822 2866//2866
f 2868//2868 2859//2859 2867//2867
f 2873//2873 2868//2868 2869//2869
f 2867//2867 2863//2863 2870//2870
f 2869//2869 2867//2867 2871//2871
f 2868//2868 2872//2872 2860//2860
f 2872//2872 2848//2848 2843//2843
f 2873//2873 2874//2874 2872//2872
f 2874//2874 2849//2849 2848//2848
f 2876//2876 2878//2878 2877//2877
f 2878//2878 2882//2882 2879//2879
f 2880//2880 2881//2881 2878//2878
f 2881//2881 2906//2906 2882//2882
f 2890//2890 2875//2875 2883//2883
f 2894//2894 2884//2884 2886//2886
f 2883//2883 2877//2877 2887//2887
f 2886//2886 2885//2885 2889//2889
f 2890//2890 2892//2892 2891//2891
f 2892//2892 3630//3630 2893//2893
f 2894//2894 2896//2896 2895//2895
f 2896//2896 2973//2973 2897//2897
f 2876//2876 2875//2875 2898//2898
f 2880//2880 2876//2876 2899//2899
f 2898//2898 2891//2891 2900//2900
f 2900//2900 2939//2939 2899//2899
f 2904//2904 2901//2901 2903//2903
f 2909//2909 2904//2904 2905//2905
f 2903//2903 2902//2902 2882//2882
f 2905//2905 2903//2903 2906//2906
f 2904//2904 2908//2908 2907//2907
f 2908//2908 2624//2624 2620//2620
f 2909//2909 2910//2910 2908//2908
f 2910//2910 2625//2625 2624//2624
f 2912//2912 2901//2901 2911//2911
f 2916//2916 2912//2912 2913//2913
f 2911//2911 2907//2907 2914//2914
f 2914//2914 2622//2622 2913//2913
f 2912//2912 2915//2915 2902//2902
f 2915//2915 2887//2887 2879//2879
f 3023//3023 2918//2918 2917//2917
f 2918//2918 2889//2889 2888//2888
f 2920//2920 2922//2922 2921//2921
f 2922//2922 2924//2924 2923//2923
f 2909//2909 2905//2905 2922//2922
f 2905//2905 2906//2906 2924//2924
f 2926//2926 2919//2919 2925//2925
f 2818//2818 2926//2926 2821//2821
f 2925//2925 2921//2921 2927//2927
f 2927//2927 2822//2822 2821//2821
f 2926//2926 2929//2929 2928//2928
f 2929//2929 2603//2603 2597//2597
f 2818//2818 2930//2930 2929//2929
f 2930//2930 2604//2604 2603//2603
f 2920//2920 2919//2919 2931//2931
f 2909//2909 2920//2920 2910//2910
f 2931//2931 2928//2928 2600//2600
f 2910//2910 2931//2931 2625//2625
f 2933//2933 2935//2935 2934//2934
f 2880//2880 2934//2934 2881//2881
f 2935//2935 2933//2933 2924//2924
f 2881//2881 2935//2935 2906//2906
f 2937//2937 2932//2932 2936//2936
f 2942//2942 2937//2937 2938//2938
f 2936//2936 2934//2934 2899//2899
f 2938//2938 2936//2936 2939//2939
f 2937//2937 2941//2941 2940//2940
f 2941//2941 2870//2870 2865//2865
f 2942//2942 2943//2943 2941//2941
f 2943//2943 2871//2871 2870//2870
f 2933//2933 2932//2932 2944//2944
f 2944//2944 2927//2927 2923//2923
f 2944//2944 2940//2940 2866//2866
f 2927//2927 2944//2944 2822//2822
f 2946//2946 2857//2857 2852//2852
f 2947//2947 2858//2858 2857//2857
f 2952//2952 2954//2954 2953//2953
f 2954//2954 2837//2837 2831//2831
f 2501//2501 2497//2497 2954//2954
f 2497//2497 2499//2499 2837//2837
f 2955//2955 2953//2953 2834//2834
f 2947//2947 2955//2955 2858//2858
f 2959//2959 2956//2956 2958//2958
f 2967//2967 2959//2959 2960//2960
f 2958//2958 2957//2957 2962//2962
f 2960//2960 2958//2958 2963//2963
f 2959//2959 2965//2965 2964//2964
f 2965//2965 2969//2969 2966//2966
f 2967//2967 2968//2968 2965//2965
f 2968//2968 2995//2995 2969//2969
f 2971//2971 2956//2956 2970//2970
f 2894//2894 2971//2971 2896//2896
f 2970//2970 2964//2964 2972//2972
f 2896//2896 2970//2970 2973//2973
f 2971//2971 2974//2974 2957//2957
f 2974//2974 2975//2975 2961//2961
f 2894//2894 2886//2886 2974//2974
f 2886//2886 2889//2889 2975//2975
f 2977//2977 2979//2979 2978//2978
f 2979//2979 2981//2981 2980//2980
f 2967//2967 2960//2960 2979//2979
f 2960//2960 2963//2963 2981//2981
f 2983//2983 2976//2976 2982//2982
f 2990//2990 2983//2983 2984//2984
f 2982//2982 2978//2978 2985//2985
f 2984//2984 2982//2982 2986//2986
f 2983//2983 2988//2988 2987//2987
f 2988//2988 2992//2992 2989//2989
f 2990//2990 2991//2991 2988//2988
f 2991//2991 3203//3203 2992//2992
f 2977//2977 2976//2976 2993//2993
f 2967//2967 2977//2977 2968//2968
f 2993//2993 2987//2987 2994//2994
f 2968//2968 2993//2993 2995//2995
f 2999//2999 2996//2996 2998//2998
f 3004//3004 2999//2999 3000//3000
f 2998//2998 2997//2997 2981//2981
f 3000//3000 2998//2998 2963//2963
f 2999//2999 3002//3002 3001//3001
f 3002//3002 3006//3006 3003//3003
f 3004//3004 3005//3005 3002//3002
f 3005//3005 3028//3028 3006//3006
f 3008//3008 2996//2996 3007//3007
f 3012//3012 3008//3008 3009//3009
f 3007//3007 3001//3001 3010//3010
f 3009//3009 3007//3007 2788//2788
f 3008//3008 3011//3011 2997//2997
f 3011//3011 2985//2985 2980//2980
f 3012//3012 3013//3013 3011//3011
f 3013//3013 2986//2986 2985//2985
f 3015//3015 3017//3017 3016//3016
f 3017//3017 2962//2962 2961//2961
f 3004//3004 3000//3000 3017//3017
f 3000//3000 2963//2963 2962//2962
f 3019//3019 3014//3014 3018//3018
f 3023//3023 3019//3019 2918//2918
f 3018//3018 3016//3016 2975//2975
f 2918//2918 3018//3018 2889//2889
f 3019//3019 3021//3021 3020//3020
f 3026//3026 3020//3020 3022//3022
f 2916//2916 2913//2913 3024//3024
f 3044//3044 3024//3024 2622//2622
f 3015//3015 3014//3014 3025//3025
f 3004//3004 3015//3015 3005//3005
f 3025//3025 3020//3020 3027//3027
f 3005//3005 3025//3025 3028//3028
f 3030//3030 3032//3032 3031//3031
f 3032//3032 3036//3036 3033//3033
f 3034//3034 3035//3035 3032//3032
f 3035//3035 3065//3065 3036//3036
f 3038//3038 3029//3029 3037//3037
f 3026//3026 3038//3038 3027//3027
f 3033//3033 3039//3039 3037//3037
f 3039//3039 3028//3028 3027//3027
f 3038//3038 3043//3043 3040//3040
f 3042//3042 2621//2621 2615//2615
f 3026//3026 3022//3022 3043//3043
f 3044//3044 2622//2622 2621//2621
f 3030//3030 3029//3029 3045//3045
f 3034//3034 3030//3030 3046//3046
f 3047//3047 3041//3041 2617//2617
f 3070//3070 3047//3047 3048//3048
f 3050//3050 3052//3052 3051//3051
f 3052//3052 3054//3054 3053//3053
f 3033//3033 3036//3036 3052//3052
f 3036//3036 3065//3065 3054//3054
f 3056//3056 3049//3049 3055//3055
f 2790//2790 3056//3056 2791//2791
f 3055//3055 3051//3051 3057//3057
f 2791//2791 3055//3055 2763//2763
f 3056//3056 3059//3059 3058//3058
f 3059//3059 3010//3010 3003//3003
f 2790//2790 2786//2786 3059//3059
f 2786//2786 2788//2788 3010//3010
f 3050//3050 3049//3049 3060//3060
f 3033//3033 3050//3050 3039//3039
f 3060//3060 3058//3058 3006//3006
f 3039//3039 3060//3060 3028//3028
f 3064//3064 3061//3061 3063//3063
f 3034//3034 3064//3064 3035//3035
f 3063//3063 3062//3062 3054//3054
f 3035//3035 3063//3063 3065//3065
f 3064//3064 3069//3069 3066//3066
f 3068//3068 2644//2644 2643//2643
f 3034//3034 3046//3046 3069//3069
f 3070//3070 3048//3048 2644//2644
f 3072//3072 3061//3061 3071//3071
f 2759//2759 3072//3072 2766//2766
f 3073//3073 3067//3067 2639//2639
f 2767//2767 3073//3073 2641//2641
f 3072//3072 3074//3074 3062//3062
f 3074//3074 3057//3057 3053//3053
f 2759//2759 3075//3075 3074//3074
f 3075//3075 2763//2763 3057//3057
f 3077//3077 3079//3079 3078//3078
f 3079//3079 3083//3083 3080//3080
f 3081//3081 3082//3082 3079//3079
f 3082//3082 3104//3104 3083//3083
f 3085//3085 3076//3076 3084//3084
f 3092//3092 3085//3085 3086//3086
f 3084//3084 3078//3078 3087//3087
f 3086//3086 3084//3084 3088//3088
f 3085//3085 3090//3090 3089//3089
f 3090//3090 3094//3094 3091//3091
f 3092//3092 3093//3093 3090//3090
f 3093//3093 4252//4252 3094//3094
f 3077//3077 3076//3076 3095//3095
f 3081//3081 3077//3077 3096//3096
f 3095//3095 3089//3089 3097//3097
f 3096//3096 3095//3095 3098//3098
f 3102//3102 3099//3099 3101//3101
f 3108//3108 3102//3102 3103//3103
f 3101//3101 3100//3100 3083//3083
f 3103//3103 3101//3101 3104//3104
f 3102//3102 3106//3106 3105//3105
f 3106//3106 3110//3110 3107//3107
f 3108//3108 3109//3109 3106//3106
f 3109//3109 3138//3138 3110//3110
f 3112//3112 3099//3099 3111//3111
f 3117//3117 3112//3112 3113//3113
f 3111//3111 3105//3105 3114//3114
f 3113//3113 3111//3111 3115//3115
f 3112//3112 3116//3116 3100//3100
f 3116//3116 3087//3087 3080//3080
f 3117//3117 3118//3118 3116//3116
f 3118//3118 3088//3088 3087//3087
f 3120//3120 3122//3122 3121//3121
f 3122//3122 3124//3124 3123//3123
f 3108//3108 3103//3103 3122//3122
f 3103//3103 3104//3104 3124//3124
f 3126//3126 3119//3119 3125//3125
f 3133//3133 3126//3126 3127//3127
f 3125//3125 3121//3121 3128//3128
f 3127//3127 3125//3125 3129//3129
f 3126//3126 3131//3131 3130//3130
f 3131//3131 3135//3135 3132//3132
f 3133//3133 3134//3134 3131//3131
f 3134//3134 3170//3170 3135//3135
f 3120//3120 3119//3119 3136//3136
f 3108//3108 3120//3120 3109//3109
f 3136//3136 3130//3130 3137//3137
f 3109//3109 3136//3136 3138//3138
f 3142//3142 3139//3139 3141//3141
f 3081//3081 3142//3142 3082//3082
f 3141//3141 3140//3140 3124//3124
f 3082//3082 3141//3141 3104//3104
f 3142//3142 3144//3144 3143//3143
f 3144//3144 3146//3146 3145//3145
f 3081//3081 3096//3096 3144//3144
f 3096//3096 3098//3098 3146//3146
f 3148//3148 3139//3139 3147//3147
f 3153//3153 3148//3148 3149//3149
f 3147//3147 3143//3143 3150//3150
f 3149//3149 3147//3147 3151//3151
f 3148//3148 3152//3152 3140//3140
f 3152//3152 3128//3128 3123//3123
f 3153//3153 3154//3154 3152//3152
f 3154//3154 3129//3129 3128//3128
f 3158//3158 3155//3155 3157//3157
f 3165//3165 3158//3158 3159//3159
f 3157//3157 3156//3156 3161//3161
f 3159//3159 3157//3157 3162//3162
f 3158//3158 3164//3164 3163//3163
f 3164//3164 3137//3137 3132//3132
f 3165//3165 3166//3166 3164//3164
f 3166//3166 3138//3138 3137//3137
f 3168//3168 3155//3155 3167//3167
f 3172//3172 3168//3168 3169//3169
f 3167//3167 3163//3163 3135//3135
f 3169//3169 3167//3167 3170//3170
f 3168//3168 3171//3171 3156//3156
f 3171//3171 3174//3174 3160//3160
f 3172//3172 3173//3173 3171//3171
f 3173//3173 3214//3214 3174//3174
f 3176//3176 3178//3178 3177//3177
f 3178//3178 3180//3180 3179//3179
f 3165//3165 3159//3159 3178//3178
f 3159//3159 3162//3162 3180//3180
f 3182//3182 3175//3175 3181//3181
f 3188//3188 3182//3182 3183//3183
f 3181//3181 3177//3177 3184//3184
f 3183//3183 3181//3181 3185//3185
f 3182//3182 3187//3187 3186//3186
f 3187//3187 3114//3114 3107//3107
f 3188//3188 3189//3189 3187//3187
f 3189//3189 3115//3115 3114//3114
f 3176//3176 3175//3175 3190//3190
f 3165//3165 3176//3176 3166//3166
f 3190//3190 3186//3186 3110//3110
f 3166//3166 3190//3190 3138//3138
f 3194//3194 3191//3191 3193//3193
f 3198//3198 3194//3194 3195//3195
f 3193//3193 3192//3192 3180//3180
f 3195//3195 3193//3193 3162//3162
f 3194//3194 3197//3197 3196//3196
f 3197//3197 2994//2994 2989//2989
f 3198//3198 3199//3199 3197//3197
f 3199//3199 2995//2995 2994//2994
f 3201//3201 3191//3191 3200//3200
f 3205//3205 3201//3201 3202//3202
f 3200//3200 3196//3196 2992//2992
f 3202//3202 3200//3200 3203//3203
f 3201//3201 3204//3204 3192//3192
f 3204//3204 3184//3184 3179//3179
f 3205//3205 3206//3206 3204//3204
f 3206//3206 3185//3185 3184//3184
f 3208//3208 3210//3210 3209//3209
f 3210//3210 3161//3161 3160//3160
f 3198//3198 3195//3195 3210//3210
f 3195//3195 3162//3162 3161//3161
f 3212//3212 3207//3207 3211//3211
f 3217//3217 3212//3212 3213//3213
f 3211//3211 3209//3209 3174//3174
f 3213//3213 3211//3211 3214//3214
f 3212//3212 3216//3216 3215//3215
f 3216//3216 2972//2972 2966//2966
f 3217//3217 3218//3218 3216//3216
f 3218//3218 2973//2973 2972//2972
f 3208//3208 3207//3207 3219//3219
f 3198//3198 3208//3208 3199//3199
f 3219//3219 3215//3215 2969//2969
f 3199//3199 3219//3219 2995//2995
f 3223//3223 3220//3220 3222//3222
f 3230//3230 3223//3223 3224//3224
f 3222//3222 3221//3221 3226//3226
f 3224//3224 3222//3222 3227//3227
f 3223//3223 3229//3229 3228//3228
f 3229//3229 2733//2733 2730//2730
f 3230//3230 3231//3231 3229//3229
f 3231//3231 2734//2734 2733//2733
f 3233//3233 3220//3220 3232//3232
f 3236//3236 3233//3233 3234//3234
f 3232//3232 3228//3228 2731//2731
f 3234//3234 3232//3232 2668//2668
f 3233//3233 3235//3235 3221//3221
f 3235//3235 3238//3238 3225//3225
f 3236//3236 3237//3237 3235//3235
f 3237//3237 3288//3288 3238//3238
f 3240//3240 3242//3242 3241//3241
f 3242//3242 3244//3244 3243//3243
f 3230//3230 3224//3224 3242//3242
f 3224//3224 3227//3227 3244//3244
f 3246//3246 3239//3239 3245//3245
f 3252//3252 3246//3246 3247//3247
f 3245//3245 3241//3241 3248//3248
f 3247//3247 3245//3245 3249//3249
f 3246//3246 3251//3251 3250//3250
f 3251//3251 2717//2717 2710//2710
f 3252//3252 3253//3253 3251//3251
f 3253//3253 2718//2718 2717//2717
f 3240//3240 3239//3239 3254//3254
f 3230//3230 3240//3240 3231//3231
f 3254//3254 3250//3250 2713//2713
f 3231//3231 3254//3254 2734//2734
f 3256//3256 3258//3258 3257//3257
f 3258//3258 3282//3282 3259//3259
f 3243//3243 3244//3244 3261//3261
f 3244//3244 3227//3227 3262//3262
f 3264//3264 3255//3255 3263//3263
f 3271//3271 3264//3264 3265//3265
f 3263//3263 3257//3257 3266//3266
f 3265//3265 3263//3263 3267//3267
f 3264//3264 3269//3269 3268//3268
f 3269//3269 3273//3273 3270//3270
f 3271//3271 3272//3272 3269//3269
f 3272//3272 3493//3493 3273//3273
f 3256//3256 3255//3255 3274//3274
f 3275//3275 3248//3248 3243//3243
f 3270//3270 3351//3351 3274//3274
f 3276//3276 3249//3249 3248//3248
f 3283//3283 3277//3277 3279//3279
f 3225//3225 3280//3280 3226//3226
f 3279//3279 3278//3278 3282//3282
f 3226//3226 3281//3281 3227//3227
f 3283//3283 3285//3285 3284//3284
f 3285//3285 5103//5103 3286//3286
f 3225//3225 3238//3238 3287//3287
f 3299//3299 3287//3287 3288//3288
f 3290//3290 3277//3277 3289//3289
f 3295//3295 3290//3290 3291//3291
f 3289//3289 3284//3284 3292//3292
f 3291//3291 3289//3289 3293//3293
f 3290//3290 3294//3294 3278//3278
f 3294//3294 3266//3266 3259//3259
f 3295//3295 3296//3296 3294//3294
f 3296//3296 3267//3267 3266//3266
f 3297//3297 3292//3292 3286//3286
f 3298//3298 3293//3293 3292//3292
f 3301//3301 3303//3303 3302//3302
f 3303//3303 3325//3325 3304//3304
f 3306//3306 3308//3308 3307//3307
f 3308//3308 3327//3327 3309//3309
f 3311//3311 3300//3300 3310//3310
f 3012//3012 3311//3311 3013//3013
f 3310//3310 3302//3302 3312//3312
f 3013//3013 3310//3310 2986//2986
f 3311//3311 3314//3314 3313//3313
f 3314//3314 2787//2787 2779//2779
f 3012//3012 3009//3009 3314//3314
f 3009//3009 2788//2788 2787//2787
f 3301//3301 3300//3300 3315//3315
f 3306//3306 3305//3305 3317//3317
f 3315//3315 3313//3313 3318//3318
f 3317//3317 3316//3316 2804//2804
f 3328//3328 3319//3319 3321//3321
f 3332//3332 3322//3322 3324//3324
f 3321//3321 3320//3320 3325//3325
f 3347//3347 3326//3326 3327//3327
f 3328//3328 3330//3330 3329//3329
f 3330//3330 3530//3530 3331//3331
f 3332//3332 3334//3334 3333//3333
f 3334//3334 3360//3360 3335//3335
f 3337//3337 3319//3319 3336//3336
f 2990//2990 3337//3337 2991//2991
f 3336//3336 3329//3329 3338//3338
f 2991//2991 3336//3336 3203//3203
f 3337//3337 3339//3339 3320//3320
f 3339//3339 3312//3312 3304//3304
f 2990//2990 2984//2984 3339//3339
f 2984//2984 2986//2986 3312//3312
f 3341//3341 3346//3346 3342//3342
f 3344//3344 3348//3348 3345//3345
f 3332//3332 3324//3324 3346//3346
f 3347//3347 3327//3327 3348//3348
f 3350//3350 3340//3340 3349//3349
f 3270//3270 3350//3350 3351//3351
f 3353//3353 3343//3343 3352//3352
f 3276//3276 3353//3353 3249//3249
f 3350//3350 3355//3355 3354//3354
f 3355//3355 3357//3357 3356//3356
f 3270//3270 3273//3273 3355//3355
f 3273//3273 3493//3493 3357//3357
f 3341//3341 3340//3340 3358//3358
f 3332//3332 3341//3341 3334//3334
f 3358//3358 3354//3354 3359//3359
f 3334//3334 3358//3358 3360//3360
f 3364//3364 3361//3361 3363//3363
f 3306//3306 3364//3364 3308//3308
f 3363//3363 3362//3362 3348//3348
f 3308//3308 3363//3363 3327//3327
f 3364//3364 3366//3366 3365//3365
f 3366//3366 2803//2803 2800//2800
f 3306//3306 3317//3317 3366//3366
f 3317//3317 2804//2804 2803//2803
f 3368//3368 3361//3361 3367//3367
f 3252//3252 3368//3368 3253//3253
f 3367//3367 3365//3365 2801//2801
f 3253//3253 3367//3367 2718//2718
f 3368//3368 3369//3369 3362//3362
f 3369//3369 3352//3352 3345//3345
f 3252//3252 3247//3247 3369//3369
f 3247//3247 3249//3249 3352//3352
f 3373//3373 3370//3370 3372//3372
f 3372//3372 3377//3377 3374//3374
f 3372//3372 3371//3371 3376//3376
f 3376//3376 3393//3393 3377//3377
f 3373//3373 3379//3379 3378//3378
f 3379//3379 3382//3382 3380//3380
f 3374//3374 3381//3381 3379//3379
f 3381//3381 3594//3594 3382//3382
f 3384//3384 3370//3370 3383//3383
f 2853//2853 3384//3384 2854//2854
f 3383//3383 3378//3378 3385//3385
f 2854//2854 3383//3383 2950//2950
f 3384//3384 3386//3386 3371//3371
f 3386//3386 3387//3387 3375//3375
f 2853//2853 2847//2847 3386//3386
f 2847//2847 2849//2849 3387//3387
f 3391//3391 3388//3388 3390//3390
f 3397//3397 3391//3391 3392//3392
f 3390//3390 3389//3389 3377//3377
f 3392//3392 3390//3390 3393//3393
f 3391//3391 3395//3395 3394//3394
f 3395//3395 3399//3399 3396//3396
f 3397//3397 3398//3398 3395//3395
f 3398//3398 3427//3427 3399//3399
f 3401//3401 3388//3388 3400//3400
f 3406//3406 3401//3401 3402//3402
f 3400//3400 3394//3394 3403//3403
f 3402//3402 3400//3400 3404//3404
f 3401//3401 3405//3405 3389//3389
f 3405//3405 3381//3381 3374//3374
f 3406//3406 3407//3407 3405//3405
f 3407//3407 3594//3594 3381//3381
f 3409//3409 3411//3411 3410//3410
f 3411//3411 3413//3413 3412//3412
f 3397//3397 3392//3392 3411//3411
f 3392//3392 3393//3393 3413//3413
f 3415//3415 3408//3408 3414//3414
f 3422//3422 3415//3415 3416//3416
f 3414//3414 3410//3410 3417//3417
f 3416//3416 3414//3414 3418//3418
f 3415//3415 3420//3420 3419//3419
f 3420//3420 3424//3424 3421//3421
f 3422//3422 3423//3423 3420//3420
f 3423//3423 3727//3727 3424//3424
f 3409//3409 3408//3408 3425//3425
f 3397//3397 3409//3409 3398//3398
f 3425//3425 3419//3419 3426//3426
f 3398//3398 3425//3425 3427//3427
f 3431//3431 3428//3428 3430//3430
f 3430//3430 3376//3376 3375//3375
f 3430//3430 3429//3429 3413//3413
f 3376//3376 3430//3430 3393//3393
f 3433//3433 3428//3428 3432//3432
f 2873//2873 3433//3433 2874//2874
f 3432//3432 3431//3431 3387//3387
f 2874//2874 3432//3432 2849//2849
f 3433//3433 3435//3435 3434//3434
f 3435//3435 3437//3437 3436//3436
f 2873//2873 2869//2869 3435//3435
f 2869//2869 2871//2871 3437//3437
f 3434//3434 3438//3438 3429//3429
f 3438//3438 3417//3417 3412//3412
f 3436//3436 3439//3439 3438//3438
f 3439//3439 3418//3418 3417//3417
f 3443//3443 3440//3440 3442//3442
f 3451//3451 3443//3443 3444//3444
f 3442//3442 3441//3441 3446//3446
f 3444//3444 3442//3442 3447//3447
f 3443//3443 3449//3449 3448//3448
f 3449//3449 3453//3453 3450//3450
f 3451//3451 3452//3452 3449//3449
f 3452//3452 3478//3478 3453//3453
f 3455//3455 3440//3440 3454//3454
f 3460//3460 3455//3455 3456//3456
f 3454//3454 3448//3448 3457//3457
f 3456//3456 3454//3454 3458//3458
f 3455//3455 3459//3459 3441//3441
f 3459//3459 3462//3462 3445//3445
f 3460//3460 3461//3461 3459//3459
f 3461//3461 3502//3502 3462//3462
f 3464//3464 3466//3466 3465//3465
f 3466//3466 3468//3468 3467//3467
f 3451//3451 3444//3444 3466//3466
f 3444//3444 3447//3447 3468//3468
f 3470//3470 3463//3463 3469//3469
f 3295//3295 3470//3470 3296//3296
f 3469//3469 3465//3465 3471//3471
f 3296//3296 3469//3469 3267//3267
f 3470//3470 3473//3473 3472//3472
f 3473//3473 3475//3475 3474//3474
f 3295//3295 3291//3291 3473//3473
f 3291//3291 3293//3293 3475//3475
f 3464//3464 3463//3463 3476//3476
f 3451//3451 3464//3464 3452//3452
f 3476//3476 3472//3472 3477//3477
f 3452//3452 3476//3476 3478//3478
f 3482//3482 3479//3479 3481//3481
f 3487//3487 3482//3482 3483//3483
f 3481//3481 3480//3480 3468//3468
f 3483//3483 3481//3481 3447//3447
f 3482//3482 3485//3485 3484//3484
f 3485//3485 3489//3489 3486//3486
f 3487//3487 3488//3488 3485//3485
f 3488//3488 3511//3511 3489//3489
f 3491//3491 3479//3479 3490//3490
f 3271//3271 3491//3491 3272//3272
f 3490//3490 3484//3484 3492//3492
f 3272//3272 3490//3490 3493//3493
f 3491//3491 3494//3494 3480//3480
f 3494//3494 3471//3471 3467//3467
f 3271//3271 3265//3265 3494//3494
f 3265//3265 3267//3267 3471//3471
f 3496//3496 3498//3498 3497//3497
f 3498//3498 3446//3446 3445//3445
f 3487//3487 3483//3483 3498//3498
f 3483//3483 3447//3447 3446//3446
f 3500//3500 3495//3495 3499//3499
f 3506//3506 3500//3500 3501//3501
f 3499//3499 3497//3497 3462//3462
f 3501//3501 3499//3499 3502//3502
f 3500//3500 3504//3504 3503//3503
f 3504//3504 3508//3508 3505//3505
f 3506//3506 3507//3507 3504//3504
f 3507//3507 3852//3852 3508//3508
f 3496//3496 3495//3495 3509//3509
f 3487//3487 3496//3496 3488//3488
f 3509//3509 3503//3503 3510//3510
f 3488//3488 3509//3509 3511//3511
f 3513//3513 3515//3515 3514//3514
f 3515//3515 3537//3537 3516//3516
f 3518//3518 3520//3520 3519//3519
f 3520//3520 3538//3538 3521//3521
f 3523//3523 3512//3512 3522//3522
f 3205//3205 3523//3523 3206//3206
f 3522//3522 3514//3514 3524//3524
f 3206//3206 3522//3522 3185//3185
f 3523//3523 3526//3526 3525//3525
f 3526//3526 3338//3338 3331//3331
f 3205//3205 3202//3202 3526//3526
f 3202//3202 3203//3203 3338//3338
f 3513//3513 3512//3512 3527//3527
f 3518//3518 3517//3517 3529//3529
f 3527//3527 3525//3525 3530//3530
f 3529//3529 3528//3528 3360//3360
f 3539//3539 3531//3531 3533//3533
f 3543//3543 3534//3534 3536//3536
f 3533//3533 3532//3532 3537//3537
f 3536//3536 3535//3535 3538//3538
f 3539//3539 3541//3541 3540//3540
f 3541//3541 4302//4302 3542//3542
f 3543//3543 3545//3545 3544//3544
f 3545//3545 3566//3566 3546//3546
f 3548//3548 3531//3531 3547//3547
f 3188//3188 3548//3548 3189//3189
f 3547//3547 3540//3540 3549//3549
f 3189//3189 3547//3547 3115//3115
f 3548//3548 3550//3550 3532//3532
f 3550//3550 3524//3524 3516//3516
f 3188//3188 3183//3183 3550//3550
f 3183//3183 3185//3185 3524//3524
f 3552//3552 3554//3554 3553//3553
f 3554//3554 3556//3556 3555//3555
f 3543//3543 3536//3536 3554//3554
f 3536//3536 3538//3538 3556//3556
f 3558//3558 3551//3551 3557//3557
f 3505//3505 3558//3558 3510//3510
f 3557//3557 3553//3553 3559//3559
f 3510//3510 3557//3557 3511//3511
f 3558//3558 3561//3561 3560//3560
f 3561//3561 3563//3563 3562//3562
f 3505//3505 3508//3508 3561//3561
f 3508//3508 3852//3852 3563//3563
f 3552//3552 3551//3551 3564//3564
f 3543//3543 3552//3552 3545//3545
f 3564//3564 3560//3560 3565//3565
f 3545//3545 3564//3564 3566//3566
f 3570//3570 3567//3567 3569//3569
f 3518//3518 3570//3570 3520//3520
f 3569//3569 3568//3568 3556//3556
f 3520//3520 3569//3569 3538//3538
f 3570//3570 3572//3572 3571//3571
f 3572//3572 3359//3359 3356//3356
f 3518//3518 3529//3529 3572//3572
f 3529//3529 3360//3360 3359//3359
f 3574//3574 3567//3567 3573//3573
f 3573//3573 3492//3492 3486//3486
f 3573//3573 3571//3571 3357//3357
f 3357//3357 3493//3493 3492//3492
f 3574//3574 3575//3575 3568//3568
f 3575//3575 3559//3559 3555//3555
f 3575//3575 3574//3574 3489//3489
f 3489//3489 3511//3511 3559//3559
f 3577//3577 3579//3579 3578//3578
f 3579//3579 3477//3477 3474//3474
f 3580//3580 3581//3581 3579//3579
f 3581//3581 3478//3478 3477//3477
f 3582//3582 3578//3578 3475//3475
f 3298//3298 3582//3582 3293//3293
f 3585//3585 3587//3587 3586//3586
f 3587//3587 3457//3457 3450//3450
f 3588//3588 3589//3589 3587//3587
f 3589//3589 3458//3458 3457//3457
f 3584//3584 3583//3583 3590//3590
f 3580//3580 3584//3584 3581//3581
f 3590//3590 3586//3586 3453//3453
f 3581//3581 3590//3590 3478//3478
f 3406//3406 3402//3402 3591//3591
f 3402//3402 3404//3404 3592//3592
f 3593//3593 3385//3385 3380//3380
f 2949//2949 2950//2950 3385//3385
f 3596//3596 3598//3598 3597//3597
f 3598//3598 3602//3602 3599//3599
f 3600//3600 3601//3601 3598//3598
f 3601//3601 3639//3639 3602//3602
f 3608//3608 3595//3595 3603//3603
f 3172//3172 3604//3604 3173//3173
f 3603//3603 3597//3597 3606//3606
f 3173//3173 3605//3605 3214//3214
f 3608//3608 3610//3610 3609//3609
f 3610//3610 3943//3943 3611//3611
f 3172//3172 3169//3169 3612//3612
f 3169//3169 3170//3170 3613//3613
f 3596//3596 3595//3595 3614//3614
f 3600//3600 3596//3596 3615//3615
f 3614//3614 3609//3609 3616//3616
f 3615//3615 3614//3614 3617//3617
f 3621//3621 3618//3618 3620//3620
f 3620//3620 3623//3623 3622//3622
f 3620//3620 3619//3619 3602//3602
f 3602//3602 3639//3639 3623//3623
f 3625//3625 3618//3618 3624//3624
f 2893//2893 3625//3625 2900//2900
f 3624//3624 3621//3621 3626//3626
f 2900//2900 3624//3624 2939//2939
f 3631//3631 3618//3618 3627//3627
f 3217//3217 3628//3628 3218//3218
f 3627//3627 3625//3625 3630//3630
f 3218//3218 3629//3629 2973//2973
f 3631//3631 3632//3632 3619//3619
f 3632//3632 3606//3606 3599//3599
f 3217//3217 3213//3213 3633//3633
f 3213//3213 3214//3214 3607//3607
f 3637//3637 3634//3634 3636//3636
f 3642//3642 3637//3637 3638//3638
f 3636//3636 3635//3635 3623//3623
f 3638//3638 3636//3636 3639//3639
f 3637//3637 3641//3641 3640//3640
f 3641//3641 3439//3439 3436//3436
f 3642//3642 3643//3643 3641//3641
f 3439//3439 3641//3641 3418//3418
f 3645//3645 3634//3634 3644//3644
f 2942//2942 3645//3645 2943//2943
f 3644//3644 3640//3640 3437//3437
f 2943//2943 3644//3644 2871//2871
f 3645//3645 3646//3646 3635//3635
f 3646//3646 3626//3626 3622//3622
f 2942//2942 2938//2938 3646//3646
f 2938//2938 2939//2939 3626//3626
f 3650//3650 3647//3647 3649//3649
f 3600//3600 3650//3650 3601//3601
f 3649//3649 3648//3648 3638//3638
f 3638//3638 3639//3639 3601//3601
f 3650//3650 3652//3652 3651//3651
f 3656//3656 3651//3651 3653//3653
f 3600//3600 3615//3615 3652//3652
f 3615//3615 3617//3617 3653//3653
f 3655//3655 3647//3647 3654//3654
f 3422//3422 3655//3655 3423//3423
f 3656//3656 3657//3657 3654//3654
f 3657//3657 3727//3727 3423//3423
f 3655//3655 3658//3658 3648//3648
f 3658//3658 3643//3643 3642//3642
f 3422//3422 3416//3416 3658//3658
f 3416//3416 3418//3418 3643//3643
f 3660//3660 3662//3662 3661//3661
f 3662//3662 3666//3666 3663//3663
f 3664//3664 3665//3665 3662//3662
f 3665//3665 3683//3683 3666//3666
f 3668//3668 3659//3659 3667//3667
f 3674//3674 3668//3668 3669//3669
f 3667//3667 3661//3661 3670//3670
f 3669//3669 3667//3667 3671//3671
f 3668//3668 3673//3673 3672//3672
f 3673//3673 3403//3403 3396//3396
f 3674//3674 3675//3675 3673//3673
f 3675//3675 3404//3404 3403//3403
f 3660//3660 3659//3659 3676//3676
f 3664//3664 3660//3660 3677//3677
f 3676//3676 3672//3672 3399//3399
f 3677//3677 3676//3676 3427//3427
f 3681//3681 3678//3678 3680//3680
f 3687//3687 3681//3681 3682//3682
f 3680//3680 3679//3679 3666//3666
f 3682//3682 3680//3680 3683//3683
f 3681//3681 3685//3685 3684//3684
f 3685//3685 3689//3689 3686//3686
f 3687//3687 3688//3688 3685//3685
f 3688//3688 3717//3717 3689//3689
f 3691//3691 3678//3678 3690//3690
f 3696//3696 3691//3691 3692//3692
f 3690//3690 3684//3684 3693//3693
f 3692//3692 3690//3690 3694//3694
f 3691//3691 3695//3695 3679//3679
f 3695//3695 3670//3670 3663//3663
f 3696//3696 3697//3697 3695//3695
f 3697//3697 3671//3671 3670//3670
f 3699//3699 3701//3701 3700//3700
f 3701//3701 3703//3703 3702//3702
f 3687//3687 3682//3682 3701//3701
f 3682//3682 3683//3683 3703//3703
f 3705//3705 3698//3698 3704//3704
f 3712//3712 3705//3705 3706//3706
f 3704//3704 3700//3700 3707//3707
f 3706//3706 3704//3704 3708//3708
f 3705//3705 3710//3710 3709//3709
f 3710//3710 3714//3714 3711//3711
f 3712//3712 3713//3713 3710//3710
f 3713//3713 3798//3798 3714//3714
f 3699//3699 3698//3698 3715//3715
f 3687//3687 3699//3699 3688//3688
f 3715//3715 3709//3709 3716//3716
f 3688//3688 3715//3715 3717//3717
f 3721//3721 3718//3718 3720//3720
f 3664//3664 3721//3721 3665//3665
f 3720//3720 3719//3719 3703//3703
f 3665//3665 3720//3720 3683//3683
f 3721//3721 3723//3723 3722//3722
f 3723//3723 3426//3426 3421//3421
f 3664//3664 3677//3677 3723//3723
f 3677//3677 3427//3427 3426//3426
f 3725//3725 3718//3718 3724//3724
f 3729//3729 3725//3725 3726//3726
f 3724//3724 3722//3722 3424//3424
f 3726//3726 3724//3724 3727//3727
f 3725//3725 3728//3728 3719//3719
f 3728//3728 3707//3707 3702//3702
f 3729//3729 3730//3730 3728//3728
f 3730//3730 3708//3708 3707//3707
f 3732//3732 3734//3734 3733//3733
f 3734//3734 3738//3738 3735//3735
f 3736//3736 3737//3737 3734//3734
f 3737//3737 3755//3755 3738//3738
f 3740//3740 3731//3731 3739//3739
f 3746//3746 3740//3740 3741//3741
f 3739//3739 3733//3733 3742//3742
f 3741//3741 3739//3739 3743//3743
f 3740//3740 3745//3745 3744//3744
f 3745//3745 3693//3693 3686//3686
f 3746//3746 3747//3747 3745//3745
f 3747//3747 3694//3694 3693//3693
f 3732//3732 3731//3731 3748//3748
f 3736//3736 3732//3732 3749//3749
f 3748//3748 3744//3744 3689//3689
f 3749//3749 3748//3748 3717//3717
f 3753//3753 3750//3750 3752//3752
f 3759//3759 3753//3753 3754//3754
f 3752//3752 3751//3751 3738//3738
f 3754//3754 3752//3752 3755//3755
f 3753//3753 3757//3757 3756//3756
f 3764//3764 3756//3756 3758//3758
f 3759//3759 3760//3760 3757//3757
f 3760//3760 3788//3788 3758//3758
f 3762//3762 3750//3750 3761//3761
f 3767//3767 3762//3762 3763//3763
f 3764//3764 3765//3765 3761//3761
f 3765//3765 3819//3819 3763//3763
f 3762//3762 3766//3766 3751//3751
f 3766//3766 3742//3742 3735//3735
f 3767//3767 3768//3768 3766//3766
f 3768//3768 3743//3743 3742//3742
f 3770//3770 3772//3772 3771//3771
f 3772//3772 3774//3774 3773//3773
f 3759//3759 3754//3754 3772//3772
f 3754//3754 3755//3755 3774//3774
f 3776//3776 3769//3769 3775//3775
f 3783//3783 3776//3776 3777//3777
f 3775//3775 3771//3771 3778//3778
f 3777//3777 3775//3775 3779//3779
f 3776//3776 3781//3781 3780//3780
f 3781//3781 3785//3785 3782//3782
f 3783//3783 3784//3784 3781//3781
f 3784//3784 4344//4344 3785//3785
f 3770//3770 3769//3769 3786//3786
f 3759//3759 3770//3770 3760//3760
f 3786//3786 3780//3780 3787//3787
f 3760//3760 3786//3786 3788//3788
f 3792//3792 3789//3789 3791//3791
f 3736//3736 3792//3792 3737//3737
f 3791//3791 3790//3790 3774//3774
f 3737//3737 3791//3791 3755//3755
f 3792//3792 3794//3794 3793//3793
f 3794//3794 3716//3716 3711//3711
f 3736//3736 3749//3749 3794//3794
f 3749//3749 3717//3717 3716//3716
f 3796//3796 3789//3789 3795//3795
f 3800//3800 3796//3796 3797//3797
f 3795//3795 3793//3793 3714//3714
f 3797//3797 3795//3795 3798//3798
f 3796//3796 3799//3799 3790//3790
f 3799//3799 3778//3778 3773//3773
f 3800//3800 3801//3801 3799//3799
f 3801//3801 3779//3779 3778//3778
f 3805//3805 3802//3802 3804//3804
f 3813//3813 3805//3805 3806//3806
f 3804//3804 3803//3803 3808//3808
f 3806//3806 3804//3804 3809//3809
f 3805//3805 3811//3811 3810//3810
f 3811//3811 3815//3815 3812//3812
f 3813//3813 3814//3814 3811//3811
f 3814//3814 3837//3837 3815//3815
f 3817//3817 3802//3802 3816//3816
f 3764//3764 3817//3817 3765//3765
f 3816//3816 3810//3810 3818//3818
f 3765//3765 3816//3816 3819//3819
f 3817//3817 3820//3820 3803//3803
f 3820//3820 3821//3821 3807//3807
f 3764//3764 3758//3758 3820//3820
f 3758//3758 3788//3788 3821//3821
f 3823//3823 3825//3825 3824//3824
f 3825//3825 3827//3827 3826//3826
f 3813//3813 3806//3806 3825//3825
f 3806//3806 3809//3809 3827//3827
f 3829//3829 3822//3822 3828//3828
f 3460//3460 3829//3829 3461//3461
f 3828//3828 3824//3824 3830//3830
f 3461//3461 3828//3828 3502//3502
f 3829//3829 3832//3832 3831//3831
f 3832//3832 3834//3834 3833//3833
f 3460//3460 3456//3456 3832//3832
f 3456//3456 3458//3458 3834//3834
f 3823//3823 3822//3822 3835//3835
f 3813//3813 3823//3823 3814//3814
f 3835//3835 3831//3831 3836//3836
f 3814//3814 3835//3835 3837//3837
f 3841//3841 3838//3838 3840//3840
f 3846//3846 3841//3841 3842//3842
f 3840//3840 3839//3839 3827//3827
f 3842//3842 3840//3840 3809//3809
f 3841//3841 3844//3844 3843//3843
f 3844//3844 3848//3848 3845//3845
f 3846//3846 3847//3847 3844//3844
f 3847//3847 3866//3866 3848//3848
f 3850//3850 3838//3838 3849//3849
f 3506//3506 3850//3850 3507//3507
f 3849//3849 3843//3843 3851//3851
f 3507//3507 3849//3849 3852//3852
f 3850//3850 3853//3853 3839//3839
f 3853//3853 3830//3830 3826//3826
f 3506//3506 3501//3501 3853//3853
f 3501//3501 3502//3502 3830//3830
f 3855//3855 3857//3857 3856//3856
f 3857//3857 3808//3808 3807//3807
f 3846//3846 3842//3842 3857//3857
f 3842//3842 3809//3809 3808//3808
f 3859//3859 3854//3854 3858//3858
f 3782//3782 3859//3859 3787//3787
f 3858//3858 3856//3856 3821//3821
f 3787//3787 3858//3858 3788//3788
f 3859//3859 3861//3861 3860//3860
f 3861//3861 3863//3863 3862//3862
f 3782//3782 3785//3785 3861//3861
f 3785//3785 4344//4344 3863//3863
f 3855//3855 3854//3854 3864//3864
f 3846//3846 3855//3855 3847//3847
f 3864//3864 3860//3860 3865//3865
f 3847//3847 3864//3864 3866//3866
f 3871//3871 3867//3867 3870//3870
f 3696//3696 3871//3871 3697//3697
f 3870//3870 3868//3868 3872//3872
f 3697//3697 3870//3870 3671//3671
f 3871//3871 3874//3874 3873//3873
f 3874//3874 3876//3876 3875//3875
f 3696//3696 3692//3692 3874//3874
f 3692//3692 3694//3694 3876//3876
f 3674//3674 3879//3879 3675//3675
f 3675//3675 3878//3878 3404//3404
f 3879//3879 3880//3880 3877//3877
f 3880//3880 3872//3872 3869//3869
f 3674//3674 3669//3669 3880//3880
f 3669//3669 3671//3671 3872//3872
f 3882//3882 3884//3884 3883//3883
f 3884//3884 3768//3768 3767//3767
f 3768//3768 3884//3884 3743//3743
f 3887//3887 3881//3881 3886//3886
f 3889//3889 3887//3887 3888//3888
f 3886//3886 3883//3883 3763//3763
f 3888//3888 3886//3886 3819//3819
f 3746//3746 3892//3892 3747//3747
f 3891//3891 3890//3890 3876//3876
f 3747//3747 3891//3891 3694//3694
f 3746//3746 3741//3741 3893//3893
f 3741//3741 3743//3743 3885//3885
f 3895//3895 3897//3897 3896//3896
f 3897//3897 3836//3836 3833//3833
f 3898//3898 3899//3899 3897//3897
f 3899//3899 3837//3837 3836//3836
f 3901//3901 3894//3894 3900//3900
f 3588//3588 3901//3901 3589//3589
f 3900//3900 3896//3896 3834//3834
f 3589//3589 3900//3900 3458//3458
f 3904//3904 3906//3906 3905//3905
f 3906//3906 3818//3818 3812//3812
f 3889//3889 3888//3888 3906//3906
f 3888//3888 3819//3819 3818//3818
f 3903//3903 3902//3902 3907//3907
f 3898//3898 3903//3903 3899//3899
f 3907//3907 3905//3905 3815//3815
f 3899//3899 3907//3907 3837//3837
f 3911//3911 3908//3908 3910//3910
f 3920//3920 3911//3911 3912//3912
f 3910//3910 3909//3909 3914//3914
f 3912//3912 3910//3910 3915//3915
f 3917//3917 3919//3919 3918//3918
f 3153//3153 3918//3918 3154//3154
f 3919//3919 3917//3917 3922//3922
f 3154//3154 3919//3919 3129//3129
f 3924//3924 3916//3916 3923//3923
f 3995//3995 3924//3924 3925//3925
f 3153//3153 3149//3149 3923//3923
f 3925//3925 3923//3923 3151//3151
f 3926//3926 3927//3927 3909//3909
f 3927//3927 3930//3930 3913//3913
f 3928//3928 3929//3929 3927//3927
f 3929//3929 3969//3969 3930//3930
f 3934//3934 3931//3931 3933//3933
f 3933//3933 3936//3936 3935//3935
f 3933//3933 3932//3932 3912//3912
f 3912//3912 3915//3915 3936//3936
f 3934//3934 3938//3938 3937//3937
f 3938//3938 3616//3616 3611//3611
f 3935//3935 3939//3939 3938//3938
f 3939//3939 3617//3617 3616//3616
f 3944//3944 3931//3931 3940//3940
f 3133//3133 3941//3941 3134//3134
f 3940//3940 3937//3937 3943//3943
f 3134//3134 3942//3942 3170//3170
f 3944//3944 3945//3945 3932//3932
f 3945//3945 3921//3921 3920//3920
f 3133//3133 3127//3127 3946//3946
f 3127//3127 3129//3129 3922//3922
f 3950//3950 3947//3947 3949//3949
f 3955//3955 3950//3950 3951//3951
f 3949//3949 3948//3948 3936//3936
f 3951//3951 3949//3949 3915//3915
f 3950//3950 3953//3953 3952//3952
f 3953//3953 3957//3957 3954//3954
f 3955//3955 3956//3956 3953//3953
f 3956//3956 3978//3978 3957//3957
f 3959//3959 3947//3947 3958//3958
f 3656//3656 3959//3959 3657//3657
f 3958//3958 3952//3952 3960//3960
f 3657//3657 3958//3958 3727//3727
f 3959//3959 3961//3961 3948//3948
f 3961//3961 3939//3939 3935//3935
f 3656//3656 3653//3653 3961//3961
f 3939//3939 3961//3961 3617//3617
f 3963//3963 3965//3965 3964//3964
f 3965//3965 3914//3914 3913//3913
f 3955//3955 3951//3951 3965//3965
f 3951//3951 3915//3915 3914//3914
f 3967//3967 3962//3962 3966//3966
f 3973//3973 3967//3967 3968//3968
f 3966//3966 3964//3964 3930//3930
f 3968//3968 3966//3966 3969//3969
f 3967//3967 3971//3971 3970//3970
f 3971//3971 3975//3975 3972//3972
f 3973//3973 3974//3974 3971//3971
f 3974//3974 4017//4017 3975//3975
f 3963//3963 3962//3962 3976//3976
f 3955//3955 3963//3963 3956//3956
f 3976//3976 3970//3970 3977//3977
f 3956//3956 3976//3976 3978//3978
f 3980//3980 3982//3982 3981//3981
f 3982//3982 3986//3986 3983//3983
f 3984//3984 3985//3985 3982//3982
f 3985//3985 4007//4007 3986//3986
f 3988//3988 3979//3979 3987//3987
f 3928//3928 3988//3988 3929//3929
f 3987//3987 3981//3981 3989//3989
f 3929//3929 3987//3987 3969//3969
f 3991//3991 3993//3993 3992//3992
f 3993//3993 3996//3996 3994//3994
f 3995//3995 3925//3925 3993//3993
f 3925//3925 3151//3151 3996//3996
f 3998//3998 3990//3990 3997//3997
f 4048//4048 3998//3998 3999//3999
f 3997//3997 3992//3992 4000//4000
f 3999//3999 3997//3997 4001//4001
f 4005//4005 4002//4002 4004//4004
f 4011//4011 4005//4005 4006//4006
f 4004//4004 4003//4003 3986//3986
f 4006//4006 4004//4004 4007//4007
f 4005//4005 4009//4009 4008//4008
f 4009//4009 4013//4013 4010//4010
f 4011//4011 4012//4012 4009//4009
f 4012//4012 4038//4038 4013//4013
f 4015//4015 4002//4002 4014//4014
f 3973//3973 4015//4015 3974//3974
f 4014//4014 4008//4008 4016//4016
f 3974//3974 4014//4014 4017//4017
f 4015//4015 4018//4018 4003//4003
f 4018//4018 3989//3989 3983//3983
f 3973//3973 3968//3968 4018//4018
f 3968//3968 3969//3969 3989//3989
f 4020//4020 4022//4022 4021//4021
f 4022//4022 4024//4024 4023//4023
f 4011//4011 4006//4006 4022//4022
f 4006//4006 4007//4007 4024//4024
f 4026//4026 4019//4019 4025//4025
f 4033//4033 4026//4026 4027//4027
f 4025//4025 4021//4021 4028//4028
f 4027//4027 4025//4025 4029//4029
f 4026//4026 4031//4031 4030//4030
f 4031//4031 4035//4035 4032//4032
f 4033//4033 4034//4034 4031//4031
f 4034//4034 4218//4218 4035//4035
f 4020//4020 4019//4019 4036//4036
f 4011//4011 4020//4020 4012//4012
f 4036//4036 4030//4030 4037//4037
f 4012//4012 4036//4036 4038//4038
f 4042//4042 4039//4039 4041//4041
f 3984//3984 4042//4042 3985//3985
f 4041//4041 4040//4040 4024//4024
f 3985//3985 4041//4041 4007//4007
f 4044//4044 4046//4046 4045//4045
f 4046//4046 4049//4049 4047//4047
f 4048//4048 3999//3999 4046//4046
f 3999//3999 4001//4001 4049//4049
f 4051//4051 4043//4043 4050//4050
f 4807//4807 4051//4051 4052//4052
f 4050//4050 4045//4045 4053//4053
f 4052//4052 4050//4050 4054//4054
f 4055//4055 4056//4056 4040//4040
f 4056//4056 4028//4028 4023//4023
f 4057//4057 4058//4058 4056//4056
f 4058//4058 4029//4029 4028//4028
f 4060//4060 4062//4062 4061//4061
f 4062//4062 4066//4066 4063//4063
f 4064//4064 4065//4065 4062//4062
f 4065//4065 4079//4079 4066//4066
f 4068//4068 4059//4059 4067//4067
f 3729//3729 4068//4068 3730//3730
f 4067//4067 4061//4061 4069//4069
f 3730//3730 4067//4067 3708//3708
f 4068//4068 4071//4071 4070//4070
f 4071//4071 3960//3960 3954//3954
f 3729//3729 3726//3726 4071//4071
f 3726//3726 3727//3727 3960//3960
f 4060//4060 4059//4059 4072//4072
f 4064//4064 4060//4060 4073//4073
f 4072//4072 4070//4070 3957//3957
f 4073//4073 4072//4072 3978//3978
f 4077//4077 4074//4074 4076//4076
f 4076//4076 4094//4094 4078//4078
f 4076//4076 4075//4075 4066//4066
f 4094//4094 4076//4076 4079//4079
f 4077//4077 4081//4081 4080//4080
f 4087//4087 4080//4080 4082//4082
f 4081//4081 4077//4077 4083//4083
f 4082//4082 4081//4081 4084//4084
f 4086//4086 4074//4074 4085//4085
f 3712//3712 4086//4086 3713//3713
f 4087//4087 4088//4088 4085//4085
f 4088//4088 3798//3798 3713//3713
f 4086//4086 4089//4089 4075//4075
f 4089//4089 4069//4069 4063//4063
f 3712//3712 3706//3706 4089//4089
f 3706//3706 3708//3708 4069//4069
f 4093//4093 4090//4090 4092//4092
f 4064//4064 4093//4093 4065//4065
f 4092//4092 4091//4091 4094//4094
f 4065//4065 4092//4092 4079//4079
f 4093//4093 4096//4096 4095//4095
f 4096//4096 3977//3977 3972//3972
f 4064//4064 4073//4073 4096//4096
f 4073//4073 3978//3978 3977//3977
f 4098//4098 4090//4090 4097//4097
f 4101//4101 4098//4098 4099//4099
f 4097//4097 4095//4095 3975//3975
f 4099//4099 4097//4097 4017//4017
f 4098//4098 4100//4100 4091//4091
f 4100//4100 4083//4083 4078//4078
f 4101//4101 4102//4102 4100//4100
f 4102//4102 4084//4084 4083//4083
f 4104//4104 4106//4106 4105//4105
f 4106//4106 4110//4110 4107//4107
f 4108//4108 4109//4109 4106//4106
f 4109//4109 4127//4127 4110//4110
f 4112//4112 4103//4103 4111//4111
f 3800//3800 4112//4112 3801//3801
f 4111//4111 4105//4105 4113//4113
f 3801//3801 4111//4111 3779//3779
f 4112//4112 4115//4115 4114//4114
f 4115//4115 4117//4117 4116//4116
f 3800//3800 3797//3797 4115//4115
f 3797//3797 3798//3798 4117//4117
f 4104//4104 4103//4103 4118//4118
f 4108//4108 4104//4104 4119//4119
f 4118//4118 4114//4114 4120//4120
f 4119//4119 4118//4118 4121//4121
f 4125//4125 4122//4122 4124//4124
f 4131//4131 4125//4125 4126//4126
f 4124//4124 4123//4123 4110//4110
f 4126//4126 4124//4124 4127//4127
f 4125//4125 4129//4129 4128//4128
f 4136//4136 4128//4128 4130//4130
f 4129//4129 4125//4125 4132//4132
f 4130//4130 4129//4129 4133//4133
f 4135//4135 4122//4122 4134//4134
f 3783//3783 4135//4135 3784//3784
f 4136//4136 4137//4137 4134//4134
f 4137//4137 4344//4344 3784//3784
f 4135//4135 4138//4138 4123//4123
f 4138//4138 4113//4113 4107//4107
f 3783//3783 3777//3777 4138//4138
f 3777//3777 3779//3779 4113//4113
f 4142//4142 4139//4139 4141//4141
f 4141//4141 4144//4144 4143//4143
f 4131//4131 4126//4126 4141//4141
f 4126//4126 4127//4127 4144//4144
f 4142//4142 4146//4146 4145//4145
f 4146//4146 4904//4904 4147//4147
f 4146//4146 4142//4142 4148//4148
f 4904//4904 4146//4146 4149//4149
f 4151//4151 4139//4139 4150//4150
f 4156//4156 4151//4151 4152//4152
f 4150//4150 4145//4145 4153//4153
f 4152//4152 4150//4150 4154//4154
f 4151//4151 4155//4155 4140//4140
f 4155//4155 4132//4132 4131//4131
f 4156//4156 4157//4157 4155//4155
f 4157//4157 4133//4133 4132//4132
f 4161//4161 4158//4158 4160//4160
f 4108//4108 4161//4161 4109//4109
f 4160//4160 4159//4159 4144//4144
f 4109//4109 4160//4160 4127//4127
f 4161//4161 4163//4163 4162//4162
f 4163//4163 4165//4165 4164//4164
f 4108//4108 4119//4119 4163//4163
f 4119//4119 4121//4121 4165//4165
f 4167//4167 4158//4158 4166//4166
f 4172//4172 4167//4167 4168//4168
f 4166//4166 4162//4162 4169//4169
f 4168//4168 4166//4166 4170//4170
f 4167//4167 4171//4171 4159//4159
f 4171//4171 4148//4148 4143//4143
f 4172//4172 4173//4173 4171//4171
f 4173//4173 4149//4149 4148//4148
f 4177//4177 4174//4174 4176//4176
f 4184//4184 4177//4177 4178//4178
f 4176//4176 4175//4175 4180//4180
f 4178//4178 4176//4176 4181//4181
f 4177//4177 4183//4183 4182//4182
f 4183//4183 4120//4120 4116//4116
f 4184//4184 4185//4185 4183//4183
f 4185//4185 4121//4121 4120//4120
f 4187//4187 4174//4174 4186//4186
f 4087//4087 4187//4187 4088//4088
f 4186//4186 4182//4182 4117//4117
f 4117//4117 3798//3798 4088//4088
f 4187//4187 4188//4188 4175//4175
f 4188//4188 4189//4189 4179//4179
f 4087//4087 4082//4082 4188//4188
f 4082//4082 4084//4084 4189//4189
f 4191//4191 4193//4193 4192//4192
f 4193//4193 4195//4195 4194//4194
f 4184//4184 4178//4178 4193//4193
f 4178//4178 4181//4181 4195//4195
f 4197//4197 4190//4190 4196//4196
f 4203//4203 4197//4197 4198//4198
f 4196//4196 4192//4192 4199//4199
f 4198//4198 4196//4196 4200//4200
f 4197//4197 4202//4202 4201//4201
f 4202//4202 4169//4169 4164//4164
f 4203//4203 4204//4204 4202//4202
f 4204//4204 4170//4170 4169//4169
f 4191//4191 4190//4190 4205//4205
f 4184//4184 4191//4191 4185//4185
f 4205//4205 4201//4201 4165//4165
f 4185//4185 4205//4205 4121//4121
f 4209//4209 4206//4206 4208//4208
f 4213//4213 4209//4209 4210//4210
f 4208//4208 4207//4207 4195//4195
f 4210//4210 4208//4208 4181//4181
f 4209//4209 4212//4212 4211//4211
f 4212//4212 4037//4037 4032//4032
f 4213//4213 4214//4214 4212//4212
f 4214//4214 4038//4038 4037//4037
f 4216//4216 4206//4206 4215//4215
f 4220//4220 4216//4216 4217//4217
f 4215//4215 4211//4211 4035//4035
f 4217//4217 4215//4215 4218//4218
f 4216//4216 4219//4219 4207//4207
f 4219//4219 4199//4199 4194//4194
f 4220//4220 4221//4221 4219//4219
f 4221//4221 4200//4200 4199//4199
f 4223//4223 4225//4225 4224//4224
f 4225//4225 4180//4180 4179//4179
f 4213//4213 4210//4210 4225//4225
f 4210//4210 4181//4181 4180//4180
f 4227//4227 4222//4222 4226//4226
f 4101//4101 4227//4227 4102//4102
f 4226//4226 4224//4224 4189//4189
f 4102//4102 4226//4226 4084//4084
f 4227//4227 4229//4229 4228//4228
f 4229//4229 4016//4016 4010//4010
f 4101//4101 4099//4099 4229//4229
f 4099//4099 4017//4017 4016//4016
f 4223//4223 4222//4222 4230//4230
f 4213//4213 4223//4223 4214//4214
f 4230//4230 4228//4228 4013//4013
f 4214//4214 4230//4230 4038//4038
f 4241//4241 4231//4231 4233//4233
f 4245//4245 4234//4234 4236//4236
f 4233//4233 4232//4232 4238//4238
f 4236//4236 4235//4235 4240//4240
f 4241//4241 4243//4243 4242//4242
f 4243//4243 4430//4430 4244//4244
f 4245//4245 4247//4247 4246//4246
f 4247//4247 4274//4274 4248//4248
f 4250//4250 4231//4231 4249//4249
f 3092//3092 4250//4250 3093//3093
f 4249//4249 4242//4242 4251//4251
f 3093//3093 4249//4249 4252//4252
f 4250//4250 4253//4253 4232//4232
f 4253//4253 4254//4254 4237//4237
f 3092//3092 3086//3086 4253//4253
f 3086//3086 3088//3088 4254//4254
f 4256//4256 4258//4258 4257//4257
f 4258//4258 4260//4260 4259//4259
f 4245//4245 4236//4236 4258//4258
f 4236//4236 4240//4240 4260//4260
f 4262//4262 4255//4255 4261//4261
f 4269//4269 4262//4262 4263//4263
f 4261//4261 4257//4257 4264//4264
f 4263//4263 4261//4261 4265//4265
f 4262//4262 4267//4267 4266//4266
f 4267//4267 4271//4271 4268//4268
f 4269//4269 4270//4270 4267//4267
f 4270//4270 4333//4333 4271//4271
f 4256//4256 4255//4255 4272//4272
f 4245//4245 4256//4256 4247//4247
f 4272//4272 4266//4266 4273//4273
f 4247//4247 4272//4272 4274//4274
f 4278//4278 4275//4275 4277//4277
f 4282//4282 4278//4278 4279//4279
f 4277//4277 4276//4276 4260//4260
f 4279//4279 4277//4277 4240//4240
f 4278//4278 4281//4281 4280//4280
f 4281//4281 3565//3565 3562//3562
f 4282//4282 4283//4283 4281//4281
f 4283//4283 3566//3566 3565//3565
f 4285//4285 4275//4275 4284//4284
f 4288//4288 4285//4285 4286//4286
f 4284//4284 4280//4280 3563//3563
f 4286//4286 4284//4284 3852//3852
f 4285//4285 4287//4287 4276//4276
f 4287//4287 4264//4264 4259//4259
f 4288//4288 4289//4289 4287//4287
f 4289//4289 4265//4265 4264//4264
f 4291//4291 4293//4293 4292//4292
f 4293//4293 4238//4238 4237//4237
f 4282//4282 4279//4279 4295//4295
f 4279//4279 4240//4240 4239//4239
f 4297//4297 4290//4290 4296//4296
f 3117//3117 4297//4297 3118//3118
f 4296//4296 4292//4292 4254//4254
f 3118//3118 4296//4296 3088//3088
f 4297//4297 4299//4299 4298//4298
f 4299//4299 3549//3549 3542//3542
f 3117//3117 3113//3113 4299//4299
f 3113//3113 3115//3115 3549//3549
f 4291//4291 4290//4290 4300//4300
f 4282//4282 4294//4294 4283//4283
f 4300//4300 4298//4298 4302//4302
f 4283//4283 4301//4301 3566//3566
f 4304//4304 4306//4306 4305//4305
f 4306//4306 4310//4310 4307//4307
f 4308//4308 4309//4309 4306//4306
f 4309//4309 4323//4323 4310//4310
f 4312//4312 4303//4303 4311//4311
f 4288//4288 4312//4312 4289//4289
f 4311//4311 4305//4305 4313//4313
f 4289//4289 4311//4311 4265//4265
f 4312//4312 4315//4315 4314//4314
f 4315//4315 3851//3851 3845//3845
f 4288//4288 4286//4286 4315//4315
f 4286//4286 3852//3852 3851//3851
f 4304//4304 4303//4303 4316//4316
f 4308//4308 4304//4304 4317//4317
f 4316//4316 4314//4314 3848//3848
f 4317//4317 4316//4316 3866//3866
f 4321//4321 4318//4318 4320//4320
f 4327//4327 4321//4321 4322//4322
f 4320//4320 4319//4319 4310//4310
f 4322//4322 4320//4320 4323//4323
f 4321//4321 4325//4325 4324//4324
f 4325//4325 4329//4329 4326//4326
f 4327//4327 4328//4328 4325//4325
f 4328//4328 4348//4348 4329//4329
f 4331//4331 4318//4318 4330//4330
f 4269//4269 4331//4331 4270//4270
f 4330//4330 4324//4324 4332//4332
f 4270//4270 4330//4330 4333//4333
f 4331//4331 4334//4334 4319//4319
f 4334//4334 4313//4313 4307//4307
f 4269//4269 4263//4263 4334//4334
f 4263//4263 4265//4265 4313//4313
f 4338//4338 4335//4335 4337//4337
f 4308//4308 4338//4338 4309//4309
f 4327//4327 4322//4322 4337//4337
f 4309//4309 4337//4337 4323//4323
f 4338//4338 4340//4340 4339//4339
f 4340//4340 3865//3865 3862//3862
f 4308//4308 4317//4317 4340//4340
f 4317//4317 3866//3866 3865//3865
f 4342//4342 4335//4335 4341//4341
f 4346//4346 4342//4342 4343//4343
f 4341//4341 4339//4339 3863//3863
f 4343//4343 4341//4341 4344//4344
f 4342//4342 4345//4345 4336//4336
f 4327//4327 4336//4336 4328//4328
f 4346//4346 4347//4347 4345//4345
f 4328//4328 4345//4345 4348//4348
f 4352//4352 4349//4349 4351//4351
f 4359//4359 4352//4352 4353//4353
f 4351//4351 4350//4350 4355//4355
f 4353//4353 4351//4351 4356//4356
f 4352//4352 4358//4358 4357//4357
f 4358//4358 3097//3097 3091//3091
f 4359//4359 4360//4360 4358//4358
f 4360//4360 3098//3098 3097//3097
f 4362//4362 4349//4349 4361//4361
f 4365//4365 4362//4362 4363//4363
f 4361//4361 4357//4357 3094//3094
f 4363//4363 4361//4361 4252//4252
f 4362//4362 4364//4364 4350//4350
f 4364//4364 4367//4367 4354//4354
f 4365//4365 4366//4366 4364//4364
f 4366//4366 4402//4402 4367//4367
f 4369//4369 4371//4371 4370//4370
f 4371//4371 4373//4373 4372//4372
f 4359//4359 4353//4353 4371//4371
f 4353//4353 4356//4356 4373//4373
f 4375//4375 4368//4368 4374//4374
f 4374//4374 4000//4000 3994//3994
f 4374//4374 4370//4370 4376//4376
f 4376//4376 4001//4001 4000//4000
f 4375//4375 4378//4378 4377//4377
f 4378//4378 3150//3150 3145//3145
f 4378//4378 4375//4375 3996//3996
f 3996//3996 3151//3151 3150//3150
f 4369//4369 4368//4368 4379//4379
f 4359//4359 4369//4369 4360//4360
f 4379//4379 4377//4377 3146//3146
f 4360//4360 4379//4379 3098//3098
f 4383//4383 4380//4380 4382//4382
f 4388//4388 4383//4383 4384//4384
f 4382//4382 4381//4381 4373//4373
f 4384//4384 4382//4382 4356//4356
f 4383//4383 4386//4386 4385//4385
f 4386//4386 4390//4390 4387//4387
f 4388//4388 4389//4389 4386//4386
f 4389//4389 4411//4411 4390//4390
f 4392//4392 4380//4380 4391//4391
f 4391//4391 4053//4053 4047//4047
f 4391//4391 4385//4385 4393//4393
f 4053//4053 4391//4391 4054//4054
f 4392//4392 4394//4394 4381//4381
f 4394//4394 4376//4376 4372//4372
f 4394//4394 4392//4392 4049//4049
f 4376//4376 4394//4394 4001//4001
f 4396//4396 4398//4398 4397//4397
f 4398//4398 4355//4355 4354//4354
f 4388//4388 4384//4384 4398//4398
f 4384//4384 4356//4356 4355//4355
f 4400//4400 4395//4395 4399//4399
f 4406//4406 4400//4400 4401//4401
f 4399//4399 4397//4397 4367//4367
f 4401//4401 4399//4399 4402//4402
f 4400//4400 4404//4404 4403//4403
f 4404//4404 4408//4408 4405//4405
f 4406//4406 4407//4407 4404//4404
f 4407//4407 4450//4450 4408//4408
f 4396//4396 4395//4395 4409//4409
f 4388//4388 4396//4396 4389//4389
f 4409//4409 4403//4403 4410//4410
f 4389//4389 4409//4409 4411//4411
f 4413//4413 4415//4415 4414//4414
f 4415//4415 4437//4437 4416//4416
f 4418//4418 4420//4420 4419//4419
f 4420//4420 4438//4438 4421//4421
f 4423//4423 4412//4412 4422//4422
f 4365//4365 4423//4423 4366//4366
f 4422//4422 4414//4414 4424//4424
f 4366//4366 4422//4422 4402//4402
f 4423//4423 4426//4426 4425//4425
f 4426//4426 4251//4251 4244//4244
f 4365//4365 4363//4363 4426//4426
f 4363//4363 4252//4252 4251//4251
f 4413//4413 4412//4412 4427//4427
f 4418//4418 4417//4417 4429//4429
f 4427//4427 4425//4425 4430//4430
f 4429//4429 4428//4428 4274//4274
f 4439//4439 4431//4431 4433//4433
f 4443//4443 4434//4434 4436//4436
f 4433//4433 4432//4432 4437//4437
f 4436//4436 4435//4435 4438//4438
f 4439//4439 4441//4441 4440//4440
f 4441//4441 5007//5007 4442//4442
f 4443//4443 4445//4445 4444//4444
f 4445//4445 4471//4471 4446//4446
f 4448//4448 4431//4431 4447//4447
f 4406//4406 4448//4448 4407//4407
f 4447//4447 4440//4440 4449//4449
f 4407//4407 4447//4447 4450//4450
f 4448//4448 4451//4451 4432//4432
f 4451//4451 4424//4424 4416//4416
f 4406//4406 4401//4401 4451//4451
f 4401//4401 4402//4402 4424//4424
f 4453//4453 4455//4455 4454//4454
f 4455//4455 4457//4457 4456//4456
f 4443//4443 4436//4436 4455//4455
f 4436//4436 4438//4438 4457//4457
f 4459//4459 4452//4452 4458//4458
f 4466//4466 4459//4459 4460//4460
f 4458//4458 4454//4454 4461//4461
f 4460//4460 4458//4458 4462//4462
f 4459//4459 4464//4464 4463//4463
f 4464//4464 4468//4468 4465//4465
f 4466//4466 4467//4467 4464//4464
f 4467//4467 4526//4526 4468//4468
f 4453//4453 4452//4452 4469//4469
f 4443//4443 4453//4453 4445//4445
f 4469//4469 4463//4463 4470//4470
f 4445//4445 4469//4469 4471//4471
f 4475//4475 4472//4472 4474//4474
f 4418//4418 4475//4475 4420//4420
f 4474//4474 4473//4473 4457//4457
f 4420//4420 4474//4474 4438//4438
f 4475//4475 4477//4477 4476//4476
f 4477//4477 4273//4273 4268//4268
f 4418//4418 4429//4429 4477//4477
f 4429//4429 4274//4274 4273//4273
f 4479//4479 4472//4472 4478//4478
f 4482//4482 4479//4479 4480//4480
f 4478//4478 4476//4476 4271//4271
f 4480//4480 4478//4478 4333//4333
f 4479//4479 4481//4481 4473//4473
f 4481//4481 4461//4461 4456//4456
f 4482//4482 4483//4483 4481//4481
f 4483//4483 4462//4462 4461//4461
f 4487//4487 4484//4484 4486//4486
f 4494//4494 4487//4487 4488//4488
f 4486//4486 4485//4485 4490//4490
f 4488//4488 4486//4486 4491//4491
f 4487//4487 4493//4493 4492//4492
f 4493//4493 4347//4347 4346//4346
f 4494//4494 4495//4495 4493//4493
f 4495//4495 4348//4348 4347//4347
f 4492//4492 4497//4497 4496//4496
f 4497//4497 4137//4137 4136//4136
f 4346//4346 4343//4343 4497//4497
f 4343//4343 4344//4344 4137//4137
f 4496//4496 4498//4498 4485//4485
f 4498//4498 4499//4499 4489//4489
f 4136//4136 4130//4130 4498//4498
f 4130//4130 4133//4133 4499//4499
f 4501//4501 4503//4503 4502//4502
f 4503//4503 4505//4505 4504//4504
f 4494//4494 4488//4488 4503//4503
f 4488//4488 4491//4491 4505//4505
f 4507//4507 4500//4500 4506//4506
f 4482//4482 4507//4507 4483//4483
f 4506//4506 4502//4502 4508//4508
f 4483//4483 4506//4506 4462//4462
f 4507//4507 4510//4510 4509//4509
f 4510//4510 4332//4332 4326//4326
f 4482//4482 4480//4480 4510//4510
f 4480//4480 4333//4333 4332//4332
f 4501//4501 4500//4500 4511//4511
f 4494//4494 4501//4501 4495//4495
f 4511//4511 4509//4509 4329//4329
f 4495//4495 4511//4511 4348//4348
f 4515//4515 4512//4512 4514//4514
f 4520//4520 4515//4515 4516//4516
f 4514//4514 4513//4513 4505//4505
f 4516//4516 4514//4514 4491//4491
f 4515//4515 4518//4518 4517//4517
f 4518//4518 4522//4522 4519//4519
f 4520//4520 4521//4521 4518//4518
f 4521//4521 4540//4540 4522//4522
f 4524//4524 4512//4512 4523//4523
f 4466//4466 4524//4524 4467//4467
f 4523//4523 4517//4517 4525//4525
f 4467//4467 4523//4523 4526//4526
f 4524//4524 4527//4527 4513//4513
f 4527//4527 4508//4508 4504//4504
f 4466//4466 4460//4460 4527//4527
f 4460//4460 4462//4462 4508//4508
f 4529//4529 4531//4531 4530//4530
f 4531//4531 4490//4490 4489//4489
f 4520//4520 4516//4516 4531//4531
f 4516//4516 4491//4491 4490//4490
f 4533//4533 4528//4528 4532//4532
f 4156//4156 4533//4533 4157//4157
f 4532//4532 4530//4530 4499//4499
f 4157//4157 4532//4532 4133//4133
f 4533//4533 4535//4535 4534//4534
f 4535//4535 4537//4537 4536//4536
f 4156//4156 4152//4152 4535//4535
f 4152//4152 4154//4154 4537//4537
f 4529//4529 4528//4528 4538//4538
f 4520//4520 4529//4529 4521//4521
f 4538//4538 4534//4534 4539//4539
f 4521//4521 4538//4538 4540//4540
f 4542//4542 4544//4544 4543//4543
f 4554//4554 4543//4543 4545//4545
f 4547//4547 4549//4549 4548//4548
f 4549//4549 4614//4614 4550//4550
f 4543//4543 4552//4552 4551//4551
f 4552//4552 4556//4556 4553//4553
f 4554//4554 4555//4555 4552//4552
f 4555//4555 4590//4590 4556//4556
f 4551//4551 4558//4558 4557//4557
f 4558//4558 4725//4725 4559//4559
f 4558//4558 4551//4551 4560//4560
f 4725//4725 4558//4558 4561//4561
f 4542//4542 4541//4541 4562//4562
f 4547//4547 4546//4546 4564//4564
f 4562//4562 4557//4557 4565//4565
f 4564//4564 4563//4563 4567//4567
f 4569//4569 4574//4574 4570//4570
f 4572//4572 4575//4575 4573//4573
f 4554//4554 4545//4545 4574//4574
f 4550//4550 4614//4614 4575//4575
f 4577//4577 4568//4568 4576//4576
f 4585//4585 4577//4577 4578//4578
f 4580//4580 4571//4571 4579//4579
f 4668//4668 4580//4580 4581//4581
f 4577//4577 4583//4583 4582//4582
f 4583//4583 4587//4587 4584//4584
f 4585//4585 4586//4586 4583//4583
f 4586//4586 4665//4665 4587//4587
f 4569//4569 4568//4568 4588//4588
f 4554//4554 4569//4569 4555//4555
f 4588//4588 4582//4582 4589//4589
f 4555//4555 4588//4588 4590//4590
f 4592//4592 4594//4594 4593//4593
f 4594//4594 4596//4596 4595//4595
f 4594//4594 4592//4592 4575//4575
f 4575//4575 4614//4614 4596//4596
f 4598//4598 4591//4591 4597//4597
f 4605//4605 4598//4598 4599//4599
f 4597//4597 4593//4593 4600//4600
f 4599//4599 4597//4597 4601//4601
f 4603//4603 4591//4591 4602//4602
f 4608//4608 4603//4603 4604//4604
f 4605//4605 4606//4606 4602//4602
f 4606//4606 4641//4641 4604//4604
f 4603//4603 4607//4607 4592//4592
f 4607//4607 4579//4579 4573//4573
f 4608//4608 4609//4609 4607//4607
f 4609//4609 4581//4581 4579//4579
f 4613//4613 4610//4610 4612//4612
f 4547//4547 4613//4613 4549//4549
f 4612//4612 4611//4611 4596//4596
f 4549//4549 4612//4612 4614//4614
f 4613//4613 4616//4616 4615//4615
f 4616//4616 4618//4618 4617//4617
f 4547//4547 4564//4564 4616//4616
f 4564//4564 4567//4567 4618//4618
f 4620//4620 4610//4610 4619//4619
f 4625//4625 4620//4620 4621//4621
f 4619//4619 4615//4615 4622//4622
f 4621//4621 4619//4619 4623//4623
f 4620//4620 4624//4624 4611//4611
f 4624//4624 4600//4600 4595//4595
f 4625//4625 4626//4626 4624//4624
f 4626//4626 4601//4601 4600//4600
f 4628//4628 4630//4630 4629//4629
f 4630//4630 4653//4653 4631//4631
f 4630//4630 4628//4628 4633//4633
f 4653//4653 4630//4630 4634//4634
f 4636//4636 4627//4627 4635//4635
f 4608//4608 4636//4636 4609//4609
f 4635//4635 4629//4629 4637//4637
f 4609//4609 4635//4635 4581//4581
f 4636//4636 4639//4639 4638//4638
f 4643//4643 4638//4638 4640//4640
f 4608//4608 4604//4604 4639//4639
f 4640//4640 4639//4639 4641//4641
f 4628//4628 4627//4627 4642//4642
f 4642//4642 4645//4645 4632//4632
f 4643//4643 4644//4644 4642//4642
f 4644//4644 4676//4676 4645//4645
f 4654//4654 4646//4646 4648//4648
f 4658//4658 4649//4649 4651//4651
f 4650//4650 4652//4652 4653//4653
f 4651//4651 4650//4650 4634//4634
f 4654//4654 4656//4656 4655//4655
f 4656//4656 4797//4797 4657//4657
f 4658//4658 4660//4660 4659//4659
f 4660//4660 4685//4685 4661//4661
f 4663//4663 4646//4646 4662//4662
f 4585//4585 4663//4663 4586//4586
f 4662//4662 4655//4655 4664//4664
f 4586//4586 4662//4662 4665//4665
f 4663//4663 4667//4667 4647//4647
f 4666//4666 4637//4637 4631//4631
f 4585//4585 4578//4578 4667//4667
f 4668//4668 4581//4581 4637//4637
f 4670//4670 4672//4672 4671//4671
f 4632//4632 4671//4671 4633//4633
f 4658//4658 4651//4651 4672//4672
f 4633//4633 4672//4672 4634//4634
f 4674//4674 4669//4669 4673//4673
f 4680//4680 4674//4674 4675//4675
f 4673//4673 4671//4671 4645//4645
f 4675//4675 4673//4673 4676//4676
f 4674//4674 4678//4678 4677//4677
f 4678//4678 4774//4774 4679//4679
f 4680//4680 4681//4681 4678//4678
f 4774//4774 4678//4678 4682//4682
f 4670//4670 4669//4669 4683//4683
f 4658//4658 4670//4670 4660//4660
f 4683//4683 4677//4677 4684//4684
f 4660//4660 4683//4683 4685//4685
f 4687//4687 4689//4689 4688//4688
f 4689//4689 4715//4715 4690//4690
f 4689//4689 4687//4687 4692//4692
f 4715//4715 4689//4689 4693//4693
f 4695//4695 4686//4686 4694//4694
f 4702//4702 4695//4695 4696//4696
f 4694//4694 4688//4688 4697//4697
f 4696//4696 4694//4694 4698//4698
f 4695//4695 4700//4700 4699//4699
f 4700//4700 4704//4704 4701//4701
f 4702//4702 4703//4703 4700//4700
f 4703//4703 4973//4973 4704//4704
f 4687//4687 4686//4686 4705//4705
f 4705//4705 4707//4707 4691//4691
f 4705//4705 4699//4699 4706//4706
f 4706//4706 4737//4737 4707//4707
f 4716//4716 4708//4708 4710//4710
f 4719//4719 4711//4711 4713//4713
f 4712//4712 4714//4714 4715//4715
f 4713//4713 4712//4712 4693//4693
f 4716//4716 4718//4718 4717//4717
f 4718//4718 4565//4565 4559//4559
f 4719//4719 4721//4721 4720//4720
f 4721//4721 4567//4567 4566//4566
f 4723//4723 4708//4708 4722//4722
f 4722//4722 4726//4726 4724//4724
f 4722//4722 4717//4717 4725//4725
f 4725//4725 4561//4561 4726//4726
f 4723//4723 4728//4728 4709//4709
f 4727//4727 4697//4697 4690//4690
f 4724//4724 5104//5104 4728//4728
f 4729//4729 4698//4698 4697//4697
f 4731//4731 4733//4733 4732//4732
f 4733//4733 4692//4692 4691//4691
f 4719//4719 4713//4713 4733//4733
f 4692//4692 4733//4733 4693//4693
f 4735//4735 4730//4730 4734//4734
f 4740//4740 4735//4735 4736//4736
f 4734//4734 4732//4732 4707//4707
f 4736//4736 4734//4734 4737//4737
f 4735//4735 4739//4739 4738//4738
f 4739//4739 4622//4622 4617//4617
f 4740//4740 4741//4741 4739//4739
f 4741//4741 4623//4623 4622//4622
f 4731//4731 4730//4730 4742//4742
f 4719//4719 4731//4731 4721//4721
f 4742//4742 4738//4738 4618//4618
f 4721//4721 4742//4742 4567//4567
f 4744//4744 4746//4746 4745//4745
f 4746//4746 4750//4750 4747//4747
f 4748//4748 4749//4749 4746//4746
f 4749//4749 4766//4766 4750//4750
f 4752//4752 4743//4743 4751//4751
f 4751//4751 4755//4755 4753//4753
f 4751//4751 4745//4745 4754//4754
f 4754//4754 4830//4830 4755//4755
f 4757//4757 4743//4743 4756//4756
f 4033//4033 4757//4757 4034//4034
f 4756//4756 4752//4752 4758//4758
f 4034//4034 4756//4756 4218//4218
f 4744//4744 4743//4743 4759//4759
f 4748//4748 4744//4744 4760//4760
f 4033//4033 4027//4027 4759//4759
f 4760//4760 4759//4759 4029//4029
f 4764//4764 4761//4761 4763//4763
f 4769//4769 4764//4764 4765//4765
f 4763//4763 4762//4762 4750//4750
f 4765//4765 4763//4763 4766//4766
f 4764//4764 4768//4768 4767//4767
f 4768//4768 4684//4684 4679//4679
f 4769//4769 4770//4770 4768//4768
f 4770//4770 4685//4685 4684//4684
f 4772//4772 4761//4761 4771//4771
f 4776//4776 4772//4772 4773//4773
f 4771//4771 4767//4767 4774//4774
f 4773//4773 4771//4771 4682//4682
f 4772//4772 4775//4775 4762//4762
f 4775//4775 4754//4754 4747//4747
f 4776//4776 4777//4777 4775//4775
f 4777//4777 4830//4830 4754//4754
f 4779//4779 4781//4781 4780//4780
f 4781//4781 4803//4803 4782//4782
f 4769//4769 4765//4765 4784//4784
f 4765//4765 4766//4766 4785//4785
f 4787//4787 4778//4778 4786//4786
f 4793//4793 4787//4787 4788//4788
f 4786//4786 4780//4780 4789//4789
f 4788//4788 4786//4786 4790//4790
f 4787//4787 4792//4792 4791//4791
f 4792//4792 4664//4664 4657//4657
f 4793//4793 4794//4794 4792//4792
f 4794//4794 4665//4665 4664//4664
f 4779//4779 4778//4778 4795//4795
f 4769//4769 4783//4783 4770//4770
f 4795//4795 4791//4791 4797//4797
f 4770//4770 4796//4796 4685//4685
f 4804//4804 4798//4798 4800//4800
f 4748//4748 4801//4801 4749//4749
f 4800//4800 4799//4799 4803//4803
f 4749//4749 4802//4802 4766//4766
f 4804//4804 4806//4806 4805//4805
f 4808//4808 4058//4058 4057//4057
f 4748//4748 4760//4760 4808//4808
f 4760//4760 4029//4029 4058//4058
f 4810//4810 4798//4798 4809//4809
f 4813//4813 4810//4810 4811//4811
f 4809//4809 4805//4805 4052//4052
f 4811//4811 4809//4809 4054//4054
f 4810//4810 4812//4812 4799//4799
f 4812//4812 4789//4789 4782//4782
f 4813//4813 4814//4814 4812//4812
f 4814//4814 4790//4790 4789//4789
f 4816//4816 4818//4818 4817//4817
f 4818//4818 4822//4822 4819//4819
f 4820//4820 4821//4821 4818//4818
f 4821//4821 4836//4836 4822//4822
f 4824//4824 4815//4815 4823//4823
f 4220//4220 4824//4824 4221//4221
f 4823//4823 4817//4817 4825//4825
f 4221//4221 4823//4823 4200//4200
f 4824//4824 4827//4827 4826//4826
f 4827//4827 4758//4758 4753//4753
f 4220//4220 4217//4217 4827//4827
f 4217//4217 4218//4218 4758//4758
f 4816//4816 4815//4815 4828//4828
f 4820//4820 4816//4816 4829//4829
f 4828//4828 4826//4826 4755//4755
f 4829//4829 4828//4828 4830//4830
f 4834//4834 4831//4831 4833//4833
f 4840//4840 4834//4834 4835//4835
f 4833//4833 4832//4832 4822//4822
f 4835//4835 4833//4833 4836//4836
f 4834//4834 4838//4838 4837//4837
f 4838//4838 4842//4842 4839//4839
f 4840//4840 4841//4841 4838//4838
f 4841//4841 4862//4862 4842//4842
f 4844//4844 4831//4831 4843//4843
f 4203//4203 4844//4844 4204//4204
f 4843//4843 4837//4837 4845//4845
f 4204//4204 4843//4843 4170//4170
f 4844//4844 4846//4846 4832//4832
f 4846//4846 4825//4825 4819//4819
f 4203//4203 4198//4198 4846//4846
f 4198//4198 4200//4200 4825//4825
f 4848//4848 4850//4850 4849//4849
f 4850//4850 4852//4852 4851//4851
f 4840//4840 4835//4835 4850//4850
f 4835//4835 4836//4836 4852//4852
f 4854//4854 4847//4847 4853//4853
f 4643//4643 4854//4854 4644//4644
f 4853//4853 4849//4849 4855//4855
f 4644//4644 4853//4853 4676//4676
f 4854//4854 4857//4857 4856//4856
f 4857//4857 4859//4859 4858//4858
f 4643//4643 4640//4640 4857//4857
f 4640//4640 4641//4641 4859//4859
f 4848//4848 4847//4847 4860//4860
f 4840//4840 4848//4848 4841//4841
f 4860//4860 4856//4856 4861//4861
f 4841//4841 4860//4860 4862//4862
f 4866//4866 4863//4863 4865//4865
f 4820//4820 4866//4866 4821//4821
f 4865//4865 4864//4864 4852//4852
f 4821//4821 4865//4865 4836//4836
f 4866//4866 4868//4868 4867//4867
f 4868//4868 4777//4777 4776//4776
f 4820//4820 4829//4829 4868//4868
f 4829//4829 4830//4830 4777//4777
f 4870//4870 4863//4863 4869//4869
f 4680//4680 4870//4870 4681//4681
f 4869//4869 4867//4867 4773//4773
f 4773//4773 4682//4682 4681//4681
f 4870//4870 4871//4871 4864//4864
f 4871//4871 4855//4855 4851//4851
f 4680//4680 4675//4675 4871//4871
f 4675//4675 4676//4676 4855//4855
f 4873//4873 4875//4875 4874//4874
f 4875//4875 4879//4879 4876//4876
f 4877//4877 4878//4878 4875//4875
f 4878//4878 4892//4892 4879//4879
f 4881//4881 4872//4872 4880//4880
f 4172//4172 4881//4881 4173//4173
f 4880//4880 4874//4874 4882//4882
f 4173//4173 4880//4880 4149//4149
f 4881//4881 4884//4884 4883//4883
f 4884//4884 4845//4845 4839//4839
f 4172//4172 4168//4168 4884//4884
f 4168//4168 4170//4170 4845//4845
f 4873//4873 4872//4872 4885//4885
f 4877//4877 4873//4873 4886//4886
f 4885//4885 4883//4883 4842//4842
f 4886//4886 4885//4885 4862//4862
f 4890//4890 4887//4887 4889//4889
f 4896//4896 4890//4890 4891//4891
f 4889//4889 4888//4888 4879//4879
f 4891//4891 4889//4889 4892//4892
f 4894//4894 4887//4887 4893//4893
f 4901//4901 4894//4894 4895//4895
f 4896//4896 4897//4897 4893//4893
f 4895//4895 4893//4893 4898//4898
f 4894//4894 4900//4900 4899//4899
f 4900//4900 4153//4153 4147//4147
f 4901//4901 4902//4902 4900//4900
f 4902//4902 4154//4154 4153//4153
f 4888//4888 4887//4887 4903//4903
f 4903//4903 4882//4882 4876//4876
f 4903//4903 4899//4899 4904//4904
f 4904//4904 4149//4149 4882//4882
f 4906//4906 4908//4908 4907//4907
f 4908//4908 4910//4910 4909//4909
f 4896//4896 4891//4891 4908//4908
f 4891//4891 4892//4892 4910//4910
f 4912//4912 4905//4905 4911//4911
f 4625//4625 4912//4912 4626//4626
f 4911//4911 4907//4907 4913//4913
f 4626//4626 4911//4911 4601//4601
f 4912//4912 4915//4915 4914//4914
f 4915//4915 4917//4917 4916//4916
f 4625//4625 4621//4621 4915//4915
f 4621//4621 4623//4623 4917//4917
f 4906//4906 4905//4905 4918//4918
f 4896//4896 4906//4906 4897//4897
f 4918//4918 4914//4914 4919//4919
f 4897//4897 4918//4918 4898//4898
f 4923//4923 4920//4920 4922//4922
f 4877//4877 4923//4923 4878//4878
f 4922//4922 4921//4921 4910//4910
f 4878//4878 4922//4922 4892//4892
f 4923//4923 4925//4925 4924//4924
f 4925//4925 4861//4861 4858//4858
f 4877//4877 4886//4886 4925//4925
f 4886//4886 4862//4862 4861//4861
f 4927//4927 4920//4920 4926//4926
f 4605//4605 4927//4927 4606//4606
f 4926//4926 4924//4924 4859//4859
f 4606//4606 4926//4926 4641//4641
f 4927//4927 4928//4928 4921//4921
f 4928//4928 4913//4913 4909//4909
f 4605//4605 4599//4599 4928//4928
f 4599//4599 4601//4601 4913//4913
f 4932//4932 4929//4929 4931//4931
f 4939//4939 4932//4932 4933//4933
f 4931//4931 4930//4930 4935//4935
f 4933//4933 4931//4931 4936//4936
f 4932//4932 4938//4938 4937//4937
f 4938//4938 4539//4539 4536//4536
f 4939//4939 4940//4940 4938//4938
f 4940//4940 4540//4540 4539//4539
f 4942//4942 4929//4929 4941//4941
f 4901//4901 4942//4942 4902//4902
f 4941//4941 4937//4937 4537//4537
f 4902//4902 4941//4941 4154//4154
f 4942//4942 4943//4943 4930//4930
f 4943//4943 4944//4944 4934//4934
f 4901//4901 4895//4895 4943//4943
f 4895//4895 4898//4898 4944//4944
f 4946//4946 4948//4948 4947//4947
f 4948//4948 4950//4950 4949//4949
f 4939//4939 4933//4933 4948//4948
f 4933//4933 4936//4936 4950//4950
f 4952//4952 4945//4945 4951//4951
f 4958//4958 4952//4952 4953//4953
f 4951//4951 4947//4947 4954//4954
f 4953//4953 4951//4951 4955//4955
f 4952//4952 4957//4957 4956//4956
f 4957//4957 4525//4525 4519//4519
f 4958//4958 4959//4959 4957//4957
f 4959//4959 4526//4526 4525//4525
f 4946//4946 4945//4945 4960//4960
f 4939//4939 4946//4946 4940//4940
f 4960//4960 4956//4956 4522//4522
f 4940//4940 4960//4960 4540//4540
f 4964//4964 4961//4961 4963//4963
f 4968//4968 4964//4964 4965//4965
f 4963//4963 4962//4962 4950//4950
f 4965//4965 4963//4963 4936//4936
f 4964//4964 4967//4967 4966//4966
f 4967//4967 4706//4706 4701//4701
f 4968//4968 4969//4969 4967//4967
f 4969//4969 4737//4737 4706//4706
f 4971//4971 4961//4961 4970//4970
f 4970//4970 5039//5039 4972//4972
f 4970//4970 4966//4966 4704//4704
f 5039//5039 4970//4970 4973//4973
f 4971//4971 4974//4974 4962//4962
f 4974//4974 4954//4954 4949//4949
f 4972//4972 4975//4975 4974//4974
f 4975//4975 4955//4955 4954//4954
f 4977//4977 4979//4979 4978//4978
f 4979//4979 4935//4935 4934//4934
f 4968//4968 4965//4965 4979//4979
f 4965//4965 4936//4936 4935//4935
f 4978//4978 4981//4981 4980//4980
f 4981//4981 4919//4919 4916//4916
f 4981//4981 4978//4978 4944//4944
f 4944//4944 4898//4898 4919//4919
f 4983//4983 4976//4976 4982//4982
f 4740//4740 4983//4983 4741//4741
f 4982//4982 4980//4980 4917//4917
f 4741//4741 4982//4982 4623//4623
f 4983//4983 4984//4984 4977//4977
f 4968//4968 4977//4977 4969//4969
f 4740//4740 4736//4736 4984//4984
f 4736//4736 4737//4737 4969//4969
f 4986//4986 4988//4988 4987//4987
f 4988//4988 5014//5014 4989//4989
f 4991//4991 4993//4993 4992//4992
f 4993//4993 5015//5015 4994//4994
f 4996//4996 4985//4985 4995//4995
f 5002//5002 4996//4996 4997//4997
f 4995//4995 4987//4987 4998//4998
f 4997//4997 4995//4995 4999//4999
f 4996//4996 5001//5001 5000//5000
f 5001//5001 4449//4449 4442//4442
f 5002//5002 5003//5003 5001//5001
f 5003//5003 4450//4450 4449//4449
f 4986//4986 4985//4985 5004//5004
f 4991//4991 4990//4990 5006//5006
f 5004//5004 5000//5000 5007//5007
f 5006//5006 5005//5005 4471//4471
f 5016//5016 5008//5008 5010//5010
f 5019//5019 5011//5011 5013//5013
f 5010//5010 5009//5009 5014//5014
f 5013//5013 5012//5012 5015//5015
f 5016//5016 5018//5018 5017//5017
f 5018//5018 5104//5104 4724//4724
f 5019//5019 5021//5021 5020//5020
f 4729//4729 5020//5020 4698//4698
f 5023//5023 5008//5008 5022//5022
f 5026//5026 5023//5023 5024//5024
f 5022//5022 5017//5017 4726//4726
f 5024//5024 5022//5022 4561//4561
f 5023//5023 5025//5025 5009//5009
f 5025//5025 4998//4998 4989//4989
f 5026//5026 5027//5027 5025//5025
f 5027//5027 4999//4999 4998//4998
f 5031//5031 5028//5028 5030//5030
f 5030//5030 5033//5033 5032//5032
f 5030//5030 5029//5029 5013//5013
f 5013//5013 5015//5015 5033//5033
f 5031//5031 5035//5035 5034//5034
f 5035//5035 4975//4975 4972//4972
f 5032//5032 5036//5036 5035//5035
f 4975//4975 5035//5035 4955//4955
f 5038//5038 5028//5028 5037//5037
f 4702//4702 5038//5038 4703//4703
f 5037//5037 5034//5034 5039//5039
f 4703//4703 5037//5037 4973//4973
f 5038//5038 5040//5040 5029//5029
f 5040//5040 5021//5021 5019//5019
f 4702//4702 4696//4696 5040//5040
f 4696//4696 4698//4698 5021//5021
f 5044//5044 5041//5041 5043//5043
f 4991//4991 5044//5044 4993//4993
f 5043//5043 5042//5042 5033//5033
f 4993//4993 5043//5043 5015//5015
f 5044//5044 5046//5046 5045//5045
f 5046//5046 4470//4470 4465//4465
f 4991//4991 5006//5006 5046//5046
f 5006//5006 4471//4471 4470//4470
f 5048//5048 5041//5041 5047//5047
f 4958//4958 5048//5048 4959//4959
f 5047//5047 5045//5045 4468//4468
f 4959//4959 5047//5047 4526//4526
f 5048//5048 5049//5049 5042//5042
f 5049//5049 5036//5036 5032//5032
f 4958//4958 4953//4953 5049//5049
f 4953//4953 4955//4955 5036//5036
f 5051//5051 5053//5053 5052//5052
f 5053//5053 5057//5057 5054//5054
f 5055//5055 5056//5056 5053//5053
f 5056//5056 5070//5070 5057//5057
f 5059//5059 5050//5050 5058//5058
f 4813//4813 5059//5059 4814//4814
f 5058//5058 5052//5052 5060//5060
f 4814//4814 5058//5058 4790//4790
f 5059//5059 5062//5062 5061//5061
f 5062//5062 4393//4393 4387//4387
f 4813//4813 4811//4811 5062//5062
f 4811//4811 4054//4054 4393//4393
f 5051//5051 5050//5050 5063//5063
f 5055//5055 5051//5051 5064//5064
f 5063//5063 5061//5061 4390//4390
f 5064//5064 5063//5063 4411//4411
f 5068//5068 5065//5065 5067//5067
f 5073//5073 5068//5068 5069//5069
f 5067//5067 5066//5066 5057//5057
f 5069//5069 5067//5067 5070//5070
f 5068//5068 5072//5072 5071//5071
f 5072//5072 4589//4589 4584//4584
f 5073//5073 5074//5074 5072//5072
f 5074//5074 4590//4590 4589//4589
f 5076//5076 5065//5065 5075//5075
f 4793//4793 5076//5076 4794//4794
f 5075//5075 5071//5071 4587//4587
f 4794//4794 5075//5075 4665//4665
f 5076//5076 5077//5077 5066//5066
f 5077//5077 5060//5060 5054//5054
f 4793//4793 4788//4788 5077//5077
f 4788//4788 4790//4790 5060//5060
f 5079//5079 5081//5081 5080//5080
f 5081//5081 5083//5083 5082//5082
f 5073//5073 5069//5069 5081//5081
f 5069//5069 5070//5070 5083//5083
f 5085//5085 5078//5078 5084//5084
f 5026//5026 5085//5085 5027//5027
f 5084//5084 5080//5080 5086//5086
f 5027//5027 5084//5084 4999//4999
f 5085//5085 5088//5088 5087//5087
f 5088//5088 4560//4560 4553//4553
f 5026//5026 5024//5024 5088//5088
f 5024//5024 4561//4561 4560//4560
f 5079//5079 5078//5078 5089//5089
f 5073//5073 5079//5079 5074//5074
f 5089//5089 5087//5087 4556//4556
f 5074//5074 5089//5089 4590//4590
f 5093//5093 5090//5090 5092//5092
f 5055//5055 5093//5093 5056//5056
f 5092//5092 5091//5091 5083//5083
f 5056//5056 5092//5092 5070//5070
f 5093//5093 5095//5095 5094//5094
f 5095//5095 4410//4410 4405//4405
f 5055//5055 5064//5064 5095//5095
f 5064//5064 4411//4411 4410//4410
f 5097//5097 5090//5090 5096//5096
f 5002//5002 5097//5097 5003//5003
f 5096//5096 5094//5094 4408//4408
f 5003//5003 5096//5096 4450//4450
f 5097//5097 5098//5098 5091//5091
f 5098//5098 5086//5086 5082//5082
f 5002//5002 4997//4997 5098//5098
f 4997//4997 4999//4999 5086//5086
