# Created by Open3D 
# object name: left_feet
# number of vertices: 2487
# number of triangles: 4639
v 0.354035 0.076791 -0.119452
vn 0.480681 0.287432 -0.828449
v 0.35326 0.071941 -0.121776
vn 0.469343 0.307742 -0.827655
v 0.348095 0.076289 -0.122926
vn 0.401704 0.29373 -0.867385
v 0.348026 0.070644 -0.12491
vn 0.376901 0.295494 -0.877855
v 0.342679 0.073106 -0.126086
vn 0.259789 0.285694 -0.922436
v 0.352822 0.067073 -0.123805
vn 0.449205 0.283652 -0.847205
v 0.347648 0.06586 -0.126628
vn 0.351449 0.265214 -0.897856
v 0.342769 0.068478 -0.127431
vn 0.22776 0.262127 -0.937771
v 0.350465 0.080235 -0.120368
vn 0.451638 0.280033 -0.847116
v 0.354977 0.081273 -0.117493
vn 0.482244 0.253582 -0.838533
v 0.342062 0.077289 -0.124937
vn 0.255191 0.296482 -0.920313
v 0.344621 0.081815 -0.122673
vn 0.324221 0.302493 -0.896314
v 0.35904 0.077315 -0.116306
vn 0.544467 0.244485 -0.802361
v 0.359953 0.081983 -0.114486
vn 0.565185 0.202423 -0.799744
v 0.364062 0.077316 -0.112424
vn 0.631554 0.202082 -0.748533
v 0.365011 0.081993 -0.110554
vn 0.642959 0.161553 -0.748668
v 0.358378 0.072777 -0.118278
vn 0.545115 0.283628 -0.788926
v 0.357979 0.067901 -0.120396
vn 0.545382 0.289964 -0.786435
v 0.36338 0.072796 -0.114443
vn 0.625798 0.243326 -0.74106
v 0.362801 0.068271 -0.116464
vn 0.628391 0.256193 -0.7345
v 0.351617 0.057262 -0.127351
vn 0.416357 0.254691 -0.872799
v 0.347622 0.0584 -0.128699
vn 0.314493 0.242603 -0.917735
v 0.351618 0.061853 -0.125943
vn 0.42368 0.253433 -0.869636
v 0.346586 0.061998 -0.128062
vn 0.316856 0.249165 -0.915161
v 0.34295 0.059495 -0.129722
vn 0.182271 0.222593 -0.957721
v 0.342662 0.063997 -0.128636
vn 0.190939 0.24627 -0.950207
v 0.356308 0.05729 -0.124783
vn 0.521804 0.224908 -0.822883
v 0.35749 0.062948 -0.12254
vn 0.530133 0.245292 -0.81166
v 0.361783 0.058096 -0.120557
vn 0.625924 0.194737 -0.75518
v 0.362476 0.063568 -0.118442
vn 0.635448 0.234471 -0.735683
v 0.352973 0.053453 -0.127764
vn 0.439682 0.193584 -0.877043
v 0.356598 0.052447 -0.125836
vn 0.545971 0.158134 -0.822745
v 0.353985 0.048944 -0.127983
vn 0.473755 0.103461 -0.874558
v 0.360314 0.052728 -0.123067
vn 0.612074 0.158295 -0.774796
v 0.358039 0.048372 -0.125334
vn 0.576706 0.0932687 -0.81161
v 0.348545 0.054233 -0.129454
vn 0.301443 0.189735 -0.934416
v 0.343744 0.054943 -0.130502
vn 0.185778 0.171302 -0.967544
v 0.349542 0.0497 -0.129884
vn 0.32022 0.122878 -0.93934
v 0.344589 0.050238 -0.13101
vn 0.179481 0.123073 -0.976032
v 0.331931 0.061675 -0.129993
vn -0.0344316 0.206809 -0.977775
v 0.331283 0.066467 -0.128955
vn -0.0535708 0.22899 -0.971954
v 0.337341 0.065571 -0.128939
vn 0.0812319 0.225935 -0.97075
v 0.337799 0.060749 -0.130031
vn 0.0695278 0.222344 -0.972486
v 0.330806 0.071155 -0.127723
vn -0.085973 0.269254 -0.959224
v 0.337038 0.070258 -0.127921
vn 0.0881116 0.249369 -0.964392
v 0.332845 0.056793 -0.131018
vn -0.0313488 0.188041 -0.981661
v 0.338492 0.055879 -0.131063
vn 0.079756 0.179927 -0.980441
v 0.33375 0.051615 -0.131957
vn -0.0117422 0.12399 -0.992214
v 0.339274 0.051137 -0.131638
vn 0.0980944 0.111459 -0.988916
v 0.326787 0.056971 -0.130453
vn -0.170838 0.168499 -0.970785
v 0.325655 0.061925 -0.129305
vn -0.194925 0.206014 -0.958938
v 0.320441 0.056791 -0.128839
vn -0.385277 0.14306 -0.911644
v 0.327857 0.051947 -0.131434
vn -0.148692 0.137702 -0.979249
v 0.321733 0.051811 -0.129921
vn -0.342535 0.116735 -0.932225
v 0.324907 0.066809 -0.12794
vn -0.231823 0.254475 -0.938883
v 0.319369 0.062004 -0.127394
vn -0.432013 0.200192 -0.879368
v 0.318672 0.066989 -0.12571
vn -0.486472 0.287986 -0.824869
v 0.324442 0.071585 -0.126384
vn -0.288363 0.295436 -0.910804
v 0.330631 0.080343 -0.12466
vn -0.149697 0.374044 -0.91525
v 0.337207 0.07934 -0.125202
vn 0.0786699 0.327813 -0.941462
v 0.330554 0.075822 -0.126309
vn -0.100825 0.309548 -0.945524
v 0.336794 0.074786 -0.126702
vn 0.079658 0.285827 -0.954965
v 0.324012 0.076236 -0.124877
vn -0.348837 0.350127 -0.869324
v 0.324326 0.080601 -0.122785
vn -0.417333 0.407772 -0.81213
v 0.318511 0.076112 -0.121287
vn -0.589029 0.364842 -0.721065
v 0.318394 0.071535 -0.123387
vn -0.548725 0.343335 -0.762248
v 0.318609 0.080546 -0.119213
vn -0.626697 0.354785 -0.693815
v 0.355519 0.038257 -0.127849
vn 0.494486 0.0220242 -0.868907
v 0.356196 0.032428 -0.127404
vn 0.49154 -0.0449431 -0.869694
v 0.351768 0.033029 -0.129613
vn 0.384107 -0.0502006 -0.921923
v 0.351112 0.038909 -0.130062
vn 0.374719 0.0084465 -0.9271
v 0.347077 0.033551 -0.131183
vn 0.244774 -0.0514772 -0.968213
v 0.356646 0.026748 -0.126663
vn 0.51825 -0.0969577 -0.849716
v 0.352277 0.027292 -0.128865
vn 0.390017 -0.0847358 -0.916901
v 0.347719 0.027814 -0.130608
vn 0.268469 -0.0898286 -0.959091
v 0.354772 0.043934 -0.127982
vn 0.498486 0.06373 -0.864552
v 0.350285 0.044596 -0.130095
vn 0.353143 0.0667709 -0.933184
v 0.346277 0.039473 -0.131586
vn 0.225102 0.0100034 -0.974284
v 0.345389 0.045143 -0.13146
vn 0.194837 0.0801766 -0.977553
v 0.359058 0.043325 -0.125147
vn 0.570943 0.082478 -0.816836
v 0.359944 0.037682 -0.125117
vn 0.577104 0.0268902 -0.816228
v 0.363248 0.042434 -0.122164
vn 0.632491 0.0742581 -0.771
v 0.362251 0.047785 -0.122219
vn 0.619354 0.112814 -0.776964
v 0.360505 0.031979 -0.124573
vn 0.602285 -0.0573469 -0.796219
v 0.3641 0.03719 -0.121738
vn 0.673205 -0.000891176 -0.739455
v 0.364361 0.031555 -0.121201
vn 0.694725 -0.0790873 -0.714914
v 0.360647 0.02631 -0.123732
vn 0.628836 -0.128267 -0.766885
v 0.357211 0.016231 -0.124282
vn 0.577337 -0.202936 -0.790885
v 0.353216 0.016599 -0.126868
vn 0.47021 -0.202544 -0.858999
v 0.356809 0.021251 -0.125678
vn 0.557286 -0.159207 -0.814914
v 0.352786 0.021691 -0.128196
vn 0.420602 -0.12609 -0.89844
v 0.348995 0.01727 -0.128976
vn 0.323426 -0.163546 -0.932013
v 0.348306 0.022638 -0.129791
vn 0.282469 -0.106871 -0.953305
v 0.360541 0.020891 -0.122688
vn 0.645761 -0.167146 -0.74502
v 0.36088 0.016034 -0.121179
vn 0.660102 -0.202771 -0.723291
v 0.364013 0.020599 -0.119348
vn 0.715055 -0.167502 -0.678705
v 0.364256 0.025968 -0.120298
vn 0.709343 -0.144034 -0.68999
v 0.358073 0.011719 -0.122268
vn 0.597859 -0.260955 -0.757936
v 0.361646 0.011665 -0.119116
vn 0.675717 -0.250209 -0.693399
v 0.358842 0.00744 -0.119966
vn 0.594484 -0.394833 -0.700497
v 0.36424 0.015903 -0.117759
vn 0.718531 -0.201252 -0.665741
v 0.364782 0.011895 -0.115788
vn 0.726289 -0.24912 -0.640659
v 0.362271 0.007474 -0.11674
vn 0.670492 -0.37991 -0.637267
v 0.354252 0.011957 -0.125041
vn 0.504018 -0.260976 -0.823321
v 0.349449 0.011857 -0.127549
vn 0.381544 -0.253061 -0.889036
v 0.355272 0.007803 -0.122776
vn 0.517315 -0.392295 -0.760585
v 0.351611 0.007971 -0.125139
vn 0.448371 -0.375834 -0.810994
v 0.339323 0.01891 -0.131011
vn 0.0656992 -0.124367 -0.990059
v 0.338325 0.024308 -0.13158
vn 0.0307684 -0.0837554 -0.996011
v 0.343506 0.023285 -0.131039
vn 0.157358 -0.103185 -0.982136
v 0.344249 0.018144 -0.130294
vn 0.18496 -0.133017 -0.973702
v 0.337341 0.029414 -0.131989
vn 0.00305531 -0.0750454 -0.997175
v 0.342779 0.02863 -0.131615
vn 0.124689 -0.0795572 -0.989001
v 0.340282 0.01403 -0.130155
vn 0.087883 -0.192163 -0.97742
v 0.344927 0.013183 -0.129376
vn 0.215819 -0.214003 -0.952693
v 0.341112 0.009699 -0.129008
vn 0.104093 -0.305677 -0.946428
v 0.345327 0.00882 -0.128012
vn 0.23278 -0.329651 -0.914956
v 0.335323 0.014891 -0.130538
vn -0.0050274 -0.175486 -0.984469
v 0.333993 0.020005 -0.131201
vn -0.0514892 -0.0962723 -0.994022
v 0.329905 0.015892 -0.130422
vn -0.118767 -0.132492 -0.984043
v 0.336603 0.010427 -0.129496
vn 0.0226779 -0.279129 -0.959986
v 0.331763 0.011153 -0.129602
vn -0.0655743 -0.254136 -0.964943
v 0.332722 0.025325 -0.131501
vn -0.0914522 -0.0752151 -0.992965
v 0.328153 0.021402 -0.130583
vn -0.175871 -0.0667377 -0.982148
v 0.326713 0.026875 -0.130672
vn -0.217803 -0.0740213 -0.973182
v 0.331491 0.030882 -0.131827
vn -0.110975 -0.0786365 -0.990707
v 0.335414 0.040689 -0.132523
vn -0.00428465 0.00555075 -0.999975
v 0.341085 0.039833 -0.132362
vn 0.0856647 0.0160024 -0.996196
v 0.336395 0.03505 -0.132383
vn -0.00884786 -0.0494951 -0.998735
v 0.342007 0.034014 -0.132128
vn 0.103933 -0.0515206 -0.993249
v 0.33053 0.036455 -0.132153
vn -0.119151 -0.056738 -0.991254
v 0.329553 0.041961 -0.132252
vn -0.114585 -0.00811572 -0.99338
v 0.32445 0.038324 -0.131113
vn -0.264263 -0.0623463 -0.962434
v 0.325472 0.032584 -0.130892
vn -0.244568 -0.0844107 -0.965951
v 0.334461 0.046465 -0.13236
vn 0.00527362 0.0563677 -0.998396
v 0.328766 0.047084 -0.132018
vn -0.116497 0.0591992 -0.991425
v 0.323782 0.043479 -0.131222
vn -0.277088 -0.005771 -0.960827
v 0.323913 0.04796 -0.131061
vn -0.270244 0.0780703 -0.959621
v 0.340047 0.045605 -0.132089
vn 0.0874928 0.0748108 -0.993352
v 0.310488 0.079896 -0.109002
vn -0.832558 0.300902 -0.465087
v 0.30997 0.075302 -0.111029
vn -0.813425 0.340822 -0.47136
v 0.3068 0.074889 -0.105177
vn -0.861261 0.309765 -0.402834
v 0.30731 0.079434 -0.10311
vn -0.879808 0.253035 -0.402382
v 0.304026 0.074564 -0.099085
vn -0.893906 0.273275 -0.355321
v 0.309285 0.070832 -0.113474
vn -0.792882 0.367217 -0.486302
v 0.305972 0.070411 -0.107375
vn -0.843742 0.370968 -0.38792
v 0.303274 0.069942 -0.101029
vn -0.883573 0.341898 -0.320007
v 0.307463 0.084129 -0.101525
vn -0.901756 0.164351 -0.399781
v 0.304596 0.079099 -0.097126
vn -0.904797 0.222308 -0.363209
v 0.304734 0.083672 -0.09552
vn -0.923567 0.151562 -0.352213
v 0.314187 0.080229 -0.114466
vn -0.763456 0.331503 -0.554293
v 0.313739 0.075731 -0.116538
vn -0.73094 0.35257 -0.584312
v 0.313374 0.071263 -0.118782
vn -0.700819 0.356476 -0.617882
v 0.308703 0.061073 -0.118419
vn -0.762727 0.226876 -0.60562
v 0.304689 0.060623 -0.112476
vn -0.839626 0.23891 -0.487801
v 0.308763 0.066179 -0.115952
vn -0.780376 0.318644 -0.538033
v 0.305062 0.065739 -0.109914
vn -0.837151 0.336758 -0.431013
v 0.301165 0.06027 -0.106001
vn -0.889764 0.247589 -0.383431
v 0.302068 0.065433 -0.103477
vn -0.878798 0.354005 -0.319992
v 0.313262 0.066644 -0.121243
vn -0.67831 0.305216 -0.668385
v 0.313779 0.061638 -0.123497
vn -0.643445 0.205304 -0.737448
v 0.309402 0.055679 -0.120721
vn -0.726167 0.150067 -0.67094
v 0.314657 0.056344 -0.12539
vn -0.600348 0.137802 -0.787777
v 0.310294 0.050024 -0.122502
vn -0.689937 0.0745689 -0.720019
v 0.315695 0.050942 -0.126907
vn -0.554186 0.0888139 -0.827641
v 0.304892 0.055062 -0.115007
vn -0.829113 0.168677 -0.533029
v 0.301222 0.054524 -0.108538
vn -0.889573 0.158268 -0.428498
v 0.305367 0.049338 -0.117256
vn -0.799777 0.0758859 -0.595481
v 0.301504 0.048641 -0.110998
vn -0.886407 0.0715547 -0.457344
v 0.297234 0.059418 -0.092048
vn -0.95705 0.230408 -0.175978
v 0.298242 0.064524 -0.089972
vn -0.945212 0.261791 -0.195036
v 0.29994 0.064961 -0.096797
vn -0.91656 0.321973 -0.237172
v 0.298812 0.059856 -0.099326
vn -0.935323 0.253834 -0.246452
v 0.299124 0.069382 -0.088129
vn -0.946186 0.234494 -0.223034
v 0.300968 0.069552 -0.094539
vn -0.918422 0.280466 -0.278997
v 0.296568 0.053947 -0.094396
vn -0.974027 0.130406 -0.18511
v 0.298305 0.054296 -0.101643
vn -0.944015 0.143128 -0.297238
v 0.296513 0.047957 -0.096807
vn -0.979245 0.0170404 -0.201964
v 0.298441 0.048198 -0.104099
vn -0.943204 0.0443143 -0.329246
v 0.295331 0.053567 -0.087019
vn -0.989184 0.101255 -0.106122
v 0.296019 0.059085 -0.084868
vn -0.975984 0.187068 -0.111629
v 0.294936 0.053354 -0.079588
vn -0.998915 0.0456179 0.00932966
v 0.295351 0.047596 -0.089313
vn -0.993552 -0.00775334 -0.113115
v 0.294889 0.047499 -0.081954
vn -0.998046 -0.0582691 0.0225644
v 0.296986 0.064262 -0.08324
vn -0.969058 0.209344 -0.130773
v 0.295472 0.059007 -0.077813
vn -0.991596 0.128358 -0.0161503
v 0.296343 0.064109 -0.076459
vn -0.988216 0.138231 -0.0657451
v 0.297728 0.069147 -0.081665
vn -0.969357 0.1816 -0.165431
v 0.300283 0.078503 -0.085047
vn -0.952343 0.138604 -0.271722
v 0.302271 0.07877 -0.091171
vn -0.932117 0.189168 -0.308826
v 0.299909 0.073989 -0.086674
vn -0.947798 0.204988 -0.244252
v 0.301635 0.074236 -0.092896
vn -0.923425 0.242862 -0.29716
v 0.298302 0.073806 -0.08028
vn -0.968544 0.151025 -0.197771
v 0.298594 0.078263 -0.078965
vn -0.971546 0.0823332 -0.222081
v 0.297248 0.073651 -0.073948
vn -0.986325 0.0920914 -0.136683
v 0.296792 0.068981 -0.075171
vn -0.986539 0.120555 -0.110491
v 0.300256 0.082923 -0.083623
vn -0.961315 0.0791299 -0.263842
v 0.29844 0.082798 -0.07765
vn -0.976608 0.0286343 -0.213113
v 0.297233 0.078241 -0.072731
vn -0.98467 0.004817 -0.174362
v 0.296928 0.082926 -0.071561
vn -0.98475 -0.0209768 -0.172709
v 0.302337 0.083223 -0.089591
vn -0.945681 0.121065 -0.301712
v 0.314558 0.037151 -0.126424
vn -0.576803 -0.0540758 -0.815091
v 0.314855 0.03147 -0.12606
vn -0.568387 -0.0917842 -0.817626
v 0.309233 0.035331 -0.121825
vn -0.729339 -0.0592852 -0.681579
v 0.310915 0.028617 -0.122429
vn -0.680369 -0.0922623 -0.727039
v 0.306528 0.027174 -0.117303
vn -0.799971 -0.0417653 -0.598583
v 0.316062 0.025395 -0.126201
vn -0.543035 -0.0752852 -0.836328
v 0.311581 0.022381 -0.122489
vn -0.664881 -0.023558 -0.746578
v 0.312622 0.043273 -0.125154
vn -0.637843 0.0169153 -0.769981
v 0.306761 0.042933 -0.119176
vn -0.768686 -0.00709665 -0.639586
v 0.30441 0.035287 -0.115132
vn -0.839683 -0.0668252 -0.53895
v 0.302622 0.042222 -0.11324
vn -0.864479 -0.0322933 -0.50163
v 0.318667 0.040641 -0.129092
vn -0.454925 -0.029788 -0.890032
v 0.318713 0.046172 -0.129148
vn -0.465479 0.0423821 -0.884044
v 0.319532 0.034666 -0.129116
vn -0.411912 -0.0805101 -0.90766
v 0.320711 0.028821 -0.129024
vn -0.391368 -0.083018 -0.916482
v 0.319948 0.013165 -0.127703
vn -0.386838 -0.106846 -0.915937
v 0.315612 0.009073 -0.125143
vn -0.476283 -0.105555 -0.872934
v 0.313114 0.015414 -0.123959
vn -0.594639 -0.00103096 -0.803992
v 0.31767 0.019183 -0.126757
vn -0.49311 -0.0334824 -0.869323
v 0.315612 0.009073 -0.125143
vn -0.438765 -0.468793 -0.766628
v 0.313466 0.005003 -0.121165
vn -0.506286 -0.626599 -0.592493
v 0.309043 0.010648 -0.120665
vn -0.655275 -0.423387 -0.625586
v 0.309043 0.010648 -0.120665
vn -0.68246 0.0228777 -0.730565
v 0.307414 0.018207 -0.118271
vn -0.752962 0.0342188 -0.657174
v 0.323951 0.017324 -0.129468
vn -0.287545 -0.0790478 -0.954499
v 0.322205 0.022914 -0.129213
vn -0.357055 -0.0611387 -0.93208
v 0.326096 0.012079 -0.12921
vn -0.187617 -0.212031 -0.959084
v 0.32258 0.008172 -0.127326
vn -0.256358 -0.250682 -0.933509
v 0.328574 0.007712 -0.128192
vn -0.117783 -0.305434 -0.9449
v 0.320234 0.004038 -0.123998
vn -0.315291 -0.638661 -0.701929
v 0.32258 0.008172 -0.127326
vn -0.257663 -0.481105 -0.837943
v 0.326137 0.004208 -0.125977
vn -0.186078 -0.550083 -0.814116
v 0.325117 0.001397 -0.123257
vn -0.221835 -0.852767 -0.47284
v 0.322842 0.001395 -0.120509
vn -0.150362 -0.970872 -0.186544
v 0.306065 0.00505 -0.109661
vn -0.656051 -0.730266 -0.190547
v 0.301388 0.011569 -0.107813
vn -0.821105 -0.538207 -0.19005
v 0.303805 0.011404 -0.114574
vn -0.780944 -0.488803 -0.388842
v 0.308396 0.005481 -0.116037
vn -0.616877 -0.681421 -0.393863
v 0.301388 0.011569 -0.107813
vn -0.954044 -0.0244639 -0.298666
v 0.300317 0.019768 -0.105363
vn -0.958888 -0.0332112 -0.281833
v 0.302979 0.020036 -0.112014
vn -0.882495 0.0179768 -0.469979
v 0.303805 0.011404 -0.114574
vn -0.843878 0.052392 -0.53397
v 0.312751 0.001967 -0.11044
vn -0.281598 -0.955355 -0.0894339
v 0.314885 0.00195 -0.116048
vn -0.301795 -0.93645 -0.178832
v 0.319571 0.0014 -0.111253
vn -0.0807529 -0.996671 -0.0112599
v 0.318235 0.001774 -0.119855
vn -0.25747 -0.902274 -0.345847
v 0.321112 0.001353 -0.116177
vn -0.0840753 -0.99609 -0.0271156
v 0.311426 0.002088 -0.104176
vn -0.272949 -0.961868 -0.017577
v 0.304697 0.005284 -0.102676
vn -0.660873 -0.747868 -0.0627695
v 0.310757 0.002341 -0.097488
vn -0.28281 -0.958821 0.0260881
v 0.318468 0.001483 -0.105696
vn -0.0780603 -0.996935 0.00517736
v 0.317892 0.00159 -0.099635
vn -0.0823894 -0.996392 0.0203826
v 0.300003 0.011638 -0.100504
vn -0.985032 -0.102037 -0.138925
v 0.304206 0.005729 -0.095402
vn -0.666083 -0.744975 0.0366871
v 0.300003 0.011638 -0.100504
vn -0.820475 -0.569922 -0.0448312
v 0.299731 0.012461 -0.092996
vn -0.988818 -0.149099 0.00277537
v 0.298755 0.020068 -0.09836
vn -0.990227 -0.0795172 -0.114573
v 0.29848 0.034628 -0.101247
vn -0.964221 -0.0975122 -0.246513
v 0.300806 0.034767 -0.108481
vn -0.916903 -0.0786647 -0.39128
v 0.29969 0.027452 -0.103265
vn -0.963348 -0.0478404 -0.263954
v 0.302089 0.027619 -0.110042
vn -0.899864 -0.0322256 -0.434978
v 0.298237 0.027665 -0.096015
vn -0.989513 -0.0866617 -0.11556
v 0.29699 0.034581 -0.093799
vn -0.986334 -0.125855 -0.106327
v 0.297903 0.027814 -0.088507
vn -0.991294 -0.126353 0.0370268
v 0.298532 0.020407 -0.090843
vn -0.992999 -0.115957 0.0225071
v 0.297303 0.041461 -0.099131
vn -0.972299 -0.0672813 -0.223846
v 0.296028 0.041285 -0.091609
vn -0.98859 -0.0997105 -0.112907
v 0.29686 0.034742 -0.086406
vn -0.982469 -0.182443 0.0383231
v 0.295451 0.04113 -0.084397
vn -0.986879 -0.159879 0.0225678
v 0.299379 0.041724 -0.106374
vn -0.933668 -0.0470295 -0.355039
v 0.371095 0.058754 -0.110827
vn 0.760935 0.159231 -0.628986
v 0.371657 0.06385 -0.108943
vn 0.746141 0.160687 -0.646106
v 0.375347 0.059038 -0.105387
vn 0.799888 0.107793 -0.59039
v 0.376031 0.064256 -0.103565
vn 0.787915 0.117045 -0.604558
v 0.379312 0.059405 -0.099601
vn 0.837309 0.0629803 -0.543091
v 0.372223 0.068702 -0.107048
vn 0.731782 0.178716 -0.65769
v 0.376597 0.06917 -0.101784
vn 0.776753 0.140888 -0.613845
v 0.379976 0.064759 -0.09796
vn 0.82872 0.0793583 -0.554008
v 0.374682 0.053254 -0.107399
vn 0.817583 0.0995972 -0.567132
v 0.370346 0.052823 -0.113413
vn 0.763233 0.144482 -0.629762
v 0.373535 0.04649 -0.110221
vn 0.827539 0.0714871 -0.556838
v 0.378752 0.053863 -0.10116
vn 0.848865 0.0513627 -0.526109
v 0.377795 0.047524 -0.103167
vn 0.865344 0.0117824 -0.501041
v 0.366581 0.058213 -0.116092
vn 0.700558 0.185253 -0.68913
v 0.365391 0.052042 -0.118775
vn 0.679551 0.157306 -0.716565
v 0.369224 0.047045 -0.115921
vn 0.755004 0.0993323 -0.648153
v 0.365831 0.046494 -0.119465
vn 0.673314 0.108871 -0.731297
v 0.367163 0.063593 -0.113956
vn 0.701218 0.204736 -0.682917
v 0.367602 0.06841 -0.111991
vn 0.68829 0.216643 -0.692331
v 0.373401 0.077947 -0.103259
vn 0.725797 0.127303 -0.676027
v 0.377776 0.078466 -0.098214
vn 0.771054 0.0867139 -0.630838
v 0.377099 0.073879 -0.099988
vn 0.769776 0.142384 -0.622231
v 0.372771 0.07342 -0.105107
vn 0.724694 0.17938 -0.665313
v 0.381828 0.079011 -0.092812
vn 0.818805 0.0410636 -0.572601
v 0.381103 0.074455 -0.094559
vn 0.819596 0.100848 -0.563997
v 0.380569 0.069745 -0.09628
vn 0.822464 0.103977 -0.559234
v 0.368817 0.077722 -0.107975
vn 0.683688 0.165641 -0.710728
v 0.368121 0.073053 -0.10997
vn 0.68275 0.2116 -0.699341
v 0.369812 0.08223 -0.106239
vn 0.690381 0.115394 -0.714183
v 0.374437 0.0826 -0.101599
vn 0.73313 0.0746957 -0.675974
v 0.378842 0.083049 -0.096595
vn 0.780187 0.0348549 -0.624574
v 0.382825 0.083698 -0.091378
vn 0.821949 -0.0106409 -0.569462
v 0.388323 0.080792 -0.081675
vn 0.899706 -0.0899842 -0.427121
v 0.387629 0.076108 -0.083013
vn 0.908525 0.0116009 -0.41767
v 0.385346 0.07983 -0.087365
vn 0.863309 -0.0134979 -0.504496
v 0.384623 0.075152 -0.088819
vn 0.865345 0.053097 -0.498357
v 0.387068 0.071303 -0.084589
vn 0.905 0.045362 -0.422985
v 0.384067 0.07043 -0.090523
vn 0.867236 0.0738985 -0.492382
v 0.38643 0.084501 -0.086057
vn 0.860403 -0.0871858 -0.5021
v 0.389708 0.08531 -0.080612
vn 0.88898 -0.176748 -0.422463
v 0.390961 0.081781 -0.075916
vn 0.921789 -0.158622 -0.353758
v 0.392363 0.086176 -0.07488
vn 0.92084 -0.209791 -0.328698
v 0.393011 0.082675 -0.07029
vn 0.940682 -0.176335 -0.289867
v 0.394292 0.0869 -0.069215
vn 0.941802 -0.205829 -0.265788
v 0.389964 0.077162 -0.077083
vn 0.935674 -0.0388547 -0.350719
v 0.389571 0.072404 -0.078438
vn 0.937162 0.0290209 -0.347685
v 0.392056 0.078208 -0.071302
vn 0.946922 -0.0784524 -0.311743
v 0.39152 0.073517 -0.072465
vn 0.949189 0.00534537 -0.314662
v 0.386099 0.060968 -0.08752
vn 0.900975 0.0125676 -0.433689
v 0.382953 0.060151 -0.093611
vn 0.869998 0.0286471 -0.492222
v 0.38357 0.065433 -0.092099
vn 0.868285 0.0546182 -0.493049
v 0.386609 0.066264 -0.08612
vn 0.90283 0.0399862 -0.428134
v 0.388865 0.061819 -0.081281
vn 0.92741 0.0149587 -0.373747
v 0.38921 0.067222 -0.079982
vn 0.933087 0.0340031 -0.35804
v 0.391012 0.062898 -0.075106
vn 0.946664 0.0290743 -0.320908
v 0.391258 0.068379 -0.073827
vn 0.949828 0.0329887 -0.311027
v 0.388229 0.056174 -0.082702
vn 0.922394 -0.0268564 -0.385316
v 0.385403 0.05528 -0.088933
vn 0.900436 -0.0174334 -0.434639
v 0.387472 0.050112 -0.083882
vn 0.921102 -0.076235 -0.381784
v 0.390737 0.057147 -0.076395
vn 0.941028 -0.0173466 -0.337884
v 0.38991 0.050995 -0.077619
vn 0.935297 -0.0799351 -0.344717
v 0.382206 0.054413 -0.095137
vn 0.878588 0.0108031 -0.477458
v 0.38461 0.049312 -0.090095
vn 0.905197 -0.0637644 -0.420182
v 0.381369 0.047929 -0.096806
vn 0.888984 -0.0389767 -0.456276
v 0.377776 0.012849 -0.091912
vn 0.93457 -0.259042 -0.243878
v 0.37656 0.013179 -0.096803
vn 0.921745 -0.262904 -0.285076
v 0.37857 0.017523 -0.092955
vn 0.947268 -0.196649 -0.253006
v 0.377335 0.018034 -0.097665
vn 0.936611 -0.177552 -0.302052
v 0.379042 0.022086 -0.094004
vn 0.945444 -0.165651 -0.280529
v 0.374872 0.013542 -0.101973
vn 0.891968 -0.244716 -0.380141
v 0.375728 0.018684 -0.102399
vn 0.899419 -0.158508 -0.407334
v 0.377917 0.023021 -0.098453
vn 0.935115 -0.14634 -0.322714
v 0.379328 0.01666 -0.088756
vn 0.946758 -0.214824 -0.239793
v 0.378907 0.01269 -0.087226
vn 0.940519 -0.257045 -0.222153
v 0.381053 0.017708 -0.083355
vn 0.938163 -0.240657 -0.248865
v 0.380757 0.02243 -0.088655
vn 0.940012 -0.201532 -0.275249
v 0.376712 0.008601 -0.090788
vn 0.92261 -0.299388 -0.243225
v 0.376712 0.008601 -0.090788
vn 0.848162 -0.478558 -0.227162
v 0.377889 0.00862 -0.085917
vn 0.866906 -0.447668 -0.219244
v 0.374748 0.004643 -0.089571
vn 0.7646 -0.608807 -0.211521
v 0.379654 0.012496 -0.083096
vn 0.937553 -0.271136 -0.217899
v 0.377889 0.00862 -0.085917
vn 0.934178 -0.287588 -0.211198
v 0.379299 0.009238 -0.080728
vn 0.892767 -0.400495 -0.206326
v 0.376459 0.004795 -0.084177
vn 0.785816 -0.584378 -0.202474
v 0.375168 0.00864 -0.096077
vn 0.908815 -0.314895 -0.273673
v 0.373507 0.00894 -0.101371
vn 0.884698 -0.31357 -0.34494
v 0.373259 0.004555 -0.094995
vn 0.754414 -0.614769 -0.230039
v 0.375168 0.00864 -0.096077
vn 0.842797 -0.463043 -0.27438
v 0.371567 0.004717 -0.100305
vn 0.751653 -0.594767 -0.285081
v 0.370109 0.015273 -0.110535
vn 0.788872 -0.184318 -0.586266
v 0.370409 0.019962 -0.111458
vn 0.800977 -0.151127 -0.579307
v 0.37331 0.019336 -0.107066
vn 0.843194 -0.141343 -0.518697
v 0.372623 0.014123 -0.106681
vn 0.838809 -0.208364 -0.502974
v 0.370912 0.025357 -0.11213
vn 0.807317 -0.132094 -0.575143
v 0.373893 0.024896 -0.10746
vn 0.850162 -0.117476 -0.513248
v 0.376247 0.023961 -0.103014
vn 0.893763 -0.118053 -0.432726
v 0.369161 0.01076 -0.110152
vn 0.769535 -0.28211 -0.572914
v 0.371345 0.009506 -0.106164
vn 0.822853 -0.30669 -0.478388
v 0.367402 0.006367 -0.109786
vn 0.733896 -0.368767 -0.570445
v 0.371345 0.009506 -0.106164
vn 0.795328 -0.401343 -0.454288
v 0.373507 0.00894 -0.101371
vn 0.82442 -0.442443 -0.352953
v 0.369585 0.005098 -0.105351
vn 0.736248 -0.537856 -0.41067
v 0.367459 0.012395 -0.112805
vn 0.74751 -0.240869 -0.61904
v 0.367311 0.015768 -0.114266
vn 0.755833 -0.195175 -0.624998
v 0.365731 0.008603 -0.113241
vn 0.722766 -0.338562 -0.602483
v 0.367283 0.020359 -0.11555
vn 0.759987 -0.1596 -0.630038
v 0.367632 0.025685 -0.116352
vn 0.764587 -0.144263 -0.628168
v 0.371346 0.036225 -0.113771
vn 0.798098 -0.0572767 -0.599799
v 0.374389 0.035967 -0.108946
vn 0.864179 -0.0819765 -0.496462
v 0.371331 0.030901 -0.112737
vn 0.81395 -0.121418 -0.568105
v 0.374391 0.03061 -0.107863
vn 0.860356 -0.105214 -0.498717
v 0.377122 0.035403 -0.103541
vn 0.898954 -0.0781164 -0.431021
v 0.376743 0.029521 -0.103129
vn 0.896882 -0.0906275 -0.432884
v 0.367967 0.031267 -0.117288
vn 0.758778 -0.10839 -0.642268
v 0.367884 0.036862 -0.117821
vn 0.741107 -0.021357 -0.671047
v 0.370805 0.041786 -0.114346
vn 0.778049 0.0334936 -0.62731
v 0.367187 0.042092 -0.118565
vn 0.720434 0.0354155 -0.692619
v 0.373753 0.040557 -0.110606
vn 0.841262 0.00804784 -0.540568
v 0.37636 0.04115 -0.105758
vn 0.884264 -0.0154707 -0.466731
v 0.38181 0.035529 -0.092266
vn 0.918857 -0.140637 -0.368677
v 0.380156 0.027864 -0.093819
vn 0.937103 -0.146689 -0.316734
v 0.379175 0.03314 -0.098222
vn 0.922899 -0.0996863 -0.371915
v 0.378228 0.027632 -0.099312
vn 0.927602 -0.103549 -0.358932
v 0.379746 0.040615 -0.098755
vn 0.90325 -0.0819938 -0.421208
v 0.383244 0.042346 -0.091493
vn 0.908025 -0.119907 -0.40139
v 0.384638 0.036864 -0.086114
vn 0.915547 -0.174839 -0.362223
v 0.386292 0.04377 -0.084861
vn 0.917666 -0.131561 -0.374942
v 0.387282 0.038254 -0.079722
vn 0.923943 -0.182227 -0.336338
v 0.388782 0.044633 -0.078691
vn 0.929957 -0.135977 -0.3416
v 0.382782 0.030055 -0.087081
vn 0.92726 -0.189508 -0.322918
v 0.385379 0.031795 -0.081031
vn 0.919993 -0.228183 -0.318663
v 0.383132 0.024836 -0.082336
vn 0.931371 -0.232562 -0.280114
v 0.365967 -0.001302 -0.084583
vn 0.132019 -0.990511 -0.0382053
v 0.359134 -0.000933 -0.080785
vn -0.0575439 -0.99828 0.0112314
v 0.35776 -0.000893 -0.086585
vn -0.0576936 -0.9983 0.00833265
v 0.364449 -0.001253 -0.090231
vn 0.130804 -0.990422 -0.0442031
v 0.356323 -0.000861 -0.092327
vn -0.0566295 -0.998344 0.0101309
v 0.351562 -0.000379 -0.076665
vn -0.0686862 -0.997515 0.0157034
v 0.350338 -0.000368 -0.082596
vn -0.0677872 -0.997615 0.0129758
v 0.349063 -0.000365 -0.088507
vn -0.0656199 -0.997763 0.012803
v 0.371549 0.000984 -0.087627
vn 0.498473 -0.854855 -0.14404
v 0.369887 0.000995 -0.093111
vn 0.492256 -0.857406 -0.150131
v 0.362844 -0.001218 -0.095808
vn 0.134824 -0.989802 -0.0459806
v 0.368164 0.001048 -0.098566
vn 0.493908 -0.852971 -0.168807
v 0.373116 0.001025 -0.0821
vn 0.507235 -0.853703 -0.117915
v 0.367333 -0.001301 -0.078896
vn 0.138266 -0.990161 -0.0215451
v 0.374448 0.001146 -0.076542
vn 0.515179 -0.852741 -0.0861571
v 0.377978 0.00514 -0.078734
vn 0.804135 -0.567069 -0.178326
v 0.360365 -0.000916 -0.074992
vn -0.0527417 -0.998407 0.0200471
v 0.368489 -0.001192 -0.073244
vn 0.147185 -0.989102 -0.00376812
v 0.361435 -0.000833 -0.069284
vn -0.0462146 -0.998599 0.025776
v 0.352697 -0.000355 -0.070786
vn -0.0655934 -0.997652 0.0196812
v 0.336358 0.000896 -0.068522
vn -0.0772241 -0.996859 0.0175423
v 0.335313 0.000861 -0.074641
vn -0.0759535 -0.99693 0.019019
v 0.343915 0.000255 -0.072551
vn -0.0740037 -0.997114 0.0169531
v 0.342801 0.000226 -0.078577
vn -0.0728499 -0.997194 0.0172143
v 0.334287 0.000817 -0.080803
vn -0.0749872 -0.996988 0.0198158
v 0.341679 0.000204 -0.084617
vn -0.0709546 -0.997338 0.0168211
v 0.344975 0.00026 -0.066603
vn -0.0723831 -0.997224 0.0174354
v 0.337358 0.000915 -0.062508
vn -0.0778629 -0.99681 0.0175096
v 0.34593 0.000301 -0.060841
vn -0.0694903 -0.997398 0.019192
v 0.353707 -0.00029 -0.065048
vn -0.0605654 -0.997915 0.022283
v 0.32894 0.001557 -0.06455
vn -0.0819386 -0.996448 0.0194058
v 0.329927 0.001584 -0.058455
vn -0.0829481 -0.996383 0.0184402
v 0.321749 0.002247 -0.060657
vn -0.0950581 -0.995227 0.0220603
v 0.338276 0.000948 -0.056701
vn -0.0767479 -0.996881 0.0183627
v 0.330826 0.001618 -0.052598
vn -0.0827724 -0.996383 0.0192144
v 0.322767 0.002281 -0.054476
vn -0.094865 -0.995296 0.0196603
v 0.327929 0.001505 -0.070794
vn -0.0806262 -0.996537 0.0203154
v 0.326957 0.001462 -0.077119
vn -0.0804256 -0.996544 0.0208014
v 0.320675 0.002201 -0.067029
vn -0.0947879 -0.995231 0.0230218
v 0.319679 0.002142 -0.073523
vn -0.0956911 -0.995169 0.0219738
v 0.332536 0.000679 -0.093123
vn -0.0689786 -0.997416 0.0200906
v 0.339606 0.000156 -0.096541
vn -0.065279 -0.997768 0.0140691
v 0.340599 0.00018 -0.090634
vn -0.068086 -0.997544 0.0164204
v 0.33335 0.000765 -0.086986
vn -0.0721052 -0.997167 0.0214333
v 0.346565 -0.000344 -0.099996
vn -0.0643785 -0.997866 0.0108599
v 0.3478 -0.000349 -0.094341
vn -0.0645669 -0.997829 0.0130024
v 0.325395 0.001268 -0.089821
vn -0.0761281 -0.996763 0.0258286
v 0.326078 0.001384 -0.083473
vn -0.0791816 -0.996559 0.024494
v 0.318194 0.001955 -0.086675
vn -0.0950905 -0.994998 0.0306206
v 0.318831 0.002082 -0.080088
vn -0.0959924 -0.995068 0.0250078
v 0.324961 0.001157 -0.096064
vn -0.0723542 -0.997162 0.020823
v 0.331914 0.000615 -0.099073
vn -0.0668863 -0.997651 0.0148071
v 0.324842 0.001068 -0.102033
vn -0.0702326 -0.997449 0.0127736
v 0.317847 0.001771 -0.093241
vn -0.090294 -0.995434 0.030941
v 0.338729 0.000148 -0.102194
vn -0.0639392 -0.997897 0.0106277
v 0.331532 0.00057 -0.104659
vn -0.0660107 -0.997783 0.00845272
v 0.33798 0.000144 -0.107438
vn -0.0635197 -0.997975 0.00345773
v 0.345383 -0.000314 -0.105353
vn -0.0633529 -0.997975 0.00575934
v 0.359441 -0.001098 -0.106445
vn 0.166859 -0.980585 -0.103014
v 0.361202 -0.001204 -0.101258
vn 0.141047 -0.988331 -0.0575104
v 0.353352 -0.000804 -0.103369
vn -0.0568998 -0.998372 0.00400458
v 0.35485 -0.000847 -0.097961
vn -0.0571586 -0.998303 0.0110986
v 0.351825 -0.000723 -0.108472
vn -0.0486745 -0.998688 -0.0158838
v 0.357889 -0.000779 -0.112347
vn 0.275638 -0.914868 -0.295026
v 0.350416 -0.000523 -0.114309
vn 0.0216675 -0.991392 -0.129121
v 0.344194 -0.000249 -0.110278
vn -0.0596672 -0.998198 -0.0064259
v 0.364263 0.001736 -0.10866
vn 0.565047 -0.734283 -0.376231
v 0.362958 0.003887 -0.11328
vn 0.58438 -0.653558 -0.481001
v 0.367402 0.006367 -0.109786
vn 0.70405 -0.521582 -0.48194
v 0.355365 0.000903 -0.116505
vn 0.274419 -0.826571 -0.4914
v 0.359029 0.003211 -0.116526
vn 0.480056 -0.692721 -0.538223
v 0.362958 0.003887 -0.11328
vn 0.671021 -0.436368 -0.599428
v 0.359029 0.003211 -0.116526
vn 0.589076 -0.495395 -0.638415
v 0.366443 0.001149 -0.103858
vn 0.511193 -0.824139 -0.243878
v 0.34904 0.001634 -0.121648
vn 0.364928 -0.767283 -0.527356
v 0.345382 -0.000154 -0.121215
vn 0.176217 -0.937973 -0.298586
v 0.346129 0.001937 -0.123726
vn 0.279932 -0.678852 -0.678821
v 0.342752 7e-05 -0.122561
vn 0.0979792 -0.912402 -0.397394
v 0.342799 0.002419 -0.125088
vn 0.173143 -0.608557 -0.77439
v 0.341675 -2.2e-05 -0.119339
vn -0.0561905 -0.998209 -0.0205347
v 0.339431 0.000177 -0.121826
vn -0.0559316 -0.997472 -0.0438284
v 0.340009 0.000339 -0.123876
vn 0.103804 -0.799018 -0.59228
v 0.349071 0.004589 -0.124552
vn 0.363934 -0.624765 -0.690812
v 0.352368 0.004329 -0.122355
vn 0.468516 -0.481429 -0.740755
v 0.349071 0.004589 -0.124552
vn 0.405384 -0.450828 -0.795247
v 0.345858 0.005092 -0.126196
vn 0.226193 -0.560501 -0.796665
v 0.345858 0.005092 -0.126196
vn 0.269573 -0.41129 -0.87073
v 0.348359 0.007709 -0.126511
vn 0.350955 -0.370759 -0.859865
v 0.352368 0.004329 -0.122355
vn 0.394735 -0.683069 -0.614493
v 0.351996 0.001288 -0.119042
vn 0.297288 -0.840571 -0.452836
v 0.355916 0.00392 -0.119728
vn 0.390328 -0.703071 -0.59442
v 0.355916 0.00392 -0.119728
vn 0.519282 -0.492206 -0.698627
v 0.347085 -0.000288 -0.118393
vn 0.10999 -0.981655 -0.155739
v 0.343046 -0.000144 -0.115271
vn -0.0559706 -0.99838 -0.0102679
v 0.331949 0.000536 -0.11442
vn -0.0664198 -0.997755 -0.00860903
v 0.332231 0.000582 -0.118343
vn -0.0686501 -0.997379 -0.022846
v 0.337169 0.000239 -0.1166
vn -0.0632421 -0.997937 -0.0110579
v 0.336726 0.000323 -0.120099
vn -0.0680905 -0.997407 -0.0232869
v 0.332766 0.000653 -0.121575
vn -0.0752234 -0.995232 -0.0620883
v 0.336409 0.000426 -0.122549
vn -0.0803753 -0.994372 -0.069025
v 0.337328 0.000198 -0.112119
vn -0.0628594 -0.998013 -0.0043161
v 0.331408 0.000567 -0.109748
vn -0.065874 -0.997828 -0.000303431
v 0.325785 0.000959 -0.112549
vn -0.0712757 -0.997429 -0.0074678
v 0.325131 0.000993 -0.107569
vn -0.0702238 -0.997526 0.00328551
v 0.326724 0.00095 -0.116912
vn -0.075305 -0.996894 -0.0230522
v 0.327868 0.000965 -0.120683
vn -0.0785303 -0.995504 -0.0529643
v 0.335539 0.003364 -0.126439
vn -0.00673109 -0.524764 -0.851221
v 0.339355 0.002885 -0.125923
vn 0.0840279 -0.534172 -0.841189
v 0.337201 0.000587 -0.124478
vn -0.00896269 -0.755965 -0.65455
v 0.333744 0.000839 -0.124342
vn -0.0856424 -0.830326 -0.550658
v 0.338319 0.000287 -0.123097
vn -0.0615122 -0.992903 -0.101779
v 0.331337 0.003845 -0.126557
vn -0.0917202 -0.541159 -0.835903
v 0.329341 0.001141 -0.123971
vn -0.11763 -0.856159 -0.503146
v 0.333536 0.007113 -0.128348
vn -0.0362968 -0.450393 -0.892092
v 0.337867 0.00642 -0.127958
vn 0.0530541 -0.358482 -0.932028
v 0.333536 0.007113 -0.128348
vn -0.0240367 -0.32623 -0.944985
v 0.328574 0.007712 -0.128192
vn -0.127527 -0.448773 -0.8845
v 0.337867 0.00642 -0.127958
vn 0.0421812 -0.468773 -0.882311
v 0.342037 0.005742 -0.127288
vn 0.113884 -0.507575 -0.854048
v 0.342037 0.005742 -0.127288
vn 0.136114 -0.384851 -0.912887
v 0.344342 0.002291 0.012896
vn -0.0815905 -0.996651 -0.00543558
v 0.344045 0.002061 0.007508
vn -0.0675521 -0.997206 0.0319031
v 0.35177 0.001706 0.008668
vn -0.0800531 -0.99679 0.000689017
v 0.35138 0.001417 0.003299
vn -0.0639882 -0.997199 0.0387299
v 0.359373 0.001088 0.004516
vn -0.0786429 -0.996891 0.00495553
v 0.343724 0.002002 0.002239
vn -0.0809576 -0.996583 0.0163774
v 0.35102 0.001346 -0.001932
vn -0.0765455 -0.996892 0.0186457
v 0.358933 0.000781 -0.00083
vn -0.0606 -0.99738 0.0395054
v 0.352127 0.001384 0.014651
vn -0.0909167 -0.995613 -0.0221144
v 0.344593 0.001987 0.018861
vn -0.0878394 -0.995696 -0.0295525
v 0.352587 0.001356 0.020772
vn -0.0757576 -0.997124 -0.00217834
v 0.359827 0.00078 0.010483
vn -0.0920915 -0.995526 -0.0211251
v 0.360424 0.000744 0.016589
vn -0.0796481 -0.996821 0.00194167
v 0.337123 0.002835 0.017073
vn -0.0880834 -0.995929 -0.0191245
v 0.337212 0.002446 0.023028
vn -0.0937352 -0.995059 -0.0327232
v 0.330121 0.003388 0.021101
vn -0.274544 -0.96065 -0.0421631
v 0.344896 0.001883 0.024982
vn -0.07089 -0.997468 -0.0056621
v 0.337378 0.002399 0.029059
vn -0.08126 -0.996691 -0.00212768
v 0.329972 0.003116 0.026897
vn -0.255065 -0.966345 -0.0334364
v 0.336948 0.00267 0.011692
vn -0.0794327 -0.996625 0.0207182
v 0.33669 0.002649 0.006426
vn -0.0917219 -0.995699 0.0130629
v 0.330181 0.003334 0.015708
vn -0.286839 -0.957978 0.00148761
v 0.330095 0.003382 0.010498
vn -0.304109 -0.952599 0.00855709
v 0.343127 0.001857 -0.007785
vn -0.0812229 -0.996416 0.0236268
v 0.350448 0.001179 -0.011916
vn -0.074351 -0.996962 0.0231951
v 0.350717 0.001267 -0.006982
vn -0.0759839 -0.996889 0.0209396
v 0.343411 0.001944 -0.002843
vn -0.08191 -0.996458 0.0190532
v 0.358011 0.000558 -0.015989
vn -0.0651277 -0.997664 0.0206111
v 0.358259 0.00064 -0.011071
vn -0.0684682 -0.997475 0.0188538
v 0.358553 0.000717 -0.006032
vn -0.0707641 -0.997329 0.0180716
v 0.336102 0.002542 -0.003658
vn -0.0928642 -0.995453 0.0212194
v 0.336399 0.0026 0.001307
vn -0.0926863 -0.995578 0.0152777
v 0.329514 0.003304 0.000381
vn -0.325281 -0.94514 0.0300551
v 0.329746 0.003336 0.005394
vn -0.318953 -0.947611 0.0173842
v 0.335836 0.002446 -0.00852
vn -0.0921487 -0.995396 0.0263541
v 0.342862 0.001754 -0.012641
vn -0.0797267 -0.996456 0.026813
v 0.335563 0.002334 -0.013292
vn -0.0901464 -0.995457 0.0306534
v 0.329189 0.003234 -0.00447
vn -0.324936 -0.945078 0.0352743
v 0.328987 0.00313 -0.009258
vn -0.318825 -0.946768 0.0445096
v 0.350199 0.001076 -0.016758
vn -0.0721025 -0.997054 0.026181
v 0.342593 0.00164 -0.017398
vn -0.0783635 -0.996493 0.0293374
v 0.349953 0.000959 -0.021511
vn -0.070188 -0.997165 0.0271064
v 0.357797 0.000463 -0.020813
vn -0.0615475 -0.997842 0.0228837
v 0.373065 -0.00038 -0.023566
vn -0.0347648 -0.999351 0.00938354
v 0.37329 -0.000356 -0.018664
vn -0.0404567 -0.999161 0.00638015
v 0.365636 2.8e-05 -0.019912
vn -0.0546335 -0.998387 0.0154611
v 0.365853 8.4e-05 -0.015007
vn -0.0592247 -0.998154 0.0134361
v 0.373589 -0.000334 -0.013637
vn -0.0466725 -0.998896 0.00539455
v 0.366145 0.00013 -0.009973
vn -0.0626961 -0.997938 0.0137564
v 0.365455 -4.8e-05 -0.024726
vn -0.0502314 -0.998556 0.0190351
v 0.372863 -0.000436 -0.028384
vn -0.0281783 -0.999556 0.00968675
v 0.365266 -0.000139 -0.029476
vn -0.0465688 -0.998742 0.0186051
v 0.357583 0.000365 -0.025561
vn -0.0592692 -0.997965 0.0234979
v 0.380101 -0.000538 -0.026853
vn 0.138156 -0.990019 -0.0278472
v 0.3798 -0.000517 -0.031676
vn 0.179718 -0.979378 -0.0923035
v 0.386629 0.001815 -0.029595
vn 0.486949 -0.859374 -0.156065
v 0.372657 -0.000465 -0.033146
vn 0.00302589 -0.999747 -0.0222688
v 0.379571 0.000323 -0.03641
vn 0.236791 -0.961856 -0.136978
v 0.386137 0.002484 -0.034335
vn 0.532339 -0.819366 -0.212729
v 0.380394 -0.000547 -0.021966
vn 0.0967226 -0.994963 -0.0263496
v 0.38077 -0.000571 -0.016951
vn 0.0571535 -0.998051 -0.025049
v 0.387116 0.001292 -0.024757
vn 0.411971 -0.900991 -0.135996
v 0.387587 0.000761 -0.019773
vn 0.33187 -0.935952 -0.117717
v 0.374516 -8.9e-05 -0.003101
vn -0.0703082 -0.997524 -0.00130208
v 0.367007 0.000471 0.000564
vn -0.0762694 -0.997083 0.00286503
v 0.366526 0.000182 -0.004766
vn -0.055863 -0.997818 0.035197
v 0.373993 -0.000312 -0.008431
vn -0.048078 -0.998579 0.0230011
v 0.381219 -0.000559 -0.006387
vn -0.034923 -0.999387 0.00253753
v 0.381243 -0.000641 -0.011744
vn 0.0024049 -0.999549 -0.0299302
v 0.388231 -0.00076 -0.009537
vn 0.220527 -0.9722 -0.0787102
v 0.387671 0.000243 -0.014899
vn 0.260658 -0.954334 -0.145958
v 0.3818 -0.000861 -0.000816
vn -0.0451605 -0.998111 -0.04166
v 0.375114 -0.000459 0.002824
vn -0.0840671 -0.996108 -0.0264863
v 0.382402 -0.000954 0.005148
vn -0.043868 -0.999002 -0.00839385
v 0.387153 -0.000559 -0.004731
vn 0.13547 -0.989853 -0.0428891
v 0.389102 -0.001002 0.000302
vn 0.159984 -0.983636 -0.082863
v 0.367529 0.000145 0.006508
vn -0.0915109 -0.995556 -0.0222231
v 0.375218 -0.000458 0.008792
vn -0.0749973 -0.997184 -0.00064748
v 0.368232 9e-05 0.012602
vn -0.080476 -0.996756 0.00131309
v 0.372171 -0.000548 -0.042573
vn 0.0867139 -0.996233 -0.000303812
v 0.364829 -0.000307 -0.038865
vn -0.0379947 -0.999073 0.0202519
v 0.364529 -0.000393 -0.04359
vn -0.0360932 -0.999131 0.0208216
v 0.371836 -0.000628 -0.047332
vn 0.105092 -0.994461 0.00155793
v 0.364144 -0.00048 -0.048398
vn -0.0359932 -0.999134 0.0208713
v 0.357094 0.000178 -0.034897
vn -0.0563845 -0.998126 0.0237775
v 0.356767 7.8e-05 -0.039589
vn -0.0550312 -0.998189 0.0242989
v 0.35636 -1.4e-05 -0.044347
vn -0.054605 -0.998249 0.0227396
v 0.378822 0.001 -0.045764
vn 0.359228 -0.930528 -0.0712231
v 0.378358 0.001133 -0.050497
vn 0.407712 -0.909815 -0.0775104
v 0.384009 0.004465 -0.048043
vn 0.674087 -0.713742 -0.190209
v 0.371419 -0.000718 -0.052185
vn 0.120651 -0.992694 -0.00157404
v 0.377819 0.001277 -0.055353
vn 0.453066 -0.887914 -0.0796196
v 0.383153 0.004985 -0.052695
vn 0.722995 -0.66279 -0.194904
v 0.379238 0.000793 -0.041082
vn 0.305946 -0.947417 -0.0937945
v 0.372445 -0.000487 -0.037861
vn 0.0556411 -0.998397 -0.0103499
v 0.384829 0.004058 -0.043485
vn 0.62468 -0.757843 -0.18828
v 0.385552 0.003404 -0.038942
vn 0.573077 -0.789971 -0.218011
v 0.365066 -0.00022 -0.034173
vn -0.0420662 -0.998953 0.017994
v 0.357359 0.000268 -0.030241
vn -0.0579984 -0.998057 0.0227766
v 0.341918 0.001413 -0.026739
vn -0.0766824 -0.996638 0.0288624
v 0.34148 0.001313 -0.031417
vn -0.0757548 -0.996712 0.0287549
v 0.349388 0.000755 -0.030854
vn -0.0674305 -0.99739 0.0258087
v 0.34901 0.000656 -0.035526
vn -0.0660619 -0.997453 0.0269033
v 0.340966 0.00121 -0.036147
vn -0.0748652 -0.996769 0.0291033
v 0.348569 0.000558 -0.040269
vn -0.0655844 -0.997515 0.02574
v 0.349692 0.000853 -0.026195
vn -0.0687761 -0.99729 0.0261184
v 0.342283 0.001523 -0.022079
vn -0.0777303 -0.996546 0.0292131
v 0.334824 0.002113 -0.022604
vn -0.08905 -0.995547 0.0309351
v 0.335234 0.002216 -0.017968
vn -0.0889881 -0.995556 0.0308244
v 0.328267 0.002884 -0.018558
vn -0.319412 -0.946083 0.0538866
v 0.328701 0.00299 -0.013937
vn -0.318299 -0.94688 0.0458676
v 0.334297 0.002008 -0.027265
vn -0.0891642 -0.995538 0.0308803
v 0.333704 0.001918 -0.032003
vn -0.0888193 -0.995541 0.0317694
v 0.327679 0.002798 -0.023209
vn -0.314378 -0.946992 0.0661285
v 0.326946 0.002721 -0.027945
vn -0.302947 -0.950512 0.0689239
v 0.339778 0.001042 -0.04599
vn -0.0748667 -0.996948 0.0221494
v 0.347452 0.000402 -0.050133
vn -0.0664783 -0.99758 0.0203777
v 0.348056 0.000472 -0.04512
vn -0.0657436 -0.997569 0.0230895
v 0.340403 0.001117 -0.040988
vn -0.0741925 -0.996892 0.0264899
v 0.355277 -0.000159 -0.054289
vn -0.0564614 -0.998207 0.0198789
v 0.355867 -9.1e-05 -0.04923
vn -0.0551767 -0.998256 0.0209846
v 0.332386 0.001715 -0.041854
vn -0.0838888 -0.996111 0.0269291
v 0.33307 0.001812 -0.036849
vn -0.0858559 -0.995743 0.0335214
v 0.325417 0.002479 -0.037807
vn -0.238169 -0.968329 0.0749342
v 0.326218 0.00263 -0.032805
vn -0.271991 -0.958565 0.0846961
v 0.33165 0.001662 -0.047083
vn -0.0830154 -0.996304 0.0220516
v 0.339073 0.000988 -0.051212
vn -0.0759101 -0.996923 0.0195258
v 0.324521 0.002392 -0.043028
vn -0.198128 -0.977863 0.0673057
v 0.323666 0.002316 -0.048569
vn -0.130497 -0.989348 0.0645063
v 0.346752 0.000349 -0.055367
vn -0.067722 -0.997522 0.01909
v 0.354565 -0.000223 -0.059554
vn -0.0579163 -0.998113 0.0204151
v 0.370221 -0.000915 -0.062366
vn 0.144491 -0.989489 -0.00590325
v 0.370894 -0.000808 -0.057184
vn 0.134526 -0.990905 -0.00331352
v 0.363061 -0.000646 -0.05846
vn -0.0391619 -0.999022 0.0205071
v 0.363662 -0.000567 -0.053344
vn -0.0371445 -0.999104 0.0202613
v 0.36233 -0.000724 -0.063772
vn -0.0418714 -0.998843 0.023671
v 0.369425 -0.00104 -0.067716
vn 0.150727 -0.988574 -0.00188615
v 0.376282 0.001401 -0.065632
vn 0.50309 -0.861106 -0.0734596
v 0.375394 0.001326 -0.071011
vn 0.510184 -0.857101 -0.0713476
v 0.380435 0.005421 -0.067916
vn 0.793781 -0.590451 -0.145876
v 0.379251 0.005336 -0.073331
vn 0.807103 -0.568359 -0.159851
v 0.377172 0.001359 -0.060431
vn 0.487583 -0.869001 -0.0842598
v 0.38125 0.00553 -0.062558
vn 0.779202 -0.610443 -0.14214
v 0.382198 0.005307 -0.057479
vn 0.761769 -0.623467 -0.17606
v 0.294896 0.079202 -0.060707
vn -0.974857 -0.0920907 -0.202912
v 0.295518 0.074087 -0.061386
vn -0.981176 -0.0463483 -0.18747
v 0.294167 0.075307 -0.055507
vn -0.980727 -0.0795607 -0.178453
v 0.293624 0.080389 -0.055224
vn -0.98336 -0.0860867 -0.159976
v 0.293144 0.077587 -0.05003
vn -0.9926 -0.0716211 -0.0980572
v 0.295624 0.069188 -0.062285
vn -0.991497 0.00767571 -0.129903
v 0.294546 0.070266 -0.055855
vn -0.985818 -0.0609663 -0.156352
v 0.29352 0.07249 -0.049961
vn -0.99105 -0.0797277 -0.107067
v 0.292827 0.082778 -0.050309
vn -0.994009 -0.0654038 -0.0875719
v 0.296128 0.078524 -0.066465
vn -0.982356 -0.0578472 -0.177849
v 0.296611 0.073792 -0.067621
vn -0.990542 0.0210709 -0.13558
v 0.296212 0.068934 -0.068634
vn -0.99349 0.0769915 -0.0839666
v 0.295826 0.05897 -0.063842
vn -0.99884 -0.0481423 0.000138525
v 0.295611 0.059265 -0.057154
vn -0.992222 -0.116959 -0.0426198
v 0.295667 0.064132 -0.062932
vn -0.997789 -0.0136087 -0.0650583
v 0.295002 0.065085 -0.056236
vn -0.991163 -0.0866151 -0.100463
v 0.295056 0.060558 -0.049458
vn -0.984048 -0.174842 -0.0328528
v 0.294047 0.067035 -0.049961
vn -0.988224 -0.126128 -0.0866342
v 0.295934 0.064041 -0.069606
vn -0.997581 0.054316 -0.0433746
v 0.295688 0.058958 -0.070946
vn -0.998804 0.0415596 0.0257692
v 0.296135 0.053378 -0.065277
vn -0.993222 -0.0888154 0.074979
v 0.295428 0.053213 -0.07238
vn -0.996087 -0.02137 0.0857608
v 0.296647 0.047484 -0.067077
vn -0.980377 -0.151669 0.125923
v 0.295584 0.047461 -0.07457
vn -0.986238 -0.118281 0.115518
v 0.296473 0.053578 -0.058432
vn -0.98659 -0.162145 0.0186994
v 0.296323 0.053939 -0.051518
vn -0.976569 -0.214699 0.0147792
v 0.297465 0.047731 -0.060129
vn -0.979291 -0.184329 0.0837316
v 0.297791 0.048017 -0.053182
vn -0.972603 -0.227674 0.046985
v 0.295529 0.059599 -0.037832
vn -0.969651 -0.22703 0.0907393
v 0.294554 0.064478 -0.038169
vn -0.979494 -0.182024 0.0863669
v 0.294941 0.060525 -0.042994
vn -0.975262 -0.210919 0.066157
v 0.294941 0.060525 -0.042994
vn -0.973879 -0.226315 -0.018478
v 0.29409 0.065121 -0.043962
vn -0.985771 -0.16438 -0.0351466
v 0.293651 0.069101 -0.038614
vn -0.987545 -0.138006 0.0755552
v 0.29409 0.065121 -0.043962
vn -0.984642 -0.16768 0.0486162
v 0.293294 0.070345 -0.044232
vn -0.99237 -0.107313 -0.0607085
v 0.296382 0.055216 -0.043447
vn -0.961233 -0.269554 0.058072
v 0.296721 0.055173 -0.037223
vn -0.960207 -0.264806 0.0887737
v 0.298325 0.049581 -0.038206
vn -0.958344 -0.275226 0.0763427
v 0.296382 0.055216 -0.043447
vn -0.970496 -0.239484 0.0280018
v 0.29808 0.04851 -0.046245
vn -0.966122 -0.252297 0.0543549
v 0.296372 0.059019 -0.032528
vn -0.964305 -0.224756 0.139999
v 0.297667 0.05398 -0.032199
vn -0.960037 -0.253119 0.119413
v 0.297292 0.058434 -0.027449
vn -0.965471 -0.205403 0.160236
v 0.299196 0.048761 -0.031097
vn -0.958232 -0.266219 0.104492
v 0.298484 0.0537 -0.026706
vn -0.963195 -0.230845 0.137719
v 0.295266 0.063774 -0.032895
vn -0.972227 -0.186209 0.141778
v 0.29434 0.068619 -0.033288
vn -0.978713 -0.147067 0.143153
v 0.296189 0.063416 -0.027797
vn -0.966844 -0.173067 0.187778
v 0.295357 0.0682 -0.028293
vn -0.968236 -0.141242 0.206324
v 0.292821 0.07928 -0.039477
vn -0.997212 -0.0526614 0.0528673
v 0.292683 0.08089 -0.044917
vn -0.998826 -0.047082 0.0114008
v 0.292948 0.075394 -0.044397
vn -0.998222 -0.0573795 0.0161193
v 0.293141 0.073955 -0.038882
vn -0.995296 -0.073441 0.0631842
v 0.293294 0.070345 -0.044232
vn -0.9938 -0.107298 0.0291367
v 0.292683 0.08089 -0.044917
vn -0.996935 -0.0581989 -0.052286
v 0.292948 0.075394 -0.044397
vn -0.995938 -0.0658133 -0.0614509
v 0.293359 0.078286 -0.034288
vn -0.988375 -0.0510078 0.143224
v 0.293748 0.07345 -0.033756
vn -0.986908 -0.0796871 0.140222
v 0.294293 0.077723 -0.029621
vn -0.977636 -0.0328906 0.207717
v 0.294583 0.072906 -0.028906
vn -0.975588 -0.0786988 0.205021
v 0.292986 0.083485 -0.035118
vn -0.988535 -0.0480724 0.143134
v 0.29399 0.082515 -0.030317
vn -0.977357 -0.0334419 0.208939
v 0.305061 0.006611 -0.08098
vn -0.69316 -0.713722 0.100649
v 0.305689 0.006759 -0.073825
vn -0.724375 -0.678316 0.123161
v 0.301212 0.013506 -0.078361
vn -0.855655 -0.491366 0.162523
v 0.301212 0.013506 -0.078361
vn -0.96819 -0.125843 0.216269
v 0.302917 0.013782 -0.071274
vn -0.960281 -0.0745504 0.268892
v 0.300868 0.021392 -0.076249
vn -0.959003 -0.118179 0.25758
v 0.306812 0.006939 -0.066801
vn -0.755802 -0.62879 0.18272
v 0.302917 0.013782 -0.071274
vn -0.893531 -0.391854 0.219211
v 0.304875 0.014229 -0.064277
vn -0.960824 -0.0688944 0.26846
v 0.303063 0.021658 -0.069152
vn -0.954376 -0.132997 0.267354
v 0.300056 0.012918 -0.085652
vn -0.823399 -0.555435 0.116216
v 0.304464 0.006173 -0.088172
vn -0.67406 -0.734518 0.078267
v 0.299731 0.012461 -0.092996
vn -0.823475 -0.56461 0.0557275
v 0.299118 0.020942 -0.083301
vn -0.979828 -0.123482 0.157129
v 0.300056 0.012918 -0.085652
vn -0.982471 -0.155576 0.102695
v 0.311281 0.002802 -0.083764
vn -0.309775 -0.949426 0.0512751
v 0.310866 0.002611 -0.090662
vn -0.294768 -0.954411 0.047018
v 0.311914 0.002915 -0.076912
vn -0.31728 -0.947223 0.0458578
v 0.312794 0.002969 -0.070133
vn -0.320678 -0.945377 0.0585448
v 0.309912 0.007643 -0.053494
vn -0.815246 -0.541494 0.205322
v 0.307895 0.015769 -0.050965
vn -0.929006 -0.30592 0.208234
v 0.306821 0.01491 -0.057517
vn -0.928604 -0.285964 0.236473
v 0.308421 0.007295 -0.060119
vn -0.788154 -0.576578 0.215341
v 0.304875 0.014229 -0.064277
vn -0.909668 -0.317083 0.268257
v 0.307895 0.015769 -0.050965
vn -0.972778 -0.176927 0.149662
v 0.306602 0.023413 -0.048794
vn -0.951028 -0.290496 0.105634
v 0.306168 0.02286 -0.0554
vn -0.969173 -0.216634 0.117362
v 0.306821 0.01491 -0.057517
vn -0.963684 -0.107191 0.244588
v 0.306168 0.02286 -0.0554
vn -0.950653 -0.252991 0.179597
v 0.304864 0.022074 -0.062088
vn -0.95588 -0.175762 0.235375
v 0.315163 0.003037 -0.056965
vn -0.367527 -0.926561 0.0800552
v 0.313929 0.003001 -0.06347
vn -0.337592 -0.937997 0.0787013
v 0.316208 0.00303 -0.05065
vn -0.403356 -0.901413 0.157351
v 0.311189 0.008612 -0.047249
vn -0.808315 -0.532124 0.251936
v 0.317189 0.004354 -0.044711
vn -0.456686 -0.863002 0.216023
v 0.309014 0.016423 -0.044646
vn -0.951884 -0.261247 0.160207
v 0.312443 0.009737 -0.041324
vn -0.801944 -0.54279 0.249529
v 0.309014 0.016423 -0.044646
vn -0.91408 -0.342074 0.217817
v 0.309909 0.017534 -0.0386
vn -0.929214 -0.332897 0.160437
v 0.307086 0.024086 -0.042253
vn -0.931632 -0.344493 0.1157
v 0.301726 0.036608 -0.043619
vn -0.936139 -0.341418 0.0841244
v 0.301432 0.035879 -0.05032
vn -0.928326 -0.364273 0.0742712
v 0.304173 0.03017 -0.046182
vn -0.921882 -0.379537 0.0780099
v 0.303922 0.029658 -0.052853
vn -0.928338 -0.364575 0.0726141
v 0.301432 0.035879 -0.05032
vn -0.937386 -0.339142 0.0793142
v 0.300889 0.035638 -0.057288
vn -0.933077 -0.344018 0.104972
v 0.303922 0.029658 -0.052853
vn -0.920514 -0.376308 0.1051
v 0.303292 0.029078 -0.059766
vn -0.929026 -0.333809 0.15963
v 0.304484 0.030732 -0.039564
vn -0.9173 -0.388537 0.0871736
v 0.30216 0.037078 -0.037056
vn -0.938732 -0.332969 0.0889626
v 0.304899 0.031146 -0.033292
vn -0.909377 -0.398291 0.119987
v 0.30763 0.024583 -0.035991
vn -0.912759 -0.388057 0.127607
v 0.300016 0.04282 -0.041351
vn -0.956484 -0.279351 0.0842666
v 0.30048 0.043316 -0.034267
vn -0.953533 -0.287381 0.0904768
v 0.302694 0.037422 -0.030702
vn -0.9309 -0.341278 0.13021
v 0.301076 0.043822 -0.027051
vn -0.945798 -0.298574 0.127751
v 0.299482 0.042249 -0.048154
vn -0.953821 -0.286401 0.090553
v 0.299482 0.042249 -0.048154
vn -0.963565 -0.259817 0.0635393
v 0.299104 0.041893 -0.055045
vn -0.961857 -0.262189 0.0780279
v 0.29808 0.04851 -0.046245
vn -0.961847 -0.263315 0.0742713
v 0.298991 0.034938 -0.071757
vn -0.946199 -0.272388 0.174678
v 0.300368 0.028282 -0.073859
vn -0.949849 -0.213935 0.228075
v 0.302012 0.028587 -0.066672
vn -0.938611 -0.274847 0.208492
v 0.300093 0.035241 -0.06447
vn -0.937832 -0.314628 0.146564
v 0.297524 0.041436 -0.069382
vn -0.961405 -0.234277 0.144271
v 0.298471 0.04159 -0.062117
vn -0.96225 -0.245978 0.116489
v 0.29636 0.041278 -0.076848
vn -0.968907 -0.20568 0.13753
v 0.29765 0.03485 -0.078998
vn -0.960476 -0.233157 0.152065
v 0.298752 0.028092 -0.081096
vn -0.972296 -0.159303 0.171067
v 0.395905 0.084777 -0.060011
vn 0.976022 -0.156369 -0.151423
v 0.396564 0.086264 -0.055793
vn 0.983726 -0.159086 -0.0835199
v 0.396173 0.082467 -0.055583
vn 0.991066 -0.0861937 -0.101777
v 0.395239 0.080403 -0.06073
vn 0.977234 -0.0766756 -0.197825
v 0.395894 0.077725 -0.056431
vn 0.992591 -0.0256492 -0.118765
v 0.396964 0.08618 -0.050466
vn 0.986366 -0.161904 -0.0294979
v 0.396383 0.080999 -0.050694
vn 0.997265 -0.0684802 -0.0278106
v 0.394689 0.08342 -0.064908
vn 0.956762 -0.169521 -0.236368
v 0.39378 0.079102 -0.06587
vn 0.958046 -0.0813448 -0.27483
v 0.394856 0.075844 -0.061909
vn 0.972659 -0.00652677 -0.232145
v 0.393254 0.074727 -0.067255
vn 0.95295 -0.00665734 -0.303055
v 0.395778 0.087791 -0.064049
vn 0.960939 -0.192333 -0.199006
v 0.396804 0.088646 -0.05902
vn 0.974873 -0.19362 -0.110153
v 0.39739 0.089772 -0.054009
vn 0.97764 -0.195252 -0.0780762
v 0.39814 0.091276 -0.048856
vn 0.975535 -0.218984 -0.0194333
v 0.396276 0.083425 -0.039792
vn 0.991997 -0.0880684 0.090476
v 0.396084 0.079171 -0.040329
vn 0.998753 -0.00327845 0.0498224
v 0.396302 0.079583 -0.045472
vn 0.998709 -0.046574 0.0202696
v 0.396656 0.084596 -0.044932
vn 0.991619 -0.125015 0.0326179
v 0.396281 0.074582 -0.040808
vn 0.995736 0.0917141 -0.00989513
v 0.396222 0.075051 -0.046056
vn 0.999694 0.021845 -0.0116418
v 0.396182 0.075871 -0.051467
vn 0.998959 -0.0201413 -0.0409251
v 0.396824 0.087868 -0.039145
vn 0.977752 -0.169984 0.122911
v 0.397518 0.089465 -0.044124
vn 0.979449 -0.195912 0.0479435
v 0.397707 0.092868 -0.038332
vn 0.971378 -0.193862 0.137267
v 0.395856 0.08731 -0.034232
vn 0.974331 -0.119919 0.190523
v 0.395658 0.083198 -0.034758
vn 0.991514 -0.0201476 0.128426
v 0.394793 0.087133 -0.029322
vn 0.975453 -0.0309187 0.218028
v 0.396447 0.091592 -0.033541
vn 0.96104 -0.180388 0.209432
v 0.395069 0.091057 -0.02885
vn 0.957156 -0.125223 0.261097
v 0.395792 0.079034 -0.035196
vn 0.995397 0.0796183 0.0533438
v 0.394966 0.083211 -0.029645
vn 0.988216 0.0835754 0.128233
v 0.395513 0.079203 -0.029811
vn 0.981848 0.186671 0.0336045
v 0.396365 0.07462 -0.035449
vn 0.983013 0.181097 -0.0298314
v 0.397758 0.064503 -0.041708
vn 0.9765 0.164579 -0.139142
v 0.397013 0.064757 -0.047286
vn 0.985865 0.112931 -0.123763
v 0.396923 0.069777 -0.04124
vn 0.98486 0.154511 -0.0786009
v 0.396535 0.070016 -0.046675
vn 0.993969 0.0839457 -0.0705535
v 0.396246 0.065042 -0.052638
vn 0.991642 0.0602494 -0.114089
v 0.396123 0.070459 -0.052002
vn 0.997401 0.0211387 -0.0688841
v 0.397456 0.069841 -0.035668
vn 0.968709 0.227239 -0.0998275
v 0.39867 0.064636 -0.035954
vn 0.96544 0.216147 -0.14562
v 0.397923 0.070371 -0.02978
vn 0.956084 0.277525 -0.0942534
v 0.396546 0.07491 -0.029866
vn 0.962972 0.2655 -0.0468527
v 0.398566 0.059116 -0.0421
vn 0.974394 0.127068 -0.185498
v 0.399872 0.058893 -0.036084
vn 0.974076 0.147933 -0.171146
v 0.398943 0.053297 -0.042724
vn 0.976547 0.0356781 -0.212328
v 0.399339 0.065279 -0.029725
vn 0.96281 0.244384 -0.115213
v 0.400642 0.059825 -0.02948
vn 0.976247 0.176158 -0.126135
v 0.400578 0.051897 -0.035995
vn 0.980629 0.0265369 -0.194067
v 0.397536 0.059387 -0.047759
vn 0.982743 0.0936269 -0.159529
v 0.39666 0.059934 -0.052959
vn 0.985242 0.0710323 -0.155733
v 0.397831 0.054176 -0.047966
vn 0.982292 0.0334778 -0.18434
v 0.3969 0.054992 -0.053034
vn 0.982324 0.0192564 -0.186197
v 0.394556 0.06714 -0.063591
vn 0.967357 0.0235406 -0.252323
v 0.394464 0.071662 -0.063662
vn 0.964419 0.0121756 -0.2641
v 0.395629 0.071771 -0.058046
vn 0.990022 0.00206502 -0.1409
v 0.395695 0.066029 -0.058121
vn 0.9891 0.0209747 -0.145746
v 0.394586 0.061348 -0.064069
vn 0.96867 0.0144937 -0.247928
v 0.395789 0.060333 -0.058364
vn 0.983963 0.0254315 -0.176549
v 0.394526 0.054661 -0.064092
vn 0.966586 -0.0334665 -0.25415
v 0.396019 0.055877 -0.057661
vn 0.979929 -0.00188557 -0.199336
v 0.392855 0.064572 -0.069272
vn 0.952329 0.0357328 -0.302972
v 0.392824 0.058691 -0.070074
vn 0.953947 0.00323879 -0.299959
v 0.39226 0.05216 -0.071273
vn 0.949064 -0.0642242 -0.30847
v 0.392913 0.069944 -0.068344
vn 0.951129 0.0245458 -0.307818
v 0.304852 0.077649 -0.004605
vn -0.858965 0.118492 0.498136
v 0.302604 0.077159 -0.008432
vn -0.871749 0.066798 0.485377
v 0.303214 0.072723 -0.006807
vn -0.892801 0.0559692 0.446961
v 0.305274 0.073214 -0.002748
vn -0.879328 0.106675 0.464115
v 0.303689 0.0682 -0.005163
vn -0.910553 0.0552482 0.409684
v 0.300506 0.076868 -0.012329
vn -0.893258 0.0310811 0.448468
v 0.301125 0.072347 -0.010934
vn -0.900741 0.0109769 0.434217
v 0.301727 0.067766 -0.009593
vn -0.914971 0.00889192 0.403421
v 0.307241 0.078255 -0.000782
vn -0.840343 0.165468 0.516182
v 0.307615 0.073894 0.001294
vn -0.858717 0.16197 0.486179
v 0.309854 0.079107 0.002991
vn -0.818602 0.20456 0.536699
v 0.305772 0.068722 -0.000858
vn -0.897772 0.105708 0.427587
v 0.307926 0.069485 0.003432
vn -0.878821 0.166512 0.447155
v 0.310215 0.074825 0.005336
vn -0.834385 0.215479 0.507317
v 0.306798 0.08259 -0.002889
vn -0.826189 0.16681 0.538133
v 0.304355 0.08203 -0.0065
vn -0.838081 0.131926 0.529355
v 0.306257 0.086932 -0.005014
vn -0.815802 0.162947 0.554901
v 0.309352 0.083362 0.000718
vn -0.809352 0.196765 0.553384
v 0.308837 0.08761 -0.001534
vn -0.801893 0.18411 0.568394
v 0.302037 0.081542 -0.010095
vn -0.859236 0.0959836 0.502494
v 0.303879 0.086357 -0.00838
vn -0.831289 0.137389 0.538593
v 0.301636 0.086024 -0.011769
vn -0.859229 0.105266 0.500645
v 0.300014 0.081392 -0.013801
vn -0.885521 0.0646629 0.460077
v 0.296903 0.07703 -0.020577
vn -0.938526 -0.0119288 0.345002
v 0.297428 0.072369 -0.019497
vn -0.937843 -0.0512147 0.343259
v 0.298591 0.076841 -0.016366
vn -0.91497 0.00380686 0.403504
v 0.299193 0.07226 -0.015145
vn -0.919319 -0.0220966 0.392891
v 0.298108 0.067649 -0.018535
vn -0.94526 -0.0679139 0.319174
v 0.299799 0.067584 -0.013992
vn -0.92642 -0.0299625 0.375298
v 0.298111 0.081431 -0.017598
vn -0.912664 0.0275095 0.407784
v 0.296502 0.081675 -0.021701
vn -0.942704 0.00102514 0.33363
v 0.299682 0.085895 -0.015218
vn -0.880168 0.0822157 0.467489
v 0.295391 0.077319 -0.025042
vn -0.960577 -0.0192559 0.277346
v 0.295083 0.082016 -0.025961
vn -0.96487 -0.0152293 0.262285
v 0.295808 0.072655 -0.024179
vn -0.956817 -0.0739873 0.281119
v 0.296591 0.067928 -0.023298
vn -0.957987 -0.112162 0.263969
v 0.29955 0.058022 -0.016941
vn -0.958167 -0.130724 0.254613
v 0.300872 0.057971 -0.01195
vn -0.953553 -0.0703921 0.292884
v 0.300398 0.062876 -0.012943
vn -0.938444 -0.0403504 0.343066
v 0.298686 0.062835 -0.01771
vn -0.951059 -0.0946118 0.29417
v 0.302611 0.058179 -0.007009
vn -0.945313 -0.0216275 0.325447
v 0.302218 0.063058 -0.008295
vn -0.931376 0.0137546 0.363799
v 0.29824 0.05816 -0.022086
vn -0.964556 -0.173142 0.199131
v 0.297356 0.063142 -0.022635
vn -0.963887 -0.135555 0.229233
v 0.299319 0.053412 -0.021492
vn -0.960967 -0.210883 0.179083
v 0.300457 0.052999 -0.016468
vn -0.961595 -0.179266 0.207844
v 0.300654 0.048253 -0.021297
vn -0.954721 -0.253322 0.156002
v 0.299694 0.04941 -0.02582
vn -0.958433 -0.253129 0.131653
v 0.301652 0.052809 -0.011287
vn -0.958219 -0.134938 0.252205
v 0.301722 0.047703 -0.015755
vn -0.955628 -0.238512 0.172879
v 0.302982 0.046815 -0.009939
vn -0.965086 -0.193521 0.176516
v 0.303161 0.053062 -0.006187
vn -0.964687 -0.0591631 0.256668
v 0.306002 0.059489 0.002809
vn -0.936485 0.111574 0.332488
v 0.306013 0.064205 0.000984
vn -0.917367 0.122867 0.378604
v 0.304256 0.058804 -0.002144
vn -0.947568 0.0415719 0.316837
v 0.304038 0.063504 -0.003629
vn -0.926931 0.0628842 0.369926
v 0.304507 0.053661 -0.000856
vn -0.965236 0.0188412 0.260699
v 0.306042 0.05452 0.004407
vn -0.954464 0.0855892 0.285784
v 0.305072 0.048591 0.001641
vn -0.975916 -0.0139839 0.217697
v 0.303925 0.047908 -0.003866
vn -0.978233 -0.0910501 0.186465
v 0.308004 0.06035 0.007743
vn -0.918899 0.175977 0.353067
v 0.307839 0.055423 0.009797
vn -0.941523 0.16097 0.296012
v 0.310194 0.061399 0.012586
vn -0.898489 0.248454 0.361923
v 0.306389 0.049405 0.007104
vn -0.969965 0.0530645 0.237386
v 0.307812 0.05013 0.012717
vn -0.961826 0.112632 0.249408
v 0.309853 0.056733 0.015247
vn -0.922189 0.237767 0.305016
v 0.308097 0.064966 0.005586
vn -0.898716 0.185551 0.397343
v 0.310347 0.065978 0.01005
vn -0.877128 0.247126 0.411795
v 0.310429 0.070428 0.007615
vn -0.856627 0.230614 0.461527
v 0.314758 0.011515 -0.03044
vn -0.789556 -0.566838 0.235151
v 0.315894 0.012071 -0.025393
vn -0.794076 -0.574748 0.19776
v 0.311693 0.018533 -0.027373
vn -0.855933 -0.474539 0.205406
v 0.311693 0.018533 -0.027373
vn -0.89936 -0.398733 0.179342
v 0.312676 0.018954 -0.02215
vn -0.891827 -0.419848 0.168439
v 0.309206 0.025391 -0.024472
vn -0.893698 -0.416971 0.165649
v 0.316859 0.012229 -0.02044
vn -0.803305 -0.574357 0.157528
v 0.312676 0.018954 -0.02215
vn -0.853398 -0.490612 0.176102
v 0.313516 0.019005 -0.01707
vn -0.89521 -0.433519 0.103251
v 0.310044 0.025548 -0.019126
vn -0.893625 -0.429961 0.128716
v 0.310837 0.018091 -0.032773
vn -0.879532 -0.429922 0.203937
v 0.313564 0.010766 -0.035736
vn -0.800931 -0.549997 0.23667
v 0.309909 0.017534 -0.0386
vn -0.899468 -0.382981 0.210436
v 0.308308 0.025114 -0.030102
vn -0.899655 -0.407711 0.156179
v 0.310837 0.018091 -0.032773
vn -0.910768 -0.378606 0.164801
v 0.319174 0.005688 -0.033899
vn -0.559088 -0.805731 0.195494
v 0.318215 0.005137 -0.039157
vn -0.517943 -0.833901 0.190641
v 0.320333 0.006267 -0.028897
vn -0.597196 -0.782238 0.177373
v 0.32112 0.006537 -0.023976
vn -0.627159 -0.76678 0.136823
v 0.317821 0.012186 -0.010802
vn -0.807042 -0.590217 0.0181117
v 0.31403 0.018687 -0.007302
vn -0.859416 -0.51122 0.00764728
v 0.313943 0.018807 -0.012162
vn -0.860595 -0.508722 0.0240479
v 0.317597 0.012427 -0.015562
vn -0.809813 -0.581602 0.0770812
v 0.313516 0.019005 -0.01707
vn -0.856049 -0.503384 0.117403
v 0.31403 0.018687 -0.007302
vn -0.896976 -0.44202 -0.00727066
v 0.310799 0.025063 -0.003915
vn -0.909228 -0.416241 0.00688555
v 0.310902 0.025174 -0.008856
vn -0.905329 -0.424694 0.00386795
v 0.313943 0.018807 -0.012162
vn -0.900138 -0.434626 0.0291757
v 0.310671 0.025408 -0.013891
vn -0.899166 -0.433384 0.0606498
v 0.322616 0.006661 -0.014593
vn -0.646472 -0.760899 0.055742
v 0.32207 0.006613 -0.019218
vn -0.641737 -0.75865 0.112354
v 0.322896 0.006722 -0.00994
vn -0.628629 -0.775875 0.0533284
v 0.318009 0.012077 -0.006124
vn -0.791191 -0.610699 0.0325964
v 0.32324 0.006904 -0.005317
vn -0.619546 -0.78302 0.055164
v 0.31415 0.018468 -0.002459
vn -0.889014 -0.456139 0.0398893
v 0.318296 0.012035 -0.001399
vn -0.777168 -0.62525 0.0712232
v 0.31415 0.018468 -0.002459
vn -0.84849 -0.527542 0.0419979
v 0.314597 0.018494 0.002258
vn -0.875297 -0.47033 0.112447
v 0.31098 0.025056 0.000973
vn -0.902316 -0.42582 0.0671123
v 0.306642 0.037158 0.002025
vn -0.963637 -0.249774 0.0949567
v 0.306261 0.036913 -0.003229
vn -0.953113 -0.295601 0.0647667
v 0.308395 0.031218 -0.000853
vn -0.936093 -0.349317 0.0413149
v 0.308253 0.031159 -0.005939
vn -0.928264 -0.371247 0.0223847
v 0.306192 0.036494 -0.008357
vn -0.94166 -0.331091 0.0604547
v 0.308099 0.031108 -0.011061
vn -0.916992 -0.395768 0.0499369
v 0.308563 0.031274 0.004175
vn -0.935248 -0.343084 0.0872042
v 0.307152 0.037347 0.007147
vn -0.966395 -0.208132 0.150867
v 0.309232 0.031152 0.009025
vn -0.924775 -0.34643 0.15741
v 0.311523 0.025117 0.005747
vn -0.88537 -0.444923 0.13477
v 0.305842 0.04321 0.004609
vn -0.980345 -0.0937158 0.173609
v 0.306807 0.04379 0.009624
vn -0.977035 -0.0427054 0.208756
v 0.308028 0.037604 0.012024
vn -0.965356 -0.182642 0.186357
v 0.307983 0.044169 0.014984
vn -0.976788 -0.00288723 0.214187
v 0.30507 0.042712 -0.000752
vn -0.977017 -0.163104 0.137238
v 0.304599 0.042075 -0.006134
vn -0.965738 -0.23612 0.107689
v 0.304859 0.037042 -0.018807
vn -0.919887 -0.369196 0.132293
v 0.306715 0.031644 -0.021741
vn -0.902468 -0.405743 0.14465
v 0.3076 0.031351 -0.01628
vn -0.907156 -0.408773 0.0998653
v 0.305718 0.036587 -0.013461
vn -0.929029 -0.356915 0.0975556
v 0.303505 0.042066 -0.015202
vn -0.939863 -0.309862 0.143674
v 0.304447 0.040992 -0.010831
vn -0.949186 -0.295898 0.107196
v 0.30233 0.042779 -0.020827
vn -0.9367 -0.318179 0.146132
v 0.303759 0.037497 -0.024802
vn -0.919519 -0.362259 0.152491
v 0.305744 0.031565 -0.027303
vn -0.901299 -0.402006 0.161405
v 0.308168 0.091697 -0.003687
vn -0.797758 0.173608 0.577445
v 0.389336 0.015683 -0.049449
vn 0.912594 -0.304539 -0.272816
v 0.387986 0.016167 -0.054251
vn 0.912149 -0.332382 -0.239806
v 0.391226 0.021889 -0.049432
vn 0.92425 -0.300016 -0.23612
v 0.390309 0.022529 -0.054497
vn 0.924789 -0.311354 -0.218686
v 0.393196 0.027926 -0.049335
vn 0.933458 -0.278009 -0.226641
v 0.38688 0.016379 -0.059348
vn 0.915454 -0.337972 -0.218445
v 0.389242 0.023825 -0.060656
vn 0.920496 -0.312036 -0.235202
v 0.392787 0.030593 -0.054352
vn 0.939341 -0.273859 -0.206493
v 0.392343 0.021393 -0.044535
vn 0.925441 -0.270393 -0.265416
v 0.390509 0.015148 -0.044888
vn 0.912632 -0.2964 -0.281514
v 0.393438 0.02032 -0.040293
vn 0.923089 -0.251237 -0.291183
v 0.394136 0.027003 -0.044485
vn 0.929915 -0.281686 -0.236454
v 0.395167 0.026411 -0.03987
vn 0.932089 -0.253511 -0.258732
v 0.387208 0.009726 -0.049092
vn 0.899791 -0.334498 -0.280156
v 0.387208 0.009726 -0.049092
vn 0.811849 -0.522987 -0.259586
v 0.388374 0.009098 -0.044683
vn 0.777466 -0.577479 -0.249126
v 0.391683 0.014553 -0.040447
vn 0.904967 -0.299591 -0.302128
v 0.388374 0.009098 -0.044683
vn 0.901474 -0.331419 -0.278399
v 0.389481 0.008494 -0.040197
vn 0.740843 -0.61864 -0.261602
v 0.385957 0.010275 -0.053695
vn 0.902358 -0.336699 -0.269041
v 0.384781 0.01059 -0.05865
vn 0.912822 -0.349049 -0.211945
v 0.385957 0.010275 -0.053695
vn 0.842743 -0.482444 -0.238815
v 0.383676 0.016572 -0.072219
vn 0.925921 -0.292542 -0.238935
v 0.385468 0.022646 -0.072561
vn 0.919643 -0.282311 -0.273051
v 0.386822 0.022633 -0.067614
vn 0.917402 -0.304475 -0.25626
v 0.385469 0.016537 -0.065203
vn 0.918332 -0.315836 -0.238566
v 0.387707 0.027861 -0.070738
vn 0.913853 -0.286398 -0.287835
v 0.389715 0.029014 -0.065152
vn 0.920537 -0.288023 -0.263922
v 0.382308 0.010578 -0.069546
vn 0.92288 -0.31366 -0.223406
v 0.382308 0.010578 -0.069546
vn 0.898413 -0.390551 -0.200807
v 0.383678 0.010493 -0.063878
vn 0.880123 -0.441492 -0.174551
v 0.383678 0.010493 -0.063878
vn 0.918154 -0.332286 -0.215824
v 0.384781 0.01059 -0.05865
vn 0.861949 -0.467532 -0.196107
v 0.380865 0.010019 -0.075285
vn 0.930198 -0.292644 -0.221566
v 0.381393 0.014366 -0.078536
vn 0.931794 -0.271552 -0.240873
v 0.379299 0.009238 -0.080728
vn 0.933134 -0.275939 -0.230476
v 0.380865 0.010019 -0.075285
vn 0.899705 -0.390022 -0.195993
v 0.383362 0.020422 -0.077471
vn 0.930091 -0.257634 -0.261829
v 0.385465 0.026764 -0.076255
vn 0.918518 -0.263956 -0.294369
v 0.391895 0.040395 -0.067858
vn 0.940575 -0.17468 -0.291214
v 0.393991 0.042417 -0.061565
vn 0.956805 -0.156681 -0.2449
v 0.392021 0.035664 -0.063429
vn 0.940091 -0.22624 -0.255039
v 0.390031 0.03386 -0.069049
vn 0.927025 -0.238145 -0.289674
v 0.395934 0.045041 -0.055092
vn 0.965943 -0.131246 -0.223
v 0.394089 0.037283 -0.056934
vn 0.952204 -0.214285 -0.21769
v 0.391825 0.031018 -0.059978
vn 0.935077 -0.272032 -0.227223
v 0.389599 0.039327 -0.073771
vn 0.92775 -0.181647 -0.326014
v 0.387822 0.032936 -0.07484
vn 0.918222 -0.237658 -0.316838
v 0.391096 0.045799 -0.072621
vn 0.937809 -0.126925 -0.323117
v 0.393446 0.047532 -0.066111
vn 0.955704 -0.103829 -0.275407
v 0.39556 0.050049 -0.058743
vn 0.969998 -0.071988 -0.232212
v 0.396967 0.040322 -0.045972
vn 0.958343 -0.188091 -0.214942
v 0.395191 0.034126 -0.048044
vn 0.946942 -0.229339 -0.225177
v 0.395148 0.036959 -0.051341
vn 0.952006 -0.233449 -0.197956
v 0.39658 0.042439 -0.050522
vn 0.965126 -0.167324 -0.201334
v 0.398524 0.046729 -0.043898
vn 0.972789 -0.0886699 -0.214053
v 0.397577 0.048454 -0.048966
vn 0.977845 -0.0606762 -0.200345
v 0.39691 0.050343 -0.052987
vn 0.978128 -0.0423845 -0.203642
v 0.399191 0.04342 -0.03945
vn 0.963882 -0.130525 -0.232153
v 0.39717 0.036836 -0.042408
vn 0.951396 -0.200302 -0.233932
v 0.398922 0.038317 -0.036517
vn 0.954018 -0.192196 -0.230023
v 0.401063 0.045545 -0.032727
vn 0.976857 -0.0767692 -0.199642
v 0.395416 0.031676 -0.044828
vn 0.941135 -0.244758 -0.233148
v 0.396636 0.03206 -0.040105
vn 0.943582 -0.234793 -0.233506
v 0.393598 0.084133 -0.01895
vn 0.937676 0.333389 0.0980567
v 0.39257 0.084989 -0.013423
vn 0.898631 0.420275 0.125823
v 0.394945 0.080454 -0.01839
vn 0.9249 0.37957 0.0220605
v 0.394229 0.081463 -0.012579
vn 0.885984 0.459096 0.0652928
v 0.396636 0.076684 -0.017703
vn 0.920147 0.390428 -0.0299449
v 0.391154 0.085896 -0.007958
vn 0.856213 0.486894 0.172725
v 0.393003 0.082503 -0.0067
vn 0.849355 0.507843 0.143845
v 0.396105 0.077892 -0.011532
vn 0.899259 0.434914 0.0467314
v 0.395265 0.079712 -0.024201
vn 0.957192 0.289123 0.0138227
v 0.394282 0.083504 -0.024387
vn 0.971248 0.212538 0.107265
v 0.396653 0.075628 -0.023841
vn 0.94151 0.332774 -0.0531077
v 0.392454 0.087707 -0.019365
vn 0.948999 0.239315 0.205254
v 0.393675 0.087251 -0.024396
vn 0.970628 0.0932613 0.221773
v 0.391835 0.091441 -0.019429
vn 0.949081 0.115172 0.293223
v 0.393494 0.091127 -0.024126
vn 0.956817 -0.0181333 0.290126
v 0.391136 0.088433 -0.014217
vn 0.910832 0.362476 0.197474
v 0.389588 0.089277 -0.009079
vn 0.867552 0.443133 0.225803
v 0.390094 0.091933 -0.014726
vn 0.925604 0.26066 0.274435
v 0.388305 0.092617 -0.010071
vn 0.883392 0.380839 0.273093
v 0.386809 0.087722 0.002536
vn 0.751936 0.57831 0.316465
v 0.38847 0.084462 0.00474
vn 0.755031 0.584801 0.296539
v 0.391045 0.083443 -0.000927
vn 0.80887 0.542448 0.226891
v 0.389314 0.08679 -0.002651
vn 0.809675 0.533181 0.245244
v 0.390138 0.081072 0.007092
vn 0.76561 0.577862 0.282696
v 0.392788 0.080037 0.00108
vn 0.820959 0.527904 0.217585
v 0.394823 0.078999 -0.005224
vn 0.867097 0.477158 0.14305
v 0.38518 0.090975 0.000635
vn 0.754446 0.554841 0.350659
v 0.387649 0.090141 -0.004099
vn 0.817171 0.503678 0.280249
v 0.383688 0.094204 -0.001012
vn 0.767049 0.526851 0.366147
v 0.386174 0.093427 -0.005463
vn 0.828765 0.469066 0.305166
v 0.38212 0.091794 0.005122
vn 0.686367 0.599571 0.411599
v 0.383613 0.088614 0.00749
vn 0.683833 0.625563 0.375556
v 0.378564 0.092547 0.009287
vn 0.604716 0.646315 0.465397
v 0.380694 0.094937 0.003081
vn 0.689198 0.578828 0.435849
v 0.377255 0.095761 0.006885
vn 0.60673 0.610441 0.509156
v 0.385251 0.08539 0.010027
vn 0.692757 0.631866 0.34761
v 0.380052 0.089441 0.012009
vn 0.610732 0.677676 0.409589
v 0.381642 0.086317 0.014923
vn 0.627469 0.671428 0.394293
v 0.386958 0.082028 0.012813
vn 0.705867 0.621322 0.340163
v 0.393423 0.074214 0.011824
vn 0.800622 0.541447 0.256593
v 0.395972 0.073118 0.005124
vn 0.862343 0.467736 0.193877
v 0.391846 0.077637 0.009497
vn 0.781999 0.559474 0.27471
v 0.394499 0.076506 0.003132
vn 0.840738 0.500934 0.205484
v 0.39788 0.071684 -0.001997
vn 0.910653 0.392803 0.128128
v 0.396492 0.075268 -0.003522
vn 0.889761 0.435887 0.135381
v 0.388548 0.078681 0.015511
vn 0.716395 0.617913 0.323978
v 0.390206 0.075393 0.018414
vn 0.726173 0.62493 0.286593
v 0.384663 0.079794 0.021093
vn 0.636954 0.68146 0.36042
v 0.383173 0.083032 0.017867
vn 0.637574 0.660144 0.397127
v 0.394849 0.070979 0.014069
vn 0.812241 0.541573 0.216709
v 0.391739 0.072482 0.021189
vn 0.745141 0.599239 0.292709
v 0.396243 0.068285 0.01599
vn 0.829738 0.513518 0.21871
v 0.386089 0.076677 0.024752
vn 0.647136 0.678577 0.34749
v 0.387714 0.072955 0.028432
vn 0.667493 0.647719 0.367306
v 0.393439 0.068291 0.024576
vn 0.75656 0.597203 0.266392
v 0.397248 0.06992 0.006841
vn 0.876113 0.448068 0.177936
v 0.398788 0.06869 7.9e-05
vn 0.922435 0.369067 0.113594
v 0.398194 0.067219 0.008841
vn 0.8771 0.45806 0.144486
v 0.399689 0.065815 0.002223
vn 0.923515 0.372068 0.0931998
v 0.399592 0.068405 -0.015995
vn 0.956596 0.288959 -0.0377672
v 0.398277 0.072632 -0.016885
vn 0.942772 0.331815 -0.0328676
v 0.397746 0.073994 -0.01028
vn 0.925174 0.376884 0.0448497
v 0.399195 0.070115 -0.008997
vn 0.941027 0.336095 0.0388275
v 0.400821 0.064531 -0.014137
vn 0.965857 0.257028 -0.0324989
v 0.400148 0.066792 -0.006962
vn 0.953005 0.298732 0.0504023
v 0.401649 0.061402 -0.011367
vn 0.972652 0.231817 -0.0144356
v 0.400881 0.063925 -0.004581
vn 0.954109 0.296183 0.0441752
v 0.401019 0.061802 -0.021681
vn 0.972441 0.217953 -0.0827897
v 0.399669 0.066666 -0.023105
vn 0.961745 0.261421 -0.0818911
v 0.402061 0.058119 -0.018371
vn 0.979955 0.185557 -0.0725097
v 0.401932 0.053674 -0.0271
vn 0.98599 0.0957777 -0.136567
v 0.398225 0.07131 -0.023478
vn 0.946838 0.311094 -0.0819631
v 0.371431 0.09085 0.019516
vn 0.408248 0.76523 0.497751
v 0.366476 0.091228 0.022355
vn 0.30744 0.791274 0.52855
v 0.37263 0.087886 0.02316
vn 0.429071 0.75764 0.491813
v 0.367372 0.08833 0.026217
vn 0.314923 0.792718 0.521941
v 0.373675 0.084942 0.026854
vn 0.441536 0.761173 0.475038
v 0.361181 0.091474 0.024512
vn 0.200999 0.813226 0.546135
v 0.361651 0.08861 0.028665
vn 0.207724 0.822302 0.529783
v 0.368066 0.085413 0.030225
vn 0.328496 0.797823 0.505538
v 0.377478 0.087226 0.019326
vn 0.537961 0.708722 0.456411
v 0.376028 0.09029 0.016068
vn 0.514991 0.728706 0.451412
v 0.378668 0.083987 0.022656
vn 0.553409 0.70991 0.435622
v 0.370149 0.09377 0.01607
vn 0.405162 0.749871 0.523008
v 0.374554 0.093221 0.012966
vn 0.506051 0.705999 0.495457
v 0.368984 0.096773 0.012962
vn 0.412824 0.690102 0.59442
v 0.373302 0.096346 0.010185
vn 0.505948 0.650221 0.566772
v 0.365506 0.094155 0.018614
vn 0.309547 0.775107 0.550809
v 0.361054 0.094021 0.020732
vn 0.212876 0.791417 0.573012
v 0.364914 0.09679 0.01538
vn 0.327327 0.721995 0.609573
v 0.360783 0.096643 0.017435
vn 0.238229 0.742827 0.625664
v 0.350054 0.090387 0.027631
vn -0.0597371 0.813383 0.578653
v 0.350355 0.08756 0.03183
vn -0.0787685 0.830515 0.551399
v 0.35575 0.088515 0.030406
vn 0.0769094 0.840377 0.536518
v 0.355471 0.091355 0.026044
vn 0.0860999 0.823531 0.560699
v 0.350259 0.084592 0.036236
vn -0.0978986 0.82346 0.558864
v 0.356005 0.085644 0.034986
vn 0.0659339 0.839763 0.538935
v 0.362159 0.085768 0.033045
vn 0.219973 0.828671 0.514701
v 0.350355 0.09353 0.023394
vn 0.00161025 0.782209 0.623014
v 0.355951 0.093951 0.022228
vn 0.112238 0.797783 0.592406
v 0.352106 0.096589 0.01949
vn 0.075769 0.732761 0.676255
v 0.356899 0.096271 0.019135
vn 0.153702 0.752117 0.640855
v 0.344924 0.091522 0.025107
vn -0.156206 0.748352 0.644646
v 0.344918 0.088172 0.029357
vn -0.206338 0.790543 0.5766
v 0.339646 0.088294 0.026992
vn -0.306723 0.731773 0.60863
v 0.345378 0.096182 0.020291
vn -0.0436015 0.684043 0.728138
v 0.339747 0.092175 0.022866
vn -0.235558 0.665474 0.708278
v 0.345876 0.08574 0.033338
vn -0.208375 0.808791 0.549943
v 0.340055 0.084424 0.032329
vn -0.331162 0.774833 0.538484
v 0.344302 0.082951 0.036748
vn -0.231441 0.804332 0.547252
v 0.34925 0.077453 0.046013
vn -0.125097 0.807613 0.576292
v 0.356065 0.079026 0.044631
vn 0.0407291 0.81393 0.579534
v 0.349478 0.081297 0.040904
vn -0.117204 0.808646 0.576502
v 0.356056 0.082541 0.039739
vn 0.0520406 0.822349 0.566598
v 0.362917 0.079631 0.042124
vn 0.209981 0.804519 0.555569
v 0.362516 0.082877 0.037529
vn 0.220483 0.818206 0.530967
v 0.343491 0.079252 0.041806
vn -0.23804 0.788984 0.566428
v 0.342918 0.075322 0.046882
vn -0.238074 0.805965 0.541979
v 0.337433 0.076622 0.042228
vn -0.362948 0.765111 0.531859
v 0.338442 0.080356 0.037542
vn -0.357738 0.776106 0.519311
v 0.349058 0.073966 0.051128
vn -0.100695 0.815646 0.569721
v 0.34217 0.071883 0.052265
vn -0.232868 0.821738 0.520114
v 0.34898 0.070381 0.056219
vn -0.0735609 0.845054 0.529597
v 0.33663 0.072753 0.047343
vn -0.382991 0.775844 0.501381
v 0.335503 0.069075 0.052388
vn -0.427425 0.768529 0.4761
v 0.341135 0.067834 0.058238
vn -0.251614 0.831077 0.495985
v 0.356312 0.075538 0.049665
vn 0.0387554 0.805671 0.591095
v 0.363364 0.076156 0.046932
vn 0.184478 0.816792 0.546643
v 0.356461 0.071731 0.054259
vn 0.0377885 0.818618 0.573093
v 0.363633 0.072714 0.051778
vn 0.157892 0.804981 0.571906
v 0.375575 0.078867 0.034917
vn 0.452855 0.743759 0.491676
v 0.374709 0.081927 0.030729
vn 0.435839 0.771123 0.464127
v 0.368735 0.082504 0.034488
vn 0.340301 0.799755 0.494558
v 0.369411 0.079484 0.038916
vn 0.35167 0.784198 0.511235
v 0.376284 0.075432 0.039146
vn 0.462389 0.753321 0.467657
v 0.369981 0.076326 0.043416
vn 0.3459 0.804779 0.482372
v 0.37687 0.072292 0.044051
vn 0.445333 0.791667 0.41826
v 0.370442 0.073429 0.048554
vn 0.316118 0.803691 0.504132
v 0.382347 0.074288 0.03433
vn 0.558718 0.706231 0.434824
v 0.381177 0.078024 0.030379
vn 0.562469 0.709672 0.424257
v 0.383216 0.071 0.039101
vn 0.51898 0.766772 0.377783
v 0.388637 0.069642 0.033171
vn 0.634035 0.706871 0.31358
v 0.379971 0.080946 0.026308
vn 0.549734 0.734894 0.397145
v 0.330348 0.086601 0.02269
vn -0.513051 0.554675 0.655068
v 0.326247 0.085316 0.020126
vn -0.602286 0.469149 0.645872
v 0.326226 0.081252 0.023497
vn -0.633949 0.540108 0.553528
v 0.330185 0.082704 0.026304
vn -0.558787 0.621325 0.549284
v 0.325761 0.077462 0.027237
vn -0.665476 0.582555 0.46666
v 0.322426 0.083933 0.017228
vn -0.675839 0.391584 0.624423
v 0.322563 0.079967 0.02027
vn -0.700669 0.45989 0.545495
v 0.322215 0.075921 0.023767
vn -0.729483 0.501645 0.46498
v 0.334771 0.087835 0.024682
vn -0.411883 0.649272 0.639374
v 0.334595 0.083879 0.029121
vn -0.454204 0.70499 0.54469
v 0.329645 0.079107 0.030369
vn -0.59394 0.658078 0.462783
v 0.333939 0.080382 0.033582
vn -0.481175 0.73225 0.481954
v 0.334699 0.091742 0.021234
vn -0.348738 0.572117 0.742337
v 0.330064 0.090638 0.019522
vn -0.46816 0.488387 0.736414
v 0.334073 0.095585 0.018353
vn -0.311397 0.492729 0.812558
v 0.339246 0.096453 0.01935
vn -0.167068 0.577281 0.799272
v 0.325791 0.089324 0.017241
vn -0.572462 0.407502 0.711497
v 0.329328 0.09452 0.016741
vn -0.443612 0.419928 0.791751
v 0.324991 0.093296 0.014537
vn -0.554657 0.349722 0.755016
v 0.321903 0.08802 0.014481
vn -0.65877 0.336723 0.672785
v 0.315703 0.08133 0.010495
vn -0.771993 0.281727 0.569786
v 0.315984 0.077111 0.01311
vn -0.785071 0.31868 0.531137
v 0.318919 0.082553 0.013963
vn -0.732163 0.326893 0.597561
v 0.319167 0.078473 0.016836
vn -0.753278 0.382046 0.535363
v 0.315917 0.072887 0.015891
vn -0.809428 0.350324 0.471273
v 0.319025 0.074415 0.019952
vn -0.780674 0.420031 0.462733
v 0.3184 0.08677 0.01129
vn -0.724933 0.284389 0.627372
v 0.315232 0.085528 0.007893
vn -0.766604 0.24983 0.591526
v 0.317661 0.090853 0.008761
vn -0.726585 0.237138 0.644857
v 0.321133 0.092146 0.011864
vn -0.6508 0.285237 0.703633
v 0.312692 0.080192 0.006733
vn -0.799067 0.244342 0.549353
v 0.312184 0.084381 0.004329
vn -0.787911 0.222182 0.57431
v 0.3145 0.089604 0.005361
vn -0.765972 0.214968 0.605868
v 0.311584 0.088545 0.001935
vn -0.786321 0.2033 0.583411
v 0.313031 0.075958 0.009315
vn -0.81419 0.264283 0.516962
v 0.313051 0.071589 0.011824
vn -0.83356 0.290135 0.470106
v 0.315286 0.064814 0.021808
vn -0.852258 0.37177 0.368027
v 0.318158 0.066714 0.026304
vn -0.8275 0.418409 0.374403
v 0.318594 0.070471 0.023124
vn -0.807661 0.429367 0.404137
v 0.315679 0.068791 0.018781
vn -0.834577 0.368697 0.409322
v 0.321326 0.068676 0.030938
vn -0.790983 0.486921 0.370479
v 0.321692 0.072216 0.02725
vn -0.760942 0.502306 0.410677
v 0.312644 0.062976 0.017299
vn -0.875876 0.318204 0.362749
v 0.312945 0.06725 0.014457
vn -0.85427 0.306026 0.420205
v 0.312262 0.058819 0.020244
vn -0.894895 0.309499 0.321516
v 0.315013 0.061131 0.02496
vn -0.861617 0.372446 0.34482
v 0.312195 0.055145 0.023919
vn -0.906864 0.306757 0.28896
v 0.309555 0.051184 0.018741
vn -0.948899 0.182257 0.257631
v 0.317963 0.06322 0.029741
vn -0.844074 0.420744 0.332436
v 0.314882 0.057888 0.028277
vn -0.871005 0.390535 0.298048
v 0.31753 0.060037 0.033101
vn -0.849571 0.441866 0.28807
v 0.32074 0.065094 0.034588
vn -0.811121 0.479022 0.335589
v 0.328106 0.071753 0.039332
vn -0.646644 0.634932 0.422744
v 0.328925 0.075579 0.034819
vn -0.622093 0.654295 0.429997
v 0.324644 0.070316 0.035428
vn -0.730704 0.564845 0.383434
v 0.325216 0.07389 0.031253
vn -0.701472 0.581664 0.411831
v 0.323892 0.06699 0.038917
vn -0.752042 0.549273 0.364325
v 0.327239 0.068316 0.043069
vn -0.665375 0.618946 0.417352
v 0.322927 0.063761 0.041886
vn -0.76273 0.547198 0.344699
v 0.320158 0.061875 0.037619
vn -0.818244 0.487864 0.304081
v 0.332051 0.072972 0.042874
vn -0.527736 0.70359 0.475873
v 0.331127 0.069033 0.047509
vn -0.563586 0.687169 0.458442
v 0.326104 0.064799 0.046396
vn -0.684568 0.606202 0.404828
v 0.329662 0.065303 0.051125
vn -0.612475 0.666636 0.424818
v 0.33294 0.076575 0.038373
vn -0.508288 0.717868 0.475719
v 0.375973 0.098865 0.004799
vn 0.608164 0.600265 0.51944
v 0.346967 0.104238 0.014192
vn 0.109291 0.52821 0.842051
v 0.352761 0.103782 0.01343
vn 0.135538 0.560335 0.817101
v 0.341596 0.104262 0.014797
vn 0.0087646 0.477258 0.87872
v 0.336358 0.103968 0.014758
vn -0.147523 0.410311 0.899934
v 0.343255 0.100413 0.016889
vn 0.0111103 0.559204 0.828955
v 0.349166 0.100115 0.016541
vn 0.0997667 0.613502 0.783366
v 0.337885 0.100076 0.016813
vn -0.132817 0.476957 0.868833
v 0.355753 0.099399 0.016053
vn 0.148074 0.675901 0.721964
v 0.368303 0.099693 0.010388
vn 0.428563 0.647708 0.629926
v 0.364061 0.099838 0.012685
vn 0.35131 0.66993 0.654045
v 0.360666 0.099246 0.014714
vn 0.261012 0.696932 0.667951
v 0.37213 0.099505 0.007829
vn 0.521382 0.622528 0.583626
v 0.310898 0.092592 -0.000304
vn -0.787858 0.187405 0.586651
v 0.313712 0.093647 0.003056
vn -0.773138 0.196348 0.60308
v 0.31671 0.094835 0.006385
vn -0.740913 0.209406 0.63812
v 0.320091 0.096164 0.009497
vn -0.65131 0.229546 0.72326
v 0.326666 0.102415 0.012392
vn -0.449116 0.251224 0.857427
v 0.322472 0.101303 0.010147
vn -0.550865 0.204701 0.809101
v 0.323952 0.097341 0.012157
vn -0.549473 0.258759 0.794433
v 0.328195 0.09836 0.014345
vn -0.430136 0.322065 0.84336
v 0.331339 0.10327 0.013956
vn -0.304767 0.327108 0.894493
v 0.332852 0.099357 0.015926
vn -0.290653 0.397848 0.870194
v 0.400372 0.009148 -0.012093
vn 0.89506 -0.319979 -0.310613
v 0.398043 0.008928 -0.018426
vn 0.868596 -0.362478 -0.337861
v 0.401685 0.01719 -0.016367
vn 0.912343 -0.238374 -0.332878
v 0.403899 0.017235 -0.010301
vn 0.914278 -0.244898 -0.322676
v 0.403713 0.024536 -0.013736
vn 0.93695 -0.109511 -0.33186
v 0.396383 0.009715 -0.023317
vn 0.83541 -0.45083 -0.314392
v 0.399267 0.016935 -0.022496
vn 0.90861 -0.240635 -0.341354
v 0.401749 0.024557 -0.019553
vn 0.934796 -0.122792 -0.333285
v 0.402479 0.009169 -0.005619
vn 0.893629 -0.338469 -0.294731
v 0.40586 0.016814 -0.004347
vn 0.912252 -0.26492 -0.312432
v 0.404293 0.008919 0.000546
vn 0.8749 -0.366224 -0.316905
v 0.405795 0.024249 -0.008074
vn 0.939367 -0.103195 -0.327018
v 0.407633 0.023029 -0.002226
vn 0.948783 -0.104084 -0.29829
v 0.407613 0.015294 0.001973
vn 0.908561 -0.274955 -0.314511
v 0.400372 0.009148 -0.012093
vn 0.719533 -0.660464 -0.214616
v 0.402479 0.009169 -0.005619
vn 0.703123 -0.668782 -0.241555
v 0.39524 0.001966 -0.00649
vn 0.533992 -0.827804 -0.172024
v 0.394526 0.002933 -0.013188
vn 0.590639 -0.77574 -0.2222
v 0.404293 0.008919 0.000546
vn 0.674544 -0.680579 -0.286011
v 0.397547 0.001638 0.000532
vn 0.513992 -0.83783 -0.183993
v 0.398043 0.008928 -0.018426
vn 0.706603 -0.662414 -0.248839
v 0.392704 0.003208 -0.017657
vn 0.567593 -0.793946 -0.217918
v 0.392875 0.004507 -0.021968
vn 0.582859 -0.787515 -0.200239
v 0.394354 0.012698 -0.031977
vn 0.87955 -0.32581 -0.346757
v 0.395158 0.017619 -0.032776
vn 0.910035 -0.215573 -0.354069
v 0.397217 0.018049 -0.028496
vn 0.907587 -0.206437 -0.36561
v 0.395839 0.011791 -0.027442
vn 0.869467 -0.36918 -0.328228
v 0.397196 0.024132 -0.031423
vn 0.925482 -0.192462 -0.326252
v 0.399709 0.024852 -0.02523
vn 0.93022 -0.145268 -0.337028
v 0.391672 0.006769 -0.031227
vn 0.842781 -0.446621 -0.300416
v 0.391672 0.006769 -0.031227
vn 0.657292 -0.712673 -0.245079
v 0.392599 0.005776 -0.02652
vn 0.597647 -0.769495 -0.225158
v 0.392599 0.005776 -0.02652
vn 0.809245 -0.518447 -0.276286
v 0.390646 0.007667 -0.035795
vn 0.867767 -0.38843 -0.310004
v 0.392947 0.013487 -0.03623
vn 0.894284 -0.301017 -0.331127
v 0.389481 0.008494 -0.040197
vn 0.88659 -0.347355 -0.305455
v 0.390646 0.007667 -0.035795
vn 0.700201 -0.660173 -0.271829
v 0.394415 0.019083 -0.036259
vn 0.922341 -0.236945 -0.305195
v 0.395677 0.024422 -0.036259
vn 0.93084 -0.226466 -0.286792
v 0.401761 0.038729 -0.024652
vn 0.964441 -0.126261 -0.232188
v 0.403124 0.038011 -0.019095
vn 0.96929 -0.0681008 -0.236302
v 0.40151 0.031834 -0.02205
vn 0.948486 -0.108102 -0.297807
v 0.399756 0.031762 -0.028043
vn 0.94687 -0.163592 -0.276902
v 0.404332 0.037197 -0.01368
vn 0.969474 0.00292031 -0.245177
v 0.403292 0.031224 -0.016608
vn 0.950376 -0.0669074 -0.303823
v 0.400466 0.038637 -0.030448
vn 0.960117 -0.167733 -0.2237
v 0.397778 0.030933 -0.034513
vn 0.942712 -0.213439 -0.256394
v 0.402222 0.045623 -0.026439
vn 0.983067 -0.0448101 -0.177684
v 0.403235 0.044524 -0.020557
vn 0.986884 -0.0142623 -0.160798
v 0.40291 0.051284 -0.020757
vn 0.990044 0.090467 -0.107837
v 0.403971 0.043339 -0.01509
vn 0.986533 0.0371469 -0.159289
v 0.403502 0.04952 -0.015384
vn 0.990808 0.101395 -0.0895471
v 0.404194 0.047865 -0.010463
vn 0.981641 0.140377 -0.129131
v 0.405024 0.042197 -0.009783
vn 0.976437 0.0907294 -0.195805
v 0.40743 0.035757 -0.002409
vn 0.968008 0.0975879 -0.231164
v 0.406971 0.030373 -0.005378
vn 0.956989 0.00318763 -0.290108
v 0.405835 0.036346 -0.008137
vn 0.964039 0.0597795 -0.25895
v 0.4051 0.030639 -0.011116
vn 0.950098 -0.025712 -0.31089
v 0.406223 0.041186 -0.004484
vn 0.970303 0.141381 -0.196272
v 0.407539 0.039695 0.001027
vn 0.969159 0.178713 -0.169685
v 0.406111 0.04542 -0.000442
vn 0.968338 0.20873 -0.136946
v 0.40515 0.04653 -0.005589
vn 0.973326 0.176615 -0.146437
v 0.408855 0.033885 0.003411
vn 0.971411 0.117693 -0.206179
v 0.408843 0.038169 0.006924
vn 0.962571 0.2046 -0.177754
v 0.410381 0.032537 0.009549
vn 0.966708 0.125792 -0.222825
v 0.407192 0.0436 0.004896
vn 0.964004 0.230082 -0.133258
v 0.408313 0.042195 0.010326
vn 0.952011 0.282563 -0.117617
v 0.410357 0.036855 0.012805
vn 0.952676 0.237053 -0.190302
v 0.408651 0.028736 0.00047
vn 0.967611 0.0185377 -0.251762
v 0.410201 0.02739 0.006654
vn 0.971318 0.02476 -0.23649
v 0.409323 0.021738 0.003929
vn 0.957792 -0.101118 -0.269091
v 0.40771 0.005069 0.014169
vn 0.884661 -0.366633 -0.28802
v 0.411061 0.012374 0.015142
vn 0.923638 -0.267251 -0.274719
v 0.409388 0.004249 0.021217
vn 0.884657 -0.387029 -0.25998
v 0.412712 0.011267 0.021856
vn 0.929673 -0.268847 -0.251851
v 0.410995 0.003455 0.028306
vn 0.890165 -0.403519 -0.211611
v 0.412483 0.019094 0.017
vn 0.965732 -0.0909446 -0.243086
v 0.413921 0.017967 0.023627
vn 0.974225 -0.073732 -0.213188
v 0.414302 0.010468 0.028814
vn 0.936559 -0.27885 -0.21237
v 0.40771 0.005069 0.014169
vn 0.591196 -0.765418 -0.254209
v 0.409388 0.004249 0.021217
vn 0.584062 -0.782987 -0.214016
v 0.403369 -0.000482 0.021787
vn 0.373725 -0.913273 -0.162054
v 0.401711 0.000242 0.014596
vn 0.395483 -0.894121 -0.210097
v 0.394969 -0.001893 0.0222
vn 0.0532282 -0.996574 -0.0633084
v 0.410995 0.003455 0.028306
vn 0.57834 -0.803552 -0.140808
v 0.405038 -0.001027 0.029073
vn 0.362695 -0.924886 -0.114185
v 0.396569 -0.002204 0.029459
vn 0.0321571 -0.998511 -0.04407
v 0.406 0.006629 0.007332
vn 0.592159 -0.734034 -0.332479
v 0.399284 0.00108 0.007408
vn 0.435915 -0.868592 -0.235641
v 0.393089 -0.001577 0.01515
vn 0.0795315 -0.992941 -0.0879933
v 0.389726 -0.001166 0.007814
vn 0.106422 -0.992042 -0.0672846
v 0.406 0.006629 0.007332
vn 0.874648 -0.364185 -0.319939
v 0.409309 0.013803 0.008399
vn 0.917294 -0.267364 -0.295108
v 0.410892 0.020261 0.010435
vn 0.961904 -0.094529 -0.256525
v 0.413451 0.030086 0.021875
vn 0.978322 0.115539 -0.171863
v 0.414567 0.028968 0.028301
vn 0.979243 0.0999381 -0.176337
v 0.414476 0.023783 0.025856
vn 0.98304 0.020164 -0.182282
v 0.413345 0.024937 0.019222
vn 0.978445 0.00979634 -0.206274
v 0.415857 0.028241 0.034679
vn 0.98057 0.11883 -0.156085
v 0.415837 0.023022 0.032506
vn 0.979087 0.0329055 -0.200762
v 0.415332 0.017205 0.030467
vn 0.975064 -0.0632902 -0.212707
v 0.412057 0.031252 0.015694
vn 0.968141 0.124844 -0.217064
v 0.411778 0.026098 0.012925
vn 0.970295 0.0150016 -0.241461
v 0.411746 0.036012 0.018484
vn 0.9516 0.252586 -0.175093
v 0.413136 0.034647 0.024658
vn 0.958638 0.236646 -0.158153
v 0.410736 0.04005 0.021349
vn 0.91602 0.378615 -0.132509
v 0.409428 0.041022 0.015781
vn 0.925167 0.354737 -0.135007
v 0.414452 0.033685 0.030843
vn 0.962481 0.225374 -0.151116
v 0.412149 0.038691 0.027319
vn 0.913087 0.38811 -0.12507
v 0.413406 0.03768 0.033334
vn 0.910562 0.407328 -0.0704369
v 0.415412 0.032804 0.036948
vn 0.964329 0.255811 -0.0680449
v 0.41719 0.026434 0.047495
vn 0.977944 0.202567 -0.0509129
v 0.417874 0.021608 0.045684
vn 0.991942 0.0971472 -0.0813255
v 0.416725 0.027419 0.041071
vn 0.983229 0.167408 -0.0723606
v 0.417189 0.022375 0.039073
vn 0.98732 0.0629173 -0.145742
v 0.418042 0.015804 0.044149
vn 0.9898 -0.0564479 -0.130802
v 0.416883 0.016394 0.037313
vn 0.97792 -0.0712382 -0.196464
v 0.415837 0.031609 0.0433
vn 0.956915 0.290294 -0.00653894
v 0.416162 0.030553 0.049587
vn 0.949055 0.314088 -0.0253713
v 0.414438 0.035128 0.045525
vn 0.908249 0.41711 0.0332044
v 0.414041 0.036516 0.039443
vn 0.910248 0.413993 0.00769479
v 0.417806 0.02567 0.053909
vn 0.977808 0.204464 -0.0456821
v 0.416745 0.029852 0.055726
vn 0.942707 0.332815 -0.0231675
v 0.418112 0.024962 0.059453
vn 0.982083 0.183421 -0.0432304
v 0.414789 0.034016 0.051655
vn 0.900327 0.435191 0.00458271
v 0.415198 0.033162 0.057576
vn 0.889812 0.455581 0.0260823
v 0.417082 0.028921 0.061002
vn 0.93006 0.366333 -0.028083
v 0.418495 0.020777 0.052217
vn 0.993886 0.100672 -0.045351
v 0.418725 0.014898 0.051276
vn 0.997639 -0.0326523 -0.0604221
v 0.418478 0.021072 0.057601
vn 0.995265 0.0932082 -0.0275585
v 0.418787 0.015782 0.058101
vn 0.999805 0.000630383 -0.0197537
v 0.413158 0.002704 0.043095
vn 0.854608 -0.49378 -0.160704
v 0.412024 0.00319 0.03558
vn 0.872261 -0.456726 -0.174821
v 0.415694 0.009611 0.035973
vn 0.927691 -0.315977 -0.198868
v 0.416929 0.009098 0.043199
vn 0.927526 -0.336552 -0.162567
v 0.414181 0.002248 0.050863
vn 0.850151 -0.505402 -0.14769
v 0.417874 0.008468 0.050702
vn 0.9448 -0.309026 -0.108885
v 0.416063 0.003027 0.058772
vn 0.907618 -0.412303 -0.078965
v 0.418407 0.009262 0.058379
vn 0.980266 -0.196416 -0.0223393
v 0.413158 0.002704 0.043095
vn 0.503228 -0.85772 -0.105251
v 0.414181 0.002248 0.050863
vn 0.511694 -0.852797 -0.104434
v 0.40844 -0.000828 0.050853
vn 0.350915 -0.933757 -0.0704042
v 0.407207 -0.001038 0.043913
vn 0.385951 -0.919947 -0.0688413
v 0.402152 -0.002558 0.050749
vn 0.0975453 -0.995192 -0.00886392
v 0.416063 0.003027 0.058772
vn 0.669695 -0.742285 -0.0228325
v 0.410364 -0.00119 0.059536
vn 0.393133 -0.916057 -0.0792861
v 0.402199 -0.002506 0.059664
vn 0.0225377 -0.999698 -0.00983596
v 0.412024 0.00319 0.03558
vn 0.555029 -0.82489 -0.107235
v 0.406208 -0.001019 0.036415
vn 0.373543 -0.925251 -0.0661542
v 0.399677 -0.002546 0.044377
vn 0.0376585 -0.999087 -0.0201579
v 0.398044 -0.002351 0.036844
vn 0.0332803 -0.999174 -0.0233349
v 0.402981 0.056593 -0.004027
vn 0.963134 0.264285 -0.0502648
v 0.402399 0.059037 0.001555
vn 0.937765 0.347263 0.00220172
v 0.403759 0.054734 -0.000368
vn 0.957068 0.283669 -0.0596083
v 0.403193 0.056989 0.004733
vn 0.933251 0.359212 -0.00301216
v 0.404496 0.05305 0.003531
vn 0.950964 0.304213 -0.0558767
v 0.401404 0.060809 0.007036
vn 0.905273 0.422391 0.0454539
v 0.402465 0.058473 0.009749
vn 0.905881 0.419311 0.0596411
v 0.403816 0.055191 0.007916
vn 0.937183 0.348827 0.00271319
v 0.404121 0.051678 -0.005431
vn 0.970752 0.217433 -0.1018
v 0.403292 0.05344 -0.009911
vn 0.980141 0.185423 -0.070295
v 0.404914 0.05011 -0.001114
vn 0.965113 0.240908 -0.102568
v 0.402286 0.058815 -0.007774
vn 0.972356 0.232753 -0.0186866
v 0.402757 0.055545 -0.0141
vn 0.984549 0.167936 -0.0496112
v 0.401595 0.06131 -0.001809
vn 0.94766 0.318672 0.019714
v 0.400558 0.063257 0.004426
vn 0.915823 0.395039 0.0721938
v 0.399697 0.060957 0.018807
vn 0.864892 0.473667 0.166136
v 0.401332 0.057426 0.019883
vn 0.883081 0.459683 0.0941206
v 0.401898 0.057923 0.014572
vn 0.898151 0.408076 0.163702
v 0.400506 0.062034 0.013128
vn 0.880791 0.451951 0.141238
v 0.402973 0.054663 0.01727
vn 0.899723 0.428378 0.0836143
v 0.403299 0.054983 0.013702
vn 0.918979 0.357855 0.165581
v 0.40331 0.056741 0.011469
vn 0.921582 0.370923 0.114465
v 0.397763 0.064597 0.017982
vn 0.832487 0.513761 0.207401
v 0.399246 0.064614 0.010978
vn 0.874443 0.467585 0.129283
v 0.397047 0.063459 0.024385
vn 0.79794 0.577615 0.172202
v 0.399766 0.059518 0.024152
vn 0.836495 0.539015 0.0986902
v 0.398278 0.060637 0.029607
vn 0.775351 0.61904 0.124982
v 0.394078 0.064759 0.032319
vn 0.70198 0.678782 0.21559
v 0.401613 0.056528 0.02392
vn 0.856356 0.515237 0.0344262
v 0.402982 0.054208 0.021579
vn 0.872695 0.488049 0.0145067
v 0.401242 0.056802 0.028355
vn 0.820673 0.56775 0.0644648
v 0.403309 0.053699 0.026474
vn 0.845904 0.533293 0.00675684
v 0.405583 0.049782 0.011955
vn 0.919456 0.38863 0.0597197
v 0.405144 0.051826 0.007615
vn 0.937778 0.347184 -0.00587789
v 0.404332 0.0533 0.011214
vn 0.937813 0.334777 0.0918154
v 0.404284 0.052246 0.014774
vn 0.907029 0.41506 0.0708824
v 0.405934 0.04886 0.016338
vn 0.892176 0.451454 -0.0145274
v 0.404471 0.051478 0.019087
vn 0.877689 0.479211 0.00426157
v 0.406657 0.04786 0.021329
vn 0.866218 0.497158 -0.0500042
v 0.404987 0.050858 0.023945
vn 0.854439 0.518704 -0.0296525
v 0.407235 0.045818 0.013415
vn 0.926386 0.374749 -0.0370547
v 0.406674 0.047902 0.008591
vn 0.95294 0.299015 -0.0499511
v 0.408239 0.044608 0.018674
vn 0.895774 0.435853 -0.087301
v 0.405784 0.048843 0.003638
vn 0.958606 0.263785 -0.107201
v 0.377706 0.066098 0.055322
vn 0.350213 0.839975 0.41448
v 0.37135 0.066429 0.05897
vn 0.247412 0.865706 0.435133
v 0.378075 0.063248 0.061029
vn 0.341968 0.865464 0.366101
v 0.372188 0.063669 0.064586
vn 0.229649 0.903856 0.360978
v 0.378918 0.060793 0.066911
vn 0.344213 0.895088 0.283433
v 0.365024 0.066161 0.062389
vn 0.13334 0.885285 0.445523
v 0.366153 0.063469 0.06794
vn 0.105842 0.924907 0.365164
v 0.373333 0.061401 0.070455
vn 0.220586 0.937355 0.269644
v 0.383733 0.062183 0.057456
vn 0.442369 0.815893 0.372329
v 0.383664 0.065145 0.051382
vn 0.444635 0.810263 0.381804
v 0.388933 0.060582 0.054085
vn 0.528269 0.769637 0.358595
v 0.384114 0.059466 0.063423
vn 0.452881 0.839385 0.300552
v 0.38899 0.057768 0.060089
vn 0.525343 0.787682 0.321825
v 0.377337 0.069115 0.049526
vn 0.399856 0.807892 0.432928
v 0.383621 0.068059 0.045007
vn 0.475426 0.800997 0.363833
v 0.389131 0.06344 0.047747
vn 0.541537 0.771108 0.334857
v 0.389635 0.066067 0.040134
vn 0.583693 0.757694 0.291894
v 0.370839 0.069596 0.053487
vn 0.27635 0.818253 0.504077
v 0.36413 0.069356 0.056824
vn 0.148468 0.851765 0.502448
v 0.352153 0.06392 0.068431
vn -0.0278442 0.92275 0.384391
v 0.3541 0.061744 0.076133
vn -0.0278753 0.968747 0.246481
v 0.360096 0.062289 0.071515
vn 0.0538887 0.952428 0.299963
v 0.358366 0.065236 0.065262
vn 0.0474798 0.893782 0.445981
v 0.357387 0.0601 0.082588
vn 0.0151059 0.984219 0.176308
v 0.362251 0.060919 0.077812
vn 0.0544617 0.978847 0.197211
v 0.367673 0.061442 0.073796
vn 0.0998953 0.965475 0.240579
v 0.349912 0.067296 0.061909
vn -0.0589468 0.877734 0.475509
v 0.357259 0.06844 0.059577
vn 0.044256 0.867738 0.495048
v 0.34394 0.064485 0.06552
vn -0.217104 0.858998 0.463668
v 0.346311 0.061913 0.071921
vn -0.210559 0.912701 0.350203
v 0.339112 0.060279 0.069649
vn -0.381976 0.834257 0.39763
v 0.336937 0.06345 0.062544
vn -0.413691 0.77485 0.477982
v 0.347814 0.060318 0.077879
vn -0.217631 0.94338 0.250343
v 0.35095 0.060015 0.082253
vn -0.136628 0.974855 0.17604
v 0.342426 0.059028 0.076492
vn -0.327538 0.904376 0.273538
v 0.345034 0.058447 0.082602
vn -0.297351 0.938914 0.17327
v 0.361182 0.058972 0.092033
vn 0.0692889 0.994201 0.0822347
v 0.367181 0.058712 0.09081
vn 0.0840099 0.990538 0.108518
v 0.364005 0.059504 0.085042
vn 0.0542702 0.989318 0.135293
v 0.358338 0.05949 0.087637
vn 0.034393 0.995367 0.0897898
v 0.371395 0.058949 0.085714
vn 0.136474 0.982927 0.123408
v 0.369346 0.059951 0.080087
vn 0.118152 0.97809 0.171405
v 0.355556 0.05927 0.092771
vn -0.00497012 0.998769 0.0493506
v 0.353253 0.059532 0.087627
vn -0.0730104 0.99338 0.0886861
v 0.349978 0.058824 0.093308
vn -0.170904 0.984538 0.0384201
v 0.347467 0.058531 0.087828
vn -0.252162 0.964039 0.0839251
v 0.357971 0.059 0.097521
vn 0.0602342 0.998184 0.000943268
v 0.363684 0.058309 0.096407
vn 0.0987224 0.99389 0.0493525
v 0.360141 0.058961 0.101777
vn 0.129247 0.990331 -0.0503973
v 0.352419 0.058979 0.098358
vn -0.092094 0.995615 -0.0164029
v 0.354696 0.059393 0.102949
vn -0.0148935 0.994215 -0.106375
v 0.369781 0.057978 0.095841
vn 0.0883624 0.99406 0.0635407
v 0.373727 0.057859 0.091056
vn 0.147369 0.985422 0.085001
v 0.366145 0.057959 0.100993
vn 0.107221 0.994214 0.00648462
v 0.37254 0.057574 0.100267
vn 0.0505925 0.998689 -0.0078336
v 0.376081 0.057286 0.09607
vn 0.104099 0.994558 0.00431871
v 0.381393 0.05738 0.078201
vn 0.33435 0.93515 0.117064
v 0.380016 0.058816 0.072687
vn 0.346721 0.917541 0.194686
v 0.374781 0.059781 0.076121
vn 0.224719 0.956084 0.18816
v 0.376422 0.058437 0.081536
vn 0.23178 0.964336 0.127806
v 0.382943 0.056376 0.083337
vn 0.28968 0.956818 0.0241949
v 0.378197 0.057417 0.086735
vn 0.202259 0.976704 0.0716937
v 0.384878 0.056121 0.088824
vn 0.202015 0.977976 -0.0524721
v 0.380258 0.056752 0.091795
vn 0.137904 0.990407 0.0087392
v 0.387585 0.054771 0.080185
vn 0.391426 0.92021 0.00026432
v 0.386082 0.055762 0.074739
vn 0.440451 0.892393 0.0981721
v 0.391741 0.052595 0.076953
vn 0.448818 0.892822 -0.0378336
v 0.389161 0.05443 0.085171
vn 0.30447 0.943142 -0.133349
v 0.393261 0.052378 0.082004
vn 0.360353 0.922936 -0.135407
v 0.384929 0.05731 0.069217
vn 0.458558 0.86512 0.203206
v 0.390445 0.0536 0.071578
vn 0.517592 0.848868 0.107335
v 0.389513 0.055361 0.065886
vn 0.528748 0.818027 0.2264
v 0.397789 0.058141 0.04215
vn 0.701204 0.67416 0.231994
v 0.397678 0.055766 0.048325
vn 0.66235 0.697482 0.273516
v 0.401302 0.053096 0.045642
vn 0.718751 0.664131 0.205733
v 0.401193 0.055001 0.039683
vn 0.759335 0.631015 0.158841
v 0.404384 0.050136 0.043197
vn 0.774502 0.618286 0.133674
v 0.397721 0.053323 0.054478
vn 0.625855 0.728546 0.278434
v 0.401534 0.05098 0.051676
vn 0.673127 0.702682 0.230517
v 0.404752 0.048387 0.049204
vn 0.735652 0.656665 0.166153
v 0.397714 0.06004 0.035876
vn 0.7363 0.657293 0.160712
v 0.400879 0.056532 0.033834
vn 0.788073 0.607108 0.101787
v 0.404051 0.051834 0.037417
vn 0.802573 0.588375 0.0984485
v 0.403458 0.053271 0.031697
vn 0.821026 0.569019 0.0461785
v 0.394565 0.062297 0.039165
vn 0.656596 0.71864 0.228993
v 0.3938 0.060937 0.044849
vn 0.628274 0.721888 0.290086
v 0.39359 0.05832 0.05116
vn 0.608112 0.726505 0.319983
v 0.393524 0.055719 0.057167
vn 0.582311 0.750224 0.313173
v 0.398546 0.04914 0.065686
vn 0.569415 0.808697 0.147566
v 0.402275 0.046914 0.063175
vn 0.610426 0.776509 0.156246
v 0.397943 0.051078 0.06013
vn 0.59638 0.764155 0.245759
v 0.40178 0.048808 0.057556
vn 0.637787 0.73822 0.219679
v 0.405579 0.044685 0.060832
vn 0.664705 0.733578 0.14153
v 0.405102 0.046368 0.055114
vn 0.700814 0.691879 0.173675
v 0.393834 0.053263 0.062828
vn 0.56611 0.78588 0.248822
v 0.394579 0.051349 0.068509
vn 0.545528 0.827311 0.134001
v 0.399492 0.047988 0.071281
vn 0.506231 0.862175 -0.0196062
v 0.395675 0.050176 0.074028
vn 0.485605 0.872378 -0.0560804
v 0.400642 0.048183 0.076706
vn 0.455767 0.872933 -0.173968
v 0.397104 0.050781 0.07976
vn 0.406606 0.899301 -0.161027
v 0.402999 0.04573 0.06869
vn 0.566624 0.823812 -0.0164791
v 0.406138 0.043302 0.066294
vn 0.627565 0.778471 0.01205
v 0.403954 0.046031 0.074239
vn 0.521898 0.841052 -0.14232
v 0.406924 0.04354 0.071925
vn 0.607077 0.784889 -0.124125
v 0.410994 0.039802 0.056238
vn 0.775784 0.626087 0.0785739
v 0.410487 0.041062 0.050287
vn 0.800342 0.594053 0.0809519
v 0.408005 0.043766 0.05268
vn 0.751175 0.64803 0.125668
v 0.408452 0.042225 0.058518
vn 0.721054 0.684227 0.109151
v 0.410062 0.042672 0.044344
vn 0.80767 0.583892 0.0820913
v 0.407581 0.045505 0.046707
vn 0.779162 0.61748 0.107823
v 0.411362 0.038608 0.061864
vn 0.768466 0.638163 0.046989
v 0.408973 0.041028 0.064125
vn 0.695274 0.718054 0.0314903
v 0.411713 0.038305 0.067403
vn 0.765818 0.640766 -0.0542308
v 0.409471 0.040979 0.069619
vn 0.68779 0.720361 -0.0895789
v 0.413419 0.036123 0.059653
vn 0.839291 0.541095 0.0529856
v 0.413089 0.037136 0.053812
vn 0.845916 0.532227 0.0340523
v 0.41352 0.03551 0.064814
vn 0.832537 0.552775 -0.0363477
v 0.415313 0.032357 0.062776
vn 0.875447 0.482982 -0.0179124
v 0.412601 0.03821 0.047868
vn 0.854028 0.517133 0.0566608
v 0.412239 0.039752 0.041911
vn 0.856943 0.513072 0.0490422
v 0.40872 0.04557 0.032552
vn 0.836988 0.547213 -0.00300846
v 0.406495 0.048597 0.035034
vn 0.817373 0.573412 0.0556822
v 0.409474 0.044116 0.038437
vn 0.815082 0.576858 0.0536197
v 0.406955 0.047031 0.040773
vn 0.797965 0.596166 0.0885325
v 0.411565 0.041061 0.035903
vn 0.858588 0.512665 -0.00137846
v 0.410608 0.042287 0.030023
vn 0.868138 0.49202 -0.0652057
v 0.407631 0.046863 0.026762
vn 0.851251 0.522337 -0.0503493
v 0.409312 0.043615 0.024105
vn 0.878734 0.469183 -0.0877186
v 0.405698 0.05001 0.029307
vn 0.834649 0.550777 -0.00247612
v 0.318391 0.011303 0.02857
vn -0.811074 -0.569964 -0.131531
v 0.31485 0.017324 0.031779
vn -0.879469 -0.45302 -0.145969
v 0.315439 0.017855 0.026616
vn -0.885814 -0.443452 -0.13669
v 0.319012 0.011729 0.02323
vn -0.819572 -0.5586 -0.127544
v 0.31589 0.018407 0.021465
vn -0.884554 -0.451714 -0.116274
v 0.31485 0.017324 0.031779
vn -0.930283 -0.337557 -0.143628
v 0.312397 0.022913 0.034634
vn -0.951786 -0.282116 -0.120472
v 0.31283 0.02368 0.029617
vn -0.945756 -0.304496 -0.113259
v 0.315439 0.017855 0.026616
vn -0.926733 -0.354957 -0.12317
v 0.313164 0.024297 0.024698
vn -0.938046 -0.337694 -0.0776749
v 0.323713 0.006219 0.024928
vn -0.594251 -0.798234 -0.0984287
v 0.32416 0.006543 0.019529
vn -0.625364 -0.777637 -0.0648161
v 0.319518 0.012189 0.018023
vn -0.83093 -0.548751 -0.0918027
v 0.3242 0.006709 0.014315
vn -0.653417 -0.756551 -0.0260332
v 0.323222 0.005885 0.030455
vn -0.558338 -0.827207 -0.0631364
v 0.317924 0.010772 0.033885
vn -0.789303 -0.603984 -0.110471
v 0.323124 0.005782 0.036028
vn -0.511937 -0.858537 -0.0288838
v 0.330041 0.003081 0.032752
vn -0.230623 -0.973035 -0.00404278
v 0.314231 0.01657 0.037038
vn -0.937848 -0.331814 -0.101688
v 0.317718 0.010086 0.03941
vn -0.757931 -0.648871 -0.0671308
v 0.314231 0.01657 0.037038
vn -0.868449 -0.484147 -0.106763
v 0.314318 0.015764 0.04248
vn -0.946687 -0.322154 -0.000285228
v 0.312087 0.022035 0.039707
vn -0.962956 -0.268893 -0.0203037
v 0.310873 0.03209 0.039706
vn -0.999382 -0.00833386 0.0341625
v 0.310845 0.033386 0.034871
vn -0.999832 -0.0169093 0.00708002
v 0.311034 0.02774 0.037201
vn -0.99055 -0.133366 -0.0319899
v 0.311273 0.028746 0.03233
vn -0.983495 -0.168917 -0.064848
v 0.31066 0.034674 0.030449
vn -0.997773 -0.054974 0.0377849
v 0.311375 0.029642 0.027639
vn -0.975658 -0.217242 -0.0299485
v 0.311351 0.026691 0.042213
vn -0.989836 -0.134374 0.0465603
v 0.311131 0.030872 0.044581
vn -0.997789 -0.021223 0.0629843
v 0.311759 0.025842 0.047634
vn -0.988409 -0.145716 0.042606
v 0.312593 0.021235 0.045131
vn -0.966675 -0.254379 0.0288304
v 0.311192 0.036139 0.042106
vn -0.99063 0.108785 0.0825711
v 0.3115 0.034681 0.046954
vn -0.987883 0.113485 0.105872
v 0.312141 0.039665 0.044885
vn -0.967403 0.214282 0.134959
v 0.311535 0.029878 0.049939
vn -0.997945 -0.0162419 0.0619903
v 0.311963 0.033615 0.052055
vn -0.984684 0.141594 0.101728
v 0.312515 0.038229 0.049599
vn -0.959893 0.232662 0.156439
v 0.311047 0.037645 0.037506
vn -0.993546 0.0963374 0.0598866
v 0.310944 0.039193 0.033156
vn -0.993953 0.0793163 0.0759416
v 0.311948 0.041231 0.040558
vn -0.972496 0.20118 0.117378
v 0.311744 0.042869 0.036291
vn -0.975588 0.187131 0.114934
v 0.309678 0.036923 0.021444
vn -0.982892 -0.139048 0.120781
v 0.310773 0.031048 0.018268
vn -0.94643 -0.312477 0.0814201
v 0.311159 0.030531 0.023011
vn -0.963527 -0.26696 0.0186604
v 0.310274 0.035876 0.026
vn -0.991542 -0.098621 0.0843695
v 0.313108 0.02507 0.01499
vn -0.900639 -0.428248 0.0738467
v 0.313241 0.024903 0.019731
vn -0.923297 -0.383113 -0.0273481
v 0.309902 0.042268 0.024598
vn -0.982706 0.0308428 0.182584
v 0.310632 0.040725 0.028933
vn -0.989084 0.0567985 0.135966
v 0.311109 0.04647 0.028164
vn -0.963304 0.16429 0.212259
v 0.311572 0.044596 0.03223
vn -0.973783 0.174052 0.146468
v 0.308991 0.04369 0.019992
vn -0.980464 0.0218123 0.195487
v 0.308913 0.037462 0.016817
vn -0.973115 -0.165368 0.160317
v 0.3104 0.04869 0.023827
vn -0.954692 0.175471 0.240361
v 0.310086 0.031219 0.013649
vn -0.928111 -0.340337 0.150932
v 0.312429 0.025072 0.010373
vn -0.880372 -0.44915 0.152348
v 0.31934 0.0124 0.008162
vn -0.803051 -0.58839 0.0943725
v 0.319831 0.012491 0.012956
vn -0.830851 -0.55642 0.00918411
v 0.316028 0.01876 0.011534
vn -0.855108 -0.509769 0.0944769
v 0.316028 0.01876 0.011534
vn -0.881073 -0.460831 0.106513
v 0.316262 0.018761 0.016412
vn -0.903802 -0.427679 -0.0152383
v 0.316262 0.018761 0.016412
vn -0.877336 -0.477548 -0.0472043
v 0.31589 0.018407 0.021465
vn -0.9188 -0.383728 -0.0925161
v 0.315274 0.018684 0.006899
vn -0.841303 -0.523092 0.136323
v 0.318751 0.012253 0.003382
vn -0.779934 -0.616705 0.106665
v 0.314597 0.018494 0.002258
vn -0.838932 -0.533023 0.109911
v 0.315274 0.018684 0.006899
vn -0.86699 -0.474156 0.15331
v 0.323924 0.007012 0.004396
vn -0.640642 -0.766794 0.0400623
v 0.323564 0.006961 -0.000454
vn -0.622569 -0.780278 0.0597858
v 0.324108 0.006816 0.009365
vn -0.656108 -0.754416 0.0194689
v 0.31464 0.052723 0.035789
vn -0.897343 0.385044 0.215679
v 0.314562 0.050577 0.039467
vn -0.904401 0.377533 0.198816
v 0.316732 0.054954 0.039555
vn -0.856658 0.459306 0.234893
v 0.316394 0.052712 0.042845
vn -0.860935 0.450438 0.236424
v 0.318834 0.056677 0.043387
vn -0.813326 0.508557 0.282613
v 0.314532 0.048712 0.042855
vn -0.90918 0.363831 0.202533
v 0.316213 0.050775 0.045767
vn -0.864282 0.434763 0.252977
v 0.318258 0.054121 0.046111
vn -0.809948 0.503444 0.300878
v 0.317089 0.05728 0.036415
vn -0.849815 0.459438 0.258323
v 0.31473 0.055126 0.032085
vn -0.885245 0.392318 0.249856
v 0.319489 0.059225 0.040464
vn -0.816991 0.50559 0.277316
v 0.312764 0.049847 0.03202
vn -0.93695 0.281124 0.207589
v 0.312477 0.052231 0.028126
vn -0.919483 0.296911 0.257672
v 0.312879 0.047918 0.035804
vn -0.945495 0.281142 0.164314
v 0.312965 0.046015 0.039567
vn -0.947421 0.278146 0.158205
v 0.315138 0.045681 0.050123
vn -0.892524 0.377563 0.246674
v 0.317051 0.04843 0.051957
vn -0.842725 0.454193 0.289004
v 0.316406 0.049196 0.048894
vn -0.859496 0.430609 0.275396
v 0.314718 0.046985 0.04648
vn -0.904854 0.361612 0.224668
v 0.319246 0.051349 0.053107
vn -0.796183 0.523575 0.303252
v 0.318081 0.051069 0.050567
vn -0.810129 0.496633 0.311522
v 0.317729 0.051989 0.048246
vn -0.814784 0.493116 0.304899
v 0.313488 0.042806 0.047734
vn -0.934518 0.299418 0.192418
v 0.31315 0.044389 0.043514
vn -0.943981 0.283399 0.169072
v 0.314002 0.041646 0.051775
vn -0.921863 0.32764 0.206933
v 0.315863 0.044851 0.053847
vn -0.877488 0.411905 0.24566
v 0.314635 0.040703 0.056229
vn -0.910127 0.369669 0.18712
v 0.313035 0.037075 0.054325
vn -0.950102 0.273892 0.149294
v 0.31805 0.048036 0.055448
vn -0.828276 0.485713 0.27936
v 0.316753 0.044147 0.058432
vn -0.856867 0.460768 0.231239
v 0.319192 0.047233 0.060146
vn -0.801336 0.527484 0.282173
v 0.320662 0.051292 0.057115
vn -0.77329 0.550684 0.314277
v 0.323577 0.057938 0.052088
vn -0.730451 0.582814 0.356045
v 0.321092 0.057551 0.047503
vn -0.766854 0.541354 0.344777
v 0.320066 0.054167 0.050433
vn -0.775505 0.537339 0.331449
v 0.322207 0.054572 0.054785
vn -0.750589 0.571382 0.331871
v 0.325963 0.057934 0.057134
vn -0.67891 0.629893 0.377247
v 0.323908 0.053928 0.059453
vn -0.717699 0.602852 0.348536
v 0.327888 0.056313 0.062924
vn -0.628271 0.680028 0.377938
v 0.322011 0.050333 0.061783
vn -0.754951 0.577482 0.310747
v 0.327879 0.061521 0.054233
vn -0.649805 0.643426 0.404669
v 0.324891 0.061377 0.049385
vn -0.706116 0.592015 0.388481
v 0.330833 0.060796 0.059728
vn -0.578392 0.688241 0.437935
v 0.333608 0.06541 0.056609
vn -0.500883 0.729833 0.465252
v 0.32203 0.060676 0.044664
vn -0.763805 0.54723 0.34226
v 0.345889 0.001832 0.037825
vn -0.0688512 -0.997624 -0.00230948
v 0.353877 0.001259 0.033734
vn -0.0737358 -0.997277 0.00135123
v 0.35466 0.001202 0.040579
vn -0.0732315 -0.997312 -0.00224229
v 0.346542 0.001734 0.044608
vn -0.0677938 -0.997678 -0.00645146
v 0.355544 0.001119 0.047704
vn -0.0690397 -0.997611 0.00240125
v 0.362059 0.000621 0.02963
vn -0.0795753 -0.996829 0.000485174
v 0.363026 0.000557 0.036514
vn -0.080887 -0.996723 0.000548734
v 0.36405 0.000471 0.043686
vn -0.0794776 -0.99683 0.00376713
v 0.338176 0.002329 0.04173
vn -0.0774439 -0.996986 -0.00472007
v 0.338756 0.002241 0.048452
vn -0.0767179 -0.99704 -0.00513717
v 0.330765 0.00297 0.045167
vn -0.19247 -0.981246 -0.0105795
v 0.347314 0.001636 0.051716
vn -0.0643803 -0.997919 0.00359725
v 0.339463 0.002184 0.055549
vn -0.0709011 -0.997458 0.00717572
v 0.331312 0.002845 0.051862
vn -0.127978 -0.991179 -0.0344358
v 0.337707 0.00238 0.035273
vn -0.0781511 -0.996941 -0.000703091
v 0.345331 0.001853 0.031296
vn -0.0691996 -0.997602 0.00127552
v 0.330283 0.00303 0.038839
vn -0.21685 -0.976204 -0.00115486
v 0.353185 0.001298 0.027133
vn -0.0731751 -0.997319 -0.000284509
v 0.361184 0.000695 0.022974
vn -0.079124 -0.996865 0.000256455
v 0.377548 -0.000635 0.020977
vn -0.079004 -0.996871 -0.00270922
v 0.378976 -0.000782 0.027798
vn -0.0830823 -0.996533 -0.00433875
v 0.370221 -4.6e-05 0.025643
vn -0.0819851 -0.996633 -0.000961652
v 0.371387 -0.000155 0.032574
vn -0.0840308 -0.996463 -0.000818448
v 0.380343 -0.000922 0.034961
vn -0.0848779 -0.996391 -0.000948476
v 0.372576 -0.000259 0.039776
vn -0.0842835 -0.996438 0.00285631
v 0.36915 3.3e-05 0.01899
vn -0.080795 -0.996729 0.00193121
v 0.376216 -0.00054 0.01472
vn -0.075882 -0.997117 0.000620491
v 0.384019 -0.001098 0.015296
vn -0.0600299 -0.998093 -0.014354
v 0.381566 -0.000926 0.01049
vn -0.0543494 -0.998508 -0.00527411
v 0.386024 -0.00132 0.021846
vn -0.0700142 -0.997449 -0.0139143
v 0.387544 -0.001509 0.028799
vn -0.0778504 -0.996908 -0.0106596
v 0.383237 -0.001095 0.050352
vn -0.0868521 -0.9962 0.00648267
v 0.374961 -0.000304 0.054898
vn -0.0879056 -0.996072 0.0106373
v 0.373775 -0.000305 0.047215
vn -0.0840902 -0.996412 0.00956954
v 0.381753 -0.00102 0.042524
vn -0.0855521 -0.996321 0.00512107
v 0.366223 0.000474 0.058776
vn -0.07768 -0.996888 0.0133857
v 0.36512 0.000453 0.051091
vn -0.0771994 -0.996952 0.0112583
v 0.390779 -0.001796 0.043967
vn -0.0836649 -0.996486 0.00401474
v 0.389113 -0.00168 0.03626
vn -0.080633 -0.996743 -0.00138867
v 0.393671 -0.00196 0.053556
vn -0.0771135 -0.996827 0.0197374
v 0.384625 -0.001199 0.059202
vn -0.0779317 -0.996588 0.0271712
v 0.39366 -0.001499 0.064014
vn -0.0835236 -0.995625 0.0418924
v 0.376051 -0.00032 0.06283
vn -0.08287 -0.996123 0.0295197
v 0.38554 -0.000829 0.06723
vn -0.0703969 -0.995841 0.0578316
v 0.377091 -5.9e-05 0.070769
vn -0.0677528 -0.996 0.0582531
v 0.367327 0.000511 0.066698
vn -0.0763001 -0.996561 0.0323159
v 0.349244 0.001791 0.066854
vn -0.0635763 -0.997534 0.0297432
v 0.348215 0.001678 0.059123
vn -0.063092 -0.997869 0.0166329
v 0.357567 0.001137 0.062833
vn -0.0684091 -0.997445 0.0205635
v 0.356518 0.001118 0.055093
vn -0.0662412 -0.997743 0.0110332
v 0.358698 0.001304 0.070708
vn -0.0689385 -0.996751 0.0416605
v 0.350417 0.002006 0.074705
vn -0.0588266 -0.99737 0.0423429
v 0.359929 0.001639 0.078533
vn -0.0685077 -0.995825 0.0603338
v 0.368468 0.000773 0.074532
vn -0.0696087 -0.996269 0.0510238
v 0.341395 0.002397 0.070672
vn -0.0645598 -0.997399 0.0320579
v 0.342653 0.002588 0.078572
vn -0.0604999 -0.997242 0.0429911
v 0.334094 0.003015 0.074088
vn -0.071965 -0.996825 0.0340634
v 0.351757 0.002312 0.082716
vn -0.0479597 -0.996823 0.0635938
v 0.344149 0.002927 0.086826
vn -0.0551489 -0.994608 0.0878214
v 0.335549 0.003224 0.082051
vn -0.0696924 -0.996186 0.0524932
v 0.340342 0.002247 0.062972
vn -0.0664922 -0.997532 0.0225712
v 0.332935 0.002862 0.066419
vn -0.0748716 -0.996831 0.026862
v 0.332012 0.002762 0.059008
vn -0.0799687 -0.996751 0.00960496
v 0.318132 0.008207 0.051263
vn -0.723234 -0.682697 -0.1042
v 0.318272 0.007029 0.057984
vn -0.696587 -0.715678 -0.0507165
v 0.314632 0.01389 0.05432
vn -0.863829 -0.49813 -0.0752714
v 0.314632 0.01389 0.05432
vn -0.965349 -0.259468 -0.0278974
v 0.314728 0.012588 0.060919
vn -0.969699 -0.244293 -0.00235678
v 0.313089 0.019479 0.056998
vn -0.97729 -0.211855 -0.00476277
v 0.318756 0.006334 0.064933
vn -0.628952 -0.777395 0.00869419
v 0.314728 0.012588 0.060919
vn -0.845317 -0.53293 -0.0377451
v 0.31525 0.011413 0.067749
vn -0.963689 -0.260991 0.0564596
v 0.31338 0.018164 0.063562
vn -0.97965 -0.199015 0.0260642
v 0.314576 0.01485 0.048216
vn -0.867127 -0.494927 -0.0560164
v 0.31794 0.009245 0.045194
vn -0.734444 -0.675335 -0.0671916
v 0.314318 0.015764 0.04248
vn -0.867585 -0.495175 -0.0457924
v 0.312963 0.020264 0.051027
vn -0.971707 -0.236187 0.00130021
v 0.314576 0.01485 0.048216
vn -0.958112 -0.286253 -0.00895103
v 0.323916 0.004932 0.048004
vn -0.401588 -0.910515 -0.0984338
v 0.323503 0.0055 0.04186
vn -0.46345 -0.885498 -0.0332687
v 0.324256 0.00347 0.05489
vn -0.330466 -0.940946 -0.0735684
v 0.324986 0.003401 0.06203
vn -0.266555 -0.963664 0.0173153
v 0.321679 0.005498 0.079952
vn -0.489189 -0.867819 0.0870891
v 0.317994 0.009341 0.08236
vn -0.658374 -0.748016 0.0837532
v 0.316378 0.010288 0.074875
vn -0.741043 -0.666792 0.0790137
v 0.319933 0.005754 0.072287
vn -0.559132 -0.826969 0.0591099
v 0.31525 0.011413 0.067749
vn -0.804482 -0.593418 0.0257478
v 0.317994 0.009341 0.08236
vn -0.916418 -0.377213 0.133751
v 0.316097 0.014356 0.084594
vn -0.949129 -0.28651 0.130636
v 0.314771 0.015811 0.077206
vn -0.963076 -0.242664 0.116613
v 0.316378 0.010288 0.074875
vn -0.94449 -0.308699 0.112442
v 0.313866 0.017032 0.070208
vn -0.974717 -0.211224 0.0728851
v 0.327414 0.003611 0.077142
vn -0.181841 -0.981941 0.0521989
v 0.325996 0.003495 0.069399
vn -0.216464 -0.975662 0.0350408
v 0.329218 0.003852 0.085155
vn -0.148956 -0.986112 0.0734558
v 0.323752 0.005232 0.087892
vn -0.395445 -0.9146 0.0844383
v 0.331173 0.004478 0.093748
vn -0.0837861 -0.988192 0.128284
v 0.33723 0.00369 0.090612
vn -0.0587046 -0.991163 0.118955
v 0.319767 0.008359 0.090235
vn -0.885038 -0.442573 0.144349
v 0.32594 0.005194 0.096541
vn -0.289275 -0.945763 0.147829
v 0.319767 0.008359 0.090235
vn -0.56174 -0.822502 0.0890931
v 0.321719 0.008083 0.099195
vn -0.859832 -0.458536 0.224576
v 0.317554 0.013265 0.09243
vn -0.932531 -0.316781 0.17331
v 0.315859 0.025175 0.08837
vn -0.97506 0.0997588 0.198256
v 0.314609 0.02587 0.081329
vn -0.982407 0.0655001 0.174889
v 0.315514 0.019811 0.086678
vn -0.98377 -0.085324 0.157847
v 0.314395 0.021052 0.079298
vn -0.98688 -0.0831617 0.138388
v 0.313507 0.026857 0.074327
vn -0.989184 0.0413968 0.140717
v 0.313413 0.022168 0.072434
vn -0.991117 -0.0813679 0.105194
v 0.316915 0.01896 0.094337
vn -0.9732 -0.0764096 0.216896
v 0.317423 0.024811 0.095788
vn -0.963349 0.118289 0.240764
v 0.319029 0.019104 0.1023
vn -0.947029 -0.0618964 0.315126
v 0.319593 0.013044 0.100897
vn -0.911455 -0.29109 0.290715
v 0.317293 0.030189 0.089944
vn -0.935089 0.277816 0.220061
v 0.319054 0.030291 0.097165
vn -0.932407 0.279019 0.229706
v 0.319427 0.034729 0.091482
vn -0.883782 0.420562 0.205079
v 0.319672 0.025558 0.103584
vn -0.946718 0.118651 0.299411
v 0.321223 0.031494 0.104461
vn -0.916802 0.294419 0.2698
v 0.321281 0.035361 0.098473
vn -0.877827 0.430864 0.209226
v 0.315745 0.030514 0.082964
vn -0.941674 0.256802 0.217492
v 0.314341 0.031272 0.076132
vn -0.955932 0.224789 0.188846
v 0.31774 0.03465 0.084652
vn -0.878824 0.422529 0.221671
v 0.316168 0.035136 0.077817
vn -0.881088 0.417832 0.221586
v 0.312265 0.028408 0.061478
vn -0.996566 0.0205871 0.0802007
v 0.312353 0.024277 0.059369
vn -0.99273 -0.11363 0.0396962
v 0.312789 0.023123 0.065687
vn -0.993769 -0.0907422 0.0647238
v 0.312747 0.027929 0.067561
vn -0.994646 0.0321065 0.0982228
v 0.312864 0.032293 0.063448
vn -0.97595 0.191763 0.103676
v 0.313464 0.031985 0.069633
vn -0.970535 0.202336 0.130849
v 0.314129 0.035895 0.065305
vn -0.929515 0.346779 0.125487
v 0.314965 0.03584 0.071337
vn -0.903216 0.391051 0.176863
v 0.312341 0.032855 0.057669
vn -0.978905 0.176717 0.102545
v 0.311796 0.029117 0.055625
vn -0.998137 0.0024337 0.0609722
v 0.313587 0.036363 0.059617
vn -0.939278 0.316555 0.132476
v 0.312086 0.024972 0.053418
vn -0.990244 -0.136925 0.0258549
v 0.330953 0.054177 0.072871
vn -0.56107 0.783912 0.265864
v 0.327945 0.052136 0.072045
vn -0.641226 0.719757 0.266045
v 0.329468 0.05179 0.077164
vn -0.620371 0.754316 0.214817
v 0.333175 0.054443 0.077092
vn -0.519945 0.824033 0.225004
v 0.331273 0.051682 0.083099
vn -0.593388 0.783512 0.184389
v 0.324758 0.049231 0.071359
vn -0.719584 0.647076 0.251975
v 0.326178 0.048874 0.076559
vn -0.704732 0.675165 0.217957
v 0.327665 0.048698 0.082536
vn -0.689894 0.697149 0.195013
v 0.334109 0.056814 0.071337
vn -0.490515 0.809346 0.323038
v 0.337355 0.056926 0.076404
vn -0.428037 0.865851 0.259012
v 0.335212 0.054217 0.082946
vn -0.482053 0.858565 0.174615
v 0.339751 0.056524 0.08249
vn -0.383735 0.905999 0.178644
v 0.330126 0.055388 0.068383
vn -0.575807 0.741897 0.343563
v 0.333193 0.05917 0.065502
vn -0.516996 0.747391 0.417281
v 0.326535 0.052684 0.06762
vn -0.666016 0.677589 0.311922
v 0.324772 0.05271 0.06376
vn -0.707337 0.631693 0.317236
v 0.323399 0.049584 0.066687
vn -0.74038 0.609536 0.283377
v 0.318825 0.042801 0.068696
vn -0.78638 0.575939 0.223386
v 0.320029 0.042359 0.074578
vn -0.777846 0.591178 0.213224
v 0.321726 0.046084 0.069968
vn -0.75914 0.606873 0.235396
v 0.323049 0.045629 0.07567
vn -0.746187 0.628766 0.218764
v 0.321595 0.042117 0.080787
vn -0.773422 0.597417 0.211923
v 0.324543 0.04543 0.0817
vn -0.747378 0.633685 0.199672
v 0.320438 0.046507 0.065123
vn -0.775448 0.572377 0.266581
v 0.31762 0.043363 0.063249
vn -0.819153 0.527587 0.225033
v 0.316132 0.039669 0.067122
vn -0.850799 0.493032 0.181825
v 0.315329 0.039941 0.06152
vn -0.891271 0.422548 0.16459
v 0.317253 0.038941 0.073159
vn -0.818864 0.533181 0.212556
v 0.31872 0.038718 0.079347
vn -0.816512 0.534169 0.219024
v 0.325028 0.042727 0.093281
vn -0.773446 0.610142 0.171779
v 0.328174 0.046243 0.093802
vn -0.729291 0.664366 0.163561
v 0.326251 0.045622 0.087768
vn -0.739983 0.648522 0.178451
v 0.323265 0.042141 0.086959
vn -0.778864 0.599604 0.183975
v 0.331633 0.049683 0.094548
vn -0.668276 0.729385 0.146304
v 0.329609 0.04896 0.088431
vn -0.679402 0.714696 0.166199
v 0.322082 0.038931 0.092512
vn -0.82152 0.54039 0.181889
v 0.320364 0.038525 0.085962
vn -0.81926 0.5365 0.202439
v 0.324058 0.039602 0.099131
vn -0.812524 0.551941 0.187527
v 0.327108 0.04345 0.099755
vn -0.76819 0.61978 0.160489
v 0.326629 0.041127 0.105923
vn -0.813513 0.551635 0.184106
v 0.323738 0.036714 0.105294
vn -0.859462 0.453075 0.236747
v 0.330358 0.047077 0.100081
vn -0.727549 0.673618 0.130043
v 0.329692 0.045201 0.106391
vn -0.77722 0.615453 0.130947
v 0.332864 0.048946 0.106706
vn -0.732708 0.677551 0.0637543
v 0.333917 0.050516 0.100527
vn -0.660534 0.745105 0.0922736
v 0.339768 0.055268 0.094757
vn -0.451511 0.890512 0.055918
v 0.33752 0.054534 0.088959
vn -0.458077 0.88235 0.107817
v 0.335433 0.052649 0.094806
vn -0.565097 0.817904 0.10816
v 0.333251 0.051998 0.088933
vn -0.57575 0.805987 0.137462
v 0.337772 0.053589 0.100554
vn -0.566011 0.823304 0.0424419
v 0.342164 0.056188 0.100133
vn -0.424838 0.905269 -0.00129544
v 0.340233 0.055362 0.105955
vn -0.531923 0.841581 -0.0938095
v 0.336369 0.052365 0.10662
vn -0.658034 0.752665 -0.0220354
v 0.344598 0.057337 0.094237
vn -0.330861 0.943143 0.0318081
v 0.347165 0.058044 0.099535
vn -0.269068 0.962951 -0.0180807
v 0.344723 0.057577 0.105579
vn -0.365889 0.921619 -0.129398
v 0.349701 0.058995 0.104434
vn -0.200837 0.970962 -0.129989
v 0.342235 0.056613 0.088384
vn -0.364435 0.92723 0.0862076
v 0.376838 0.022493 0.148846
vn 0.22984 -0.463835 0.855588
v 0.382345 0.020592 0.146124
vn 0.298196 -0.575967 0.761145
v 0.381187 0.026734 0.149942
vn 0.219776 -0.47567 0.851726
v 0.381187 0.026734 0.149942
vn 0.186561 -0.314777 0.930651
v 0.386145 0.027564 0.14935
vn 0.274586 -0.35598 0.893242
v 0.384396 0.033363 0.151834
vn 0.171099 -0.181885 0.96832
v 0.388117 0.017764 0.140947
vn 0.381046 -0.645963 0.661465
v 0.391395 0.025954 0.146228
vn 0.379129 -0.587 0.715327
v 0.391395 0.025954 0.146228
vn 0.635296 -0.296656 0.713018
v 0.389466 0.033197 0.150444
vn 0.461482 -0.131508 0.877348
v 0.375968 0.027572 0.151727
vn 0.211933 -0.45685 0.863928
v 0.371776 0.022928 0.150259
vn 0.135884 -0.481647 0.865766
v 0.371528 0.028753 0.153443
vn 0.167869 -0.47125 0.865877
v 0.379443 0.033496 0.152486
vn 0.209273 -0.1464 0.966836
v 0.375968 0.027572 0.151727
vn 0.26912 -0.266473 0.925509
v 0.374896 0.034164 0.153886
vn 0.381702 -0.141863 0.913334
v 0.37279 0.015907 0.146361
vn 0.118282 -0.69965 0.704627
v 0.366144 0.019867 0.148753
vn -0.0248318 -0.598355 0.800846
v 0.364082 0.015163 0.144299
vn -0.0690356 -0.843027 0.533422
v 0.367019 0.025299 0.152308
vn 0.0964724 -0.523754 0.846389
v 0.361414 0.023089 0.15106
vn -0.0242113 -0.610532 0.791621
v 0.358998 0.018843 0.147263
vn -0.0973325 -0.683961 0.722996
v 0.379396 0.014097 0.141281
vn 0.190968 -0.825007 0.531878
v 0.370012 0.013955 0.140866
vn -0.0199195 -0.959478 0.281079
v 0.375972 0.012657 0.136491
vn -0.0234952 -0.965437 0.259576
v 0.385157 0.012678 0.13663
vn 0.196132 -0.86073 0.469762
v 0.397299 0.0141 0.130163
vn 0.504059 -0.660002 0.557066
v 0.399699 0.019876 0.133955
vn 0.541343 -0.6058 0.583055
v 0.393077 0.01577 0.135507
vn 0.442759 -0.667921 0.598203
v 0.396155 0.022965 0.140097
vn 0.477696 -0.606636 0.635452
v 0.399699 0.019876 0.133955
vn 0.74637 -0.323824 0.581438
v 0.401639 0.029054 0.136273
vn 0.808103 -0.105548 0.579508
v 0.396155 0.022965 0.140097
vn 0.724789 -0.264179 0.636309
v 0.39749 0.032944 0.142371
vn 0.789795 -0.0291521 0.612677
v 0.390019 0.011136 0.131438
vn 0.213721 -0.86541 0.453198
v 0.395077 0.009646 0.126418
vn 0.291597 -0.86444 0.409529
v 0.387573 0.009693 0.126624
vn -0.0270067 -0.967566 0.251173
v 0.38213 0.011226 0.131816
vn -0.0260829 -0.966106 0.256825
v 0.40087 0.013147 0.125046
vn 0.591295 -0.646965 0.481462
v 0.399342 0.009663 0.121331
vn 0.421182 -0.814039 0.399932
v 0.404149 0.012952 0.120368
vn 0.62118 -0.625898 0.47158
v 0.393175 0.00832 0.121753
vn 0.043325 -0.96496 0.258797
v 0.397815 0.007145 0.117128
vn 0.147316 -0.927397 0.343849
v 0.403085 0.009517 0.116935
vn 0.51222 -0.721774 0.465481
v 0.402773 0.018048 0.128448
vn 0.615926 -0.595643 0.515601
v 0.402773 0.018048 0.128448
vn 0.770548 -0.363285 0.523717
v 0.404693 0.025929 0.131026
vn 0.828476 -0.185443 0.528431
v 0.405545 0.017086 0.123449
vn 0.65968 -0.581211 0.476463
v 0.405545 0.017086 0.123449
vn 0.796114 -0.350589 0.493245
v 0.407234 0.023561 0.125587
vn 0.860682 -0.213781 0.462086
v 0.400352 0.043705 0.131688
vn 0.781263 0.411232 0.469592
v 0.39733 0.043838 0.136328
vn 0.739598 0.440778 0.508635
v 0.400869 0.037517 0.135253
vn 0.827232 0.245046 0.505609
v 0.396934 0.039664 0.140045
vn 0.763225 0.337737 0.550837
v 0.393568 0.044536 0.140549
vn 0.674297 0.480689 0.560591
v 0.393831 0.039341 0.144173
vn 0.724432 0.377712 0.576656
v 0.403633 0.039793 0.128969
vn 0.846185 0.309919 0.433498
v 0.40466 0.033169 0.130519
vn 0.868849 0.14209 0.474249
v 0.406416 0.036603 0.125115
vn 0.898169 0.243092 0.366332
v 0.407254 0.030283 0.125957
vn 0.912447 0.0701177 0.403141
v 0.402095 0.045168 0.127046
vn 0.794623 0.490935 0.357152
v 0.399275 0.047541 0.129362
vn 0.712079 0.590014 0.380562
v 0.399024 0.049481 0.12572
vn 0.649321 0.726439 0.225095
v 0.40477 0.042507 0.123898
vn 0.85842 0.410932 0.307
v 0.402025 0.047579 0.122516
vn 0.733968 0.647587 0.204748
v 0.396758 0.048024 0.132773
vn 0.683209 0.582626 0.440197
v 0.393232 0.048918 0.1367
vn 0.638241 0.595913 0.487377
v 0.395774 0.051071 0.129047
vn 0.591244 0.75844 0.274225
v 0.392439 0.052188 0.132798
vn 0.553272 0.764194 0.331508
v 0.386006 0.044673 0.147862
vn 0.507837 0.544688 0.667396
v 0.385932 0.039198 0.151708
vn 0.379183 0.255967 0.889214
v 0.390284 0.039352 0.148298
vn 0.607018 0.377369 0.699373
v 0.389928 0.044766 0.144428
vn 0.600163 0.51513 0.61192
v 0.393651 0.034202 0.147523
vn 0.718078 0.00568564 0.695939
v 0.385205 0.049932 0.143686
vn 0.446164 0.655127 0.60971
v 0.389462 0.049557 0.140533
vn 0.559846 0.62137 0.548153
v 0.384092 0.054013 0.139477
vn 0.366705 0.796414 0.480887
v 0.388385 0.053285 0.136329
vn 0.485403 0.781873 0.391228
v 0.380886 0.050014 0.146522
vn 0.441308 0.691563 0.571829
v 0.381837 0.045415 0.150235
vn 0.340777 0.460574 0.819599
v 0.37714 0.051152 0.148628
vn 0.312516 0.647707 0.694845
v 0.379497 0.053941 0.141898
vn 0.3061 0.807509 0.504214
v 0.375386 0.0544 0.144062
vn 0.332568 0.840224 0.428279
v 0.381103 0.039453 0.152158
vn 0.147711 0.145729 0.978235
v 0.377338 0.045455 0.151178
vn 0.240413 0.350669 0.905115
v 0.376631 0.039833 0.15293
vn 0.343341 0.155562 0.926238
v 0.410294 0.030708 0.116842
vn 0.941943 0.165215 0.292314
v 0.410834 0.025163 0.117383
vn 0.936413 0.0222589 0.350192
v 0.411701 0.027811 0.113912
vn 0.943392 0.126113 0.306769
v 0.411773 0.023029 0.114499
vn 0.942181 -0.00339934 0.335087
v 0.41265 0.024882 0.11176
vn 0.946932 0.056645 0.316403
v 0.410508 0.020525 0.117209
vn 0.892411 -0.175379 0.415746
v 0.411519 0.01966 0.114764
vn 0.903798 -0.149542 0.400983
v 0.412428 0.020802 0.112538
vn 0.934943 -0.0440925 0.352048
v 0.41101 0.03371 0.11229
vn 0.926979 0.266155 0.264333
v 0.409019 0.037022 0.116339
vn 0.928899 0.288456 0.232249
v 0.40868 0.040129 0.112168
vn 0.889885 0.42736 0.15959
v 0.412457 0.029233 0.111048
vn 0.942135 0.158878 0.295193
v 0.412407 0.032578 0.108788
vn 0.936132 0.259238 0.237595
v 0.410451 0.038071 0.108664
vn 0.891683 0.416937 0.176253
v 0.408551 0.033769 0.120912
vn 0.934138 0.187863 0.30347
v 0.407099 0.039785 0.120147
vn 0.900537 0.345964 0.263328
v 0.406896 0.042751 0.115609
vn 0.861331 0.483296 0.156636
v 0.404615 0.04514 0.119097
vn 0.808185 0.559861 0.182734
v 0.409209 0.0276 0.121246
vn 0.932617 0.0402961 0.358612
v 0.409151 0.021778 0.120731
vn 0.875804 -0.199016 0.439727
v 0.409692 0.013787 0.113326
vn 0.742021 -0.526048 0.415546
v 0.41185 0.015197 0.110816
vn 0.760342 -0.50775 0.405056
v 0.411703 0.017407 0.113197
vn 0.801207 -0.430272 0.415852
v 0.410047 0.01676 0.115907
vn 0.850019 -0.259362 0.458476
v 0.411703 0.017407 0.113197
vn 0.898016 -0.205564 0.388987
v 0.41185 0.015197 0.110816
vn 0.888302 -0.311977 0.33703
v 0.413479 0.017565 0.108742
vn 0.928138 -0.203151 0.311912
v 0.41285 0.018402 0.11106
vn 0.920967 -0.169953 0.350622
v 0.410047 0.01676 0.115907
vn 0.755916 -0.494026 0.429569
v 0.407018 0.012998 0.116565
vn 0.670239 -0.58153 0.461089
v 0.408208 0.01677 0.119252
vn 0.688696 -0.558435 0.462437
v 0.408208 0.01677 0.119252
vn 0.826623 -0.289993 0.482286
v 0.406511 0.010014 0.113298
vn 0.628774 -0.661796 0.408253
v 0.409568 0.011499 0.110057
vn 0.701894 -0.605175 0.375644
v 0.406131 0.007727 0.109467
vn 0.55148 -0.770635 0.319362
v 0.401805 0.006235 0.113191
vn 0.338579 -0.875315 0.345237
v 0.41238 0.013369 0.107592
vn 0.884116 -0.333648 0.327137
v 0.40972 0.009471 0.106457
vn 0.649876 -0.661108 0.374964
v 0.41238 0.013369 0.107592
vn 0.715633 -0.57734 0.393125
v 0.412968 0.011739 0.104075
vn 0.876368 -0.366381 0.312642
v 0.414166 0.016182 0.105683
vn 0.922531 -0.232824 0.307783
v 0.414636 0.025092 0.105114
vn 0.962327 0.0965139 0.25419
v 0.413552 0.02639 0.108526
vn 0.955854 0.107968 0.273287
v 0.414277 0.02108 0.107076
vn 0.958715 -0.015768 0.283931
v 0.413401 0.021478 0.109993
vn 0.951727 0.000488129 0.306946
v 0.415191 0.019684 0.103918
vn 0.958685 -0.0535117 0.279391
v 0.415591 0.023474 0.102046
vn 0.97136 0.0881632 0.22065
v 0.416072 0.018241 0.100475
vn 0.961137 -0.0736987 0.266054
v 0.414917 0.014657 0.102123
vn 0.906813 -0.277787 0.317056
v 0.414589 0.028889 0.102819
vn 0.960215 0.203556 0.191187
v 0.415511 0.027101 0.09947
vn 0.971008 0.190494 0.144412
v 0.414214 0.032255 0.100241
vn 0.946002 0.297253 0.129309
v 0.41643 0.021918 0.098599
vn 0.976316 0.0769491 0.202201
v 0.416395 0.02446 0.096743
vn 0.97407 0.175191 0.143166
v 0.415838 0.027325 0.09609
vn 0.966462 0.234829 0.103957
v 0.413633 0.030567 0.105785
vn 0.949949 0.22635 0.215321
v 0.412933 0.034269 0.103271
vn 0.921951 0.348661 0.168645
v 0.411725 0.036126 0.105866
vn 0.906997 0.392895 0.151623
v 0.353935 0.043203 0.153026
vn -0.507295 0.507537 0.696461
v 0.354036 0.039841 0.155032
vn -0.429209 0.319885 0.844662
v 0.35739 0.043166 0.155079
vn -0.340921 0.453436 0.82351
v 0.357538 0.039935 0.156327
vn -0.249979 0.2123 0.94469
v 0.360227 0.042067 0.156259
vn -0.137113 0.320113 0.937405
v 0.354855 0.036379 0.156108
vn -0.287981 0.0570314 0.955936
v 0.358166 0.036993 0.156667
vn -0.13893 0.0126195 0.990222
v 0.360797 0.039113 0.156971
vn -0.0604741 0.0748795 0.995357
v 0.357471 0.046622 0.15264
vn -0.383576 0.595011 0.706281
v 0.353566 0.046425 0.149933
vn -0.513914 0.568753 0.642193
v 0.357278 0.050581 0.148709
vn -0.380574 0.67123 0.636093
v 0.361207 0.045219 0.155014
vn -0.161663 0.50172 0.84979
v 0.361112 0.048783 0.152235
vn -0.230504 0.636428 0.736089
v 0.350287 0.042215 0.150562
vn -0.601299 0.494519 0.627607
v 0.349688 0.045295 0.147473
vn -0.586595 0.517414 0.623048
v 0.346576 0.040819 0.147859
vn -0.650568 0.436914 0.621182
v 0.352581 0.049559 0.146382
vn -0.506291 0.597892 0.621446
v 0.348386 0.047905 0.143954
vn -0.587214 0.539861 0.6031
v 0.346072 0.043987 0.145009
vn -0.630886 0.480697 0.609027
v 0.350275 0.03894 0.153044
vn -0.585483 0.370208 0.721218
v 0.350966 0.035321 0.154724
vn -0.467523 0.0993833 0.878377
v 0.346731 0.037569 0.150325
vn -0.677172 0.360722 0.64134
v 0.347173 0.033795 0.152297
vn -0.639461 0.0993744 0.762374
v 0.359766 0.030084 0.155559
vn -0.0226054 -0.387835 0.921452
v 0.36385 0.032584 0.15642
vn 0.0376624 -0.370132 0.928215
v 0.360668 0.034616 0.156838
vn -0.0174111 -0.268353 0.963163
v 0.356785 0.033028 0.156416
vn -0.182361 -0.0355406 0.982589
v 0.360668 0.034616 0.156838
vn -0.0237677 -0.0468143 0.998621
v 0.36385 0.032584 0.15642
vn 0.0857491 -0.161478 0.983144
v 0.366784 0.036696 0.156935
vn 0.0871778 -0.0811454 0.992882
v 0.363489 0.037244 0.156885
vn 0.0192705 -0.0300305 0.999363
v 0.356785 0.033028 0.156416
vn -0.0769301 -0.331596 0.94028
v 0.35582 0.029104 0.15475
vn -0.12945 -0.430618 0.893203
v 0.352918 0.031643 0.155262
vn -0.224255 -0.388922 0.89356
v 0.351883 0.026272 0.15253
vn -0.272484 -0.531654 0.801933
v 0.352918 0.031643 0.155262
vn -0.334666 -0.0604391 0.940397
v 0.349134 0.030488 0.153476
vn -0.53221 -0.0646117 0.844143
v 0.357831 0.026052 0.153217
vn -0.0647676 -0.571484 0.818053
v 0.362986 0.027595 0.154229
vn 0.0554957 -0.502418 0.862842
v 0.354887 0.022203 0.149656
vn -0.14526 -0.647827 0.74781
v 0.367476 0.03073 0.155261
vn 0.156208 -0.301143 0.940697
v 0.367476 0.03073 0.155261
vn 0.125973 -0.462323 0.877718
v 0.371528 0.028753 0.153443
vn 0.313587 -0.319903 0.89405
v 0.370941 0.03518 0.156255
vn 0.295436 -0.15193 0.943205
v 0.369002 0.04619 0.154445
vn 0.23094 0.479733 0.846477
v 0.364867 0.046017 0.154875
vn -0.00490267 0.473237 0.880921
v 0.368308 0.041225 0.156388
vn 0.16819 0.214202 0.9622
v 0.36386 0.041419 0.156679
vn 0.015356 0.227898 0.973564
v 0.372686 0.040589 0.155236
vn 0.427616 0.187479 0.884305
v 0.373007 0.04577 0.152698
vn 0.369201 0.425453 0.826245
v 0.368604 0.050691 0.150984
vn 0.173726 0.661772 0.729299
v 0.372717 0.050832 0.149796
vn 0.196828 0.59973 0.775618
v 0.367912 0.054118 0.14708
vn 0.0677641 0.790336 0.608914
v 0.371514 0.054907 0.145676
vn 0.163108 0.823215 0.543795
v 0.364616 0.050232 0.151875
vn -0.0357886 0.660934 0.74959
v 0.364207 0.053434 0.148187
vn -0.0659986 0.78644 0.61413
v 0.361172 0.051909 0.149104
vn -0.247387 0.726318 0.641297
v 0.418717 0.02526 0.069053
vn 0.984782 0.169883 -0.0366679
v 0.418977 0.023819 0.075026
vn 0.989677 0.140989 0.0257188
v 0.419262 0.018801 0.070176
vn 0.999412 0.0165528 -0.0300401
v 0.419318 0.017541 0.076435
vn 0.999522 -0.0180236 0.0251093
v 0.418959 0.01165 0.071335
vn 0.985792 -0.167924 0.00386889
v 0.418844 0.022614 0.081001
vn 0.987248 0.136376 0.0821192
v 0.419008 0.016505 0.082024
vn 0.997172 -0.0369482 0.0654406
v 0.418607 0.010809 0.077736
vn 0.968105 -0.24494 0.0526982
v 0.418817 0.020287 0.063359
vn 0.997317 0.0544176 -0.048974
v 0.418318 0.025647 0.063782
vn 0.978179 0.196087 -0.0686785
v 0.418902 0.013173 0.064753
vn 0.996303 -0.0821061 -0.0252866
v 0.417392 0.029152 0.065879
vn 0.921473 0.383725 -0.0603565
v 0.417328 0.029573 0.069766
vn 0.920767 0.38847 -0.0357721
v 0.415731 0.032577 0.067698
vn 0.866482 0.49463 -0.0674496
v 0.417838 0.028868 0.074164
vn 0.943232 0.331553 0.0196647
v 0.417535 0.02835 0.079922
vn 0.945683 0.309858 0.0983427
v 0.416006 0.032327 0.072079
vn 0.876297 0.481585 -0.0133893
v 0.416038 0.032292 0.076899
vn 0.886836 0.460139 0.042353
v 0.417899 0.020782 0.090877
vn 0.984073 0.116488 0.13428
v 0.417937 0.016035 0.092328
vn 0.98216 -0.0639335 0.176845
v 0.4186 0.016032 0.087318
vn 0.99385 -0.0406759 0.102998
v 0.418429 0.021424 0.085923
vn 0.986126 0.12628 0.107747
v 0.416821 0.011581 0.093714
vn 0.909503 -0.330281 0.252424
v 0.417708 0.010751 0.08883
vn 0.933909 -0.320196 0.159023
v 0.41823 0.010574 0.083557
vn 0.9532 -0.292176 0.0777351
v 0.41713 0.025504 0.089713
vn 0.963796 0.238808 0.11861
v 0.417366 0.026488 0.085074
vn 0.954374 0.275398 0.115441
v 0.415821 0.030064 0.088812
vn 0.941984 0.32591 0.0803034
v 0.415728 0.031088 0.084626
vn 0.923483 0.371221 0.0968147
v 0.416702 0.024748 0.09375
vn 0.968893 0.209855 0.13118
v 0.417269 0.020829 0.094926
vn 0.980439 0.0915488 0.174237
v 0.415615 0.029289 0.093253
vn 0.956153 0.276224 0.0973219
v 0.416986 0.01686 0.096662
vn 0.967595 -0.0775216 0.240312
v 0.415877 0.012946 0.098162
vn 0.897507 -0.311375 0.312292
v 0.410326 0.005245 0.097668
vn 0.572129 -0.761466 0.304694
v 0.410626 0.003665 0.092559
vn 0.521047 -0.809487 0.270632
v 0.414219 0.007885 0.095412
vn 0.642196 -0.702411 0.306925
v 0.414219 0.007885 0.095412
vn 0.838977 -0.458143 0.293638
v 0.414909 0.006531 0.090496
vn 0.848408 -0.481516 0.219878
v 0.411449 0.002403 0.087228
vn 0.518476 -0.825294 0.223768
v 0.414909 0.006531 0.090496
vn 0.637574 -0.727358 0.25387
v 0.415462 0.005507 0.085108
vn 0.87599 -0.466079 0.124143
v 0.413478 0.009758 0.099953
vn 0.681252 -0.637057 0.36063
v 0.410028 0.007306 0.10236
vn 0.613609 -0.694044 0.376546
v 0.412968 0.011739 0.104075
vn 0.699498 -0.604479 0.381194
v 0.413478 0.009758 0.099953
vn 0.846006 -0.417509 0.331602
v 0.405645 0.003282 0.100462
vn 0.299527 -0.898046 0.322174
v 0.405795 0.00575 0.105187
vn 0.41346 -0.837728 0.356739
v 0.40061 0.003924 0.103386
vn 0.0390038 -0.966741 0.252765
v 0.40119 0.005078 0.10849
vn 0.168228 -0.958178 0.231505
v 0.405626 0.001994 0.095131
vn 0.211246 -0.949597 0.231603
v 0.406072 0.000711 0.089551
vn 0.157256 -0.960748 0.228547
v 0.400822 0.002638 0.097881
vn -0.0436824 -0.978551 0.201321
v 0.400585 0.00159 0.091678
vn -0.0677514 -0.980217 0.18597
v 0.41221 0.000227 0.074634
vn 0.591242 -0.797306 0.121392
v 0.416836 0.005323 0.07296
vn 0.776399 -0.625573 0.076569
v 0.415861 0.005037 0.079169
vn 0.725847 -0.678408 0.113617
v 0.411846 0.001295 0.081181
vn 0.543991 -0.823629 0.160339
v 0.415462 0.005507 0.085108
vn 0.677726 -0.717772 0.159658
v 0.416836 0.005323 0.07296
vn 0.938865 -0.338047 0.0652387
v 0.415861 0.005037 0.079169
vn 0.901019 -0.424804 0.087789
v 0.406705 -0.00175 0.076303
vn 0.144953 -0.977865 0.15089
v 0.406633 -0.00061 0.083254
vn 0.145141 -0.971981 0.184899
v 0.400778 -0.000902 0.078055
vn -0.0874604 -0.984218 0.153838
v 0.400894 0.000264 0.085223
vn -0.0832353 -0.97992 0.181188
v 0.407844 -0.002596 0.068515
vn 0.223139 -0.974487 0.024164
v 0.413728 0.000644 0.067038
vn 0.667384 -0.744115 0.0298683
v 0.401347 -0.002164 0.070156
vn -0.0877353 -0.993353 0.0745157
v 0.417541 0.006043 0.065872
vn 0.965892 -0.258946 0.000527324
v 0.417541 0.006043 0.065872
vn 0.820708 -0.569376 0.0474269
v 0.412236 0.038709 0.077512
vn 0.827476 0.561295 -0.0152131
v 0.410223 0.041501 0.079963
vn 0.770633 0.637086 -0.0156851
v 0.412297 0.038232 0.081987
vn 0.847036 0.530717 0.0294841
v 0.410418 0.041028 0.084442
vn 0.801645 0.597741 0.00843166
v 0.41243 0.037982 0.08649
vn 0.866402 0.499013 0.0182831
v 0.407913 0.044054 0.081991
vn 0.709427 0.70392 -0.0347801
v 0.408299 0.043577 0.086554
vn 0.740104 0.672467 0.00579056
v 0.410705 0.040696 0.089244
vn 0.815473 0.578641 0.0133304
v 0.414178 0.035371 0.079445
vn 0.865982 0.498608 0.0382787
v 0.414156 0.03546 0.074802
vn 0.84969 0.527235 -0.00715004
v 0.414104 0.035029 0.083638
vn 0.890832 0.451169 0.053525
v 0.4156 0.032429 0.081004
vn 0.900597 0.425007 0.0910784
v 0.411938 0.038606 0.072495
vn 0.786335 0.614611 -0.0626954
v 0.414037 0.035704 0.070178
vn 0.828035 0.558539 -0.0489087
v 0.409924 0.041425 0.075046
vn 0.722036 0.686 -0.0898221
v 0.407469 0.043946 0.077107
vn 0.647415 0.754504 -0.107595
v 0.402446 0.049004 0.087065
vn 0.575745 0.815344 -0.0610911
v 0.403168 0.048443 0.091449
vn 0.6561 0.754472 -0.0174907
v 0.405878 0.046007 0.088889
vn 0.688032 0.725642 0.00747573
v 0.4053 0.046657 0.084349
vn 0.645025 0.763147 -0.0393453
v 0.404032 0.047696 0.096352
vn 0.70033 0.71381 -0.00356019
v 0.406507 0.045362 0.093756
vn 0.711352 0.70256 0.0197099
v 0.408725 0.043069 0.09138
vn 0.752046 0.658754 0.0217043
v 0.401617 0.048957 0.081983
vn 0.494261 0.857581 -0.142344
v 0.404717 0.046581 0.079429
vn 0.567792 0.812054 -0.134836
v 0.39826 0.050989 0.084493
vn 0.421649 0.893306 -0.155618
v 0.399279 0.051419 0.089769
vn 0.539412 0.831557 -0.132469
v 0.394705 0.053246 0.087453
vn 0.354772 0.907524 -0.224805
v 0.4004 0.051017 0.094191
vn 0.638311 0.767892 -0.0538505
v 0.396257 0.053945 0.092266
vn 0.426093 0.895165 -0.130858
v 0.397529 0.053443 0.097171
vn 0.507232 0.86131 -0.0293337
v 0.401599 0.050227 0.099226
vn 0.675864 0.736954 -0.0103831
v 0.406168 0.045004 0.104848
vn 0.777258 0.626818 0.0544905
v 0.408128 0.042845 0.10205
vn 0.790692 0.606457 0.0837573
v 0.405075 0.046575 0.100861
vn 0.739863 0.672076 0.0302949
v 0.40727 0.044309 0.098138
vn 0.748333 0.66161 0.0476384
v 0.409959 0.040811 0.099487
vn 0.81091 0.57771 0.0931447
v 0.409274 0.042135 0.095666
vn 0.778264 0.625833 0.0513631
v 0.402741 0.048979 0.103785
vn 0.709831 0.703569 0.0336245
v 0.404037 0.04736 0.107868
vn 0.741152 0.669538 0.0491153
v 0.400131 0.051261 0.106859
vn 0.63438 0.770881 0.0574938
v 0.398825 0.052575 0.102294
vn 0.578907 0.815173 0.0189619
v 0.407482 0.042951 0.108426
vn 0.821785 0.564015 0.0809749
v 0.405578 0.045286 0.111509
vn 0.79328 0.604833 0.0698827
v 0.401583 0.049598 0.110929
vn 0.674642 0.735266 0.0651331
v 0.403342 0.047587 0.114707
vn 0.729073 0.677574 0.096671
v 0.409158 0.040804 0.105507
vn 0.837362 0.538647 0.0931934
v 0.410779 0.038835 0.102865
vn 0.85487 0.501972 0.13123
v 0.413013 0.036411 0.094345
vn 0.898196 0.437564 0.0422148
v 0.412655 0.037305 0.090805
vn 0.885118 0.464457 0.0290757
v 0.411053 0.039944 0.093424
vn 0.833082 0.551899 0.037181
v 0.41159 0.03879 0.097103
vn 0.855308 0.513178 0.0713897
v 0.413498 0.03486 0.097489
vn 0.922158 0.378672 0.0789463
v 0.41225 0.036933 0.100384
vn 0.886191 0.44612 0.12507
v 0.414378 0.03304 0.094776
vn 0.943151 0.325375 0.0678014
v 0.414394 0.033471 0.091683
vn 0.929977 0.363983 0.0515601
v 0.414855 0.030702 0.097189
vn 0.959478 0.268114 0.0866949
v 0.414255 0.034208 0.087817
vn 0.913052 0.405255 0.0458762
v 0.388563 0.056384 0.098066
vn 0.174846 0.978725 -0.107362
v 0.384607 0.057408 0.101305
vn 0.103248 0.988767 -0.108075
v 0.390455 0.056432 0.103612
vn 0.268583 0.962275 -0.0434738
v 0.386687 0.057383 0.106779
vn 0.18966 0.981304 -0.0327343
v 0.392237 0.055937 0.108677
vn 0.36456 0.930489 0.0358715
v 0.381072 0.057943 0.10506
vn 0.0478113 0.994245 -0.0958734
v 0.383193 0.058109 0.110079
vn 0.150512 0.986891 -0.0582341
v 0.388566 0.056956 0.111857
vn 0.29465 0.955425 0.0185546
v 0.394115 0.055121 0.100386
vn 0.360165 0.932275 -0.0338406
v 0.392476 0.05528 0.094949
vn 0.254566 0.963879 -0.0783161
v 0.395692 0.054385 0.10546
vn 0.466892 0.883951 0.0253283
v 0.386738 0.056055 0.093666
vn 0.135257 0.987853 -0.076498
v 0.390915 0.055094 0.090219
vn 0.227856 0.961548 -0.153319
v 0.382423 0.056739 0.096797
vn 0.0823313 0.992028 -0.0953999
v 0.37863 0.057265 0.100112
vn 0.030317 0.994698 -0.0982643
v 0.374233 0.058326 0.11127
vn -0.0253848 0.993975 -0.106631
v 0.376929 0.059046 0.116146
vn 0.00690491 0.994701 -0.102576
v 0.379942 0.058721 0.113212
vn 0.0601157 0.994848 -0.0816308
v 0.378795 0.058358 0.108869
vn 0.00186938 0.996014 -0.0891766
v 0.377971 0.059403 0.120476
vn 0.0778678 0.996 -0.0438194
v 0.381327 0.058873 0.117781
vn 0.169932 0.984871 -0.0339331
v 0.384799 0.058074 0.114952
vn 0.246073 0.96906 -0.0192595
v 0.375657 0.057816 0.104671
vn -0.0182027 0.995931 -0.0882656
v 0.369621 0.057659 0.105419
vn 0.0441397 0.997462 -0.05587
v 0.366906 0.058384 0.112241
vn 0.0959111 0.988816 -0.114209
v 0.362877 0.058608 0.105826
vn 0.177117 0.981815 -0.068322
v 0.360649 0.059899 0.113341
vn 0.199362 0.972585 -0.119725
v 0.357349 0.059843 0.106794
vn 0.125995 0.985876 -0.110337
v 0.372311 0.059171 0.11823
vn 0.0138739 0.992257 -0.123421
v 0.365462 0.059655 0.119463
vn 0.136216 0.982431 -0.127575
v 0.370615 0.059934 0.124141
vn 0.0666792 0.995731 -0.0638198
v 0.380563 0.058313 0.129968
vn 0.245624 0.953099 0.176835
v 0.384642 0.057527 0.12718
vn 0.338841 0.929627 0.144844
v 0.379198 0.059219 0.125135
vn 0.177632 0.981485 0.0716563
v 0.382797 0.058597 0.122563
vn 0.263116 0.963633 0.0467141
v 0.388515 0.056352 0.124048
vn 0.410604 0.904491 0.115327
v 0.386685 0.057457 0.119597
vn 0.33612 0.9411 0.0367946
v 0.375131 0.059556 0.127462
vn 0.121707 0.989435 0.0787784
v 0.376251 0.058688 0.132456
vn 0.176881 0.960649 0.214165
v 0.370913 0.059878 0.129665
vn 0.124369 0.989072 0.0791826
v 0.374987 0.05963 0.123077
vn 0.0547415 0.997706 -0.0398355
v 0.382358 0.056644 0.134628
vn 0.307859 0.904078 0.296423
v 0.378 0.056894 0.137188
vn 0.222243 0.902411 0.369137
v 0.372479 0.058726 0.134639
vn 0.163768 0.95235 0.257311
v 0.373704 0.056934 0.139412
vn 0.222529 0.907304 0.356764
v 0.386501 0.05583 0.131699
vn 0.403159 0.883144 0.239831
v 0.39041 0.054627 0.12839
vn 0.470342 0.860842 0.194241
v 0.395539 0.053264 0.11745
vn 0.517478 0.84981 0.100198
v 0.393817 0.054717 0.113241
vn 0.451816 0.887774 0.0878651
v 0.390343 0.056106 0.116467
vn 0.397439 0.916333 0.0487428
v 0.392144 0.054933 0.120775
vn 0.47163 0.876966 0.0921732
v 0.397442 0.051481 0.121484
vn 0.574524 0.80781 0.131778
v 0.394067 0.053196 0.12493
vn 0.524641 0.836742 0.156893
v 0.400625 0.049696 0.11808
vn 0.647491 0.752315 0.12156
v 0.398796 0.05162 0.114158
vn 0.586744 0.804601 0.0913719
v 0.397166 0.053157 0.110011
vn 0.542163 0.836792 0.0764165
v 0.35125 0.060776 0.11553
vn -0.139362 0.988433 -0.0598148
v 0.346608 0.059764 0.116301
vn -0.331105 0.943581 -0.00495491
v 0.350266 0.060643 0.122678
vn -0.280465 0.95787 0.0618382
v 0.354908 0.061466 0.121757
vn -0.0557681 0.997947 -0.031504
v 0.35377 0.061227 0.128577
vn -0.204813 0.960807 0.186818
v 0.342446 0.057776 0.116766
vn -0.544271 0.83619 0.0674927
v 0.34598 0.058905 0.123287
vn -0.468488 0.867915 0.165054
v 0.34964 0.059252 0.129239
vn -0.429542 0.861081 0.272091
v 0.3559 0.060837 0.114455
vn 0.0600743 0.992844 -0.103205
v 0.359658 0.061175 0.12069
vn 0.151185 0.98464 -0.087336
v 0.358501 0.061499 0.127705
vn 0.0580475 0.99348 0.0981271
v 0.364686 0.060577 0.126946
vn 0.121804 0.992536 -0.00597111
v 0.352542 0.060194 0.107925
vn -0.0628838 0.989044 -0.13356
v 0.347802 0.059553 0.108827
vn -0.251203 0.958487 -0.134911
v 0.343193 0.058008 0.109557
vn -0.438299 0.892394 -0.107367
v 0.3392 0.055494 0.11006
vn -0.627679 0.777638 -0.0360341
v 0.336253 0.051408 0.117381
vn -0.784169 0.596504 0.171061
v 0.339191 0.053063 0.123076
vn -0.733956 0.634323 0.242783
v 0.339059 0.054862 0.117015
vn -0.701998 0.699904 0.131654
v 0.342237 0.056229 0.122911
vn -0.635634 0.738562 0.224713
v 0.342235 0.054124 0.128376
vn -0.670284 0.671982 0.314896
v 0.345675 0.056907 0.128802
vn -0.562682 0.765831 0.311275
v 0.335888 0.052248 0.11046
vn -0.743253 0.666725 0.0552588
v 0.333025 0.048557 0.110804
vn -0.791234 0.596565 0.134382
v 0.333563 0.047397 0.11757
vn -0.81708 0.537288 0.209049
v 0.330018 0.044418 0.111074
vn -0.814089 0.549164 0.188888
v 0.33081 0.042939 0.117694
vn -0.847926 0.457579 0.267663
v 0.32725 0.039908 0.111266
vn -0.849678 0.458938 0.259659
v 0.336486 0.049392 0.123404
vn -0.801537 0.541119 0.25442
v 0.33932 0.050839 0.128311
vn -0.74893 0.579163 0.321983
v 0.334066 0.045194 0.123582
vn -0.83989 0.458269 0.290815
v 0.336821 0.047102 0.128412
vn -0.815119 0.467884 0.341563
v 0.347947 0.05348 0.137725
vn -0.551133 0.66638 0.502185
v 0.351859 0.055459 0.13879
vn -0.428578 0.752356 0.50028
v 0.349014 0.056636 0.134041
vn -0.489439 0.765378 0.417907
v 0.345261 0.054383 0.13325
vn -0.598872 0.685328 0.41434
v 0.356006 0.057011 0.139195
vn -0.266363 0.838608 0.475172
v 0.352979 0.058636 0.134387
vn -0.335411 0.847831 0.410709
v 0.344589 0.051574 0.136028
vn -0.636642 0.595052 0.490509
v 0.342016 0.051519 0.132421
vn -0.692116 0.591966 0.412979
v 0.341807 0.048143 0.136284
vn -0.713505 0.508183 0.482349
v 0.339424 0.048489 0.131853
vn -0.75874 0.502861 0.414058
v 0.346 0.049546 0.140047
vn -0.619163 0.561715 0.548738
v 0.350274 0.051861 0.142105
vn -0.525826 0.632694 0.568511
v 0.343265 0.046272 0.139844
vn -0.680488 0.492906 0.542199
v 0.345388 0.046292 0.142337
vn -0.635001 0.509573 0.580611
v 0.354757 0.053661 0.143564
vn -0.389234 0.726189 0.566698
v 0.359652 0.054754 0.144857
vn -0.248787 0.801687 0.54351
v 0.365964 0.058246 0.13904
vn 0.0441252 0.9483 0.314292
v 0.363222 0.059947 0.133856
vn 0.0394926 0.972065 0.231364
v 0.361488 0.057974 0.139866
vn -0.101678 0.909518 0.403037
v 0.357206 0.059859 0.133964
vn -0.10091 0.935967 0.337316
v 0.366524 0.056793 0.14295
vn 0.025615 0.896385 0.442535
v 0.363948 0.055712 0.144672
vn -0.0880934 0.853778 0.51313
v 0.370223 0.057054 0.141441
vn 0.173842 0.91995 0.351385
v 0.368582 0.058703 0.136773
vn 0.121973 0.949548 0.28893
v 0.367548 0.060142 0.132389
vn 0.0932347 0.982697 0.160045
v 0.330528 0.00935 0.11513
vn -0.250672 -0.903874 0.346664
v 0.333682 0.011535 0.122676
vn -0.313367 -0.875014 0.368987
v 0.326998 0.012872 0.117852
vn -0.484661 -0.748426 0.452729
v 0.326998 0.012872 0.117852
vn -0.870919 -0.260911 0.416445
v 0.330182 0.015961 0.124752
vn -0.850515 -0.257798 0.458436
v 0.325692 0.018926 0.118331
vn -0.893657 -0.152561 0.422023
v 0.336572 0.013082 0.129986
vn -0.398282 -0.848238 0.349089
v 0.330182 0.015961 0.124752
vn -0.597773 -0.661292 0.453167
v 0.333208 0.01792 0.132167
vn -0.847783 -0.255596 0.464688
v 0.328719 0.021858 0.125607
vn -0.895759 -0.135641 0.423342
v 0.324092 0.009532 0.107993
vn -0.437934 -0.833259 0.33748
v 0.32811 0.006746 0.105631
vn -0.222844 -0.939079 0.26167
v 0.321719 0.008083 0.099195
vn -0.469129 -0.860263 0.199662
v 0.322378 0.014976 0.108856
vn -0.897905 -0.220398 0.381039
v 0.324092 0.009532 0.107993
vn -0.858046 -0.373664 0.352324
v 0.335357 0.008488 0.112913
vn -0.0126933 -0.963287 0.268172
v 0.333172 0.006021 0.102845
vn -0.025341 -0.977694 0.208502
v 0.340905 0.007354 0.10876
vn -0.0276364 -0.966165 0.256439
v 0.339019 0.005137 0.099273
vn -0.0393333 -0.978662 0.201678
v 0.338257 0.01063 0.119941
vn -0.0270104 -0.966363 0.25576
v 0.34112 0.01211 0.127099
vn -0.0494629 -0.976266 0.210852
v 0.343135 0.009827 0.117112
vn -0.029685 -0.962625 0.269205
v 0.34623 0.01123 0.123847
vn -0.0373818 -0.976898 0.210411
v 0.343722 0.018579 0.142373
vn -0.405968 -0.587654 0.699895
v 0.340698 0.024131 0.144492
vn -0.47527 -0.52454 0.706383
v 0.33655 0.020874 0.138699
vn -0.566255 -0.508428 0.648735
v 0.339837 0.014436 0.136734
vn -0.43375 -0.7235 0.537037
v 0.333208 0.01792 0.132167
vn -0.645878 -0.591976 0.482085
v 0.340698 0.024131 0.144492
vn -0.731226 -0.184635 0.656673
v 0.340453 0.030156 0.145875
vn -0.749743 0.00142253 0.661727
v 0.335629 0.028203 0.139781
vn -0.828935 0.00204723 0.559341
v 0.33655 0.020874 0.138699
vn -0.79214 -0.203639 0.575366
v 0.331642 0.024251 0.132662
vn -0.879711 -0.0780882 0.469053
v 0.347502 0.014771 0.140202
vn -0.158641 -0.859517 0.485864
v 0.344187 0.013314 0.13392
vn -0.057704 -0.97302 0.223387
v 0.352407 0.013707 0.136925
vn -0.0375106 -0.973211 0.226832
v 0.349198 0.012538 0.130751
vn -0.0365028 -0.97889 0.201103
v 0.351226 0.018414 0.145454
vn -0.205961 -0.688721 0.695157
v 0.347735 0.022348 0.147631
vn -0.355803 -0.57886 0.733706
v 0.355738 0.015034 0.142627
vn -0.0925363 -0.872516 0.479742
v 0.345103 0.028022 0.149992
vn -0.67338 -0.108132 0.731345
v 0.345103 0.028022 0.149992
vn -0.429993 -0.495384 0.754785
v 0.339618 0.039493 0.140563
vn -0.770989 0.378075 0.51248
v 0.337414 0.040059 0.13621
vn -0.812346 0.374538 0.447006
v 0.335848 0.035182 0.137466
vn -0.83986 0.277485 0.466516
v 0.339125 0.0347 0.14294
vn -0.782676 0.248956 0.570473
v 0.333929 0.038272 0.131101
vn -0.858224 0.334088 0.389662
v 0.332199 0.031358 0.132364
vn -0.890358 0.189154 0.414106
v 0.342861 0.039799 0.144634
vn -0.701156 0.388851 0.597642
v 0.343185 0.035885 0.147154
vn -0.720895 0.296758 0.626295
v 0.344063 0.032875 0.149387
vn -0.712434 0.115556 0.69216
v 0.342902 0.043322 0.142015
vn -0.696225 0.451121 0.558355
v 0.340269 0.043724 0.138111
vn -0.758404 0.428807 0.490864
v 0.337549 0.044186 0.133067
vn -0.805233 0.411431 0.426995
v 0.326632 0.031756 0.118316
vn -0.896947 0.235737 0.374051
v 0.32558 0.02544 0.118582
vn -0.916107 0.0533926 0.397362
v 0.328764 0.028101 0.125495
vn -0.915442 0.11985 0.38419
v 0.330086 0.034361 0.125054
vn -0.891993 0.276329 0.357757
v 0.328493 0.03761 0.11797
vn -0.875699 0.353548 0.32887
v 0.3318 0.040315 0.123944
vn -0.867606 0.36759 0.334869
v 0.334814 0.042922 0.128385
vn -0.84623 0.395015 0.357574
v 0.324613 0.034381 0.111515
vn -0.882214 0.342656 0.322932
v 0.322927 0.028552 0.111685
vn -0.91904 0.161487 0.359565
v 0.322141 0.021658 0.110694
vn -0.926327 -0.0310203 0.37544
v 0.387049 0.000912 0.083303
vn -0.033462 -0.987409 0.154606
v 0.387809 0.002136 0.090948
vn -0.02827 -0.984265 0.174421
v 0.379049 0.001515 0.086767
vn -0.00833303 -0.98788 0.154998
v 0.380044 0.002976 0.094526
vn -0.00747013 -0.98182 0.189669
v 0.370828 0.002188 0.090921
vn -0.0263441 -0.985378 0.168333
v 0.387911 0.003499 0.098232
vn -0.0332854 -0.98114 0.190409
v 0.381124 0.004462 0.102251
vn -0.0206952 -0.978055 0.207315
v 0.372092 0.003791 0.098706
vn -0.0141464 -0.977781 0.209152
v 0.378072 0.000466 0.078833
vn -0.0377681 -0.994352 0.0991852
v 0.386312 -0.000251 0.075438
vn -0.0586496 -0.992248 0.109567
v 0.369621 0.001077 0.08285
vn -0.0525127 -0.993813 0.0978639
v 0.393884 2.4e-05 0.080528
vn -0.0704667 -0.984725 0.159223
v 0.394126 -0.001157 0.072492
vn -0.0837323 -0.991662 0.0979537
v 0.39435 0.001346 0.087884
vn -0.0614497 -0.982426 0.176247
v 0.394899 0.002501 0.094757
vn -0.0557371 -0.981906 0.18098
v 0.390016 0.006167 0.111056
vn -0.0498472 -0.974314 0.219608
v 0.383957 0.00755 0.115805
vn -0.0492425 -0.973423 0.223658
v 0.382401 0.006094 0.109682
vn -0.0329392 -0.972053 0.232439
v 0.388927 0.004829 0.105151
vn -0.0363297 -0.977111 0.209605
v 0.377065 0.008987 0.120562
vn -0.0514202 -0.973718 0.221878
v 0.37511 0.007542 0.114307
vn -0.0325402 -0.968134 0.248308
v 0.373448 0.00562 0.106605
vn -0.0198856 -0.971762 0.235123
v 0.395553 0.004909 0.106882
vn -0.045549 -0.976742 0.209524
v 0.394916 0.00376 0.101032
vn -0.0526567 -0.978313 0.200326
v 0.39653 0.00598 0.112229
vn -0.0343494 -0.975108 0.219054
v 0.391458 0.007243 0.116645
vn -0.0522089 -0.97526 0.214808
v 0.385896 0.00865 0.12157
vn -0.0573522 -0.975177 0.213871
v 0.379443 0.010115 0.126424
vn -0.0551382 -0.974475 0.217619
v 0.363627 0.011695 0.12966
vn -0.0480554 -0.975547 0.214474
v 0.360889 0.010404 0.123252
vn -0.0493666 -0.972292 0.228497
v 0.370194 0.010372 0.125203
vn -0.0511703 -0.974818 0.217052
v 0.367837 0.009025 0.118849
vn -0.0417679 -0.967478 0.249483
v 0.358548 0.008776 0.116452
vn -0.0458441 -0.960853 0.273239
v 0.365866 0.00704 0.111756
vn -0.028973 -0.964887 0.261061
v 0.372918 0.011505 0.131088
vn -0.0500528 -0.973761 0.222001
v 0.366662 0.012842 0.135531
vn -0.0442087 -0.973838 0.222902
v 0.357912 0.012701 0.133145
vn -0.039879 -0.976709 0.210831
v 0.361096 0.013868 0.138998
vn -0.0396466 -0.970688 0.237049
v 0.354925 0.011487 0.12687
vn -0.0439172 -0.977013 0.208607
v 0.351775 0.010305 0.120597
vn -0.0500965 -0.967786 0.24674
v 0.354847 0.00436 0.099637
vn -0.0406395 -0.977189 0.208448
v 0.362692 0.00327 0.094893
vn -0.0303115 -0.984039 0.175354
v 0.364168 0.004946 0.103206
vn -0.0218933 -0.973968 0.225625
v 0.356543 0.006392 0.108129
vn -0.0429172 -0.9649 0.259088
v 0.347475 0.00585 0.104028
vn -0.0510084 -0.969816 0.238442
v 0.349472 0.008285 0.113441
vn -0.050548 -0.959229 0.278075
v 0.345795 0.004011 0.095232
vn -0.0528985 -0.982802 0.176923
v 0.353267 0.002927 0.09126
vn -0.0406729 -0.990685 0.129956
v 0.361268 0.002198 0.08662
vn -0.0545665 -0.992509 0.109311
v 0.306821 0.01491 -0.057517
vn -0.976015 -0.127213 0.176668
v 0.392875 0.004507 -0.021968
vn 0.75985 -0.585174 -0.283194
v 0.386145 0.027564 0.14935
vn 0.257293 -0.517765 0.815916
v 0.349134 0.030488 0.153476
vn -0.363523 -0.423245 0.829888
f 1//1 2//2 3//3
f 3//3 4//4 5//5
f 2//2 6//6 4//4
f 4//4 7//7 8//8
f 1//1 3//3 9//9
f 3//3 11//11 12//12
f 1//1 10//10 13//13
f 13//13 14//14 15//15
f 1//1 13//13 17//17
f 2//2 17//17 18//18
f 13//13 15//15 19//19
f 17//17 19//19 20//20
f 21//21 22//22 23//23
f 23//23 24//24 7//7
f 22//22 25//25 24//24
f 24//24 26//26 7//7
f 21//21 23//23 27//27
f 27//27 28//28 29//29
f 23//23 6//6 28//28
f 28//28 18//18 30//30
f 21//21 27//27 31//31
f 31//31 32//32 33//33
f 27//27 29//29 34//34
f 32//32 34//34 35//35
f 21//21 31//31 36//36
f 22//22 36//36 37//37
f 31//31 33//33 38//38
f 36//36 38//38 39//39
f 40//40 41//41 42//42
f 43//43 42//42 26//26
f 41//41 44//44 45//45
f 42//42 45//45 8//8
f 40//40 43//43 46//46
f 46//46 47//47 48//48
f 43//43 25//25 47//47
f 47//47 37//37 49//49
f 40//40 46//46 50//50
f 51//51 50//50 52//52
f 46//46 48//48 53//53
f 50//50 53//53 54//54
f 40//40 51//51 41//41
f 41//41 55//55 44//44
f 51//51 56//56 55//55
f 55//55 57//57 58//58
f 59//59 60//60 61//61
f 61//61 62//62 44//44
f 60//60 11//11 62//62
f 62//62 5//5 45//45
f 59//59 61//61 63//63
f 64//64 63//63 65//65
f 61//61 44//44 58//58
f 63//63 58//58 66//66
f 68//68 69//69 70//70
f 71//71 70//70 72//72
f 69//69 73//73 74//74
f 70//70 74//74 75//75
f 68//68 71//71 76//76
f 76//76 77//77 33//33
f 71//71 78//78 77//77
f 77//77 79//79 38//38
f 68//68 76//76 80//80
f 81//81 80//80 82//82
f 76//76 33//33 35//35
f 80//80 35//35 83//83
f 68//68 81//81 69//69
f 69//69 84//84 73//73
f 81//81 85//85 84//84
f 84//84 86//86 87//87
f 88//88 89//89 90//90
f 90//90 91//91 73//73
f 89//89 92//92 91//91
f 91//91 93//93 74//74
f 88//88 90//90 94//94
f 95//95 94//94 96//96
f 90//90 73//73 87//87
f 94//94 87//87 97//97
f 88//88 95//95 98//98
f 98//98 99//99 100//100
f 95//95 101//101 99//99
f 99//99 102//102 103//103
f 88//88 98//98 104//104
f 89//89 104//104 105//105
f 98//98 106//106 104//104
f 104//104 107//107 105//105
f 108//108 109//109 110//110
f 111//111 110//110 93//93
f 109//109 112//112 113//113
f 110//110 113//113 75//75
f 108//108 111//111 114//114
f 114//114 115//115 116//116
f 111//111 92//92 115//115
f 115//115 105//105 117//117
f 108//108 114//114 118//118
f 119//119 118//118 120//120
f 114//114 116//116 121//121
f 118//118 121//121 122//122
f 108//108 119//119 109//109
f 109//109 123//123 112//112
f 119//119 124//124 123//123
f 123//123 125//125 126//126
f 127//127 128//128 129//129
f 129//129 130//130 112//112
f 128//128 78//78 130//130
f 130//130 72//72 113//113
f 127//127 129//129 131//131
f 132//132 131//131 133//133
f 129//129 112//112 126//126
f 131//131 126//126 134//134
f 127//127 132//132 135//135
f 135//135 136//136 48//48
f 132//132 137//137 136//136
f 136//136 138//138 53//53
f 127//127 135//135 139//139
f 128//128 139//139 79//79
f 135//135 48//48 49//49
f 139//139 49//49 39//39
f 140//140 141//141 142//142
f 143//143 142//142 144//144
f 141//141 145//145 146//146
f 142//142 146//146 147//147
f 143//143 149//149 148//148
f 140//140 151//151 141//141
f 141//141 152//152 145//145
f 151//151 67//67 152//152
f 152//152 65//65 153//153
f 154//154 155//155 156//156
f 156//156 157//157 145//145
f 155//155 158//158 157//157
f 157//157 159//159 146//146
f 154//154 156//156 160//160
f 161//161 160//160 57//57
f 156//156 145//145 153//153
f 160//160 153//153 66//66
f 154//154 161//161 162//162
f 162//162 163//163 164//164
f 161//161 56//56 163//163
f 163//163 52//52 165//165
f 154//154 162//162 166//166
f 155//155 166//166 167//167
f 162//162 164//164 168//168
f 166//166 168//168 169//169
f 170//170 171//171 172//172
f 173//173 172//172 159//159
f 171//171 174//174 175//175
f 172//172 175//175 147//147
f 170//170 173//173 176//176
f 176//176 177//177 178//178
f 173//173 158//158 177//177
f 177//177 167//167 179//179
f 170//170 176//176 180//180
f 181//181 180//180 182//182
f 176//176 178//178 183//183
f 180//180 183//183 184//184
f 170//170 181//181 171//171
f 171//171 185//185 174//174
f 181//181 186//186 185//185
f 185//185 187//187 188//188
f 189//189 190//190 191//191
f 191//191 192//192 174//174
f 190//190 149//149 192//192
f 192//192 144//144 175//175
f 189//189 191//191 193//193
f 194//194 193//193 195//195
f 191//191 174//174 188//188
f 193//193 188//188 196//196
f 189//189 194//194 197//197
f 194//194 199//199 198//198
f 202//202 203//203 204//204
f 204//204 205//205 206//206
f 203//203 207//207 205//205
f 205//205 208//208 206//206
f 202//202 204//204 209//209
f 209//209 210//210 164//164
f 204//204 211//211 210//210
f 210//210 212//212 168//168
f 202//202 209//209 213//213
f 213//213 214//214 137//137
f 209//209 164//164 165//165
f 214//214 165//165 54//54
f 202//202 213//213 215//215
f 203//203 215//215 216//216
f 213//213 137//137 133//133
f 215//215 133//133 134//134
f 217//217 218//218 219//219
f 220//220 219//219 208//208
f 221//221 222//222 223//223
f 219//219 224//224 225//225
f 217//217 220//220 226//226
f 226//226 227//227 124//124
f 220//220 207//207 227//227
f 227//227 216//216 125//125
f 217//217 226//226 228//228
f 229//229 228//228 230//230
f 226//226 124//124 120//120
f 228//228 120//120 122//122
f 217//217 229//229 218//218
f 221//221 231//231 222//222
f 232//232 233//233 231//231
f 231//231 234//234 235//235
f 236//236 237//237 238//238
f 239//239 238//238 223//223
f 240//240 241//241 242//242
f 243//243 242//242 225//225
f 236//236 239//239 244//244
f 244//244 245//245 246//246
f 239//239 222//222 245//245
f 245//245 247//247 248//248
f 236//236 244//244 249//249
f 250//250 249//249 251//251
f 244//244 246//246 252//252
f 249//249 252//252 253//253
f 236//236 250//250 237//237
f 240//240 254//254 241//241
f 250//250 255//255 256//256
f 254//254 257//257 258//258
f 259//259 260//260 261//261
f 261//261 262//262 241//241
f 260//260 211//211 262//262
f 262//262 206//206 242//242
f 259//259 261//261 263//263
f 264//264 263//263 265//265
f 261//261 241//241 258//258
f 263//263 258//258 266//266
f 259//259 264//264 267//267
f 267//267 268//268 178//178
f 264//264 269//269 268//268
f 268//268 270//270 183//183
f 259//259 267//267 271//271
f 260//260 271//271 212//212
f 267//267 178//178 179//179
f 271//271 179//179 169//169
f 272//272 273//273 274//274
f 274//274 275//275 276//276
f 273//273 277//277 275//275
f 275//275 278//278 279//279
f 272//272 274//274 280//280
f 281//281 280//280 282//282
f 274//274 276//276 283//283
f 280//280 283//283 284//284
f 272//272 281//281 285//285
f 285//285 286//286 29//29
f 281//281 287//287 286//286
f 286//286 288//288 83//83
f 272//272 285//285 289//289
f 273//273 289//289 290//290
f 285//285 29//29 30//30
f 289//289 30//30 20//20
f 291//291 292//292 293//293
f 294//294 293//293 278//278
f 292//292 295//295 296//296
f 293//293 296//296 297//297
f 291//291 294//294 298//298
f 298//298 299//299 15//15
f 294//294 277//277 299//299
f 299//299 290//290 19//19
f 291//291 298//298 300//300
f 298//298 15//15 16//16
f 291//291 301//301 292//292
f 292//292 302//302 295//295
f 304//304 305//305 306//306
f 306//306 307//307 295//295
f 305//305 308//308 307//307
f 307//307 309//309 296//296
f 304//304 306//306 310//310
f 306//306 295//295 303//303
f 304//304 311//311 312//312
f 312//312 313//313 314//314
f 304//304 312//312 316//316
f 305//305 316//316 317//317
f 312//312 314//314 318//318
f 316//316 318//318 319//319
f 320//320 321//321 322//322
f 323//323 322//322 309//309
f 321//321 276//276 279//279
f 322//322 279//279 297//297
f 320//320 323//323 324//324
f 324//324 325//325 326//326
f 323//323 308//308 325//325
f 325//325 317//317 327//327
f 320//320 324//324 328//328
f 329//329 328//328 330//330
f 324//324 326//326 331//331
f 328//328 331//331 332//332
f 320//320 329//329 321//321
f 321//321 333//333 276//276
f 329//329 334//334 333//333
f 333//333 335//335 283//283
f 336//336 337//337 338//338
f 338//338 339//339 340//340
f 337//337 341//341 339//339
f 339//339 342//342 343//343
f 336//336 338//338 344//344
f 345//345 344//344 346//346
f 338//338 340//340 347//347
f 344//344 347//347 346//346
f 336//336 345//345 348//348
f 349//349 350//350 351//351
f 345//345 352//352 353//353
f 350//350 354//354 355//355
f 336//336 348//348 356//356
f 337//337 356//356 357//357
f 349//349 351//351 358//358
f 359//359 358//358 360//360
f 361//361 362//362 363//363
f 364//364 363//363 342//342
f 362//362 365//365 366//366
f 363//363 366//366 367//367
f 361//361 364//364 368//368
f 368//368 369//369 370//370
f 364//364 341//341 369//369
f 371//371 372//372 373//373
f 361//361 368//368 374//374
f 375//375 374//374 102//102
f 368//368 370//370 376//376
f 374//374 376//376 102//102
f 361//361 375//375 362//362
f 362//362 377//377 365//365
f 375//375 101//101 377//377
f 377//377 96//96 378//378
f 379//379 380//380 381//381
f 381//381 382//382 365//365
f 380//380 383//383 382//382
f 382//382 384//384 366//366
f 379//379 381//381 385//385
f 386//386 385//385 86//86
f 381//381 365//365 378//378
f 385//385 378//378 97//97
f 379//379 386//386 387//387
f 387//387 388//388 287//287
f 386//386 85//85 388//388
f 388//388 82//82 288//288
f 379//379 387//387 389//389
f 380//380 389//389 390//390
f 387//387 287//287 282//282
f 389//389 282//282 390//390
f 391//391 392//392 393//393
f 393//393 394//394 384//384
f 392//392 340//340 343//343
f 394//394 343//343 367//367
f 391//391 393//393 395//395
f 396//396 395//395 335//335
f 393//393 383//383 395//395
f 395//395 390//390 284//284
f 391//391 396//396 397//397
f 397//397 398//398 399//399
f 396//396 334//334 398//398
f 398//398 330//330 400//400
f 391//391 397//397 401//401
f 392//392 401//401 347//347
f 397//397 399//399 402//402
f 401//401 402//402 403//403
f 404//404 405//405 406//406
f 407//407 406//406 408//408
f 405//405 409//409 410//410
f 406//406 410//410 411//411
f 404//404 407//407 412//412
f 412//412 413//413 351//351
f 407//407 414//414 413//413
f 413//413 415//415 358//358
f 404//404 412//412 416//416
f 417//417 416//416 418//418
f 412//412 351//351 355//355
f 416//416 355//355 419//419
f 404//404 417//417 405//405
f 405//405 420//420 409//409
f 417//417 421//421 420//420
f 420//420 422//422 423//423
f 424//424 425//425 426//426
f 426//426 427//427 409//409
f 425//425 428//428 427//427
f 427//427 429//429 410//410
f 424//424 426//426 430//430
f 431//431 430//430 432//432
f 426//426 409//409 423//423
f 430//430 423//423 433//433
f 424//424 431//431 434//434
f 434//434 435//435 436//436
f 431//431 437//437 435//435
f 435//435 438//438 439//439
f 424//424 434//434 440//440
f 425//425 440//440 441//441
f 434//434 436//436 442//442
f 440//440 442//442 443//443
f 444//444 445//445 446//446
f 447//447 446//446 429//429
f 445//445 448//448 449//449
f 446//446 449//449 411//411
f 444//444 447//447 450//450
f 450//450 451//451 452//452
f 447//447 428//428 451//451
f 451//451 441//441 453//453
f 444//444 450//450 454//454
f 455//455 454//454 456//456
f 450//450 452//452 457//457
f 454//454 457//457 253//253
f 444//444 455//455 445//445
f 445//445 458//458 448//448
f 455//455 459//459 458//458
f 458//458 460//460 461//461
f 462//462 463//463 464//464
f 464//464 465//465 448//448
f 463//463 414//414 465//465
f 465//465 408//408 449//449
f 462//462 464//464 466//466
f 467//467 466//466 468//468
f 464//464 448//448 461//461
f 466//466 461//461 469//469
f 462//462 467//467 470//470
f 470//470 471//471 472//472
f 467//467 473//473 474//474
f 475//475 476//476 103//103
f 462//462 470//470 477//477
f 463//463 477//477 415//415
f 470//470 472//472 373//373
f 477//477 373//373 360//360
f 478//478 479//479 480//480
f 480//480 481//481 482//482
f 479//479 483//483 481//481
f 481//481 484//484 485//485
f 478//478 480//480 486//486
f 487//487 488//488 107//107
f 480//480 482//482 489//489
f 488//488 490//490 491//491
f 478//478 492//492 493//493
f 493//493 494//494 473//473
f 487//487 106//106 495//495
f 495//495 100//100 476//476
f 478//478 493//493 496//496
f 479//479 496//496 483//483
f 493//493 473//473 468//468
f 496//496 468//468 497//497
f 498//498 499//499 500//500
f 500//500 501//501 483//483
f 499//499 502//502 501//501
f 501//501 503//503 484//484
f 498//498 500//500 504//504
f 505//505 504//504 460//460
f 500//500 483//483 497//497
f 504//504 497//497 469//469
f 498//498 505//505 506//506
f 506//506 507//507 246//246
f 505//505 459//459 507//507
f 507//507 456//456 252//252
f 498//498 506//506 508//508
f 499//499 508//508 509//509
f 506//506 246//246 248//248
f 508//508 248//248 235//235
f 510//510 511//511 512//512
f 513//513 512//512 503//503
f 511//511 482//482 485//485
f 512//512 485//485 514//514
f 510//510 513//513 515//515
f 515//515 516//516 233//233
f 513//513 502//502 516//516
f 516//516 509//509 234//234
f 510//510 515//515 517//517
f 518//518 519//519 121//121
f 515//515 233//233 520//520
f 519//519 230//230 122//122
f 510//510 521//521 511//511
f 511//511 522//522 482//482
f 518//518 116//116 523//523
f 523//523 117//117 490//490
f 524//524 525//525 526//526
f 526//526 527//527 528//528
f 525//525 529//529 527//527
f 527//527 530//530 531//531
f 524//524 526//526 532//532
f 533//533 532//532 534//534
f 526//526 528//528 535//535
f 532//532 535//535 536//536
f 524//524 533//533 537//537
f 537//537 538//538 539//539
f 533//533 540//540 538//538
f 538//538 541//541 542//542
f 524//524 537//537 543//543
f 525//525 543//543 544//544
f 537//537 539//539 545//545
f 543//543 545//545 546//546
f 547//547 548//548 549//549
f 550//550 549//549 530//530
f 548//548 551//551 552//552
f 549//549 552//552 553//553
f 547//547 550//550 554//554
f 554//554 555//555 556//556
f 550//550 529//529 555//555
f 555//555 544//544 557//557
f 547//547 554//554 558//558
f 559//559 558//558 560//560
f 554//554 556//556 561//561
f 558//558 561//561 562//562
f 547//547 559//559 548//548
f 548//548 563//563 551//551
f 559//559 564//564 563//563
f 563//563 565//565 566//566
f 567//567 568//568 569//569
f 569//569 570//570 551//551
f 568//568 571//571 570//570
f 570//570 572//572 552//552
f 567//567 569//569 573//573
f 574//574 573//573 575//575
f 569//569 551//551 566//566
f 573//573 566//566 576//576
f 567//567 574//574 577//577
f 577//577 578//578 579//579
f 574//574 580//580 578//578
f 578//578 581//581 582//582
f 567//567 577//577 583//583
f 568//568 583//583 584//584
f 577//577 579//579 585//585
f 583//583 585//585 586//586
f 587//587 588//588 589//589
f 590//590 589//589 572//572
f 588//588 528//528 531//531
f 589//589 531//531 553//553
f 587//587 590//590 591//591
f 591//591 592//592 593//593
f 590//590 571//571 592//592
f 592//592 584//584 594//594
f 587//587 591//591 595//595
f 596//596 595//595 597//597
f 591//591 593//593 598//598
f 595//595 598//598 599//599
f 587//587 596//596 588//588
f 588//588 600//600 528//528
f 596//596 601//601 600//600
f 600//600 602//602 535//535
f 603//603 604//604 605//605
f 606//606 605//605 607//607
f 604//604 608//608 609//609
f 605//605 609//609 610//610
f 603//603 606//606 611//611
f 611//611 612//612 613//613
f 606//606 614//614 612//612
f 612//612 615//615 616//616
f 603//603 611//611 617//617
f 618//618 617//617 581//581
f 611//611 613//613 619//619
f 617//617 619//619 620//620
f 603//603 618//618 604//604
f 604//604 621//621 608//608
f 618//618 580//580 621//621
f 621//621 575//575 622//622
f 623//623 624//624 625//625
f 625//625 626//626 608//608
f 624//624 627//627 626//626
f 626//626 628//628 609//609
f 623//623 625//625 629//629
f 630//630 629//629 565//565
f 625//625 608//608 622//622
f 629//629 622//622 576//576
f 623//623 630//630 631//631
f 631//631 632//632 633//633
f 630//630 564//564 632//632
f 632//632 560//560 634//634
f 623//623 631//631 635//635
f 624//624 635//635 636//636
f 631//631 633//633 637//637
f 635//635 637//637 638//638
f 639//639 640//640 641//641
f 642//642 641//641 628//628
f 640//640 643//643 644//644
f 641//641 644//644 610//610
f 639//639 642//642 645//645
f 645//645 646//646 647//647
f 642//642 627//627 646//646
f 646//646 636//636 648//648
f 639//639 645//645 649//649
f 650//650 649//649 438//438
f 645//645 647//647 651//651
f 649//649 651//651 652//652
f 639//639 650//650 640//640
f 640//640 653//653 643//643
f 650//650 437//437 653//653
f 653//653 432//432 654//654
f 655//655 656//656 657//657
f 657//657 658//658 643//643
f 656//656 614//614 658//658
f 658//658 607//607 644//644
f 655//655 657//657 659//659
f 660//660 659//659 422//422
f 657//657 643//643 654//654
f 659//659 654//654 433//433
f 655//655 660//660 661//661
f 661//661 662//662 663//663
f 660//660 421//421 662//662
f 662//662 418//418 664//664
f 655//655 661//661 665//665
f 656//656 665//665 615//615
f 661//661 663//663 666//666
f 665//665 666//666 667//667
f 668//668 669//669 670//670
f 671//671 670//670 672//672
f 669//669 673//673 674//674
f 670//670 674//674 675//675
f 668//668 677//677 669//669
f 669//669 678//678 673//673
f 677//677 199//199 678//678
f 678//678 195//195 679//679
f 680//680 681//681 682//682
f 682//682 683//683 673//673
f 681//681 684//684 683//683
f 683//683 685//685 674//674
f 680//680 682//682 686//686
f 687//687 686//686 187//187
f 682//682 673//673 679//679
f 686//686 679//679 196//196
f 680//680 687//687 688//688
f 688//688 689//689 690//690
f 687//687 186//186 689//689
f 689//689 182//182 691//691
f 680//680 688//688 692//692
f 681//681 692//692 693//693
f 688//688 690//690 694//694
f 692//692 694//694 695//695
f 696//696 697//697 698//698
f 699//699 700//700 684//684
f 697//697 701//701 702//702
f 700//700 703//703 685//685
f 696//696 698//698 704//704
f 705//705 704//704 706//706
f 699//699 684//684 707//707
f 707//707 693//693 708//708
f 696//696 705//705 709//709
f 709//709 710//710 711//711
f 705//705 706//706 710//710
f 710//710 712//712 713//713
f 696//696 709//709 714//714
f 697//697 714//714 715//715
f 709//709 711//711 716//716
f 714//714 716//716 717//717
f 718//718 719//719 720//720
f 721//721 720//720 722//722
f 723//723 676//676 672//672
f 724//724 672//672 675//675
f 718//718 721//721 725//725
f 725//725 726//726 727//727
f 721//721 701//701 726//726
f 726//726 715//715 728//728
f 718//718 725//725 729//729
f 725//725 727//727 730//730
f 731//731 732//732 733//733
f 734//734 735//735 736//736
f 732//732 737//737 738//738
f 735//735 739//739 740//740
f 731//731 733//733 741//741
f 742//742 741//741 743//743
f 734//734 736//736 744//744
f 745//745 744//744 266//266
f 731//731 742//742 746//746
f 746//746 747//747 452//452
f 742//742 255//255 747//747
f 747//747 251//251 457//457
f 731//731 746//746 748//748
f 732//732 748//748 749//749
f 746//746 452//452 453//453
f 748//748 453//453 443//443
f 750//750 751//751 752//752
f 753//753 752//752 754//754
f 755//755 756//756 757//757
f 758//758 759//759 760//760
f 750//750 753//753 761//761
f 761//761 762//762 436//436
f 753//753 737//737 762//762
f 762//762 749//749 442//442
f 750//750 761//761 763//763
f 764//764 763//763 765//765
f 761//761 436//436 439//439
f 763//763 439//439 652//652
f 750//750 764//764 751//751
f 755//755 766//766 756//756
f 764//764 767//767 768//768
f 766//766 769//769 770//770
f 771//771 772//772 773//773
f 773//773 774//774 756//756
f 775//775 776//776 777//777
f 777//777 778//778 759//759
f 771//771 773//773 779//779
f 780//780 779//779 781//781
f 773//773 756//756 770//770
f 779//779 770//770 782//782
f 771//771 780//780 783//783
f 783//783 784//784 706//706
f 780//780 785//785 784//784
f 784//784 786//786 712//712
f 771//771 783//783 787//787
f 775//775 788//788 789//789
f 783//783 706//706 790//790
f 788//788 708//708 695//695
f 791//791 792//792 793//793
f 794//794 793//793 778//778
f 792//792 736//736 740//740
f 793//793 740//740 760//760
f 791//791 794//794 795//795
f 795//795 796//796 690//690
f 794//794 776//776 796//796
f 796//796 789//789 694//694
f 791//791 795//795 797//797
f 798//798 797//797 270//270
f 795//795 690//690 691//691
f 797//797 691//691 184//184
f 791//791 798//798 792//792
f 792//792 799//799 736//736
f 798//798 269//269 799//799
f 799//799 265//265 744//744
f 800//800 801//801 802//802
f 803//803 802//802 804//804
f 801//801 805//805 802//802
f 802//802 806//806 804//804
f 800//800 803//803 807//807
f 807//807 808//808 314//314
f 803//803 809//809 808//808
f 808//808 810//810 318//318
f 800//800 807//807 811//811
f 807//807 314//314 315//315
f 800//800 812//812 801//801
f 801//801 813//813 805//805
f 815//815 816//816 817//817
f 818//818 817//817 806//806
f 816//816 819//819 820//820
f 817//817 820//820 821//821
f 815//815 818//818 822//822
f 822//822 823//823 824//824
f 818//818 805//805 823//823
f 815//815 822//822 825//825
f 826//826 825//825 827//827
f 822//822 824//824 828//828
f 825//825 828//828 829//829
f 815//815 826//826 816//816
f 816//816 830//830 819//819
f 826//826 831//831 830//830
f 830//830 832//832 833//833
f 834//834 835//835 836//836
f 836//836 837//837 819//819
f 835//835 838//838 837//837
f 837//837 839//839 820//820
f 834//834 836//836 840//840
f 841//841 840//840 842//842
f 836//836 819//819 833//833
f 840//840 833//833 843//843
f 834//834 841//841 844//844
f 844//844 845//845 846//846
f 841//841 847//847 845//845
f 845//845 848//848 849//849
f 834//834 844//844 850//850
f 835//835 850//850 851//851
f 844//844 846//846 852//852
f 850//850 852//852 853//853
f 854//854 855//855 856//856
f 857//857 856//856 839//839
f 855//855 809//809 856//856
f 856//856 804//804 821//821
f 854//854 857//857 858//858
f 858//858 859//859 860//860
f 857//857 838//838 859//859
f 859//859 851//851 861//861
f 854//854 858//858 862//862
f 862//862 863//863 326//326
f 858//858 860//860 863//863
f 863//863 864//864 331//331
f 854//854 862//862 865//865
f 855//855 865//865 810//810
f 862//862 326//326 327//327
f 865//865 327//327 319//319
f 866//866 867//867 868//868
f 869//869 868//868 870//870
f 867//867 871//871 872//872
f 868//868 872//872 873//873
f 866//866 869//869 874//874
f 874//874 875//875 876//876
f 869//869 877//877 875//875
f 875//875 878//878 879//879
f 866//866 874//874 880//880
f 881//881 880//880 882//882
f 874//874 876//876 883//883
f 880//880 883//883 884//884
f 866//866 881//881 867//867
f 867//867 885//885 871//871
f 881//881 886//886 885//885
f 885//885 887//887 888//888
f 889//889 890//890 891//891
f 891//891 892//892 871//871
f 890//890 893//893 892//892
f 892//892 894//894 872//872
f 889//889 891//891 895//895
f 891//891 871//871 888//888
f 895//895 888//888 897//897
f 889//889 896//896 898//898
f 898//898 899//899 727//727
f 889//889 898//898 900//900
f 890//890 900//900 901//901
f 898//898 727//727 728//728
f 900//900 728//728 717//717
f 902//902 903//903 904//904
f 905//905 904//904 894//894
f 903//903 906//906 907//907
f 904//904 907//907 873//873
f 902//902 905//905 908//908
f 908//908 909//909 711//711
f 905//905 893//893 909//909
f 909//909 901//901 716//716
f 902//902 908//908 910//910
f 911//911 910//910 912//912
f 908//908 711//711 713//713
f 910//910 713//713 913//913
f 902//902 911//911 903//903
f 903//903 914//914 906//906
f 911//911 915//915 914//914
f 914//914 916//916 917//917
f 918//918 919//919 920//920
f 920//920 921//921 906//906
f 919//919 877//877 921//921
f 921//921 870//870 907//907
f 918//918 920//920 922//922
f 923//923 922//922 924//924
f 920//920 906//906 917//917
f 922//922 917//917 925//925
f 918//918 923//923 926//926
f 926//926 927//927 928//928
f 923//923 929//929 927//927
f 927//927 930//930 931//931
f 918//918 926//926 932//932
f 919//919 932//932 878//878
f 926//926 928//928 933//933
f 932//932 933//933 934//934
f 935//935 936//936 937//937
f 938//938 939//939 940//940
f 936//936 941//941 942//942
f 939//939 943//943 944//944
f 935//935 937//937 945//945
f 946//946 945//945 947//947
f 938//938 940//940 948//948
f 949//949 948//948 782//782
f 935//935 946//946 950//950
f 950//950 951//951 647//647
f 946//946 767//767 951//951
f 951//951 765//765 651//651
f 935//935 950//950 952//952
f 936//936 952//952 953//953
f 950//950 647//647 648//648
f 952//952 648//648 638//638
f 954//954 955//955 956//956
f 957//957 956//956 958//958
f 959//959 960//960 961//961
f 962//962 961//961 963//963
f 954//954 957//957 964//964
f 964//964 965//965 633//633
f 957//957 941//941 965//965
f 965//965 953//953 637//637
f 954//954 964//964 966//966
f 967//967 966//966 968//968
f 964//964 633//633 634//634
f 966//966 634//634 562//562
f 954//954 967//967 955//955
f 959//959 969//969 960//960
f 967//967 970//970 971//971
f 969//969 972//972 973//973
f 974//974 975//975 976//976
f 976//976 977//977 960//960
f 975//975 978//978 977//977
f 977//977 979//979 961//961
f 974//974 976//976 980//980
f 981//981 980//980 982//982
f 976//976 960//960 973//973
f 980//980 973//973 983//983
f 974//974 981//981 984//984
f 984//984 985//985 929//929
f 981//981 986//986 985//985
f 985//985 987//987 930//930
f 974//974 984//984 988//988
f 975//975 988//988 989//989
f 984//984 929//929 924//924
f 988//988 924//924 925//925
f 990//990 991//991 992//992
f 993//993 992//992 979//979
f 991//991 940//940 944//944
f 992//992 944//944 963//963
f 990//990 993//993 994//994
f 994//994 995//995 916//916
f 993//993 978//978 995//995
f 995//995 989//989 916//916
f 990//990 994//994 996//996
f 997//997 996//996 786//786
f 994//994 915//915 996//996
f 996//996 912//912 786//786
f 990//990 997//997 991//991
f 991//991 998//998 940//940
f 997//997 785//785 998//998
f 998//998 781//781 948//948
f 1000//1000 1001//1001 1002//1002
f 1002//1002 1003//1003 1004//1004
f 1001//1001 1005//1005 1003//1003
f 1003//1003 1006//1006 1007//1007
f 1000//1000 1002//1002 1008//1008
f 1009//1009 1008//1008 1010//1010
f 1002//1002 1004//1004 1011//1011
f 1008//1008 1011//1011 1012//1012
f 1000//1000 1009//1009 1013//1013
f 1014//1014 1015//1015 613//613
f 1009//1009 1016//1016 1017//1017
f 1015//1015 1018//1018 619//619
f 1000//1000 1013//1013 1019//1019
f 1001//1001 1019//1019 1020//1020
f 1014//1014 613//613 616//616
f 1021//1021 616//616 667//667
f 1022//1022 1023//1023 1024//1024
f 1025//1025 1024//1024 1006//1006
f 1023//1023 1026//1026 1024//1024
f 1024//1024 1027//1027 1006//1006
f 1022//1022 1025//1025 1028//1028
f 1029//1029 1030//1030 663//663
f 1025//1025 1005//1005 1031//1031
f 1030//1030 1032//1032 666//666
f 1022//1022 1028//1028 1033//1033
f 1034//1034 1033//1033 1035//1035
f 1029//1029 663//663 664//664
f 1036//1036 664//664 419//419
f 1022//1022 1034//1034 1037//1037
f 1023//1023 1037//1037 1038//1038
f 1034//1034 352//352 346//346
f 1037//1037 346//346 403//403
f 1039//1039 1040//1040 1041//1041
f 1042//1042 1041//1041 1027//1027
f 1040//1040 1043//1043 1044//1044
f 1041//1041 1044//1044 1045//1045
f 1039//1039 1042//1042 1046//1046
f 1046//1046 1047//1047 399//399
f 1042//1042 1026//1026 1047//1047
f 1047//1047 1038//1038 402//402
f 1039//1039 1046//1046 1048//1048
f 1049//1049 1048//1048 864//864
f 1046//1046 399//399 400//400
f 1048//1048 400//400 332//332
f 1039//1039 1049//1049 1040//1040
f 1040//1040 1050//1050 1043//1043
f 1049//1049 860//860 1050//1050
f 1050//1050 861//861 853//853
f 1051//1051 1052//1052 1053//1053
f 1054//1054 1053//1053 1044//1044
f 1052//1052 1004//1004 1007//1007
f 1053//1053 1007//1007 1044//1044
f 1051//1051 1054//1054 1055//1055
f 1055//1055 1056//1056 846//846
f 1054//1054 1043//1043 1056//1056
f 1056//1056 1057//1057 852//852
f 1051//1051 1055//1055 1058//1058
f 1059//1059 1058//1058 1060//1060
f 1055//1055 846//846 849//849
f 1058//1058 849//849 1061//1061
f 1051//1051 1059//1059 1052//1052
f 1052//1052 1062//1062 1004//1004
f 1059//1059 1060//1060 1063//1063
f 1062//1062 1063//1063 1011//1011
f 1064//1064 1065//1065 1066//1066
f 1066//1066 1067//1067 1068//1068
f 1065//1065 1069//1069 1067//1067
f 1067//1067 1070//1070 1071//1071
f 1064//1064 1066//1066 1072//1072
f 1073//1073 1072//1072 832//832
f 1066//1066 1068//1068 1074//1074
f 1072//1072 1074//1074 843//843
f 1064//1064 1073//1073 1075//1075
f 1075//1075 1076//1076 1077//1077
f 1073//1073 831//831 1076//1076
f 1076//1076 827//827 1078//1078
f 1064//1064 1075//1075 1079//1079
f 1065//1065 1079//1079 1080//1080
f 1075//1075 1077//1077 1081//1081
f 1079//1079 1081//1081 1082//1082
f 1083//1083 1084//1084 1085//1085
f 1086//1086 1085//1085 1070//1070
f 1084//1084 1087//1087 1088//1088
f 1085//1085 1088//1088 1089//1089
f 1083//1083 1086//1086 1090//1090
f 1090//1090 1091//1091 1092//1092
f 1086//1086 1069//1069 1091//1091
f 1091//1091 1080//1080 1093//1093
f 1083//1083 1090//1090 1094//1094
f 1095//1095 1094//1094 1096//1096
f 1090//1090 1092//1092 1097//1097
f 1094//1094 1097//1097 1098//1098
f 1083//1083 1095//1095 1084//1084
f 1084//1084 1099//1099 1087//1087
f 1095//1095 1100//1100 1099//1099
f 1099//1099 1101//1101 1102//1102
f 1103//1103 1104//1104 1105//1105
f 1105//1105 1106//1106 1087//1087
f 1104//1104 1107//1107 1106//1106
f 1106//1106 1108//1108 1088//1088
f 1103//1103 1105//1105 1109//1109
f 1110//1110 1109//1109 1111//1111
f 1105//1105 1087//1087 1102//1102
f 1109//1109 1102//1102 1112//1112
f 1103//1103 1110//1110 1113//1113
f 1113//1113 1114//1114 1115//1115
f 1110//1110 1116//1116 1114//1114
f 1114//1114 1117//1117 1118//1118
f 1103//1103 1113//1113 1119//1119
f 1104//1104 1119//1119 1120//1120
f 1113//1113 1115//1115 1121//1121
f 1119//1119 1121//1121 1122//1122
f 1123//1123 1124//1124 1125//1125
f 1126//1126 1125//1125 1108//1108
f 1124//1124 1068//1068 1071//1071
f 1125//1125 1071//1071 1089//1089
f 1123//1123 1126//1126 1127//1127
f 1127//1127 1128//1128 1129//1129
f 1126//1126 1107//1107 1128//1128
f 1128//1128 1120//1120 1130//1130
f 1123//1123 1127//1127 1131//1131
f 1132//1132 1131//1131 848//848
f 1127//1127 1129//1129 1133//1133
f 1131//1131 1133//1133 1134//1134
f 1123//1123 1132//1132 1124//1124
f 1124//1124 1135//1135 1068//1068
f 1132//1132 847//847 1135//1135
f 1135//1135 842//842 1074//1074
f 1136//1136 1137//1137 1138//1138
f 1138//1138 1139//1139 1140//1140
f 1137//1137 1141//1141 1139//1139
f 1139//1139 1142//1142 1143//1143
f 1136//1136 1138//1138 1144//1144
f 1145//1145 1144//1144 1101//1101
f 1138//1138 1140//1140 1146//1146
f 1144//1144 1146//1146 1112//1112
f 1136//1136 1145//1145 1147//1147
f 1147//1147 1148//1148 1149//1149
f 1145//1145 1100//1100 1148//1148
f 1148//1148 1096//1096 1150//1150
f 1136//1136 1147//1147 1151//1151
f 1137//1137 1151//1151 1152//1152
f 1147//1147 1149//1149 1153//1153
f 1151//1151 1153//1153 1154//1154
f 1155//1155 1156//1156 1157//1157
f 1158//1158 1157//1157 1142//1142
f 1156//1156 1159//1159 1160//1160
f 1157//1157 1160//1160 1161//1161
f 1155//1155 1158//1158 1162//1162
f 1162//1162 1163//1163 1164//1164
f 1158//1158 1141//1141 1163//1163
f 1163//1163 1152//1152 1165//1165
f 1155//1155 1162//1162 1166//1166
f 1167//1167 1166//1166 1168//1168
f 1162//1162 1164//1164 1169//1169
f 1166//1166 1169//1169 1170//1170
f 1155//1155 1167//1167 1156//1156
f 1156//1156 1171//1171 1159//1159
f 1167//1167 1168//1168 1172//1172
f 1171//1171 1172//1172 1173//1173
f 1174//1174 1175//1175 1176//1176
f 1176//1176 1177//1177 1159//1159
f 1175//1175 1178//1178 1177//1177
f 1177//1177 1179//1179 1160//1160
f 1174//1174 1176//1176 1180//1180
f 1181//1181 1180//1180 1182//1182
f 1176//1176 1159//1159 1173//1173
f 1180//1180 1173//1173 1183//1183
f 1174//1174 1181//1181 1184//1184
f 1184//1184 1185//1185 1186//1186
f 1181//1181 1187//1187 1185//1185
f 1185//1185 1188//1188 1189//1189
f 1174//1174 1184//1184 1190//1190
f 1175//1175 1190//1190 1191//1191
f 1184//1184 1186//1186 1192//1192
f 1190//1190 1192//1192 1193//1193
f 1194//1194 1195//1195 1196//1196
f 1197//1197 1196//1196 1179//1179
f 1195//1195 1140//1140 1143//1143
f 1196//1196 1143//1143 1161//1161
f 1194//1194 1197//1197 1198//1198
f 1198//1198 1199//1199 1200//1200
f 1197//1197 1178//1178 1199//1199
f 1199//1199 1191//1191 1201//1201
f 1194//1194 1198//1198 1202//1202
f 1203//1203 1202//1202 1117//1117
f 1198//1198 1200//1200 1204//1204
f 1202//1202 1204//1204 1205//1205
f 1194//1194 1203//1203 1195//1195
f 1195//1195 1206//1206 1140//1140
f 1203//1203 1116//1116 1206//1206
f 1206//1206 1111//1111 1146//1146
f 1207//1207 1208//1208 1209//1209
f 1210//1210 1209//1209 1211//1211
f 1208//1208 1212//1212 1213//1213
f 1209//1209 1213//1213 1214//1214
f 1207//1207 1210//1210 1215//1215
f 1215//1215 1216//1216 1168//1168
f 1210//1210 1217//1217 1216//1216
f 1216//1216 1218//1218 1172//1172
f 1207//1207 1215//1215 1219//1219
f 1220//1220 1219//1219 1221//1221
f 1215//1215 1168//1168 1170//1170
f 1219//1219 1170//1170 1222//1222
f 1207//1207 1220//1220 1208//1208
f 1208//1208 1223//1223 1212//1212
f 1220//1220 1224//1224 1223//1223
f 1223//1223 1225//1225 1226//1226
f 1227//1227 1228//1228 1229//1229
f 1229//1229 1230//1230 1212//1212
f 1228//1228 1231//1231 1230//1230
f 1230//1230 1232//1232 1213//1213
f 1227//1227 1229//1229 1233//1233
f 1234//1234 1233//1233 1235//1235
f 1229//1229 1212//1212 1226//1226
f 1233//1233 1226//1226 1236//1236
f 1227//1227 1234//1234 1237//1237
f 1237//1237 1238//1238 876//876
f 1234//1234 1239//1239 1238//1238
f 1238//1238 1240//1240 883//883
f 1227//1227 1237//1237 1241//1241
f 1228//1228 1241//1241 1242//1242
f 1237//1237 876//876 879//879
f 1241//1241 879//879 934//934
f 1243//1243 1244//1244 1245//1245
f 1246//1246 1245//1245 1232//1232
f 1244//1244 1247//1247 1248//1248
f 1245//1245 1248//1248 1214//1214
f 1243//1243 1246//1246 1249//1249
f 1249//1249 1250//1250 928//928
f 1246//1246 1231//1231 1250//1250
f 1250//1250 1242//1242 933//933
f 1243//1243 1249//1249 1251//1251
f 1252//1252 1251//1251 1253//1253
f 1249//1249 928//928 931//931
f 1251//1251 931//931 1254//1254
f 1243//1243 1252//1252 1244//1244
f 1244//1244 1255//1255 1247//1247
f 1252//1252 1256//1256 1255//1255
f 1255//1255 1257//1257 1258//1258
f 1259//1259 1260//1260 1261//1261
f 1261//1261 1262//1262 1247//1247
f 1260//1260 1217//1217 1262//1262
f 1262//1262 1211//1211 1248//1248
f 1259//1259 1261//1261 1263//1263
f 1264//1264 1263//1263 1265//1265
f 1261//1261 1247//1247 1258//1258
f 1263//1263 1258//1258 1266//1266
f 1259//1259 1264//1264 1267//1267
f 1267//1267 1268//1268 1187//1187
f 1264//1264 1269//1269 1268//1268
f 1268//1268 1270//1270 1188//1188
f 1259//1259 1267//1267 1271//1271
f 1260//1260 1271//1271 1218//1218
f 1267//1267 1187//1187 1182//1182
f 1271//1271 1182//1182 1183//1183
f 1273//1273 1275//1275 1277//1277
f 1278//1278 1277//1277 1169//1169
f 1275//1275 1276//1276 1279//1279
f 1277//1277 1279//1279 1222//1222
f 1273//1273 1278//1278 1274//1274
f 1278//1278 1164//1164 1280//1280
f 1280//1280 1165//1165 1154//1154
f 1281//1281 1282//1282 1149//1149
f 1282//1282 1283//1283 1153//1153
f 1281//1281 1149//1149 1150//1150
f 1284//1284 1150//1150 1098//1098
f 1286//1286 1285//1285 1240//1240
f 1285//1285 999//999 884//884
f 1286//1286 1239//1239 1287//1287
f 1287//1287 1235//1235 1288//1288
f 1289//1289 1290//1290 1291//1291
f 1292//1292 1291//1291 1225//1225
f 1291//1291 1288//1288 1236//1236
f 1289//1289 1292//1292 1293//1293
f 1293//1293 1294//1294 1276//1276
f 1292//1292 1224//1224 1294//1294
f 1294//1294 1221//1221 1279//1279
f 1295//1295 1296//1296 1297//1297
f 1298//1298 1297//1297 1299//1299
f 1296//1296 1300//1300 1301//1301
f 1297//1297 1301//1301 1302//1302
f 1295//1295 1298//1298 1303//1303
f 1303//1303 1304//1304 1305//1305
f 1298//1298 1306//1306 1304//1304
f 1304//1304 1307//1307 1308//1308
f 1309//1309 1310//1310 1311//1311
f 1312//1312 1311//1311 593//593
f 1310//1310 1313//1313 1314//1314
f 1311//1311 1314//1314 599//599
f 1309//1309 1312//1312 1315//1315
f 1315//1315 1316//1316 1317//1317
f 1312//1312 593//593 594//594
f 1316//1316 594//594 586//586
f 1318//1318 1319//1319 1320//1320
f 1321//1321 1320//1320 1301//1301
f 1319//1319 1322//1322 1320//1320
f 1320//1320 1323//1323 1301//1301
f 1318//1318 1321//1321 1324//1324
f 1325//1325 1326//1326 579//579
f 1321//1321 1300//1300 1327//1327
f 1326//1326 1317//1317 585//585
f 1318//1318 1324//1324 1328//1328
f 1329//1329 1328//1328 1330//1330
f 1325//1325 579//579 582//582
f 1331//1331 582//582 620//620
f 1318//1318 1329//1329 1319//1319
f 1319//1319 1332//1332 1322//1322
f 1329//1329 1016//1016 1332//1332
f 1332//1332 1010//1010 1333//1333
f 1334//1334 1335//1335 1336//1336
f 1337//1337 1336//1336 1323//1323
f 1335//1335 1338//1338 1339//1339
f 1336//1336 1339//1339 1302//1302
f 1334//1334 1337//1337 1340//1340
f 1340//1340 1341//1341 1060//1060
f 1337//1337 1322//1322 1341//1341
f 1341//1341 1333//1333 1012//1012
f 1334//1334 1340//1340 1342//1342
f 1343//1343 1342//1342 1344//1344
f 1340//1340 1060//1060 1061//1061
f 1342//1342 1061//1061 1134//1134
f 1334//1334 1343//1343 1335//1335
f 1335//1335 1345//1345 1338//1338
f 1343//1343 1346//1346 1345//1345
f 1345//1345 1347//1347 1348//1348
f 1349//1349 1350//1350 1351//1351
f 1351//1351 1352//1352 1338//1338
f 1350//1350 1306//1306 1352//1352
f 1352//1352 1299//1299 1339//1339
f 1349//1349 1351//1351 1353//1353
f 1354//1354 1353//1353 1355//1355
f 1351//1351 1338//1338 1348//1348
f 1353//1353 1348//1348 1356//1356
f 1349//1349 1354//1354 1357//1357
f 1357//1357 1358//1358 1359//1359
f 1354//1354 1360//1360 1358//1358
f 1358//1358 1361//1361 1362//1362
f 1349//1349 1357//1357 1363//1363
f 1350//1350 1363//1363 1307//1307
f 1357//1357 1359//1359 1364//1364
f 1363//1363 1364//1364 1365//1365
f 1366//1366 1367//1367 1368//1368
f 1368//1368 1369//1369 1370//1370
f 1367//1367 1371//1371 1369//1369
f 1369//1369 1372//1372 1373//1373
f 1374//1374 1375//1375 1376//1376
f 1377//1377 1376//1376 1378//1378
f 1375//1375 1379//1379 1380//1380
f 1376//1376 1380//1380 1381//1381
f 1374//1374 1377//1377 1382//1382
f 1382//1382 1383//1383 1313//1313
f 1377//1377 1384//1384 1383//1383
f 1383//1383 1385//1385 1314//1314
f 1366//1366 1386//1386 1387//1387
f 1367//1367 1387//1387 1388//1388
f 1386//1386 1305//1305 1308//1308
f 1387//1387 1308//1308 1365//1365
f 1389//1389 1390//1390 1391//1391
f 1392//1392 1391//1391 1372//1372
f 1390//1390 1393//1393 1394//1394
f 1391//1391 1394//1394 1395//1395
f 1389//1389 1392//1392 1396//1396
f 1396//1396 1397//1397 1359//1359
f 1392//1392 1371//1371 1397//1397
f 1397//1397 1388//1388 1364//1364
f 1389//1389 1396//1396 1398//1398
f 1399//1399 1398//1398 1400//1400
f 1396//1396 1359//1359 1362//1362
f 1398//1398 1362//1362 1401//1401
f 1389//1389 1399//1399 1390//1390
f 1390//1390 1402//1402 1393//1393
f 1399//1399 1403//1403 1402//1402
f 1402//1402 1404//1404 1405//1405
f 1406//1406 1407//1407 1408//1408
f 1408//1408 1409//1409 1393//1393
f 1407//1407 1410//1410 1409//1409
f 1409//1409 1411//1411 1394//1394
f 1406//1406 1408//1408 1412//1412
f 1413//1413 1412//1412 1414//1414
f 1408//1408 1393//1393 1405//1405
f 1412//1412 1405//1405 1415//1415
f 1406//1406 1413//1413 1416//1416
f 1416//1416 1417//1417 1418//1418
f 1413//1413 1419//1419 1417//1417
f 1417//1417 1420//1420 1421//1421
f 1406//1406 1416//1416 1422//1422
f 1407//1407 1422//1422 1423//1423
f 1416//1416 1418//1418 1424//1424
f 1422//1422 1424//1424 1425//1425
f 1426//1426 1427//1427 1428//1428
f 1429//1429 1428//1428 1411//1411
f 1427//1427 1370//1370 1373//1373
f 1428//1428 1373//1373 1395//1395
f 1426//1426 1429//1429 1430//1430
f 1430//1430 1431//1431 1432//1432
f 1429//1429 1410//1410 1431//1431
f 1431//1431 1423//1423 1433//1433
f 1434//1434 1435//1435 1436//1436
f 1437//1437 1436//1436 1438//1438
f 1435//1435 1439//1439 1440//1440
f 1436//1436 1440//1440 1441//1441
f 1434//1434 1437//1437 1442//1442
f 1442//1442 1443//1443 1379//1379
f 1437//1437 1444//1444 1443//1443
f 1443//1443 1445//1445 1380//1380
f 1446//1446 1447//1447 1448//1448
f 1448//1448 1449//1449 1450//1450
f 1447//1447 1451//1451 1449//1449
f 1449//1449 1452//1452 1453//1453
f 1446//1446 1448//1448 1454//1454
f 1455//1455 1454//1454 1347//1347
f 1448//1448 1450//1450 1456//1456
f 1454//1454 1456//1456 1356//1356
f 1446//1446 1455//1455 1457//1457
f 1457//1457 1458//1458 1129//1129
f 1455//1455 1346//1346 1458//1458
f 1458//1458 1344//1344 1133//1133
f 1446//1446 1457//1457 1459//1459
f 1447//1447 1459//1459 1460//1460
f 1457//1457 1129//1129 1130//1130
f 1459//1459 1130//1130 1122//1122
f 1461//1461 1462//1462 1463//1463
f 1464//1464 1463//1463 1452//1452
f 1462//1462 1465//1465 1463//1463
f 1463//1463 1466//1466 1467//1467
f 1461//1461 1464//1464 1468//1468
f 1468//1468 1469//1469 1115//1115
f 1464//1464 1451//1451 1469//1469
f 1469//1469 1460//1460 1121//1121
f 1461//1461 1468//1468 1470//1470
f 1471//1471 1470//1470 1472//1472
f 1468//1468 1115//1115 1118//1118
f 1470//1470 1118//1118 1473//1473
f 1461//1461 1471//1471 1462//1462
f 1462//1462 1474//1474 1475//1475
f 1471//1471 1472//1472 1476//1476
f 1474//1474 1476//1476 1477//1477
f 1478//1478 1479//1479 1480//1480
f 1481//1481 1480//1480 1466//1466
f 1479//1479 1450//1450 1453//1453
f 1480//1480 1453//1453 1467//1467
f 1478//1478 1481//1481 1482//1482
f 1482//1482 1483//1483 1484//1484
f 1481//1481 1465//1465 1483//1483
f 1483//1483 1475//1475 1485//1485
f 1478//1478 1482//1482 1486//1486
f 1487//1487 1486//1486 1361//1361
f 1482//1482 1484//1484 1488//1488
f 1486//1486 1488//1488 1401//1401
f 1478//1478 1487//1487 1479//1479
f 1479//1479 1489//1489 1450//1450
f 1487//1487 1360//1360 1489//1489
f 1489//1489 1355//1355 1456//1456
f 1490//1490 1491//1491 1492//1492
f 1492//1492 1493//1493 1494//1494
f 1491//1491 1495//1495 1493//1493
f 1493//1493 1496//1496 1497//1497
f 1490//1490 1492//1492 1498//1498
f 1499//1499 1498//1498 1500//1500
f 1492//1492 1494//1494 1501//1501
f 1498//1498 1501//1501 1502//1502
f 1490//1490 1499//1499 1503//1503
f 1503//1503 1504//1504 1200//1200
f 1499//1499 1505//1505 1504//1504
f 1504//1504 1506//1506 1204//1204
f 1490//1490 1503//1503 1507//1507
f 1491//1491 1507//1507 1508//1508
f 1503//1503 1200//1200 1201//1201
f 1507//1507 1201//1201 1193//1193
f 1509//1509 1510//1510 1511//1511
f 1512//1512 1511//1511 1496//1496
f 1510//1510 1513//1513 1514//1514
f 1511//1511 1514//1514 1515//1515
f 1509//1509 1512//1512 1516//1516
f 1516//1516 1517//1517 1186//1186
f 1512//1512 1495//1495 1517//1517
f 1517//1517 1508//1508 1192//1192
f 1509//1509 1516//1516 1518//1518
f 1519//1519 1518//1518 1520//1520
f 1516//1516 1186//1186 1189//1189
f 1518//1518 1189//1189 1521//1521
f 1509//1509 1519//1519 1510//1510
f 1510//1510 1522//1522 1523//1523
f 1519//1519 1520//1520 1524//1524
f 1522//1522 1524//1524 1525//1525
f 1526//1526 1527//1527 1528//1528
f 1529//1529 1528//1528 1513//1513
f 1527//1527 1530//1530 1528//1528
f 1528//1528 1531//1531 1514//1514
f 1526//1526 1529//1529 1532//1532
f 1532//1532 1533//1533 1534//1534
f 1529//1529 1513//1513 1533//1533
f 1533//1533 1523//1523 1535//1535
f 1526//1526 1532//1532 1536//1536
f 1537//1537 1536//1536 1538//1538
f 1532//1532 1534//1534 1539//1539
f 1536//1536 1539//1539 1540//1540
f 1526//1526 1537//1537 1527//1527
f 1527//1527 1541//1541 1542//1542
f 1537//1537 1543//1543 1541//1541
f 1541//1541 1544//1544 1545//1545
f 1546//1546 1547//1547 1548//1548
f 1549//1549 1548//1548 1531//1531
f 1547//1547 1494//1494 1497//1497
f 1548//1548 1497//1497 1515//1515
f 1546//1546 1549//1549 1550//1550
f 1550//1550 1551//1551 1552//1552
f 1549//1549 1530//1530 1551//1551
f 1551//1551 1542//1542 1553//1553
f 1546//1546 1550//1550 1554//1554
f 1555//1555 1554//1554 1556//1556
f 1550//1550 1552//1552 1557//1557
f 1554//1554 1557//1557 1558//1558
f 1546//1546 1555//1555 1547//1547
f 1547//1547 1559//1559 1494//1494
f 1555//1555 1560//1560 1559//1559
f 1559//1559 1561//1561 1501//1501
f 1562//1562 1563//1563 1564//1564
f 1565//1565 1564//1564 1566//1566
f 1563//1563 1567//1567 1568//1568
f 1564//1564 1568//1568 1569//1569
f 1562//1562 1565//1565 1570//1570
f 1570//1570 1571//1571 1472//1472
f 1565//1565 1572//1572 1571//1571
f 1571//1571 1573//1573 1476//1476
f 1562//1562 1570//1570 1574//1574
f 1575//1575 1574//1574 1506//1506
f 1570//1570 1472//1472 1473//1473
f 1574//1574 1473//1473 1506//1506
f 1562//1562 1575//1575 1563//1563
f 1563//1563 1576//1576 1567//1567
f 1575//1575 1505//1505 1576//1576
f 1576//1576 1500//1500 1577//1577
f 1578//1578 1579//1579 1580//1580
f 1580//1580 1581//1581 1567//1567
f 1579//1579 1582//1582 1581//1581
f 1581//1581 1583//1583 1568//1568
f 1578//1578 1580//1580 1584//1584
f 1585//1585 1584//1584 1561//1561
f 1580//1580 1567//1567 1577//1577
f 1584//1584 1577//1577 1502//1502
f 1578//1578 1585//1585 1586//1586
f 1586//1586 1587//1587 1588//1588
f 1585//1585 1560//1560 1587//1587
f 1587//1587 1556//1556 1589//1589
f 1578//1578 1586//1586 1590//1590
f 1579//1579 1590//1590 1591//1591
f 1586//1586 1588//1588 1592//1592
f 1590//1590 1592//1592 1593//1593
f 1594//1594 1595//1595 1596//1596
f 1597//1597 1596//1596 1583//1583
f 1595//1595 1598//1598 1599//1599
f 1596//1596 1599//1599 1569//1569
f 1594//1594 1597//1597 1600//1600
f 1600//1600 1601//1601 1602//1602
f 1597//1597 1582//1582 1601//1601
f 1601//1601 1591//1591 1603//1603
f 1594//1594 1600//1600 1604//1604
f 1605//1605 1604//1604 1420//1420
f 1600//1600 1602//1602 1606//1606
f 1604//1604 1606//1606 1607//1607
f 1594//1594 1605//1605 1595//1595
f 1595//1595 1608//1608 1598//1598
f 1605//1605 1419//1419 1608//1608
f 1608//1608 1414//1414 1609//1609
f 1610//1610 1611//1611 1612//1612
f 1612//1612 1613//1613 1598//1598
f 1611//1611 1572//1572 1613//1613
f 1613//1613 1566//1566 1599//1599
f 1610//1610 1612//1612 1614//1614
f 1615//1615 1614//1614 1404//1404
f 1612//1612 1598//1598 1609//1609
f 1614//1614 1609//1609 1415//1415
f 1610//1610 1615//1615 1616//1616
f 1616//1616 1617//1617 1484//1484
f 1615//1615 1403//1403 1617//1617
f 1617//1617 1400//1400 1488//1488
f 1610//1610 1616//1616 1618//1618
f 1611//1611 1618//1618 1573//1573
f 1616//1616 1484//1484 1485//1485
f 1618//1618 1485//1485 1477//1477
f 1619//1619 1620//1620 1621//1621
f 1622//1622 1621//1621 1623//1623
f 1624//1624 1625//1625 1626//1626
f 1627//1627 1626//1626 1628//1628
f 1619//1619 1622//1622 1629//1629
f 1629//1629 1630//1630 539//539
f 1622//1622 1631//1631 1630//1630
f 1630//1630 1632//1632 545//545
f 1619//1619 1629//1629 1633//1633
f 1634//1634 1633//1633 1635//1635
f 1629//1629 539//539 542//542
f 1633//1633 542//542 1636//1636
f 1619//1619 1634//1634 1620//1620
f 1624//1624 1637//1637 1625//1625
f 1634//1634 1638//1638 1639//1639
f 1637//1637 1640//1640 1641//1641
f 1642//1642 1643//1643 1644//1644
f 1644//1644 1645//1645 1625//1625
f 1643//1643 1646//1646 1645//1645
f 1645//1645 1647//1647 1626//1626
f 1642//1642 1644//1644 1648//1648
f 1649//1649 1648//1648 1650//1650
f 1644//1644 1625//1625 1641//1641
f 1648//1648 1641//1641 1651//1651
f 1642//1642 1649//1649 1652//1652
f 1652//1652 1653//1653 1654//1654
f 1649//1649 1655//1655 1653//1653
f 1653//1653 1656//1656 1657//1657
f 1642//1642 1652//1652 1658//1658
f 1643//1643 1658//1658 1659//1659
f 1652//1652 1654//1654 1660//1660
f 1658//1658 1660//1660 1661//1661
f 1662//1662 1663//1663 1664//1664
f 1665//1665 1664//1664 1647//1647
f 1663//1663 1666//1666 1667//1667
f 1664//1664 1667//1667 1628//1628
f 1662//1662 1665//1665 1668//1668
f 1668//1668 1669//1669 1670//1670
f 1665//1665 1646//1646 1669//1669
f 1669//1669 1659//1659 1671//1671
f 1662//1662 1668//1668 1672//1672
f 1673//1673 1672//1672 987//987
f 1668//1668 1670//1670 1674//1674
f 1672//1672 1674//1674 1254//1254
f 1662//1662 1673//1673 1663//1663
f 1663//1663 1675//1675 1666//1666
f 1673//1673 986//986 1675//1675
f 1675//1675 982//982 1676//1676
f 1677//1677 1678//1678 1679//1679
f 1680//1680 1681//1681 1666//1666
f 1678//1678 1631//1631 1682//1682
f 1681//1681 1683//1683 1667//1667
f 1677//1677 1679//1679 1684//1684
f 1685//1685 1684//1684 1686//1686
f 1680//1680 1666//1666 1676//1676
f 1687//1687 1676//1676 983//983
f 1677//1677 1685//1685 1688//1688
f 1688//1688 1689//1689 556//556
f 1685//1685 970//970 1689//1689
f 1689//1689 968//968 561//561
f 1677//1677 1688//1688 1690//1690
f 1678//1678 1690//1690 1632//1632
f 1688//1688 556//556 557//557
f 1690//1690 557//557 546//546
f 1691//1691 1692//1692 1693//1693
f 1693//1693 1694//1694 1695//1695
f 1692//1692 1696//1696 1694//1694
f 1694//1694 1697//1697 1698//1698
f 1691//1691 1693//1693 1699//1699
f 1700//1700 1699//1699 1257//1257
f 1693//1693 1695//1695 1701//1701
f 1699//1699 1701//1701 1266//1266
f 1691//1691 1700//1700 1702//1702
f 1702//1702 1703//1703 1670//1670
f 1700//1700 1256//1256 1703//1703
f 1703//1703 1253//1253 1674//1674
f 1691//1691 1702//1702 1704//1704
f 1692//1692 1704//1704 1705//1705
f 1702//1702 1670//1670 1671//1671
f 1704//1704 1671//1671 1661//1661
f 1706//1706 1707//1707 1708//1708
f 1709//1709 1708//1708 1697//1697
f 1707//1707 1710//1710 1711//1711
f 1708//1708 1711//1711 1712//1712
f 1706//1706 1709//1709 1713//1713
f 1713//1713 1714//1714 1654//1654
f 1709//1709 1696//1696 1714//1714
f 1714//1714 1705//1705 1660//1660
f 1706//1706 1713//1713 1715//1715
f 1716//1716 1715//1715 1717//1717
f 1713//1713 1654//1654 1657//1657
f 1715//1715 1657//1657 1718//1718
f 1706//1706 1716//1716 1707//1707
f 1707//1707 1719//1719 1710//1710
f 1716//1716 1720//1720 1719//1719
f 1719//1719 1721//1721 1722//1722
f 1723//1723 1724//1724 1725//1725
f 1726//1726 1725//1725 1710//1710
f 1724//1724 1695//1695 1698//1698
f 1725//1725 1698//1698 1712//1712
f 1723//1723 1726//1726 1727//1727
f 1727//1727 1728//1728 1729//1729
f 1726//1726 1710//1710 1722//1722
f 1728//1728 1722//1722 1730//1730
f 1723//1723 1727//1727 1731//1731
f 1732//1732 1731//1731 1270//1270
f 1727//1727 1729//1729 1733//1733
f 1731//1731 1733//1733 1734//1734
f 1723//1723 1732//1732 1724//1724
f 1724//1724 1735//1735 1695//1695
f 1732//1732 1269//1269 1735//1735
f 1735//1735 1265//1265 1701//1701
f 1736//1736 1737//1737 1738//1738
f 1739//1739 1738//1738 1740//1740
f 1737//1737 1741//1741 1742//1742
f 1738//1738 1742//1742 1743//1743
f 1736//1736 1739//1739 1744//1744
f 1744//1744 1745//1745 1746//1746
f 1739//1739 1747//1747 1745//1745
f 1745//1745 1748//1748 1749//1749
f 1736//1736 1744//1744 1750//1750
f 1751//1751 1750//1750 541//541
f 1744//1744 1746//1746 1752//1752
f 1750//1750 1752//1752 1636//1636
f 1736//1736 1751//1751 1737//1737
f 1737//1737 1753//1753 1741//1741
f 1751//1751 540//540 1753//1753
f 1753//1753 534//534 1754//1754
f 1755//1755 1756//1756 1757//1757
f 1757//1757 1758//1758 1741//1741
f 1756//1756 1759//1759 1758//1758
f 1758//1758 1760//1760 1742//1742
f 1755//1755 1757//1757 1761//1761
f 1762//1762 1761//1761 602//602
f 1757//1757 1741//1741 1754//1754
f 1761//1761 1754//1754 536//536
f 1755//1755 1762//1762 1763//1763
f 1763//1763 1764//1764 1385//1385
f 1762//1762 601//601 1764//1764
f 1764//1764 597//597 1385//1385
f 1755//1755 1763//1763 1765//1765
f 1756//1756 1765//1765 1766//1766
f 1763//1763 1384//1384 1765//1765
f 1765//1765 1378//1378 1766//1766
f 1767//1767 1768//1768 1769//1769
f 1770//1770 1769//1769 1760//1760
f 1768//1768 1771//1771 1772//1772
f 1769//1769 1772//1772 1743//1743
f 1767//1767 1770//1770 1773//1773
f 1773//1773 1774//1774 1445//1445
f 1770//1770 1759//1759 1774//1774
f 1774//1774 1766//1766 1381//1381
f 1767//1767 1773//1773 1775//1775
f 1776//1776 1775//1775 1777//1777
f 1773//1773 1444//1444 1775//1775
f 1775//1775 1438//1438 1441//1441
f 1767//1767 1776//1776 1768//1768
f 1768//1768 1778//1778 1771//1771
f 1776//1776 1779//1779 1778//1778
f 1778//1778 1780//1780 1781//1781
f 1782//1782 1783//1783 1784//1784
f 1784//1784 1785//1785 1771//1771
f 1783//1783 1747//1747 1785//1785
f 1785//1785 1740//1740 1772//1772
f 1782//1782 1784//1784 1786//1786
f 1787//1787 1786//1786 1788//1788
f 1784//1784 1771//1771 1781//1781
f 1786//1786 1781//1781 1789//1789
f 1782//1782 1787//1787 1790//1790
f 1790//1790 1791//1791 1792//1792
f 1787//1787 1793//1793 1791//1791
f 1791//1791 1794//1794 1795//1795
f 1782//1782 1790//1790 1796//1796
f 1783//1783 1796//1796 1748//1748
f 1790//1790 1792//1792 1797//1797
f 1796//1796 1797//1797 1798//1798
f 1799//1799 1800//1800 1801//1801
f 1802//1802 1803//1803 1804//1804
f 1800//1800 1805//1805 1806//1806
f 1803//1803 1807//1807 1808//1808
f 1799//1799 1801//1801 1809//1809
f 1810//1810 1809//1809 1811//1811
f 1802//1802 1804//1804 1812//1812
f 1813//1813 1812//1812 1651//1651
f 1799//1799 1810//1810 1814//1814
f 1814//1814 1815//1815 1746//1746
f 1810//1810 1638//1638 1815//1815
f 1815//1815 1635//1635 1752//1752
f 1799//1799 1814//1814 1816//1816
f 1800//1800 1816//1816 1817//1817
f 1814//1814 1746//1746 1749//1749
f 1816//1816 1749//1749 1798//1798
f 1818//1818 1819//1819 1820//1820
f 1821//1821 1820//1820 1822//1822
f 1823//1823 1824//1824 1825//1825
f 1826//1826 1825//1825 1827//1827
f 1818//1818 1821//1821 1828//1828
f 1828//1828 1829//1829 1792//1792
f 1821//1821 1805//1805 1829//1829
f 1829//1829 1817//1817 1797//1797
f 1818//1818 1828//1828 1830//1830
f 1831//1831 1830//1830 1832//1832
f 1828//1828 1792//1792 1795//1795
f 1830//1830 1795//1795 1833//1833
f 1818//1818 1831//1831 1819//1819
f 1823//1823 1834//1834 1824//1824
f 1831//1831 1835//1835 1836//1836
f 1834//1834 1837//1837 1838//1838
f 1839//1839 1840//1840 1841//1841
f 1841//1841 1842//1842 1824//1824
f 1840//1840 1843//1843 1842//1842
f 1842//1842 1844//1844 1825//1825
f 1839//1839 1841//1841 1845//1845
f 1846//1846 1845//1845 1847//1847
f 1841//1841 1824//1824 1838//1838
f 1845//1845 1838//1838 1848//1848
f 1839//1839 1846//1846 1849//1849
f 1849//1849 1850//1850 1851//1851
f 1846//1846 1852//1852 1850//1850
f 1850//1850 1853//1853 1854//1854
f 1839//1839 1849//1849 1855//1855
f 1840//1840 1855//1855 1856//1856
f 1849//1849 1851//1851 1857//1857
f 1855//1855 1857//1857 1858//1858
f 1859//1859 1860//1860 1861//1861
f 1862//1862 1861//1861 1844//1844
f 1860//1860 1804//1804 1808//1808
f 1861//1861 1808//1808 1827//1827
f 1859//1859 1862//1862 1863//1863
f 1863//1863 1864//1864 1865//1865
f 1862//1862 1843//1843 1864//1864
f 1864//1864 1856//1856 1866//1866
f 1859//1859 1863//1863 1867//1867
f 1868//1868 1867//1867 1656//1656
f 1863//1863 1865//1865 1869//1869
f 1867//1867 1869//1869 1718//1718
f 1859//1859 1868//1868 1860//1860
f 1860//1860 1870//1870 1804//1804
f 1868//1868 1655//1655 1870//1870
f 1870//1870 1650//1650 1812//1812
f 1871//1871 1872//1872 1873//1873
f 1874//1874 1873//1873 1875//1875
f 1872//1872 1876//1876 1877//1877
f 1873//1873 1877//1877 1878//1878
f 1871//1871 1874//1874 1879//1879
f 1879//1879 1880//1880 1520//1520
f 1874//1874 1881//1881 1880//1880
f 1880//1880 1882//1882 1524//1524
f 1871//1871 1879//1879 1883//1883
f 1883//1883 1884//1884 1729//1729
f 1879//1879 1520//1520 1884//1884
f 1884//1884 1521//1521 1733//1733
f 1871//1871 1883//1883 1872//1872
f 1872//1872 1885//1885 1876//1876
f 1883//1883 1729//1729 1885//1885
f 1885//1885 1886//1886 1887//1887
f 1888//1888 1889//1889 1890//1890
f 1890//1890 1891//1891 1876//1876
f 1889//1889 1892//1892 1891//1891
f 1891//1891 1893//1893 1877//1877
f 1888//1888 1890//1890 1894//1894
f 1895//1895 1894//1894 1721//1721
f 1890//1890 1876//1876 1887//1887
f 1894//1894 1887//1887 1730//1730
f 1888//1888 1895//1895 1896//1896
f 1896//1896 1897//1897 1865//1865
f 1895//1895 1720//1720 1897//1897
f 1897//1897 1717//1717 1869//1869
f 1888//1888 1896//1896 1898//1898
f 1889//1889 1898//1898 1899//1899
f 1896//1896 1865//1865 1866//1866
f 1898//1898 1866//1866 1858//1858
f 1900//1900 1901//1901 1902//1902
f 1903//1903 1902//1902 1893//1893
f 1901//1901 1904//1904 1905//1905
f 1902//1902 1905//1905 1878//1878
f 1900//1900 1903//1903 1906//1906
f 1906//1906 1907//1907 1851//1851
f 1903//1903 1892//1892 1907//1907
f 1907//1907 1899//1899 1857//1857
f 1900//1900 1906//1906 1908//1908
f 1909//1909 1908//1908 1910//1910
f 1906//1906 1851//1851 1854//1854
f 1908//1908 1854//1854 1911//1911
f 1900//1900 1909//1909 1901//1901
f 1901//1901 1912//1912 1904//1904
f 1909//1909 1913//1913 1912//1912
f 1912//1912 1914//1914 1915//1915
f 1916//1916 1917//1917 1918//1918
f 1918//1918 1919//1919 1904//1904
f 1917//1917 1881//1881 1919//1919
f 1919//1919 1875//1875 1905//1905
f 1916//1916 1918//1918 1920//1920
f 1921//1921 1920//1920 1922//1922
f 1918//1918 1904//1904 1915//1915
f 1920//1920 1915//1915 1923//1923
f 1916//1916 1921//1921 1924//1924
f 1924//1924 1925//1925 1534//1534
f 1921//1921 1926//1926 1925//1925
f 1925//1925 1927//1927 1539//1539
f 1916//1916 1924//1924 1928//1928
f 1917//1917 1928//1928 1882//1882
f 1924//1924 1534//1534 1535//1535
f 1928//1928 1535//1535 1525//1525
f 1929//1929 1930//1930 1931//1931
f 1932//1932 1933//1933 1934//1934
f 1930//1930 1935//1935 1936//1936
f 1933//1933 1937//1937 1938//1938
f 1929//1929 1931//1931 1939//1939
f 1940//1940 1939//1939 1941//1941
f 1932//1932 1934//1934 1942//1942
f 1943//1943 1942//1942 1944//1944
f 1929//1929 1940//1940 1945//1945
f 1945//1945 1946//1946 1947//1947
f 1940//1940 1948//1948 1946//1946
f 1946//1946 1949//1949 1950//1950
f 1929//1929 1945//1945 1930//1930
f 1930//1930 1951//1951 1935//1935
f 1945//1945 1952//1952 1951//1951
f 1951//1951 1953//1953 1954//1954
f 1955//1955 1956//1956 1957//1957
f 1957//1957 1958//1958 1935//1935
f 1959//1959 1960//1960 1961//1961
f 1961//1961 1962//1962 1937//1937
f 1955//1955 1957//1957 1963//1963
f 1964//1964 1963//1963 1965//1965
f 1957//1957 1935//1935 1954//1954
f 1963//1963 1954//1954 1966//1966
f 1955//1955 1964//1964 1967//1967
f 1967//1967 1968//1968 1969//1969
f 1964//1964 1970//1970 1968//1968
f 1968//1968 1971//1971 1972//1972
f 1955//1955 1967//1967 1973//1973
f 1959//1959 1974//1974 1975//1975
f 1967//1967 1969//1969 1976//1976
f 1974//1974 1977//1977 1978//1978
f 1979//1979 1980//1980 1981//1981
f 1981//1981 1982//1982 1962//1962
f 1980//1980 1983//1983 1982//1982
f 1982//1982 1984//1984 1962//1962
f 1979//1979 1981//1981 1985//1985
f 1985//1985 1986//1986 1987//1987
f 1981//1981 1960//1960 1986//1986
f 1986//1986 1975//1975 1988//1988
f 1979//1979 1985//1985 1989//1989
f 1990//1990 1989//1989 1991//1991
f 1985//1985 1987//1987 1992//1992
f 1989//1989 1992//1992 1993//1993
f 1979//1979 1990//1990 1994//1994
f 1980//1980 1994//1994 1995//1995
f 1990//1990 1991//1991 1996//1996
f 1994//1994 1996//1996 1997//1997
f 1998//1998 1999//1999 2000//2000
f 2001//2001 2000//2000 1984//1984
f 1999//1999 1934//1934 1938//1938
f 2000//2000 1938//1938 2002//2002
f 1998//1998 2001//2001 2003//2003
f 2003//2003 2004//2004 2005//2005
f 2001//2001 1983//1983 2004//2004
f 2004//2004 1995//1995 2006//2006
f 1998//1998 2003//2003 2007//2007
f 2008//2008 2007//2007 2009//2009
f 2003//2003 2005//2005 2010//2010
f 2007//2007 2010//2010 2011//2011
f 1998//1998 2008//2008 1999//1999
f 1999//1999 2012//2012 1934//1934
f 2008//2008 2013//2013 2012//2012
f 2012//2012 2014//2014 1942//1942
f 2015//2015 2016//2016 2017//2017
f 2017//2017 2018//2018 2019//2019
f 2016//2016 2020//2020 2018//2018
f 2018//2018 2021//2021 2022//2022
f 2015//2015 2017//2017 2023//2023
f 2024//2024 2023//2023 2025//2025
f 2017//2017 2026//2026 2023//2023
f 2023//2023 2027//2027 2028//2028
f 2015//2015 2024//2024 2029//2029
f 2029//2029 2030//2030 1987//1987
f 2024//2024 2025//2025 2031//2031
f 2030//2030 2031//2031 2032//2032
f 2015//2015 2029//2029 2033//2033
f 2016//2016 2033//2033 2034//2034
f 2029//2029 1987//1987 1988//1988
f 2033//2033 1988//1988 1978//1978
f 2035//2035 2036//2036 2037//2037
f 2038//2038 2039//2039 2021//2021
f 2040//2040 2041//2041 2042//2042
f 2039//2039 2042//2042 2022//2022
f 2035//2035 2043//2043 2044//2044
f 2044//2044 2045//2045 1969//1969
f 2038//2038 2020//2020 2046//2046
f 2046//2046 2034//2034 1977//1977
f 2035//2035 2044//2044 2047//2047
f 2048//2048 2047//2047 2049//2049
f 2044//2044 1969//1969 1972//1972
f 2047//2047 1972//1972 2050//2050
f 2035//2035 2048//2048 2036//2036
f 2040//2040 2051//2051 2041//2041
f 2048//2048 2052//2052 2053//2053
f 2051//2051 2054//2054 2055//2055
f 2056//2056 2057//2057 2058//2058
f 2058//2058 2059//2059 2041//2041
f 2057//2057 2026//2026 2019//2019
f 2059//2059 2019//2019 2022//2022
f 2056//2056 2058//2058 2060//2060
f 2061//2061 2060//2060 2062//2062
f 2058//2058 2041//2041 2055//2055
f 2060//2060 2055//2055 2063//2063
f 2056//2056 2061//2061 2064//2064
f 2064//2064 2065//2065 2066//2066
f 2061//2061 2067//2067 2065//2065
f 2065//2065 2068//2068 2069//2069
f 2056//2056 2064//2064 2070//2070
f 2057//2057 2070//2070 2027//2027
f 2064//2064 2066//2066 2071//2071
f 2070//2070 2071//2071 2072//2072
f 2073//2073 2074//2074 2075//2075
f 2075//2075 2076//2076 2077//2077
f 2074//2074 2078//2078 2076//2076
f 2076//2076 2079//2079 2080//2080
f 2073//2073 2075//2075 2081//2081
f 2082//2082 2081//2081 2083//2083
f 2075//2075 2084//2084 2081//2081
f 2081//2081 2085//2085 2083//2083
f 2073//2073 2082//2082 2086//2086
f 2086//2086 2087//2087 2088//2088
f 2082//2082 2089//2089 2087//2087
f 2087//2087 2090//2090 2091//2091
f 2073//2073 2086//2086 2092//2092
f 2074//2074 2092//2092 2093//2093
f 2086//2086 2088//2088 2094//2094
f 2092//2092 2094//2094 2095//2095
f 2096//2096 2097//2097 2098//2098
f 2099//2099 2100//2100 2079//2079
f 2101//2101 2102//2102 2103//2103
f 2100//2100 2103//2103 2080//2080
f 2096//2096 2104//2104 2105//2105
f 2105//2105 2106//2106 2107//2107
f 2099//2099 2078//2078 2108//2108
f 2108//2108 2093//2093 2109//2109
f 2096//2096 2105//2105 2110//2110
f 2111//2111 2110//2110 1949//1949
f 2105//2105 2107//2107 2110//2110
f 2110//2110 2112//2112 1949//1949
f 2096//2096 2111//2111 2097//2097
f 2101//2101 2113//2113 2102//2102
f 2111//2111 1948//1948 2114//2114
f 2113//2113 2115//2115 2116//2116
f 2117//2117 2118//2118 2119//2119
f 2119//2119 2120//2120 2102//2102
f 2118//2118 2084//2084 2120//2120
f 2120//2120 2077//2077 2080//2080
f 2117//2117 2119//2119 2121//2121
f 2122//2122 2121//2121 2014//2014
f 2119//2119 2102//2102 2116//2116
f 2121//2121 2116//2116 1944//1944
f 2117//2117 2122//2122 2123//2123
f 2123//2123 2124//2124 2125//2125
f 2122//2122 2013//2013 2124//2124
f 2124//2124 2009//2009 2126//2126
f 2117//2117 2123//2123 2127//2127
f 2118//2118 2127//2127 2085//2085
f 2123//2123 2125//2125 2128//2128
f 2127//2127 2128//2128 2129//2129
f 2130//2130 2131//2131 2132//2132
f 2132//2132 2133//2133 2134//2134
f 2131//2131 2135//2135 2133//2133
f 2133//2133 2136//2136 2137//2137
f 2130//2130 2132//2132 2138//2138
f 2139//2139 2138//2138 1418//1418
f 2132//2132 2134//2134 2140//2140
f 2138//2138 2140//2140 1425//1425
f 2130//2130 2139//2139 2141//2141
f 2142//2142 2141//2141 2143//2143
f 2139//2139 1418//1418 1421//1421
f 2141//2141 1421//1421 1607//1607
f 2130//2130 2142//2142 2144//2144
f 2131//2131 2144//2144 2145//2145
f 2142//2142 2146//2146 2144//2144
f 2144//2144 2147//2147 2145//2145
f 2148//2148 2149//2149 2150//2150
f 2151//2151 2150//2150 2136//2136
f 2149//2149 2152//2152 2153//2153
f 2150//2150 2153//2153 2154//2154
f 2148//2148 2151//2151 2155//2155
f 2155//2155 2156//2156 2157//2157
f 2151//2151 2135//2135 2156//2156
f 2156//2156 2145//2145 2158//2158
f 2148//2148 2155//2155 2159//2159
f 2160//2160 2159//2159 2068//2068
f 2155//2155 2157//2157 2161//2161
f 2159//2159 2161//2161 2069//2069
f 2148//2148 2160//2160 2149//2149
f 2149//2149 2162//2162 2152//2152
f 2160//2160 2067//2067 2162//2162
f 2162//2162 2062//2062 2163//2163
f 2164//2164 2165//2165 2166//2166
f 2167//2167 2168//2168 2152//2152
f 2165//2165 2169//2169 2170//2170
f 2168//2168 2171//2171 2153//2153
f 2164//2164 2166//2166 2172//2172
f 2173//2173 2172//2172 2174//2174
f 2167//2167 2152//2152 2163//2163
f 2175//2175 2163//2163 2063//2063
f 2164//2164 2173//2173 2176//2176
f 2176//2176 2177//2177 2178//2178
f 2173//2173 2052//2052 2177//2177
f 2177//2177 2049//2049 2179//2179
f 2164//2164 2176//2176 2180//2180
f 2165//2165 2180//2180 2181//2181
f 2176//2176 2178//2178 2182//2182
f 2180//2180 2182//2182 2183//2183
f 2184//2184 2185//2185 2186//2186
f 2187//2187 2186//2186 2188//2188
f 2189//2189 2134//2134 2137//2137
f 2190//2190 2137//2137 2154//2154
f 2184//2184 2187//2187 2191//2191
f 2191//2191 2192//2192 2193//2193
f 2187//2187 2169//2169 2192//2192
f 2192//2192 2181//2181 2194//2194
f 2184//2184 2191//2191 2195//2195
f 2196//2196 2195//2195 1440//1440
f 2191//2191 2193//2193 2197//2197
f 2195//2195 2197//2197 1441//1441
f 2184//2184 2196//2196 2185//2185
f 2189//2189 2198//2198 2134//2134
f 2196//2196 1439//1439 2199//2199
f 2198//2198 1433//1433 2140//2140
f 2200//2200 2201//2201 2202//2202
f 2202//2202 2203//2203 2204//2204
f 2201//2201 2205//2205 2203//2203
f 2203//2203 2206//2206 2207//2207
f 2200//2200 2202//2202 2208//2208
f 2209//2209 2208//2208 2147//2147
f 2202//2202 2204//2204 2210//2210
f 2208//2208 2210//2210 2211//2211
f 2200//2200 2209//2209 2212//2212
f 2212//2212 2213//2213 1602//1602
f 2209//2209 2146//2146 2213//2213
f 2213//2213 2143//2143 1606//1606
f 2200//2200 2212//2212 2214//2214
f 2201//2201 2214//2214 2215//2215
f 2212//2212 1602//1602 1603//1603
f 2214//2214 1603//1603 1593//1593
f 2216//2216 2217//2217 2218//2218
f 2219//2219 2218//2218 2206//2206
f 2217//2217 2220//2220 2221//2221
f 2218//2218 2221//2221 2222//2222
f 2216//2216 2219//2219 2223//2223
f 2223//2223 2224//2224 1588//1588
f 2219//2219 2205//2205 2224//2224
f 2224//2224 2215//2215 1592//1592
f 2216//2216 2223//2223 2225//2225
f 2226//2226 2225//2225 2227//2227
f 2223//2223 1588//1588 1589//1589
f 2225//2225 1589//1589 1558//1558
f 2216//2216 2226//2226 2217//2217
f 2217//2217 2228//2228 2220//2220
f 2226//2226 2229//2229 2228//2228
f 2228//2228 2230//2230 2231//2231
f 2232//2232 2233//2233 2234//2234
f 2234//2234 2235//2235 2220//2220
f 2233//2233 2236//2236 2235//2235
f 2235//2235 2237//2237 2221//2221
f 2232//2232 2234//2234 2238//2238
f 2239//2239 2238//2238 2240//2240
f 2234//2234 2220//2220 2231//2231
f 2238//2238 2231//2231 2241//2241
f 2232//2232 2239//2239 2242//2242
f 2242//2242 2243//2243 2025//2025
f 2239//2239 2244//2244 2243//2243
f 2243//2243 2245//2245 2031//2031
f 2232//2232 2242//2242 2246//2246
f 2233//2233 2246//2246 2247//2247
f 2242//2242 2025//2025 2028//2028
f 2246//2246 2028//2028 2072//2072
f 2248//2248 2249//2249 2250//2250
f 2251//2251 2250//2250 2237//2237
f 2249//2249 2204//2204 2207//2207
f 2250//2250 2207//2207 2222//2222
f 2248//2248 2251//2251 2252//2252
f 2252//2252 2253//2253 2066//2066
f 2251//2251 2236//2236 2253//2253
f 2253//2253 2247//2247 2071//2071
f 2248//2248 2252//2252 2254//2254
f 2255//2255 2254//2254 2161//2161
f 2252//2252 2066//2066 2256//2256
f 2254//2254 2256//2256 2161//2161
f 2248//2248 2255//2255 2249//2249
f 2249//2249 2257//2257 2204//2204
f 2255//2255 2157//2157 2257//2257
f 2257//2257 2158//2158 2210//2210
f 2258//2258 2259//2259 2260//2260
f 2260//2260 2261//2261 2262//2262
f 2259//2259 2263//2263 2261//2261
f 2261//2261 2264//2264 2265//2265
f 2258//2258 2260//2260 2266//2266
f 2267//2267 2266//2266 2230//2230
f 2260//2260 2262//2262 2268//2268
f 2266//2266 2268//2268 2241//2241
f 2258//2258 2267//2267 2269//2269
f 2269//2269 2270//2270 1552//1552
f 2267//2267 2229//2229 2270//2270
f 2270//2270 2227//2227 1557//1557
f 2258//2258 2269//2269 2271//2271
f 2259//2259 2271//2271 2272//2272
f 2269//2269 1552//1552 1553//1553
f 2271//2271 1553//1553 1545//1545
f 2273//2273 2274//2274 2275//2275
f 2276//2276 2275//2275 2264//2264
f 2274//2274 2277//2277 2278//2278
f 2275//2275 2278//2278 2279//2279
f 2273//2273 2276//2276 2280//2280
f 2281//2281 2280//2280 1544//1544
f 2276//2276 2263//2263 2280//2280
f 2280//2280 2272//2272 1544//1544
f 2273//2273 2281//2281 2282//2282
f 2282//2282 2283//2283 2284//2284
f 2281//2281 1543//1543 2283//2283
f 2283//2283 1538//1538 2285//2285
f 2273//2273 2282//2282 2286//2286
f 2274//2274 2286//2286 2277//2277
f 2282//2282 2284//2284 2287//2287
f 2286//2286 2287//2287 2288//2288
f 2289//2289 2290//2290 2291//2291
f 2291//2291 2292//2292 2277//2277
f 2290//2290 2293//2293 2292//2292
f 2292//2292 2294//2294 2278//2278
f 2289//2289 2291//2291 2295//2295
f 2296//2296 2295//2295 2297//2297
f 2291//2291 2277//2277 2298//2298
f 2295//2295 2298//2298 2288//2288
f 2289//2289 2296//2296 2299//2299
f 2299//2299 2300//2300 2005//2005
f 2296//2296 2301//2301 2300//2300
f 2300//2300 2302//2302 2010//2010
f 2289//2289 2299//2299 2303//2303
f 2290//2290 2303//2303 2304//2304
f 2299//2299 2005//2005 2006//2006
f 2303//2303 2006//2006 1997//1997
f 2305//2305 2306//2306 2307//2307
f 2308//2308 2307//2307 2294//2294
f 2306//2306 2262//2262 2265//2265
f 2307//2307 2265//2265 2279//2279
f 2305//2305 2308//2308 2309//2309
f 2309//2309 2310//2310 1991//1991
f 2308//2308 2293//2293 2310//2310
f 2310//2310 2304//2304 1996//1996
f 2305//2305 2309//2309 2311//2311
f 2312//2312 2311//2311 2245//2245
f 2309//2309 1991//1991 1993//1993
f 2311//2311 1993//1993 2032//2032
f 2305//2305 2312//2312 2306//2306
f 2306//2306 2313//2313 2262//2262
f 2312//2312 2244//2244 2313//2313
f 2313//2313 2240//2240 2268//2268
f 2314//2314 2315//2315 2316//2316
f 2317//2317 2316//2316 2318//2318
f 2315//2315 2319//2319 2320//2320
f 2316//2316 2320//2320 2321//2321
f 2314//2314 2317//2317 2322//2322
f 2322//2322 2323//2323 2284//2284
f 2317//2317 2324//2324 2323//2323
f 2323//2323 2325//2325 2287//2287
f 2314//2314 2322//2322 2326//2326
f 2327//2327 2326//2326 1927//1927
f 2322//2322 2284//2284 2285//2285
f 2326//2326 2285//2285 1540//1540
f 2314//2314 2327//2327 2315//2315
f 2315//2315 2328//2328 2319//2319
f 2327//2327 1926//1926 2328//2328
f 2328//2328 1922//1922 2329//2329
f 2330//2330 2331//2331 2332//2332
f 2332//2332 2333//2333 2319//2319
f 2331//2331 2334//2334 2333//2333
f 2333//2333 2335//2335 2320//2320
f 2330//2330 2332//2332 2336//2336
f 2337//2337 2336//2336 1914//1914
f 2332//2332 2319//2319 2329//2329
f 2336//2336 2329//2329 1923//1923
f 2330//2330 2337//2337 2338//2338
f 2338//2338 2339//2339 2340//2340
f 2337//2337 1913//1913 2339//2339
f 2339//2339 1910//1910 2341//2341
f 2330//2330 2338//2338 2342//2342
f 2331//2331 2342//2342 2343//2343
f 2338//2338 2340//2340 2344//2344
f 2342//2342 2344//2344 2345//2345
f 2346//2346 2347//2347 2348//2348
f 2349//2349 2348//2348 2335//2335
f 2347//2347 2350//2350 2351//2351
f 2348//2348 2351//2351 2321//2321
f 2346//2346 2349//2349 2352//2352
f 2352//2352 2353//2353 2354//2354
f 2349//2349 2334//2334 2353//2353
f 2353//2353 2343//2343 2355//2355
f 2346//2346 2352//2352 2356//2356
f 2357//2357 2356//2356 2090//2090
f 2352//2352 2354//2354 2356//2356
f 2356//2356 2358//2358 2359//2359
f 2346//2346 2357//2357 2347//2347
f 2347//2347 2360//2360 2350//2350
f 2357//2357 2089//2089 2360//2360
f 2360//2360 2083//2083 2361//2361
f 2362//2362 2363//2363 2364//2364
f 2364//2364 2365//2365 2350//2350
f 2363//2363 2324//2324 2365//2365
f 2365//2365 2318//2318 2351//2351
f 2362//2362 2364//2364 2366//2366
f 2366//2366 2367//2367 2125//2125
f 2364//2364 2350//2350 2361//2361
f 2367//2367 2361//2361 2128//2128
f 2362//2362 2366//2366 2368//2368
f 2369//2369 2368//2368 2302//2302
f 2366//2366 2125//2125 2126//2126
f 2368//2368 2126//2126 2011//2011
f 2362//2362 2369//2369 2363//2363
f 2363//2363 2370//2370 2325//2325
f 2369//2369 2301//2301 2370//2370
f 2370//2370 2297//2297 2325//2325
f 2371//2371 2372//2372 2373//2373
f 2374//2374 2375//2375 2376//2376
f 2372//2372 2377//2377 2378//2378
f 2375//2375 2379//2379 2380//2380
f 2371//2371 2373//2373 2381//2381
f 2382//2382 2381//2381 2383//2383
f 2374//2374 2376//2376 2384//2384
f 2385//2385 2384//2384 1848//1848
f 2371//2371 2382//2382 2386//2386
f 2386//2386 2387//2387 2388//2388
f 2382//2382 1835//1835 2387//2387
f 2387//2387 1832//1832 2389//2389
f 2371//2371 2386//2386 2390//2390
f 2372//2372 2390//2390 2391//2391
f 2386//2386 2388//2388 2392//2392
f 2390//2390 2392//2392 2393//2393
f 2394//2394 2395//2395 2396//2396
f 2397//2397 2396//2396 2398//2398
f 2399//2399 2400//2400 2401//2401
f 2402//2402 2401//2401 2403//2403
f 2394//2394 2397//2397 2404//2404
f 2404//2404 2405//2405 2406//2406
f 2397//2397 2377//2377 2405//2405
f 2405//2405 2391//2391 2407//2407
f 2394//2394 2404//2404 2408//2408
f 2409//2409 2408//2408 2112//2112
f 2404//2404 2406//2406 2410//2410
f 2408//2408 2410//2410 1950//1950
f 2394//2394 2409//2409 2395//2395
f 2399//2399 2411//2411 2400//2400
f 2409//2409 2107//2107 2412//2412
f 2411//2411 2109//2109 2095//2095
f 2413//2413 2414//2414 2415//2415
f 2416//2416 2415//2415 2401//2401
f 2414//2414 2417//2417 2415//2415
f 2415//2415 2418//2418 2401//2401
f 2413//2413 2416//2416 2419//2419
f 2419//2419 2420//2420 2088//2088
f 2416//2416 2400//2400 2420//2420
f 2420//2420 2421//2421 2094//2094
f 2413//2413 2419//2419 2422//2422
f 2423//2423 2422//2422 2358//2358
f 2419//2419 2088//2088 2091//2091
f 2422//2422 2091//2091 2359//2359
f 2413//2413 2423//2423 2414//2414
f 2414//2414 2424//2424 2417//2417
f 2423//2423 2354//2354 2424//2424
f 2424//2424 2355//2355 2345//2345
f 2425//2425 2426//2426 2427//2427
f 2428//2428 2427//2427 2418//2418
f 2426//2426 2376//2376 2380//2380
f 2427//2427 2380//2380 2403//2403
f 2425//2425 2428//2428 2429//2429
f 2429//2429 2430//2430 2340//2340
f 2428//2428 2417//2417 2430//2430
f 2430//2430 2431//2431 2344//2344
f 2425//2425 2429//2429 2432//2432
f 2433//2433 2432//2432 1853//1853
f 2429//2429 2340//2340 2341//2341
f 2432//2432 2341//2341 1911//1911
f 2425//2425 2433//2433 2426//2426
f 2426//2426 2434//2434 2376//2376
f 2433//2433 1852//1852 2434//2434
f 2434//2434 1847//1847 2384//2384
f 2435//2435 2436//2436 2437//2437
f 2437//2437 2438//2438 2439//2439
f 2436//2436 2440//2440 2438//2438
f 2438//2438 2441//2441 2442//2442
f 2435//2435 2437//2437 2443//2443
f 2444//2444 2443//2443 1780//1780
f 2437//2437 2439//2439 2445//2445
f 2443//2443 2445//2445 1789//1789
f 2435//2435 2444//2444 2446//2446
f 2446//2446 2447//2447 2193//2193
f 2444//2444 1779//1779 2447//2447
f 2447//2447 1777//1777 2197//2197
f 2435//2435 2446//2446 2448//2448
f 2436//2436 2448//2448 2449//2449
f 2446//2446 2193//2193 2194//2194
f 2448//2448 2194//2194 2183//2183
f 2450//2450 2451//2451 2452//2452
f 2453//2453 2452//2452 2441//2441
f 2451//2451 2454//2454 2455//2455
f 2452//2452 2455//2455 2456//2456
f 2450//2450 2453//2453 2457//2457
f 2457//2457 2458//2458 2178//2178
f 2453//2453 2440//2440 2458//2458
f 2458//2458 2449//2449 2182//2182
f 2450//2450 2457//2457 2459//2459
f 2460//2460 2459//2459 1971//1971
f 2457//2457 2178//2178 2179//2179
f 2459//2459 2179//2179 2050//2050
f 2450//2450 2460//2460 2451//2451
f 2451//2451 2461//2461 2454//2454
f 2460//2460 1970//1970 2461//2461
f 2461//2461 1965//1965 2462//2462
f 2463//2463 2464//2464 2465//2465
f 2465//2465 2466//2466 2454//2454
f 2464//2464 2467//2467 2466//2466
f 2466//2466 2468//2468 2455//2455
f 2463//2463 2465//2465 2469//2469
f 2470//2470 2469//2469 1953//1953
f 2465//2465 2454//2454 2462//2462
f 2469//2469 2462//2462 1966//1966
f 2463//2463 2470//2470 2471//2471
f 2471//2471 2472//2472 2406//2406
f 2470//2470 1952//1952 2472//2472
f 2472//2472 1947//1947 2410//2410
f 2463//2463 2471//2471 2473//2473
f 2464//2464 2473//2473 2474//2474
f 2471//2471 2406//2406 2407//2407
f 2473//2473 2407//2407 2393//2393
f 2475//2475 2476//2476 2477//2477
f 2478//2478 2477//2477 2468//2468
f 2476//2476 2439//2439 2442//2442
f 2477//2477 2442//2442 2456//2456
f 2475//2475 2478//2478 2479//2479
f 2479//2479 2480//2480 2388//2388
f 2478//2478 2467//2467 2480//2480
f 2480//2480 2474//2474 2392//2392
f 2475//2475 2479//2479 2481//2481
f 2482//2482 2481//2481 1794//1794
f 2479//2479 2388//2388 2389//2389
f 2481//2481 2389//2389 1833//1833
f 2475//2475 2482//2482 2476//2476
f 2476//2476 2483//2483 2439//2439
f 2482//2482 1793//1793 2483//2483
f 2483//2483 1788//1788 2445//2445
f 2//2 4//4 3//3
f 11//11 3//3 5//5
f 6//6 7//7 4//4
f 5//5 4//4 8//8
f 10//10 1//1 9//9
f 9//9 3//3 12//12
f 10//10 14//14 13//13
f 14//14 16//16 15//15
f 2//2 1//1 17//17
f 6//6 2//2 18//18
f 17//17 13//13 19//19
f 18//18 17//17 20//20
f 22//22 24//24 23//23
f 6//6 23//23 7//7
f 25//25 26//26 24//24
f 26//26 8//8 7//7
f 23//23 28//28 27//27
f 28//28 30//30 29//29
f 6//6 18//18 28//28
f 18//18 20//20 30//30
f 27//27 32//32 31//31
f 32//32 35//35 33//33
f 32//32 27//27 34//34
f 34//34 83//83 35//35
f 22//22 21//21 36//36
f 25//25 22//22 37//37
f 36//36 31//31 38//38
f 37//37 36//36 39//39
f 43//43 40//40 42//42
f 25//25 43//43 26//26
f 42//42 41//41 45//45
f 26//26 42//42 8//8
f 43//43 47//47 46//46
f 47//47 49//49 48//48
f 25//25 37//37 47//47
f 37//37 39//39 49//49
f 51//51 40//40 50//50
f 56//56 51//51 52//52
f 50//50 46//46 53//53
f 52//52 50//50 54//54
f 51//51 55//55 41//41
f 55//55 58//58 44//44
f 56//56 57//57 55//55
f 57//57 66//66 58//58
f 60//60 62//62 61//61
f 62//62 45//45 44//44
f 11//11 5//5 62//62
f 5//5 8//8 45//45
f 64//64 59//59 63//63
f 67//67 64//64 65//65
f 63//63 61//61 58//58
f 65//65 63//63 66//66
f 11//11 60//60 12//12
f 71//71 68//68 70//70
f 78//78 71//71 72//72
f 70//70 69//69 74//74
f 72//72 70//70 75//75
f 71//71 77//77 76//76
f 77//77 38//38 33//33
f 78//78 79//79 77//77
f 79//79 39//39 38//38
f 81//81 68//68 80//80
f 85//85 81//81 82//82
f 80//80 76//76 35//35
f 82//82 80//80 83//83
f 81//81 84//84 69//69
f 84//84 87//87 73//73
f 85//85 86//86 84//84
f 86//86 97//97 87//87
f 89//89 91//91 90//90
f 91//91 74//74 73//73
f 92//92 93//93 91//91
f 93//93 75//75 74//74
f 95//95 88//88 94//94
f 101//101 95//95 96//96
f 94//94 90//90 87//87
f 96//96 94//94 97//97
f 95//95 99//99 98//98
f 106//106 98//98 100//100
f 101//101 102//102 99//99
f 100//100 99//99 103//103
f 89//89 88//88 104//104
f 92//92 89//89 105//105
f 106//106 107//107 104//104
f 107//107 491//491 105//105
f 111//111 108//108 110//110
f 92//92 111//111 93//93
f 110//110 109//109 113//113
f 93//93 110//110 75//75
f 111//111 115//115 114//114
f 115//115 117//117 116//116
f 92//92 105//105 115//115
f 105//105 491//491 117//117
f 119//119 108//108 118//118
f 124//124 119//119 120//120
f 118//118 114//114 121//121
f 120//120 118//118 122//122
f 119//119 123//123 109//109
f 123//123 126//126 112//112
f 124//124 125//125 123//123
f 125//125 134//134 126//126
f 128//128 130//130 129//129
f 130//130 113//113 112//112
f 78//78 72//72 130//130
f 72//72 75//75 113//113
f 132//132 127//127 131//131
f 137//137 132//132 133//133
f 131//131 129//129 126//126
f 133//133 131//131 134//134
f 132//132 136//136 135//135
f 136//136 53//53 48//48
f 137//137 138//138 136//136
f 138//138 54//54 53//53
f 128//128 127//127 139//139
f 78//78 128//128 79//79
f 139//139 135//135 49//49
f 79//79 139//139 39//39
f 143//143 140//140 142//142
f 149//149 143//143 144//144
f 142//142 141//141 146//146
f 144//144 142//142 147//147
f 151//151 152//152 141//141
f 152//152 153//153 145//145
f 67//67 65//65 152//152
f 65//65 66//66 153//153
f 155//155 157//157 156//156
f 157//157 146//146 145//145
f 158//158 159//159 157//157
f 159//159 147//147 146//146
f 161//161 154//154 160//160
f 56//56 161//161 57//57
f 160//160 156//156 153//153
f 57//57 160//160 66//66
f 161//161 163//163 162//162
f 163//163 165//165 164//164
f 56//56 52//52 163//163
f 52//52 54//54 165//165
f 155//155 154//154 166//166
f 158//158 155//155 167//167
f 166//166 162//162 168//168
f 167//167 166//166 169//169
f 173//173 170//170 172//172
f 158//158 173//173 159//159
f 172//172 171//171 175//175
f 159//159 172//172 147//147
f 173//173 177//177 176//176
f 177//177 179//179 178//178
f 158//158 167//167 177//177
f 167//167 169//169 179//179
f 181//181 170//170 180//180
f 186//186 181//181 182//182
f 180//180 176//176 183//183
f 182//182 180//180 184//184
f 181//181 185//185 171//171
f 185//185 188//188 174//174
f 186//186 187//187 185//185
f 187//187 196//196 188//188
f 190//190 192//192 191//191
f 192//192 175//175 174//174
f 149//149 144//144 192//192
f 144//144 147//147 175//175
f 194//194 189//189 193//193
f 199//199 194//194 195//195
f 193//193 191//191 188//188
f 195//195 193//193 196//196
f 190//190 189//189 201//201
f 149//149 190//190 150//150
f 203//203 205//205 204//204
f 211//211 204//204 206//206
f 207//207 208//208 205//205
f 208//208 225//225 206//206
f 204//204 210//210 209//209
f 210//210 168//168 164//164
f 211//211 212//212 210//210
f 212//212 169//169 168//168
f 209//209 214//214 213//213
f 214//214 138//138 137//137
f 214//214 209//209 165//165
f 138//138 214//214 54//54
f 203//203 202//202 215//215
f 207//207 203//203 216//216
f 215//215 213//213 133//133
f 216//216 215//215 134//134
f 220//220 217//217 219//219
f 207//207 220//220 208//208
f 219//219 218//218 224//224
f 208//208 219//219 225//225
f 220//220 227//227 226//226
f 227//227 125//125 124//124
f 207//207 216//216 227//227
f 216//216 134//134 125//125
f 229//229 217//217 228//228
f 233//233 232//232 520//520
f 228//228 226//226 120//120
f 230//230 228//228 122//122
f 232//232 231//231 221//221
f 231//231 247//247 222//222
f 233//233 234//234 231//231
f 247//247 231//231 235//235
f 239//239 236//236 238//238
f 222//222 239//239 223//223
f 243//243 240//240 242//242
f 224//224 243//243 225//225
f 239//239 245//245 244//244
f 245//245 248//248 246//246
f 222//222 247//247 245//245
f 247//247 235//235 248//248
f 250//250 236//236 249//249
f 255//255 250//250 251//251
f 249//249 244//244 252//252
f 251//251 249//249 253//253
f 250//250 256//256 237//237
f 254//254 258//258 241//241
f 255//255 743//743 256//256
f 257//257 266//266 258//258
f 260//260 262//262 261//261
f 262//262 242//242 241//241
f 211//211 206//206 262//262
f 206//206 225//225 242//242
f 264//264 259//259 263//263
f 269//269 264//264 265//265
f 263//263 261//261 258//258
f 265//265 263//263 266//266
f 264//264 268//268 267//267
f 268//268 183//183 178//178
f 269//269 270//270 268//268
f 270//270 184//184 183//183
f 260//260 259//259 271//271
f 211//211 260//260 212//212
f 271//271 267//267 179//179
f 212//212 271//271 169//169
f 273//273 275//275 274//274
f 275//275 279//279 276//276
f 277//277 278//278 275//275
f 278//278 297//297 279//279
f 281//281 272//272 280//280
f 287//287 281//281 282//282
f 280//280 274//274 283//283
f 282//282 280//280 284//284
f 281//281 286//286 285//285
f 286//286 34//34 29//29
f 287//287 288//288 286//286
f 34//34 286//286 83//83
f 273//273 272//272 289//289
f 277//277 273//273 290//290
f 289//289 285//285 30//30
f 290//290 289//289 20//20
f 294//294 291//291 293//293
f 277//277 294//294 278//278
f 293//293 292//292 296//296
f 278//278 293//293 297//297
f 294//294 299//299 298//298
f 299//299 19//19 15//15
f 277//277 290//290 299//299
f 290//290 20//20 19//19
f 301//301 291//291 300//300
f 300//300 298//298 16//16
f 301//301 302//302 292//292
f 302//302 303//303 295//295
f 305//305 307//307 306//306
f 307//307 296//296 295//295
f 308//308 309//309 307//307
f 309//309 297//297 296//296
f 311//311 304//304 310//310
f 310//310 306//306 303//303
f 311//311 313//313 312//312
f 313//313 315//315 314//314
f 305//305 304//304 316//316
f 308//308 305//305 317//317
f 316//316 312//312 318//318
f 317//317 316//316 319//319
f 323//323 320//320 322//322
f 308//308 323//323 309//309
f 322//322 321//321 279//279
f 309//309 322//322 297//297
f 323//323 325//325 324//324
f 325//325 327//327 326//326
f 308//308 317//317 325//325
f 317//317 319//319 327//327
f 329//329 320//320 328//328
f 334//334 329//329 330//330
f 328//328 324//324 331//331
f 330//330 328//328 332//332
f 329//329 333//333 321//321
f 333//333 283//283 276//276
f 334//334 335//335 333//333
f 335//335 284//284 283//283
f 337//337 339//339 338//338
f 339//339 343//343 340//340
f 341//341 342//342 339//339
f 342//342 367//367 343//343
f 345//345 336//336 344//344
f 352//352 345//345 346//346
f 344//344 338//338 347//347
f 347//347 403//403 346//346
f 345//345 353//353 348//348
f 350//350 355//355 351//351
f 352//352 1035//1035 353//353
f 354//354 419//419 355//355
f 337//337 336//336 356//356
f 341//341 337//337 357//357
f 359//359 349//349 358//358
f 372//372 359//359 360//360
f 364//364 361//361 363//363
f 341//341 364//364 342//342
f 363//363 362//362 366//366
f 342//342 363//363 367//367
f 364//364 369//369 368//368
f 371//371 373//373 472//472
f 341//341 357//357 369//369
f 372//372 360//360 373//373
f 375//375 361//361 374//374
f 101//101 375//375 102//102
f 374//374 368//368 376//376
f 376//376 103//103 102//102
f 375//375 377//377 362//362
f 377//377 378//378 365//365
f 101//101 96//96 377//377
f 96//96 97//97 378//378
f 380//380 382//382 381//381
f 382//382 366//366 365//365
f 383//383 384//384 382//382
f 384//384 367//367 366//366
f 386//386 379//379 385//385
f 85//85 386//386 86//86
f 385//385 381//381 378//378
f 86//86 385//385 97//97
f 386//386 388//388 387//387
f 388//388 288//288 287//287
f 85//85 82//82 388//388
f 82//82 83//83 288//288
f 380//380 379//379 389//389
f 383//383 380//380 390//390
f 389//389 387//387 282//282
f 282//282 284//284 390//390
f 392//392 394//394 393//393
f 383//383 393//393 384//384
f 394//394 392//392 343//343
f 384//384 394//394 367//367
f 396//396 391//391 395//395
f 334//334 396//396 335//335
f 383//383 390//390 395//395
f 335//335 395//395 284//284
f 396//396 398//398 397//397
f 398//398 400//400 399//399
f 334//334 330//330 398//398
f 330//330 332//332 400//400
f 392//392 391//391 401//401
f 340//340 392//392 347//347
f 401//401 397//397 402//402
f 347//347 401//401 403//403
f 407//407 404//404 406//406
f 414//414 407//407 408//408
f 406//406 405//405 410//410
f 408//408 406//406 411//411
f 407//407 413//413 412//412
f 413//413 358//358 351//351
f 414//414 415//415 413//413
f 415//415 360//360 358//358
f 417//417 404//404 416//416
f 421//421 417//417 418//418
f 416//416 412//412 355//355
f 418//418 416//416 419//419
f 417//417 420//420 405//405
f 420//420 423//423 409//409
f 421//421 422//422 420//420
f 422//422 433//433 423//423
f 425//425 427//427 426//426
f 427//427 410//410 409//409
f 428//428 429//429 427//427
f 429//429 411//411 410//410
f 431//431 424//424 430//430
f 437//437 431//431 432//432
f 430//430 426//426 423//423
f 432//432 430//430 433//433
f 431//431 435//435 434//434
f 435//435 439//439 436//436
f 437//437 438//438 435//435
f 438//438 652//652 439//439
f 425//425 424//424 440//440
f 428//428 425//425 441//441
f 440//440 434//434 442//442
f 441//441 440//440 443//443
f 447//447 444//444 446//446
f 428//428 447//447 429//429
f 446//446 445//445 449//449
f 429//429 446//446 411//411
f 447//447 451//451 450//450
f 451//451 453//453 452//452
f 428//428 441//441 451//451
f 441//441 443//443 453//453
f 455//455 444//444 454//454
f 459//459 455//455 456//456
f 454//454 450//450 457//457
f 456//456 454//454 253//253
f 455//455 458//458 445//445
f 458//458 461//461 448//448
f 459//459 460//460 458//458
f 460//460 469//469 461//461
f 463//463 465//465 464//464
f 465//465 449//449 448//448
f 414//414 408//408 465//465
f 408//408 411//411 449//449
f 467//467 462//462 466//466
f 473//473 467//467 468//468
f 466//466 464//464 461//461
f 468//468 466//466 469//469
f 467//467 471//471 470//470
f 475//475 376//376 370//370
f 471//471 467//467 474//474
f 376//376 475//475 103//103
f 463//463 462//462 477//477
f 414//414 463//463 415//415
f 477//477 470//470 373//373
f 415//415 477//477 360//360
f 479//479 481//481 480//480
f 481//481 485//485 482//482
f 483//483 484//484 481//481
f 484//484 514//514 485//485
f 492//492 478//478 486//486
f 106//106 487//487 107//107
f 486//486 480//480 489//489
f 107//107 488//488 491//491
f 492//492 494//494 493//493
f 494//494 474//474 473//473
f 106//106 100//100 495//495
f 100//100 103//103 476//476
f 479//479 478//478 496//496
f 496//496 497//497 483//483
f 496//496 493//493 468//468
f 468//468 469//469 497//497
f 499//499 501//501 500//500
f 501//501 484//484 483//483
f 502//502 503//503 501//501
f 503//503 514//514 484//484
f 505//505 498//498 504//504
f 459//459 505//505 460//460
f 504//504 500//500 497//497
f 460//460 504//504 469//469
f 505//505 507//507 506//506
f 507//507 252//252 246//246
f 459//459 456//456 507//507
f 456//456 253//253 252//252
f 499//499 498//498 508//508
f 502//502 499//499 509//509
f 508//508 506//506 248//248
f 509//509 508//508 235//235
f 513//513 510//510 512//512
f 502//502 513//513 503//503
f 512//512 511//511 485//485
f 503//503 512//512 514//514
f 513//513 516//516 515//515
f 516//516 234//234 233//233
f 502//502 509//509 516//516
f 509//509 235//235 234//234
f 521//521 510//510 517//517
f 116//116 518//518 121//121
f 517//517 515//515 520//520
f 121//121 519//519 122//122
f 521//521 522//522 511//511
f 522//522 489//489 482//482
f 116//116 117//117 523//523
f 117//117 491//491 490//490
f 525//525 527//527 526//526
f 527//527 531//531 528//528
f 529//529 530//530 527//527
f 530//530 553//553 531//531
f 533//533 524//524 532//532
f 540//540 533//533 534//534
f 532//532 526//526 535//535
f 534//534 532//532 536//536
f 533//533 538//538 537//537
f 538//538 542//542 539//539
f 540//540 541//541 538//538
f 541//541 1636//1636 542//542
f 525//525 524//524 543//543
f 529//529 525//525 544//544
f 543//543 537//537 545//545
f 544//544 543//543 546//546
f 550//550 547//547 549//549
f 529//529 550//550 530//530
f 549//549 548//548 552//552
f 530//530 549//549 553//553
f 550//550 555//555 554//554
f 555//555 557//557 556//556
f 529//529 544//544 555//555
f 544//544 546//546 557//557
f 559//559 547//547 558//558
f 564//564 559//559 560//560
f 558//558 554//554 561//561
f 560//560 558//558 562//562
f 559//559 563//563 548//548
f 563//563 566//566 551//551
f 564//564 565//565 563//563
f 565//565 576//576 566//566
f 568//568 570//570 569//569
f 570//570 552//552 551//551
f 571//571 572//572 570//570
f 572//572 553//553 552//552
f 574//574 567//567 573//573
f 580//580 574//574 575//575
f 573//573 569//569 566//566
f 575//575 573//573 576//576
f 574//574 578//578 577//577
f 578//578 582//582 579//579
f 580//580 581//581 578//578
f 581//581 620//620 582//582
f 568//568 567//567 583//583
f 571//571 568//568 584//584
f 583//583 577//577 585//585
f 584//584 583//583 586//586
f 590//590 587//587 589//589
f 571//571 590//590 572//572
f 589//589 588//588 531//531
f 572//572 589//589 553//553
f 590//590 592//592 591//591
f 592//592 594//594 593//593
f 571//571 584//584 592//592
f 584//584 586//586 594//594
f 596//596 587//587 595//595
f 601//601 596//596 597//597
f 595//595 591//591 598//598
f 597//597 595//595 599//599
f 596//596 600//600 588//588
f 600//600 535//535 528//528
f 601//601 602//602 600//600
f 602//602 536//536 535//535
f 606//606 603//603 605//605
f 614//614 606//606 607//607
f 605//605 604//604 609//609
f 607//607 605//605 610//610
f 606//606 612//612 611//611
f 612//612 616//616 613//613
f 614//614 615//615 612//612
f 615//615 667//667 616//616
f 618//618 603//603 617//617
f 580//580 618//618 581//581
f 617//617 611//611 619//619
f 581//581 617//617 620//620
f 618//618 621//621 604//604
f 621//621 622//622 608//608
f 580//580 575//575 621//621
f 575//575 576//576 622//622
f 624//624 626//626 625//625
f 626//626 609//609 608//608
f 627//627 628//628 626//626
f 628//628 610//610 609//609
f 630//630 623//623 629//629
f 564//564 630//630 565//565
f 629//629 625//625 622//622
f 565//565 629//629 576//576
f 630//630 632//632 631//631
f 632//632 634//634 633//633
f 564//564 560//560 632//632
f 560//560 562//562 634//634
f 624//624 623//623 635//635
f 627//627 624//624 636//636
f 635//635 631//631 637//637
f 636//636 635//635 638//638
f 642//642 639//639 641//641
f 627//627 642//642 628//628
f 641//641 640//640 644//644
f 628//628 641//641 610//610
f 642//642 646//646 645//645
f 646//646 648//648 647//647
f 627//627 636//636 646//646
f 636//636 638//638 648//648
f 650//650 639//639 649//649
f 437//437 650//650 438//438
f 649//649 645//645 651//651
f 438//438 649//649 652//652
f 650//650 653//653 640//640
f 653//653 654//654 643//643
f 437//437 432//432 653//653
f 432//432 433//433 654//654
f 656//656 658//658 657//657
f 658//658 644//644 643//643
f 614//614 607//607 658//658
f 607//607 610//610 644//644
f 660//660 655//655 659//659
f 421//421 660//660 422//422
f 659//659 657//657 654//654
f 422//422 659//659 433//433
f 660//660 662//662 661//661
f 662//662 664//664 663//663
f 421//421 418//418 662//662
f 418//418 419//419 664//664
f 656//656 655//655 665//665
f 614//614 656//656 615//615
f 665//665 661//661 666//666
f 615//615 665//665 667//667
f 671//671 668//668 670//670
f 676//676 671//671 672//672
f 670//670 669//669 674//674
f 672//672 670//670 675//675
f 199//199 677//677 200//200
f 677//677 678//678 669//669
f 678//678 679//679 673//673
f 199//199 195//195 678//678
f 195//195 196//196 679//679
f 681//681 683//683 682//682
f 683//683 674//674 673//673
f 684//684 685//685 683//683
f 685//685 675//675 674//674
f 687//687 680//680 686//686
f 186//186 687//687 187//187
f 686//686 682//682 679//679
f 187//187 686//686 196//196
f 687//687 689//689 688//688
f 689//689 691//691 690//690
f 186//186 182//182 689//689
f 182//182 184//184 691//691
f 681//681 680//680 692//692
f 684//684 681//681 693//693
f 692//692 688//688 694//694
f 693//693 692//692 695//695
f 697//697 702//702 698//698
f 700//700 685//685 684//684
f 701//701 722//722 702//702
f 703//703 675//675 685//685
f 705//705 696//696 704//704
f 704//704 790//790 706//706
f 684//684 693//693 707//707
f 693//693 695//695 708//708
f 705//705 710//710 709//709
f 710//710 713//713 711//711
f 706//706 712//712 710//710
f 712//712 913//913 713//713
f 697//697 696//696 714//714
f 701//701 697//697 715//715
f 714//714 709//709 716//716
f 715//715 714//714 717//717
f 721//721 718//718 720//720
f 701//701 721//721 722//722
f 724//724 723//723 672//672
f 703//703 724//724 675//675
f 721//721 726//726 725//725
f 726//726 728//728 727//727
f 701//701 715//715 726//726
f 715//715 717//717 728//728
f 729//729 725//725 730//730
f 732//732 738//738 733//733
f 735//735 740//740 736//736
f 737//737 754//754 738//738
f 739//739 760//760 740//740
f 742//742 731//731 741//741
f 255//255 742//742 743//743
f 745//745 734//734 744//744
f 257//257 745//745 266//266
f 742//742 747//747 746//746
f 747//747 457//457 452//452
f 255//255 251//251 747//747
f 251//251 253//253 457//457
f 732//732 731//731 748//748
f 737//737 732//732 749//749
f 748//748 746//746 453//453
f 749//749 748//748 443//443
f 753//753 750//750 752//752
f 737//737 753//753 754//754
f 2484//2484 755//755 757//757
f 739//739 758//758 760//760
f 753//753 762//762 761//761
f 762//762 442//442 436//436
f 737//737 749//749 762//762
f 749//749 443//443 442//442
f 764//764 750//750 763//763
f 767//767 764//764 765//765
f 763//763 761//761 439//439
f 765//765 763//763 652//652
f 764//764 768//768 751//751
f 766//766 770//770 756//756
f 767//767 947//947 768//768
f 769//769 782//782 770//770
f 772//772 774//774 773//773
f 774//774 757//757 756//756
f 776//776 778//778 777//777
f 778//778 760//760 759//759
f 780//780 771//771 779//779
f 785//785 780//780 781//781
f 779//779 773//773 770//770
f 781//781 779//779 782//782
f 780//780 784//784 783//783
f 784//784 712//712 706//706
f 785//785 786//786 784//784
f 786//786 913//913 712//712
f 772//772 771//771 787//787
f 776//776 775//775 789//789
f 787//787 783//783 790//790
f 789//789 788//788 695//695
f 794//794 791//791 793//793
f 776//776 794//794 778//778
f 793//793 792//792 740//740
f 778//778 793//793 760//760
f 794//794 796//796 795//795
f 796//796 694//694 690//690
f 776//776 789//789 796//796
f 789//789 695//695 694//694
f 798//798 791//791 797//797
f 269//269 798//798 270//270
f 797//797 795//795 691//691
f 270//270 797//797 184//184
f 798//798 799//799 792//792
f 799//799 744//744 736//736
f 269//269 265//265 799//799
f 265//265 266//266 744//744
f 803//803 800//800 802//802
f 809//809 803//803 804//804
f 805//805 806//806 802//802
f 806//806 821//821 804//804
f 803//803 808//808 807//807
f 808//808 318//318 314//314
f 809//809 810//810 808//808
f 810//810 319//319 318//318
f 812//812 800//800 811//811
f 811//811 807//807 315//315
f 812//812 813//813 801//801
f 813//813 814//814 805//805
f 818//818 815//815 817//817
f 805//805 818//818 806//806
f 817//817 816//816 820//820
f 806//806 817//817 821//821
f 818//818 823//823 822//822
f 805//805 814//814 823//823
f 826//826 815//815 825//825
f 831//831 826//826 827//827
f 825//825 822//822 828//828
f 827//827 825//825 829//829
f 826//826 830//830 816//816
f 830//830 833//833 819//819
f 831//831 832//832 830//830
f 832//832 843//843 833//833
f 835//835 837//837 836//836
f 837//837 820//820 819//819
f 838//838 839//839 837//837
f 839//839 821//821 820//820
f 841//841 834//834 840//840
f 847//847 841//841 842//842
f 840//840 836//836 833//833
f 842//842 840//840 843//843
f 841//841 845//845 844//844
f 845//845 849//849 846//846
f 847//847 848//848 845//845
f 848//848 1134//1134 849//849
f 835//835 834//834 850//850
f 838//838 835//835 851//851
f 850//850 844//844 852//852
f 851//851 850//850 853//853
f 857//857 854//854 856//856
f 838//838 857//857 839//839
f 809//809 804//804 856//856
f 839//839 856//856 821//821
f 857//857 859//859 858//858
f 859//859 861//861 860//860
f 838//838 851//851 859//859
f 851//851 853//853 861//861
f 858//858 863//863 862//862
f 863//863 331//331 326//326
f 860//860 864//864 863//863
f 864//864 332//332 331//331
f 855//855 854//854 865//865
f 809//809 855//855 810//810
f 865//865 862//862 327//327
f 810//810 865//865 319//319
f 869//869 866//866 868//868
f 877//877 869//869 870//870
f 868//868 867//867 872//872
f 870//870 868//868 873//873
f 869//869 875//875 874//874
f 875//875 879//879 876//876
f 877//877 878//878 875//875
f 878//878 934//934 879//879
f 881//881 866//866 880//880
f 886//886 881//881 882//882
f 880//880 874//874 883//883
f 882//882 880//880 884//884
f 881//881 885//885 867//867
f 885//885 888//888 871//871
f 886//886 887//887 885//885
f 887//887 897//897 888//888
f 890//890 892//892 891//891
f 892//892 872//872 871//871
f 893//893 894//894 892//892
f 894//894 873//873 872//872
f 896//896 889//889 895//895
f 895//895 891//891 888//888
f 896//896 899//899 898//898
f 899//899 730//730 727//727
f 890//890 889//889 900//900
f 893//893 890//890 901//901
f 900//900 898//898 728//728
f 901//901 900//900 717//717
f 905//905 902//902 904//904
f 893//893 905//905 894//894
f 904//904 903//903 907//907
f 894//894 904//904 873//873
f 905//905 909//909 908//908
f 909//909 716//716 711//711
f 893//893 901//901 909//909
f 901//901 717//717 716//716
f 911//911 902//902 910//910
f 915//915 911//911 912//912
f 910//910 908//908 713//713
f 912//912 910//910 913//913
f 911//911 914//914 903//903
f 914//914 917//917 906//906
f 915//915 916//916 914//914
f 916//916 925//925 917//917
f 919//919 921//921 920//920
f 921//921 907//907 906//906
f 877//877 870//870 921//921
f 870//870 873//873 907//907
f 923//923 918//918 922//922
f 929//929 923//923 924//924
f 922//922 920//920 917//917
f 924//924 922//922 925//925
f 923//923 927//927 926//926
f 927//927 931//931 928//928
f 929//929 930//930 927//927
f 930//930 1254//1254 931//931
f 919//919 918//918 932//932
f 877//877 919//919 878//878
f 932//932 926//926 933//933
f 878//878 932//932 934//934
f 936//936 942//942 937//937
f 939//939 944//944 940//940
f 941//941 958//958 942//942
f 943//943 963//963 944//944
f 946//946 935//935 945//945
f 767//767 946//946 947//947
f 949//949 938//938 948//948
f 769//769 949//949 782//782
f 946//946 951//951 950//950
f 951//951 651//651 647//647
f 767//767 765//765 951//951
f 765//765 652//652 651//651
f 936//936 935//935 952//952
f 941//941 936//936 953//953
f 952//952 950//950 648//648
f 953//953 952//952 638//638
f 957//957 954//954 956//956
f 941//941 957//957 958//958
f 962//962 959//959 961//961
f 943//943 962//962 963//963
f 957//957 965//965 964//964
f 965//965 637//637 633//633
f 941//941 953//953 965//965
f 953//953 638//638 637//637
f 967//967 954//954 966//966
f 970//970 967//967 968//968
f 966//966 964//964 634//634
f 968//968 966//966 562//562
f 967//967 971//971 955//955
f 969//969 973//973 960//960
f 970//970 1686//1686 971//971
f 972//972 983//983 973//973
f 975//975 977//977 976//976
f 977//977 961//961 960//960
f 978//978 979//979 977//977
f 979//979 963//963 961//961
f 981//981 974//974 980//980
f 986//986 981//981 982//982
f 980//980 976//976 973//973
f 982//982 980//980 983//983
f 981//981 985//985 984//984
f 985//985 930//930 929//929
f 986//986 987//987 985//985
f 987//987 1254//1254 930//930
f 975//975 974//974 988//988
f 978//978 975//975 989//989
f 988//988 984//984 924//924
f 989//989 988//988 925//925
f 993//993 990//990 992//992
f 978//978 993//993 979//979
f 992//992 991//991 944//944
f 979//979 992//992 963//963
f 993//993 995//995 994//994
f 915//915 994//994 916//916
f 978//978 989//989 995//995
f 989//989 925//925 916//916
f 997//997 990//990 996//996
f 785//785 997//997 786//786
f 915//915 912//912 996//996
f 912//912 913//913 786//786
f 997//997 998//998 991//991
f 998//998 948//948 940//940
f 785//785 781//781 998//998
f 781//781 782//782 948//948
f 882//882 884//884 999//999
f 1001//1001 1003//1003 1002//1002
f 1003//1003 1007//1007 1004//1004
f 1005//1005 1006//1006 1003//1003
f 1006//1006 1045//1045 1007//1007
f 1009//1009 1000//1000 1008//1008
f 1016//1016 1009//1009 1010//1010
f 1008//1008 1002//1002 1011//1011
f 1010//1010 1008//1008 1012//1012
f 1009//1009 1017//1017 1013//1013
f 1015//1015 619//619 613//613
f 1016//1016 1330//1330 1017//1017
f 1018//1018 620//620 619//619
f 1001//1001 1000//1000 1019//1019
f 1005//1005 1001//1001 1020//1020
f 1021//1021 1014//1014 616//616
f 1032//1032 1021//1021 667//667
f 1025//1025 1022//1022 1024//1024
f 1005//1005 1025//1025 1006//1006
f 1026//1026 1027//1027 1024//1024
f 1027//1027 1045//1045 1006//1006
f 1025//1025 1031//1031 1028//1028
f 1030//1030 666//666 663//663
f 1005//1005 1020//1020 1031//1031
f 1032//1032 667//667 666//666
f 1034//1034 1022//1022 1033//1033
f 352//352 1034//1034 1035//1035
f 1036//1036 1029//1029 664//664
f 354//354 1036//1036 419//419
f 1023//1023 1022//1022 1037//1037
f 1026//1026 1023//1023 1038//1038
f 1037//1037 1034//1034 346//346
f 1038//1038 1037//1037 403//403
f 1042//1042 1039//1039 1041//1041
f 1026//1026 1042//1042 1027//1027
f 1041//1041 1040//1040 1044//1044
f 1027//1027 1041//1041 1045//1045
f 1042//1042 1047//1047 1046//1046
f 1047//1047 402//402 399//399
f 1026//1026 1038//1038 1047//1047
f 1038//1038 403//403 402//402
f 1049//1049 1039//1039 1048//1048
f 860//860 1049//1049 864//864
f 1048//1048 1046//1046 400//400
f 864//864 1048//1048 332//332
f 1049//1049 1050//1050 1040//1040
f 1050//1050 1057//1057 1043//1043
f 860//860 861//861 1050//1050
f 1057//1057 1050//1050 853//853
f 1054//1054 1051//1051 1053//1053
f 1043//1043 1054//1054 1044//1044
f 1053//1053 1052//1052 1007//1007
f 1007//1007 1045//1045 1044//1044
f 1054//1054 1056//1056 1055//1055
f 1056//1056 852//852 846//846
f 1043//1043 1057//1057 1056//1056
f 1057//1057 853//853 852//852
f 1059//1059 1051//1051 1058//1058
f 1058//1058 1061//1061 1060//1060
f 1058//1058 1055//1055 849//849
f 849//849 1134//1134 1061//1061
f 1059//1059 1062//1062 1052//1052
f 1062//1062 1011//1011 1004//1004
f 1062//1062 1059//1059 1063//1063
f 1063//1063 1012//1012 1011//1011
f 1065//1065 1067//1067 1066//1066
f 1067//1067 1071//1071 1068//1068
f 1069//1069 1070//1070 1067//1067
f 1070//1070 1089//1089 1071//1071
f 1073//1073 1064//1064 1072//1072
f 831//831 1073//1073 832//832
f 1072//1072 1066//1066 1074//1074
f 832//832 1072//1072 843//843
f 1073//1073 1076//1076 1075//1075
f 1076//1076 1078//1078 1077//1077
f 831//831 827//827 1076//1076
f 827//827 829//829 1078//1078
f 1065//1065 1064//1064 1079//1079
f 1069//1069 1065//1065 1080//1080
f 1079//1079 1075//1075 1081//1081
f 1080//1080 1079//1079 1082//1082
f 1086//1086 1083//1083 1085//1085
f 1069//1069 1086//1086 1070//1070
f 1085//1085 1084//1084 1088//1088
f 1070//1070 1085//1085 1089//1089
f 1086//1086 1091//1091 1090//1090
f 1091//1091 1093//1093 1092//1092
f 1069//1069 1080//1080 1091//1091
f 1080//1080 1082//1082 1093//1093
f 1095//1095 1083//1083 1094//1094
f 1100//1100 1095//1095 1096//1096
f 1094//1094 1090//1090 1097//1097
f 1096//1096 1094//1094 1098//1098
f 1095//1095 1099//1099 1084//1084
f 1099//1099 1102//1102 1087//1087
f 1100//1100 1101//1101 1099//1099
f 1101//1101 1112//1112 1102//1102
f 1104//1104 1106//1106 1105//1105
f 1106//1106 1088//1088 1087//1087
f 1107//1107 1108//1108 1106//1106
f 1108//1108 1089//1089 1088//1088
f 1110//1110 1103//1103 1109//1109
f 1116//1116 1110//1110 1111//1111
f 1109//1109 1105//1105 1102//1102
f 1111//1111 1109//1109 1112//1112
f 1110//1110 1114//1114 1113//1113
f 1114//1114 1118//1118 1115//1115
f 1116//1116 1117//1117 1114//1114
f 1117//1117 1205//1205 1118//1118
f 1104//1104 1103//1103 1119//1119
f 1107//1107 1104//1104 1120//1120
f 1119//1119 1113//1113 1121//1121
f 1120//1120 1119//1119 1122//1122
f 1126//1126 1123//1123 1125//1125
f 1107//1107 1126//1126 1108//1108
f 1125//1125 1124//1124 1071//1071
f 1108//1108 1125//1125 1089//1089
f 1126//1126 1128//1128 1127//1127
f 1128//1128 1130//1130 1129//1129
f 1107//1107 1120//1120 1128//1128
f 1120//1120 1122//1122 1130//1130
f 1132//1132 1123//1123 1131//1131
f 847//847 1132//1132 848//848
f 1131//1131 1127//1127 1133//1133
f 848//848 1131//1131 1134//1134
f 1132//1132 1135//1135 1124//1124
f 1135//1135 1074//1074 1068//1068
f 847//847 842//842 1135//1135
f 842//842 843//843 1074//1074
f 1137//1137 1139//1139 1138//1138
f 1139//1139 1143//1143 1140//1140
f 1141//1141 1142//1142 1139//1139
f 1142//1142 1161//1161 1143//1143
f 1145//1145 1136//1136 1144//1144
f 1100//1100 1145//1145 1101//1101
f 1144//1144 1138//1138 1146//1146
f 1101//1101 1144//1144 1112//1112
f 1145//1145 1148//1148 1147//1147
f 1148//1148 1150//1150 1149//1149
f 1100//1100 1096//1096 1148//1148
f 1096//1096 1098//1098 1150//1150
f 1137//1137 1136//1136 1151//1151
f 1141//1141 1137//1137 1152//1152
f 1151//1151 1147//1147 1153//1153
f 1152//1152 1151//1151 1154//1154
f 1158//1158 1155//1155 1157//1157
f 1141//1141 1158//1158 1142//1142
f 1157//1157 1156//1156 1160//1160
f 1142//1142 1157//1157 1161//1161
f 1158//1158 1163//1163 1162//1162
f 1163//1163 1165//1165 1164//1164
f 1141//1141 1152//1152 1163//1163
f 1152//1152 1154//1154 1165//1165
f 1167//1167 1155//1155 1166//1166
f 1166//1166 1170//1170 1168//1168
f 1166//1166 1162//1162 1169//1169
f 1169//1169 1222//1222 1170//1170
f 1167//1167 1171//1171 1156//1156
f 1171//1171 1173//1173 1159//1159
f 1171//1171 1167//1167 1172//1172
f 1172//1172 1183//1183 1173//1173
f 1175//1175 1177//1177 1176//1176
f 1177//1177 1160//1160 1159//1159
f 1178//1178 1179//1179 1177//1177
f 1179//1179 1161//1161 1160//1160
f 1181//1181 1174//1174 1180//1180
f 1187//1187 1181//1181 1182//1182
f 1180//1180 1176//1176 1173//1173
f 1182//1182 1180//1180 1183//1183
f 1181//1181 1185//1185 1184//1184
f 1185//1185 1189//1189 1186//1186
f 1187//1187 1188//1188 1185//1185
f 1188//1188 1734//1734 1189//1189
f 1175//1175 1174//1174 1190//1190
f 1178//1178 1175//1175 1191//1191
f 1190//1190 1184//1184 1192//1192
f 1191//1191 1190//1190 1193//1193
f 1197//1197 1194//1194 1196//1196
f 1178//1178 1197//1197 1179//1179
f 1196//1196 1195//1195 1143//1143
f 1179//1179 1196//1196 1161//1161
f 1197//1197 1199//1199 1198//1198
f 1199//1199 1201//1201 1200//1200
f 1178//1178 1191//1191 1199//1199
f 1191//1191 1193//1193 1201//1201
f 1203//1203 1194//1194 1202//1202
f 1116//1116 1203//1203 1117//1117
f 1202//1202 1198//1198 1204//1204
f 1117//1117 1202//1202 1205//1205
f 1203//1203 1206//1206 1195//1195
f 1206//1206 1146//1146 1140//1140
f 1116//1116 1111//1111 1206//1206
f 1111//1111 1112//1112 1146//1146
f 1210//1210 1207//1207 1209//1209
f 1217//1217 1210//1210 1211//1211
f 1209//1209 1208//1208 1213//1213
f 1211//1211 1209//1209 1214//1214
f 1210//1210 1216//1216 1215//1215
f 1216//1216 1172//1172 1168//1168
f 1217//1217 1218//1218 1216//1216
f 1218//1218 1183//1183 1172//1172
f 1220//1220 1207//1207 1219//1219
f 1224//1224 1220//1220 1221//1221
f 1219//1219 1215//1215 1170//1170
f 1221//1221 1219//1219 1222//1222
f 1220//1220 1223//1223 1208//1208
f 1223//1223 1226//1226 1212//1212
f 1224//1224 1225//1225 1223//1223
f 1225//1225 1236//1236 1226//1226
f 1228//1228 1230//1230 1229//1229
f 1230//1230 1213//1213 1212//1212
f 1231//1231 1232//1232 1230//1230
f 1232//1232 1214//1214 1213//1213
f 1234//1234 1227//1227 1233//1233
f 1239//1239 1234//1234 1235//1235
f 1233//1233 1229//1229 1226//1226
f 1235//1235 1233//1233 1236//1236
f 1234//1234 1238//1238 1237//1237
f 1238//1238 883//883 876//876
f 1239//1239 1240//1240 1238//1238
f 1240//1240 884//884 883//883
f 1228//1228 1227//1227 1241//1241
f 1231//1231 1228//1228 1242//1242
f 1241//1241 1237//1237 879//879
f 1242//1242 1241//1241 934//934
f 1246//1246 1243//1243 1245//1245
f 1231//1231 1246//1246 1232//1232
f 1245//1245 1244//1244 1248//1248
f 1232//1232 1245//1245 1214//1214
f 1246//1246 1250//1250 1249//1249
f 1250//1250 933//933 928//928
f 1231//1231 1242//1242 1250//1250
f 1242//1242 934//934 933//933
f 1252//1252 1243//1243 1251//1251
f 1256//1256 1252//1252 1253//1253
f 1251//1251 1249//1249 931//931
f 1253//1253 1251//1251 1254//1254
f 1252//1252 1255//1255 1244//1244
f 1255//1255 1258//1258 1247//1247
f 1256//1256 1257//1257 1255//1255
f 1257//1257 1266//1266 1258//1258
f 1260//1260 1262//1262 1261//1261
f 1262//1262 1248//1248 1247//1247
f 1217//1217 1211//1211 1262//1262
f 1211//1211 1214//1214 1248//1248
f 1264//1264 1259//1259 1263//1263
f 1269//1269 1264//1264 1265//1265
f 1263//1263 1261//1261 1258//1258
f 1265//1265 1263//1263 1266//1266
f 1264//1264 1268//1268 1267//1267
f 1268//1268 1188//1188 1187//1187
f 1269//1269 1270//1270 1268//1268
f 1270//1270 1734//1734 1188//1188
f 1260//1260 1259//1259 1271//1271
f 1217//1217 1260//1260 1218//1218
f 1271//1271 1267//1267 1182//1182
f 1218//1218 1271//1271 1183//1183
f 1272//1272 1098//1098 1097//1097
f 1278//1278 1273//1273 1277//1277
f 1164//1164 1278//1278 1169//1169
f 1277//1277 1275//1275 1279//1279
f 1169//1169 1277//1277 1222//1222
f 1278//1278 1280//1280 1274//1274
f 1164//1164 1165//1165 1280//1280
f 1283//1283 1280//1280 1154//1154
f 1282//1282 1153//1153 1149//1149
f 1283//1283 1154//1154 1153//1153
f 1284//1284 1281//1281 1150//1150
f 1272//1272 1284//1284 1098//1098
f 1239//1239 1286//1286 1240//1240
f 1240//1240 1285//1285 884//884
f 1239//1239 1235//1235 1287//1287
f 1235//1235 1236//1236 1288//1288
f 1292//1292 1289//1289 1291//1291
f 1224//1224 1292//1292 1225//1225
f 1291//1291 1290//1290 1288//1288
f 1225//1225 1291//1291 1236//1236
f 1292//1292 1294//1294 1293//1293
f 1294//1294 1279//1279 1276//1276
f 1224//1224 1221//1221 1294//1294
f 1221//1221 1222//1222 1279//1279
f 1298//1298 1295//1295 1297//1297
f 1306//1306 1298//1298 1299//1299
f 1297//1297 1296//1296 1301//1301
f 1299//1299 1297//1297 1302//1302
f 1298//1298 1304//1304 1303//1303
f 1304//1304 1308//1308 1305//1305
f 1306//1306 1307//1307 1304//1304
f 1307//1307 1365//1365 1308//1308
f 1312//1312 1309//1309 1311//1311
f 1311//1311 598//598 593//593
f 1311//1311 1310//1310 1314//1314
f 598//598 1311//1311 599//599
f 1312//1312 1316//1316 1315//1315
f 1300//1300 1296//1296 2485//2485
f 1316//1316 1312//1312 594//594
f 1317//1317 1316//1316 586//586
f 1321//1321 1318//1318 1320//1320
f 1300//1300 1321//1321 1301//1301
f 1322//1322 1323//1323 1320//1320
f 1323//1323 1302//1302 1301//1301
f 1321//1321 1327//1327 1324//1324
f 1326//1326 585//585 579//579
f 1300//1300 2485//2485 1327//1327
f 1317//1317 586//586 585//585
f 1329//1329 1318//1318 1328//1328
f 1016//1016 1329//1329 1330//1330
f 1331//1331 1325//1325 582//582
f 1018//1018 1331//1331 620//620
f 1329//1329 1332//1332 1319//1319
f 1332//1332 1333//1333 1322//1322
f 1016//1016 1010//1010 1332//1332
f 1010//1010 1012//1012 1333//1333
f 1337//1337 1334//1334 1336//1336
f 1322//1322 1337//1337 1323//1323
f 1336//1336 1335//1335 1339//1339
f 1323//1323 1336//1336 1302//1302
f 1337//1337 1341//1341 1340//1340
f 1341//1341 1063//1063 1060//1060
f 1322//1322 1333//1333 1341//1341
f 1063//1063 1341//1341 1012//1012
f 1343//1343 1334//1334 1342//1342
f 1346//1346 1343//1343 1344//1344
f 1342//1342 1340//1340 1061//1061
f 1344//1344 1342//1342 1134//1134
f 1343//1343 1345//1345 1335//1335
f 1345//1345 1348//1348 1338//1338
f 1346//1346 1347//1347 1345//1345
f 1347//1347 1356//1356 1348//1348
f 1350//1350 1352//1352 1351//1351
f 1352//1352 1339//1339 1338//1338
f 1306//1306 1299//1299 1352//1352
f 1299//1299 1302//1302 1339//1339
f 1354//1354 1349//1349 1353//1353
f 1360//1360 1354//1354 1355//1355
f 1353//1353 1351//1351 1348//1348
f 1355//1355 1353//1353 1356//1356
f 1354//1354 1358//1358 1357//1357
f 1358//1358 1362//1362 1359//1359
f 1360//1360 1361//1361 1358//1358
f 1361//1361 1401//1401 1362//1362
f 1350//1350 1349//1349 1363//1363
f 1306//1306 1350//1350 1307//1307
f 1363//1363 1357//1357 1364//1364
f 1307//1307 1363//1363 1365//1365
f 1367//1367 1369//1369 1368//1368
f 1369//1369 1373//1373 1370//1370
f 1371//1371 1372//1372 1369//1369
f 1372//1372 1395//1395 1373//1373
f 1377//1377 1374//1374 1376//1376
f 1384//1384 1377//1377 1378//1378
f 1376//1376 1375//1375 1380//1380
f 1378//1378 1376//1376 1381//1381
f 1377//1377 1383//1383 1382//1382
f 1383//1383 1314//1314 1313//1313
f 1384//1384 1385//1385 1383//1383
f 1385//1385 599//599 1314//1314
f 1367//1367 1366//1366 1387//1387
f 1371//1371 1367//1367 1388//1388
f 1387//1387 1386//1386 1308//1308
f 1388//1388 1387//1387 1365//1365
f 1392//1392 1389//1389 1391//1391
f 1371//1371 1392//1392 1372//1372
f 1391//1391 1390//1390 1394//1394
f 1372//1372 1391//1391 1395//1395
f 1392//1392 1397//1397 1396//1396
f 1397//1397 1364//1364 1359//1359
f 1371//1371 1388//1388 1397//1397
f 1388//1388 1365//1365 1364//1364
f 1399//1399 1389//1389 1398//1398
f 1403//1403 1399//1399 1400//1400
f 1398//1398 1396//1396 1362//1362
f 1400//1400 1398//1398 1401//1401
f 1399//1399 1402//1402 1390//1390
f 1402//1402 1405//1405 1393//1393
f 1403//1403 1404//1404 1402//1402
f 1404//1404 1415//1415 1405//1405
f 1407//1407 1409//1409 1408//1408
f 1409//1409 1394//1394 1393//1393
f 1410//1410 1411//1411 1409//1409
f 1411//1411 1395//1395 1394//1394
f 1413//1413 1406//1406 1412//1412
f 1419//1419 1413//1413 1414//1414
f 1412//1412 1408//1408 1405//1405
f 1414//1414 1412//1412 1415//1415
f 1413//1413 1417//1417 1416//1416
f 1417//1417 1421//1421 1418//1418
f 1419//1419 1420//1420 1417//1417
f 1420//1420 1607//1607 1421//1421
f 1407//1407 1406//1406 1422//1422
f 1410//1410 1407//1407 1423//1423
f 1422//1422 1416//1416 1424//1424
f 1423//1423 1422//1422 1425//1425
f 1429//1429 1426//1426 1428//1428
f 1410//1410 1429//1429 1411//1411
f 1428//1428 1427//1427 1373//1373
f 1411//1411 1428//1428 1395//1395
f 1429//1429 1431//1431 1430//1430
f 1431//1431 1433//1433 1432//1432
f 1410//1410 1423//1423 1431//1431
f 1423//1423 1425//1425 1433//1433
f 1437//1437 1434//1434 1436//1436
f 1444//1444 1437//1437 1438//1438
f 1436//1436 1435//1435 1440//1440
f 1438//1438 1436//1436 1441//1441
f 1437//1437 1443//1443 1442//1442
f 1443//1443 1380//1380 1379//1379
f 1444//1444 1445//1445 1443//1443
f 1445//1445 1381//1381 1380//1380
f 1447//1447 1449//1449 1448//1448
f 1449//1449 1453//1453 1450//1450
f 1451//1451 1452//1452 1449//1449
f 1452//1452 1467//1467 1453//1453
f 1455//1455 1446//1446 1454//1454
f 1346//1346 1455//1455 1347//1347
f 1454//1454 1448//1448 1456//1456
f 1347//1347 1454//1454 1356//1356
f 1455//1455 1458//1458 1457//1457
f 1458//1458 1133//1133 1129//1129
f 1346//1346 1344//1344 1458//1458
f 1344//1344 1134//1134 1133//1133
f 1447//1447 1446//1446 1459//1459
f 1451//1451 1447//1447 1460//1460
f 1459//1459 1457//1457 1130//1130
f 1460//1460 1459//1459 1122//1122
f 1464//1464 1461//1461 1463//1463
f 1451//1451 1464//1464 1452//1452
f 1465//1465 1466//1466 1463//1463
f 1452//1452 1463//1463 1467//1467
f 1464//1464 1469//1469 1468//1468
f 1469//1469 1121//1121 1115//1115
f 1451//1451 1460//1460 1469//1469
f 1460//1460 1122//1122 1121//1121
f 1471//1471 1461//1461 1470//1470
f 1470//1470 1473//1473 1472//1472
f 1470//1470 1468//1468 1118//1118
f 1118//1118 1205//1205 1473//1473
f 1471//1471 1474//1474 1462//1462
f 1465//1465 1462//1462 1475//1475
f 1474//1474 1471//1471 1476//1476
f 1475//1475 1474//1474 1477//1477
f 1481//1481 1478//1478 1480//1480
f 1465//1465 1481//1481 1466//1466
f 1480//1480 1479//1479 1453//1453
f 1466//1466 1480//1480 1467//1467
f 1481//1481 1483//1483 1482//1482
f 1483//1483 1485//1485 1484//1484
f 1465//1465 1475//1475 1483//1483
f 1475//1475 1477//1477 1485//1485
f 1487//1487 1478//1478 1486//1486
f 1360//1360 1487//1487 1361//1361
f 1486//1486 1482//1482 1488//1488
f 1361//1361 1486//1486 1401//1401
f 1487//1487 1489//1489 1479//1479
f 1489//1489 1456//1456 1450//1450
f 1360//1360 1355//1355 1489//1489
f 1355//1355 1356//1356 1456//1456
f 1491//1491 1493//1493 1492//1492
f 1493//1493 1497//1497 1494//1494
f 1495//1495 1496//1496 1493//1493
f 1496//1496 1515//1515 1497//1497
f 1499//1499 1490//1490 1498//1498
f 1505//1505 1499//1499 1500//1500
f 1498//1498 1492//1492 1501//1501
f 1500//1500 1498//1498 1502//1502
f 1499//1499 1504//1504 1503//1503
f 1504//1504 1204//1204 1200//1200
f 1505//1505 1506//1506 1504//1504
f 1506//1506 1205//1205 1204//1204
f 1491//1491 1490//1490 1507//1507
f 1495//1495 1491//1491 1508//1508
f 1507//1507 1503//1503 1201//1201
f 1508//1508 1507//1507 1193//1193
f 1512//1512 1509//1509 1511//1511
f 1495//1495 1512//1512 1496//1496
f 1511//1511 1510//1510 1514//1514
f 1496//1496 1511//1511 1515//1515
f 1512//1512 1517//1517 1516//1516
f 1517//1517 1192//1192 1186//1186
f 1495//1495 1508//1508 1517//1517
f 1508//1508 1193//1193 1192//1192
f 1519//1519 1509//1509 1518//1518
f 1518//1518 1521//1521 1520//1520
f 1518//1518 1516//1516 1189//1189
f 1189//1189 1734//1734 1521//1521
f 1519//1519 1522//1522 1510//1510
f 1513//1513 1510//1510 1523//1523
f 1522//1522 1519//1519 1524//1524
f 1523//1523 1522//1522 1525//1525
f 1529//1529 1526//1526 1528//1528
f 1528//1528 1514//1514 1513//1513
f 1530//1530 1531//1531 1528//1528
f 1531//1531 1515//1515 1514//1514
f 1529//1529 1533//1533 1532//1532
f 1533//1533 1535//1535 1534//1534
f 1513//1513 1523//1523 1533//1533
f 1523//1523 1525//1525 1535//1535
f 1537//1537 1526//1526 1536//1536
f 1543//1543 1537//1537 1538//1538
f 1536//1536 1532//1532 1539//1539
f 1538//1538 1536//1536 1540//1540
f 1537//1537 1541//1541 1527//1527
f 1530//1530 1527//1527 1542//1542
f 1543//1543 1544//1544 1541//1541
f 1542//1542 1541//1541 1545//1545
f 1549//1549 1546//1546 1548//1548
f 1530//1530 1549//1549 1531//1531
f 1548//1548 1547//1547 1497//1497
f 1531//1531 1548//1548 1515//1515
f 1549//1549 1551//1551 1550//1550
f 1551//1551 1553//1553 1552//1552
f 1530//1530 1542//1542 1551//1551
f 1542//1542 1545//1545 1553//1553
f 1555//1555 1546//1546 1554//1554
f 1560//1560 1555//1555 1556//1556
f 1554//1554 1550//1550 1557//1557
f 1556//1556 1554//1554 1558//1558
f 1555//1555 1559//1559 1547//1547
f 1559//1559 1501//1501 1494//1494
f 1560//1560 1561//1561 1559//1559
f 1561//1561 1502//1502 1501//1501
f 1565//1565 1562//1562 1564//1564
f 1572//1572 1565//1565 1566//1566
f 1564//1564 1563//1563 1568//1568
f 1566//1566 1564//1564 1569//1569
f 1565//1565 1571//1571 1570//1570
f 1571//1571 1476//1476 1472//1472
f 1572//1572 1573//1573 1571//1571
f 1573//1573 1477//1477 1476//1476
f 1575//1575 1562//1562 1574//1574
f 1505//1505 1575//1575 1506//1506
f 1574//1574 1570//1570 1473//1473
f 1473//1473 1205//1205 1506//1506
f 1575//1575 1576//1576 1563//1563
f 1576//1576 1577//1577 1567//1567
f 1505//1505 1500//1500 1576//1576
f 1500//1500 1502//1502 1577//1577
f 1579//1579 1581//1581 1580//1580
f 1581//1581 1568//1568 1567//1567
f 1582//1582 1583//1583 1581//1581
f 1583//1583 1569//1569 1568//1568
f 1585//1585 1578//1578 1584//1584
f 1560//1560 1585//1585 1561//1561
f 1584//1584 1580//1580 1577//1577
f 1561//1561 1584//1584 1502//1502
f 1585//1585 1587//1587 1586//1586
f 1587//1587 1589//1589 1588//1588
f 1560//1560 1556//1556 1587//1587
f 1556//1556 1558//1558 1589//1589
f 1579//1579 1578//1578 1590//1590
f 1582//1582 1579//1579 1591//1591
f 1590//1590 1586//1586 1592//1592
f 1591//1591 1590//1590 1593//1593
f 1597//1597 1594//1594 1596//1596
f 1582//1582 1597//1597 1583//1583
f 1596//1596 1595//1595 1599//1599
f 1583//1583 1596//1596 1569//1569
f 1597//1597 1601//1601 1600//1600
f 1601//1601 1603//1603 1602//1602
f 1582//1582 1591//1591 1601//1601
f 1591//1591 1593//1593 1603//1603
f 1605//1605 1594//1594 1604//1604
f 1419//1419 1605//1605 1420//1420
f 1604//1604 1600//1600 1606//1606
f 1420//1420 1604//1604 1607//1607
f 1605//1605 1608//1608 1595//1595
f 1608//1608 1609//1609 1598//1598
f 1419//1419 1414//1414 1608//1608
f 1414//1414 1415//1415 1609//1609
f 1611//1611 1613//1613 1612//1612
f 1613//1613 1599//1599 1598//1598
f 1572//1572 1566//1566 1613//1613
f 1566//1566 1569//1569 1599//1599
f 1615//1615 1610//1610 1614//1614
f 1403//1403 1615//1615 1404//1404
f 1614//1614 1612//1612 1609//1609
f 1404//1404 1614//1614 1415//1415
f 1615//1615 1617//1617 1616//1616
f 1617//1617 1488//1488 1484//1484
f 1403//1403 1400//1400 1617//1617
f 1400//1400 1401//1401 1488//1488
f 1611//1611 1610//1610 1618//1618
f 1572//1572 1611//1611 1573//1573
f 1618//1618 1616//1616 1485//1485
f 1573//1573 1618//1618 1477//1477
f 1622//1622 1619//1619 1621//1621
f 1631//1631 1622//1622 1623//1623
f 1627//1627 1624//1624 1626//1626
f 1683//1683 1627//1627 1628//1628
f 1622//1622 1630//1630 1629//1629
f 1630//1630 545//545 539//539
f 1631//1631 1632//1632 1630//1630
f 1632//1632 546//546 545//545
f 1634//1634 1619//1619 1633//1633
f 1638//1638 1634//1634 1635//1635
f 1633//1633 1629//1629 542//542
f 1635//1635 1633//1633 1636//1636
f 1634//1634 1639//1639 1620//1620
f 1637//1637 1641//1641 1625//1625
f 1638//1638 1811//1811 1639//1639
f 1640//1640 1651//1651 1641//1641
f 1643//1643 1645//1645 1644//1644
f 1645//1645 1626//1626 1625//1625
f 1646//1646 1647//1647 1645//1645
f 1647//1647 1628//1628 1626//1626
f 1649//1649 1642//1642 1648//1648
f 1655//1655 1649//1649 1650//1650
f 1648//1648 1644//1644 1641//1641
f 1650//1650 1648//1648 1651//1651
f 1649//1649 1653//1653 1652//1652
f 1653//1653 1657//1657 1654//1654
f 1655//1655 1656//1656 1653//1653
f 1656//1656 1718//1718 1657//1657
f 1643//1643 1642//1642 1658//1658
f 1646//1646 1643//1643 1659//1659
f 1658//1658 1652//1652 1660//1660
f 1659//1659 1658//1658 1661//1661
f 1665//1665 1662//1662 1664//1664
f 1646//1646 1665//1665 1647//1647
f 1664//1664 1663//1663 1667//1667
f 1647//1647 1664//1664 1628//1628
f 1665//1665 1669//1669 1668//1668
f 1669//1669 1671//1671 1670//1670
f 1646//1646 1659//1659 1669//1669
f 1659//1659 1661//1661 1671//1671
f 1673//1673 1662//1662 1672//1672
f 986//986 1673//1673 987//987
f 1672//1672 1668//1668 1674//1674
f 987//987 1672//1672 1254//1254
f 1673//1673 1675//1675 1663//1663
f 1675//1675 1676//1676 1666//1666
f 986//986 982//982 1675//1675
f 982//982 983//983 1676//1676
f 1678//1678 1682//1682 1679//1679
f 1681//1681 1667//1667 1666//1666
f 1631//1631 1623//1623 1682//1682
f 1683//1683 1628//1628 1667//1667
f 1685//1685 1677//1677 1684//1684
f 970//970 1685//1685 1686//1686
f 1687//1687 1680//1680 1676//1676
f 972//972 1687//1687 983//983
f 1685//1685 1689//1689 1688//1688
f 1689//1689 561//561 556//556
f 970//970 968//968 1689//1689
f 968//968 562//562 561//561
f 1678//1678 1677//1677 1690//1690
f 1631//1631 1678//1678 1632//1632
f 1690//1690 1688//1688 557//557
f 1632//1632 1690//1690 546//546
f 1692//1692 1694//1694 1693//1693
f 1694//1694 1698//1698 1695//1695
f 1696//1696 1697//1697 1694//1694
f 1697//1697 1712//1712 1698//1698
f 1700//1700 1691//1691 1699//1699
f 1256//1256 1700//1700 1257//1257
f 1699//1699 1693//1693 1701//1701
f 1257//1257 1699//1699 1266//1266
f 1700//1700 1703//1703 1702//1702
f 1703//1703 1674//1674 1670//1670
f 1256//1256 1253//1253 1703//1703
f 1253//1253 1254//1254 1674//1674
f 1692//1692 1691//1691 1704//1704
f 1696//1696 1692//1692 1705//1705
f 1704//1704 1702//1702 1671//1671
f 1705//1705 1704//1704 1661//1661
f 1709//1709 1706//1706 1708//1708
f 1696//1696 1709//1709 1697//1697
f 1708//1708 1707//1707 1711//1711
f 1697//1697 1708//1708 1712//1712
f 1709//1709 1714//1714 1713//1713
f 1714//1714 1660//1660 1654//1654
f 1696//1696 1705//1705 1714//1714
f 1705//1705 1661//1661 1660//1660
f 1716//1716 1706//1706 1715//1715
f 1720//1720 1716//1716 1717//1717
f 1715//1715 1713//1713 1657//1657
f 1717//1717 1715//1715 1718//1718
f 1716//1716 1719//1719 1707//1707
f 1719//1719 1722//1722 1710//1710
f 1720//1720 1721//1721 1719//1719
f 1721//1721 1730//1730 1722//1722
f 1726//1726 1723//1723 1725//1725
f 1725//1725 1711//1711 1710//1710
f 1725//1725 1724//1724 1698//1698
f 1711//1711 1725//1725 1712//1712
f 1726//1726 1728//1728 1727//1727
f 1728//1728 1886//1886 1729//1729
f 1728//1728 1726//1726 1722//1722
f 1886//1886 1728//1728 1730//1730
f 1732//1732 1723//1723 1731//1731
f 1269//1269 1732//1732 1270//1270
f 1731//1731 1727//1727 1733//1733
f 1270//1270 1731//1731 1734//1734
f 1732//1732 1735//1735 1724//1724
f 1735//1735 1701//1701 1695//1695
f 1269//1269 1265//1265 1735//1735
f 1265//1265 1266//1266 1701//1701
f 1739//1739 1736//1736 1738//1738
f 1747//1747 1739//1739 1740//1740
f 1738//1738 1737//1737 1742//1742
f 1740//1740 1738//1738 1743//1743
f 1739//1739 1745//1745 1744//1744
f 1745//1745 1749//1749 1746//1746
f 1747//1747 1748//1748 1745//1745
f 1748//1748 1798//1798 1749//1749
f 1751//1751 1736//1736 1750//1750
f 540//540 1751//1751 541//541
f 1750//1750 1744//1744 1752//1752
f 541//541 1750//1750 1636//1636
f 1751//1751 1753//1753 1737//1737
f 1753//1753 1754//1754 1741//1741
f 540//540 534//534 1753//1753
f 534//534 536//536 1754//1754
f 1756//1756 1758//1758 1757//1757
f 1758//1758 1742//1742 1741//1741
f 1759//1759 1760//1760 1758//1758
f 1760//1760 1743//1743 1742//1742
f 1762//1762 1755//1755 1761//1761
f 601//601 1762//1762 602//602
f 1761//1761 1757//1757 1754//1754
f 602//602 1761//1761 536//536
f 1762//1762 1764//1764 1763//1763
f 1384//1384 1763//1763 1385//1385
f 601//601 597//597 1764//1764
f 597//597 599//599 1385//1385
f 1756//1756 1755//1755 1765//1765
f 1759//1759 1756//1756 1766//1766
f 1384//1384 1378//1378 1765//1765
f 1378//1378 1381//1381 1766//1766
f 1770//1770 1767//1767 1769//1769
f 1759//1759 1770//1770 1760//1760
f 1769//1769 1768//1768 1772//1772
f 1760//1760 1769//1769 1743//1743
f 1770//1770 1774//1774 1773//1773
f 1444//1444 1773//1773 1445//1445
f 1759//1759 1766//1766 1774//1774
f 1445//1445 1774//1774 1381//1381
f 1776//1776 1767//1767 1775//1775
f 1779//1779 1776//1776 1777//1777
f 1444//1444 1438//1438 1775//1775
f 1777//1777 1775//1775 1441//1441
f 1776//1776 1778//1778 1768//1768
f 1778//1778 1781//1781 1771//1771
f 1779//1779 1780//1780 1778//1778
f 1780//1780 1789//1789 1781//1781
f 1783//1783 1785//1785 1784//1784
f 1785//1785 1772//1772 1771//1771
f 1747//1747 1740//1740 1785//1785
f 1740//1740 1743//1743 1772//1772
f 1787//1787 1782//1782 1786//1786
f 1793//1793 1787//1787 1788//1788
f 1786//1786 1784//1784 1781//1781
f 1788//1788 1786//1786 1789//1789
f 1787//1787 1791//1791 1790//1790
f 1791//1791 1795//1795 1792//1792
f 1793//1793 1794//1794 1791//1791
f 1794//1794 1833//1833 1795//1795
f 1783//1783 1782//1782 1796//1796
f 1747//1747 1783//1783 1748//1748
f 1796//1796 1790//1790 1797//1797
f 1748//1748 1796//1796 1798//1798
f 1800//1800 1806//1806 1801//1801
f 1803//1803 1808//1808 1804//1804
f 1805//1805 1822//1822 1806//1806
f 1807//1807 1827//1827 1808//1808
f 1810//1810 1799//1799 1809//1809
f 1638//1638 1810//1810 1811//1811
f 1813//1813 1802//1802 1812//1812
f 1640//1640 1813//1813 1651//1651
f 1810//1810 1815//1815 1814//1814
f 1815//1815 1752//1752 1746//1746
f 1638//1638 1635//1635 1815//1815
f 1635//1635 1636//1636 1752//1752
f 1800//1800 1799//1799 1816//1816
f 1805//1805 1800//1800 1817//1817
f 1816//1816 1814//1814 1749//1749
f 1817//1817 1816//1816 1798//1798
f 1821//1821 1818//1818 1820//1820
f 1805//1805 1821//1821 1822//1822
f 1826//1826 1823//1823 1825//1825
f 1807//1807 1826//1826 1827//1827
f 1821//1821 1829//1829 1828//1828
f 1829//1829 1797//1797 1792//1792
f 1805//1805 1817//1817 1829//1829
f 1817//1817 1798//1798 1797//1797
f 1831//1831 1818//1818 1830//1830
f 1835//1835 1831//1831 1832//1832
f 1830//1830 1828//1828 1795//1795
f 1832//1832 1830//1830 1833//1833
f 1831//1831 1836//1836 1819//1819
f 1834//1834 1838//1838 1824//1824
f 1835//1835 2383//2383 1836//1836
f 1837//1837 1848//1848 1838//1838
f 1840//1840 1842//1842 1841//1841
f 1842//1842 1825//1825 1824//1824
f 1843//1843 1844//1844 1842//1842
f 1844//1844 1827//1827 1825//1825
f 1846//1846 1839//1839 1845//1845
f 1852//1852 1846//1846 1847//1847
f 1845//1845 1841//1841 1838//1838
f 1847//1847 1845//1845 1848//1848
f 1846//1846 1850//1850 1849//1849
f 1850//1850 1854//1854 1851//1851
f 1852//1852 1853//1853 1850//1850
f 1853//1853 1911//1911 1854//1854
f 1840//1840 1839//1839 1855//1855
f 1843//1843 1840//1840 1856//1856
f 1855//1855 1849//1849 1857//1857
f 1856//1856 1855//1855 1858//1858
f 1862//1862 1859//1859 1861//1861
f 1843//1843 1862//1862 1844//1844
f 1861//1861 1860//1860 1808//1808
f 1844//1844 1861//1861 1827//1827
f 1862//1862 1864//1864 1863//1863
f 1864//1864 1866//1866 1865//1865
f 1843//1843 1856//1856 1864//1864
f 1856//1856 1858//1858 1866//1866
f 1868//1868 1859//1859 1867//1867
f 1655//1655 1868//1868 1656//1656
f 1867//1867 1863//1863 1869//1869
f 1656//1656 1867//1867 1718//1718
f 1868//1868 1870//1870 1860//1860
f 1870//1870 1812//1812 1804//1804
f 1655//1655 1650//1650 1870//1870
f 1650//1650 1651//1651 1812//1812
f 1874//1874 1871//1871 1873//1873
f 1881//1881 1874//1874 1875//1875
f 1873//1873 1872//1872 1877//1877
f 1875//1875 1873//1873 1878//1878
f 1874//1874 1880//1880 1879//1879
f 1880//1880 1524//1524 1520//1520
f 1881//1881 1882//1882 1880//1880
f 1882//1882 1525//1525 1524//1524
f 1879//1879 1884//1884 1883//1883
f 1884//1884 1733//1733 1729//1729
f 1520//1520 1521//1521 1884//1884
f 1521//1521 1734//1734 1733//1733
f 1883//1883 1885//1885 1872//1872
f 1885//1885 1887//1887 1876//1876
f 1729//1729 1886//1886 1885//1885
f 1886//1886 1730//1730 1887//1887
f 1889//1889 1891//1891 1890//1890
f 1891//1891 1877//1877 1876//1876
f 1892//1892 1893//1893 1891//1891
f 1893//1893 1878//1878 1877//1877
f 1895//1895 1888//1888 1894//1894
f 1720//1720 1895//1895 1721//1721
f 1894//1894 1890//1890 1887//1887
f 1721//1721 1894//1894 1730//1730
f 1895//1895 1897//1897 1896//1896
f 1897//1897 1869//1869 1865//1865
f 1720//1720 1717//1717 1897//1897
f 1717//1717 1718//1718 1869//1869
f 1889//1889 1888//1888 1898//1898
f 1892//1892 1889//1889 1899//1899
f 1898//1898 1896//1896 1866//1866
f 1899//1899 1898//1898 1858//1858
f 1903//1903 1900//1900 1902//1902
f 1892//1892 1903//1903 1893//1893
f 1902//1902 1901//1901 1905//1905
f 1893//1893 1902//1902 1878//1878
f 1903//1903 1907//1907 1906//1906
f 1907//1907 1857//1857 1851//1851
f 1892//1892 1899//1899 1907//1907
f 1899//1899 1858//1858 1857//1857
f 1909//1909 1900//1900 1908//1908
f 1913//1913 1909//1909 1910//1910
f 1908//1908 1906//1906 1854//1854
f 1910//1910 1908//1908 1911//1911
f 1909//1909 1912//1912 1901//1901
f 1912//1912 1915//1915 1904//1904
f 1913//1913 1914//1914 1912//1912
f 1914//1914 1923//1923 1915//1915
f 1917//1917 1919//1919 1918//1918
f 1919//1919 1905//1905 1904//1904
f 1881//1881 1875//1875 1919//1919
f 1875//1875 1878//1878 1905//1905
f 1921//1921 1916//1916 1920//1920
f 1926//1926 1921//1921 1922//1922
f 1920//1920 1918//1918 1915//1915
f 1922//1922 1920//1920 1923//1923
f 1921//1921 1925//1925 1924//1924
f 1925//1925 1539//1539 1534//1534
f 1926//1926 1927//1927 1925//1925
f 1927//1927 1540//1540 1539//1539
f 1917//1917 1916//1916 1928//1928
f 1881//1881 1917//1917 1882//1882
f 1928//1928 1924//1924 1535//1535
f 1882//1882 1928//1928 1525//1525
f 1930//1930 2486//2486 1931//1931
f 1933//1933 1938//1938 1934//1934
f 2486//2486 1930//1930 1936//1936
f 1937//1937 2002//2002 1938//1938
f 1940//1940 1929//1929 1939//1939
f 1948//1948 1940//1940 1941//1941
f 1943//1943 1932//1932 1942//1942
f 2115//2115 1943//1943 1944//1944
f 1940//1940 1946//1946 1945//1945
f 1952//1952 1945//1945 1947//1947
f 1948//1948 1949//1949 1946//1946
f 1947//1947 1946//1946 1950//1950
f 1945//1945 1951//1951 1930//1930
f 1951//1951 1954//1954 1935//1935
f 1952//1952 1953//1953 1951//1951
f 1953//1953 1966//1966 1954//1954
f 1956//1956 1958//1958 1957//1957
f 1958//1958 1936//1936 1935//1935
f 1960//1960 1962//1962 1961//1961
f 1962//1962 2002//2002 1937//1937
f 1964//1964 1955//1955 1963//1963
f 1970//1970 1964//1964 1965//1965
f 1963//1963 1957//1957 1954//1954
f 1965//1965 1963//1963 1966//1966
f 1964//1964 1968//1968 1967//1967
f 1968//1968 1972//1972 1969//1969
f 1970//1970 1971//1971 1968//1968
f 1971//1971 2050//2050 1972//1972
f 1956//1956 1955//1955 1973//1973
f 1960//1960 1959//1959 1975//1975
f 1973//1973 1967//1967 1976//1976
f 1975//1975 1974//1974 1978//1978
f 1980//1980 1982//1982 1981//1981
f 1960//1960 1981//1981 1962//1962
f 1983//1983 1984//1984 1982//1982
f 1984//1984 2002//2002 1962//1962
f 1981//1981 1986//1986 1985//1985
f 1986//1986 1988//1988 1987//1987
f 1960//1960 1975//1975 1986//1986
f 1975//1975 1978//1978 1988//1988
f 1990//1990 1979//1979 1989//1989
f 1989//1989 1993//1993 1991//1991
f 1989//1989 1985//1985 1992//1992
f 1992//1992 2032//2032 1993//1993
f 1980//1980 1979//1979 1994//1994
f 1983//1983 1980//1980 1995//1995
f 1994//1994 1990//1990 1996//1996
f 1995//1995 1994//1994 1997//1997
f 2001//2001 1998//1998 2000//2000
f 1983//1983 2001//2001 1984//1984
f 2000//2000 1999//1999 1938//1938
f 1984//1984 2000//2000 2002//2002
f 2001//2001 2004//2004 2003//2003
f 2004//2004 2006//2006 2005//2005
f 1983//1983 1995//1995 2004//2004
f 1995//1995 1997//1997 2006//2006
f 2008//2008 1998//1998 2007//2007
f 2013//2013 2008//2008 2009//2009
f 2007//2007 2003//2003 2010//2010
f 2009//2009 2007//2007 2011//2011
f 2008//2008 2012//2012 1999//1999
f 2012//2012 1942//1942 1934//1934
f 2013//2013 2014//2014 2012//2012
f 2014//2014 1944//1944 1942//1942
f 2016//2016 2018//2018 2017//2017
f 2026//2026 2017//2017 2019//2019
f 2020//2020 2021//2021 2018//2018
f 2019//2019 2018//2018 2022//2022
f 2024//2024 2015//2015 2023//2023
f 2023//2023 2028//2028 2025//2025
f 2026//2026 2027//2027 2023//2023
f 2027//2027 2072//2072 2028//2028
f 2024//2024 2030//2030 2029//2029
f 2030//2030 1992//1992 1987//1987
f 2030//2030 2024//2024 2031//2031
f 1992//1992 2030//2030 2032//2032
f 2016//2016 2015//2015 2033//2033
f 2020//2020 2016//2016 2034//2034
f 2033//2033 2029//2029 1988//1988
f 2034//2034 2033//2033 1978//1978
f 2043//2043 2035//2035 2037//2037
f 2020//2020 2038//2038 2021//2021
f 2039//2039 2040//2040 2042//2042
f 2021//2021 2039//2039 2022//2022
f 2043//2043 2045//2045 2044//2044
f 2045//2045 1976//1976 1969//1969
f 2020//2020 2034//2034 2046//2046
f 2034//2034 1978//1978 1977//1977
f 2048//2048 2035//2035 2047//2047
f 2052//2052 2048//2048 2049//2049
f 2047//2047 2044//2044 1972//1972
f 2049//2049 2047//2047 2050//2050
f 2048//2048 2053//2053 2036//2036
f 2051//2051 2055//2055 2041//2041
f 2052//2052 2174//2174 2053//2053
f 2054//2054 2063//2063 2055//2055
f 2057//2057 2059//2059 2058//2058
f 2059//2059 2042//2042 2041//2041
f 2059//2059 2057//2057 2019//2019
f 2042//2042 2059//2059 2022//2022
f 2061//2061 2056//2056 2060//2060
f 2067//2067 2061//2061 2062//2062
f 2060//2060 2058//2058 2055//2055
f 2062//2062 2060//2060 2063//2063
f 2061//2061 2065//2065 2064//2064
f 2065//2065 2256//2256 2066//2066
f 2067//2067 2068//2068 2065//2065
f 2256//2256 2065//2065 2069//2069
f 2057//2057 2056//2056 2070//2070
f 2026//2026 2057//2057 2027//2027
f 2070//2070 2064//2064 2071//2071
f 2027//2027 2070//2070 2072//2072
f 2074//2074 2076//2076 2075//2075
f 2084//2084 2075//2075 2077//2077
f 2078//2078 2079//2079 2076//2076
f 2077//2077 2076//2076 2080//2080
f 2082//2082 2073//2073 2081//2081
f 2089//2089 2082//2082 2083//2083
f 2084//2084 2085//2085 2081//2081
f 2085//2085 2129//2129 2083//2083
f 2082//2082 2087//2087 2086//2086
f 2087//2087 2091//2091 2088//2088
f 2089//2089 2090//2090 2087//2087
f 2090//2090 2359//2359 2091//2091
f 2074//2074 2073//2073 2092//2092
f 2078//2078 2074//2074 2093//2093
f 2092//2092 2086//2086 2094//2094
f 2093//2093 2092//2092 2095//2095
f 2104//2104 2096//2096 2098//2098
f 2078//2078 2099//2099 2079//2079
f 2100//2100 2101//2101 2103//2103
f 2079//2079 2100//2100 2080//2080
f 2104//2104 2106//2106 2105//2105
f 2106//2106 2487//2487 2107//2107
f 2078//2078 2093//2093 2108//2108
f 2093//2093 2095//2095 2109//2109
f 2111//2111 2096//2096 2110//2110
f 1948//1948 2111//2111 1949//1949
f 2107//2107 2112//2112 2110//2110
f 2112//2112 1950//1950 1949//1949
f 2111//2111 2114//2114 2097//2097
f 2113//2113 2116//2116 2102//2102
f 1948//1948 1941//1941 2114//2114
f 2115//2115 1944//1944 2116//2116
f 2118//2118 2120//2120 2119//2119
f 2120//2120 2103//2103 2102//2102
f 2084//2084 2077//2077 2120//2120
f 2103//2103 2120//2120 2080//2080
f 2122//2122 2117//2117 2121//2121
f 2013//2013 2122//2122 2014//2014
f 2121//2121 2119//2119 2116//2116
f 2014//2014 2121//2121 1944//1944
f 2122//2122 2124//2124 2123//2123
f 2124//2124 2126//2126 2125//2125
f 2013//2013 2009//2009 2124//2124
f 2009//2009 2011//2011 2126//2126
f 2118//2118 2117//2117 2127//2127
f 2084//2084 2118//2118 2085//2085
f 2127//2127 2123//2123 2128//2128
f 2085//2085 2127//2127 2129//2129
f 2131//2131 2133//2133 2132//2132
f 2133//2133 2137//2137 2134//2134
f 2135//2135 2136//2136 2133//2133
f 2136//2136 2154//2154 2137//2137
f 2139//2139 2130//2130 2138//2138
f 2138//2138 1424//1424 1418//1418
f 2138//2138 2132//2132 2140//2140
f 1424//1424 2138//2138 1425//1425
f 2142//2142 2130//2130 2141//2141
f 2146//2146 2142//2142 2143//2143
f 2141//2141 2139//2139 1421//1421
f 2143//2143 2141//2141 1607//1607
f 2131//2131 2130//2130 2144//2144
f 2135//2135 2131//2131 2145//2145
f 2146//2146 2147//2147 2144//2144
f 2147//2147 2211//2211 2145//2145
f 2151//2151 2148//2148 2150//2150
f 2135//2135 2151//2151 2136//2136
f 2150//2150 2149//2149 2153//2153
f 2136//2136 2150//2150 2154//2154
f 2151//2151 2156//2156 2155//2155
f 2156//2156 2158//2158 2157//2157
f 2135//2135 2145//2145 2156//2156
f 2145//2145 2211//2211 2158//2158
f 2160//2160 2148//2148 2159//2159
f 2067//2067 2160//2160 2068//2068
f 2159//2159 2155//2155 2161//2161
f 2068//2068 2159//2159 2069//2069
f 2160//2160 2162//2162 2149//2149
f 2162//2162 2163//2163 2152//2152
f 2067//2067 2062//2062 2162//2162
f 2062//2062 2063//2063 2163//2163
f 2165//2165 2170//2170 2166//2166
f 2168//2168 2153//2153 2152//2152
f 2169//2169 2188//2188 2170//2170
f 2171//2171 2154//2154 2153//2153
f 2173//2173 2164//2164 2172//2172
f 2052//2052 2173//2173 2174//2174
f 2175//2175 2167//2167 2163//2163
f 2054//2054 2175//2175 2063//2063
f 2173//2173 2177//2177 2176//2176
f 2177//2177 2179//2179 2178//2178
f 2052//2052 2049//2049 2177//2177
f 2049//2049 2050//2050 2179//2179
f 2165//2165 2164//2164 2180//2180
f 2169//2169 2165//2165 2181//2181
f 2180//2180 2176//2176 2182//2182
f 2181//2181 2180//2180 2183//2183
f 2187//2187 2184//2184 2186//2186
f 2169//2169 2187//2187 2188//2188
f 2190//2190 2189//2189 2137//2137
f 2171//2171 2190//2190 2154//2154
f 2187//2187 2192//2192 2191//2191
f 2192//2192 2194//2194 2193//2193
f 2169//2169 2181//2181 2192//2192
f 2181//2181 2183//2183 2194//2194
f 2196//2196 2184//2184 2195//2195
f 1439//1439 2196//2196 1440//1440
f 2195//2195 2191//2191 2197//2197
f 1440//1440 2195//2195 1441//1441
f 2196//2196 2199//2199 2185//2185
f 2198//2198 2140//2140 2134//2134
f 1432//1432 1433//1433 2198//2198
f 1433//1433 1425//1425 2140//2140
f 2201//2201 2203//2203 2202//2202
f 2203//2203 2207//2207 2204//2204
f 2205//2205 2206//2206 2203//2203
f 2206//2206 2222//2222 2207//2207
f 2209//2209 2200//2200 2208//2208
f 2146//2146 2209//2209 2147//2147
f 2208//2208 2202//2202 2210//2210
f 2147//2147 2208//2208 2211//2211
f 2209//2209 2213//2213 2212//2212
f 2213//2213 1606//1606 1602//1602
f 2146//2146 2143//2143 2213//2213
f 2143//2143 1607//1607 1606//1606
f 2201//2201 2200//2200 2214//2214
f 2205//2205 2201//2201 2215//2215
f 2214//2214 2212//2212 1603//1603
f 2215//2215 2214//2214 1593//1593
f 2219//2219 2216//2216 2218//2218
f 2205//2205 2219//2219 2206//2206
f 2218//2218 2217//2217 2221//2221
f 2206//2206 2218//2218 2222//2222
f 2219//2219 2224//2224 2223//2223
f 2224//2224 1592//1592 1588//1588
f 2205//2205 2215//2215 2224//2224
f 2215//2215 1593//1593 1592//1592
f 2226//2226 2216//2216 2225//2225
f 2229//2229 2226//2226 2227//2227
f 2225//2225 2223//2223 1589//1589
f 2227//2227 2225//2225 1558//1558
f 2226//2226 2228//2228 2217//2217
f 2228//2228 2231//2231 2220//2220
f 2229//2229 2230//2230 2228//2228
f 2230//2230 2241//2241 2231//2231
f 2233//2233 2235//2235 2234//2234
f 2235//2235 2221//2221 2220//2220
f 2236//2236 2237//2237 2235//2235
f 2237//2237 2222//2222 2221//2221
f 2239//2239 2232//2232 2238//2238
f 2244//2244 2239//2239 2240//2240
f 2238//2238 2234//2234 2231//2231
f 2240//2240 2238//2238 2241//2241
f 2239//2239 2243//2243 2242//2242
f 2243//2243 2031//2031 2025//2025
f 2244//2244 2245//2245 2243//2243
f 2245//2245 2032//2032 2031//2031
f 2233//2233 2232//2232 2246//2246
f 2236//2236 2233//2233 2247//2247
f 2246//2246 2242//2242 2028//2028
f 2247//2247 2246//2246 2072//2072
f 2251//2251 2248//2248 2250//2250
f 2236//2236 2251//2251 2237//2237
f 2250//2250 2249//2249 2207//2207
f 2237//2237 2250//2250 2222//2222
f 2251//2251 2253//2253 2252//2252
f 2253//2253 2071//2071 2066//2066
f 2236//2236 2247//2247 2253//2253
f 2247//2247 2072//2072 2071//2071
f 2255//2255 2248//2248 2254//2254
f 2157//2157 2255//2255 2161//2161
f 2254//2254 2252//2252 2256//2256
f 2256//2256 2069//2069 2161//2161
f 2255//2255 2257//2257 2249//2249
f 2257//2257 2210//2210 2204//2204
f 2157//2157 2158//2158 2257//2257
f 2158//2158 2211//2211 2210//2210
f 2259//2259 2261//2261 2260//2260
f 2261//2261 2265//2265 2262//2262
f 2263//2263 2264//2264 2261//2261
f 2264//2264 2279//2279 2265//2265
f 2267//2267 2258//2258 2266//2266
f 2229//2229 2267//2267 2230//2230
f 2266//2266 2260//2260 2268//2268
f 2230//2230 2266//2266 2241//2241
f 2267//2267 2270//2270 2269//2269
f 2270//2270 1557//1557 1552//1552
f 2229//2229 2227//2227 2270//2270
f 2227//2227 1558//1558 1557//1557
f 2259//2259 2258//2258 2271//2271
f 2263//2263 2259//2259 2272//2272
f 2271//2271 2269//2269 1553//1553
f 2272//2272 2271//2271 1545//1545
f 2276//2276 2273//2273 2275//2275
f 2263//2263 2276//2276 2264//2264
f 2275//2275 2274//2274 2278//2278
f 2264//2264 2275//2275 2279//2279
f 2281//2281 2273//2273 2280//2280
f 1543//1543 2281//2281 1544//1544
f 2263//2263 2272//2272 2280//2280
f 2272//2272 1545//1545 1544//1544
f 2281//2281 2283//2283 2282//2282
f 2283//2283 2285//2285 2284//2284
f 1543//1543 1538//1538 2283//2283
f 1538//1538 1540//1540 2285//2285
f 2274//2274 2273//2273 2286//2286
f 2286//2286 2298//2298 2277//2277
f 2286//2286 2282//2282 2287//2287
f 2298//2298 2286//2286 2288//2288
f 2290//2290 2292//2292 2291//2291
f 2292//2292 2278//2278 2277//2277
f 2293//2293 2294//2294 2292//2292
f 2294//2294 2279//2279 2278//2278
f 2296//2296 2289//2289 2295//2295
f 2301//2301 2296//2296 2297//2297
f 2295//2295 2291//2291 2298//2298
f 2297//2297 2295//2295 2288//2288
f 2296//2296 2300//2300 2299//2299
f 2300//2300 2010//2010 2005//2005
f 2301//2301 2302//2302 2300//2300
f 2302//2302 2011//2011 2010//2010
f 2290//2290 2289//2289 2303//2303
f 2293//2293 2290//2290 2304//2304
f 2303//2303 2299//2299 2006//2006
f 2304//2304 2303//2303 1997//1997
f 2308//2308 2305//2305 2307//2307
f 2293//2293 2308//2308 2294//2294
f 2307//2307 2306//2306 2265//2265
f 2294//2294 2307//2307 2279//2279
f 2308//2308 2310//2310 2309//2309
f 2310//2310 1996//1996 1991//1991
f 2293//2293 2304//2304 2310//2310
f 2304//2304 1997//1997 1996//1996
f 2312//2312 2305//2305 2311//2311
f 2244//2244 2312//2312 2245//2245
f 2311//2311 2309//2309 1993//1993
f 2245//2245 2311//2311 2032//2032
f 2312//2312 2313//2313 2306//2306
f 2313//2313 2268//2268 2262//2262
f 2244//2244 2240//2240 2313//2313
f 2240//2240 2241//2241 2268//2268
f 2317//2317 2314//2314 2316//2316
f 2324//2324 2317//2317 2318//2318
f 2316//2316 2315//2315 2320//2320
f 2318//2318 2316//2316 2321//2321
f 2317//2317 2323//2323 2322//2322
f 2323//2323 2287//2287 2284//2284
f 2324//2324 2325//2325 2323//2323
f 2325//2325 2288//2288 2287//2287
f 2327//2327 2314//2314 2326//2326
f 1926//1926 2327//2327 1927//1927
f 2326//2326 2322//2322 2285//2285
f 1927//1927 2326//2326 1540//1540
f 2327//2327 2328//2328 2315//2315
f 2328//2328 2329//2329 2319//2319
f 1926//1926 1922//1922 2328//2328
f 1922//1922 1923//1923 2329//2329
f 2331//2331 2333//2333 2332//2332
f 2333//2333 2320//2320 2319//2319
f 2334//2334 2335//2335 2333//2333
f 2335//2335 2321//2321 2320//2320
f 2337//2337 2330//2330 2336//2336
f 1913//1913 2337//2337 1914//1914
f 2336//2336 2332//2332 2329//2329
f 1914//1914 2336//2336 1923//1923
f 2337//2337 2339//2339 2338//2338
f 2339//2339 2341//2341 2340//2340
f 1913//1913 1910//1910 2339//2339
f 1910//1910 1911//1911 2341//2341
f 2331//2331 2330//2330 2342//2342
f 2334//2334 2331//2331 2343//2343
f 2342//2342 2338//2338 2344//2344
f 2343//2343 2342//2342 2345//2345
f 2349//2349 2346//2346 2348//2348
f 2334//2334 2349//2349 2335//2335
f 2348//2348 2347//2347 2351//2351
f 2335//2335 2348//2348 2321//2321
f 2349//2349 2353//2353 2352//2352
f 2353//2353 2355//2355 2354//2354
f 2334//2334 2343//2343 2353//2353
f 2343//2343 2345//2345 2355//2355
f 2357//2357 2346//2346 2356//2356
f 2089//2089 2357//2357 2090//2090
f 2354//2354 2358//2358 2356//2356
f 2090//2090 2356//2356 2359//2359
f 2357//2357 2360//2360 2347//2347
f 2360//2360 2361//2361 2350//2350
f 2089//2089 2083//2083 2360//2360
f 2083//2083 2129//2129 2361//2361
f 2363//2363 2365//2365 2364//2364
f 2365//2365 2351//2351 2350//2350
f 2324//2324 2318//2318 2365//2365
f 2318//2318 2321//2321 2351//2351
f 2364//2364 2367//2367 2366//2366
f 2367//2367 2128//2128 2125//2125
f 2367//2367 2364//2364 2361//2361
f 2361//2361 2129//2129 2128//2128
f 2369//2369 2362//2362 2368//2368
f 2301//2301 2369//2369 2302//2302
f 2368//2368 2366//2366 2126//2126
f 2302//2302 2368//2368 2011//2011
f 2369//2369 2370//2370 2363//2363
f 2324//2324 2363//2363 2325//2325
f 2301//2301 2297//2297 2370//2370
f 2297//2297 2288//2288 2325//2325
f 2372//2372 2378//2378 2373//2373
f 2375//2375 2380//2380 2376//2376
f 2377//2377 2398//2398 2378//2378
f 2379//2379 2403//2403 2380//2380
f 2382//2382 2371//2371 2381//2381
f 1835//1835 2382//2382 2383//2383
f 2385//2385 2374//2374 2384//2384
f 1837//1837 2385//2385 1848//1848
f 2382//2382 2387//2387 2386//2386
f 2387//2387 2389//2389 2388//2388
f 1835//1835 1832//1832 2387//2387
f 1832//1832 1833//1833 2389//2389
f 2372//2372 2371//2371 2390//2390
f 2377//2377 2372//2372 2391//2391
f 2390//2390 2386//2386 2392//2392
f 2391//2391 2390//2390 2393//2393
f 2397//2397 2394//2394 2396//2396
f 2377//2377 2397//2397 2398//2398
f 2402//2402 2399//2399 2401//2401
f 2379//2379 2402//2402 2403//2403
f 2397//2397 2405//2405 2404//2404
f 2405//2405 2407//2407 2406//2406
f 2377//2377 2391//2391 2405//2405
f 2391//2391 2393//2393 2407//2407
f 2409//2409 2394//2394 2408//2408
f 2107//2107 2409//2409 2112//2112
f 2408//2408 2404//2404 2410//2410
f 2112//2112 2408//2408 1950//1950
f 2409//2409 2412//2412 2395//2395
f 2411//2411 2421//2421 2400//2400
f 2107//2107 2487//2487 2412//2412
f 2421//2421 2411//2411 2095//2095
f 2416//2416 2413//2413 2415//2415
f 2400//2400 2416//2416 2401//2401
f 2417//2417 2418//2418 2415//2415
f 2418//2418 2403//2403 2401//2401
f 2416//2416 2420//2420 2419//2419
f 2420//2420 2094//2094 2088//2088
f 2400//2400 2421//2421 2420//2420
f 2421//2421 2095//2095 2094//2094
f 2423//2423 2413//2413 2422//2422
f 2354//2354 2423//2423 2358//2358
f 2422//2422 2419//2419 2091//2091
f 2358//2358 2422//2422 2359//2359
f 2423//2423 2424//2424 2414//2414
f 2424//2424 2431//2431 2417//2417
f 2354//2354 2355//2355 2424//2424
f 2431//2431 2424//2424 2345//2345
f 2428//2428 2425//2425 2427//2427
f 2417//2417 2428//2428 2418//2418
f 2427//2427 2426//2426 2380//2380
f 2418//2418 2427//2427 2403//2403
f 2428//2428 2430//2430 2429//2429
f 2430//2430 2344//2344 2340//2340
f 2417//2417 2431//2431 2430//2430
f 2431//2431 2345//2345 2344//2344
f 2433//2433 2425//2425 2432//2432
f 1852//1852 2433//2433 1853//1853
f 2432//2432 2429//2429 2341//2341
f 1853//1853 2432//2432 1911//1911
f 2433//2433 2434//2434 2426//2426
f 2434//2434 2384//2384 2376//2376
f 1852//1852 1847//1847 2434//2434
f 1847//1847 1848//1848 2384//2384
f 2436//2436 2438//2438 2437//2437
f 2438//2438 2442//2442 2439//2439
f 2440//2440 2441//2441 2438//2438
f 2441//2441 2456//2456 2442//2442
f 2444//2444 2435//2435 2443//2443
f 1779//1779 2444//2444 1780//1780
f 2443//2443 2437//2437 2445//2445
f 1780//1780 2443//2443 1789//1789
f 2444//2444 2447//2447 2446//2446
f 2447//2447 2197//2197 2193//2193
f 1779//1779 1777//1777 2447//2447
f 1777//1777 1441//1441 2197//2197
f 2436//2436 2435//2435 2448//2448
f 2440//2440 2436//2436 2449//2449
f 2448//2448 2446//2446 2194//2194
f 2449//2449 2448//2448 2183//2183
f 2453//2453 2450//2450 2452//2452
f 2440//2440 2453//2453 2441//2441
f 2452//2452 2451//2451 2455//2455
f 2441//2441 2452//2452 2456//2456
f 2453//2453 2458//2458 2457//2457
f 2458//2458 2182//2182 2178//2178
f 2440//2440 2449//2449 2458//2458
f 2449//2449 2183//2183 2182//2182
f 2460//2460 2450//2450 2459//2459
f 1970//1970 2460//2460 1971//1971
f 2459//2459 2457//2457 2179//2179
f 1971//1971 2459//2459 2050//2050
f 2460//2460 2461//2461 2451//2451
f 2461//2461 2462//2462 2454//2454
f 1970//1970 1965//1965 2461//2461
f 1965//1965 1966//1966 2462//2462
f 2464//2464 2466//2466 2465//2465
f 2466//2466 2455//2455 2454//2454
f 2467//2467 2468//2468 2466//2466
f 2468//2468 2456//2456 2455//2455
f 2470//2470 2463//2463 2469//2469
f 1952//1952 2470//2470 1953//1953
f 2469//2469 2465//2465 2462//2462
f 1953//1953 2469//2469 1966//1966
f 2470//2470 2472//2472 2471//2471
f 2472//2472 2410//2410 2406//2406
f 1952//1952 1947//1947 2472//2472
f 1947//1947 1950//1950 2410//2410
f 2464//2464 2463//2463 2473//2473
f 2467//2467 2464//2464 2474//2474
f 2473//2473 2471//2471 2407//2407
f 2474//2474 2473//2473 2393//2393
f 2478//2478 2475//2475 2477//2477
f 2467//2467 2478//2478 2468//2468
f 2477//2477 2476//2476 2442//2442
f 2468//2468 2477//2477 2456//2456
f 2478//2478 2480//2480 2479//2479
f 2480//2480 2392//2392 2388//2388
f 2467//2467 2474//2474 2480//2480
f 2474//2474 2393//2393 2392//2392
f 2482//2482 2475//2475 2481//2481
f 1793//1793 2482//2482 1794//1794
f 2481//2481 2479//2479 2389//2389
f 1794//1794 2481//2481 1833//1833
f 2482//2482 2483//2483 2476//2476
f 2483//2483 2445//2445 2439//2439
f 1793//1793 1788//1788 2483//2483
f 1788//1788 1789//1789 2445//2445
