# Transformed from MOVE4D into Theia3D coordinates (Z-up, metres)
# by transform_obj_to_theia.py. p_theia = T @ [p_m4d, 1]
# T rows: 0.999168503 0.000000000 -0.040771355 -0.386515710 | -0.040771355 0.000000000 -0.999168503 0.227162467 | 0.000000000 1.000000000 0.000000000 0.029751811 | 0.000000000 0.000000000 0.000000000 1.000000000
# Created by Open3D 
# object name: right_feet
# number of vertices: 2617
# number of triangles: 4894
v -0.384175 0.335496 0.124246
vn -0.566087 0.824331 -0.004842
v -0.384031 0.336077 0.129943
vn -0.542411 0.838001 -0.059540
v -0.377619 0.339561 0.124358
vn -0.466089 0.884027 0.035460
v -0.377874 0.339714 0.130783
vn -0.416274 0.908950 -0.022944
v -0.371059 0.342330 0.126237
vn -0.281869 0.956720 0.072361
v -0.371774 0.341967 0.131873
vn -0.221328 0.974772 0.028876
v -0.380875 0.338053 0.118911
vn -0.541528 0.835072 0.096966
v -0.374965 0.341794 0.117740
vn -0.450742 0.879110 0.154907
v -0.378823 0.340193 0.113852
vn -0.529793 0.831656 0.166338
v -0.369872 0.343457 0.120677
vn -0.298743 0.936934 0.181401
v -0.368320 0.345235 0.115330
vn -0.284344 0.928599 0.238438
v -0.386009 0.334465 0.118795
vn -0.605837 0.792586 0.069062
v -0.388377 0.332420 0.123026
vn -0.615091 0.788351 0.012839
v -0.390567 0.330718 0.118640
vn -0.663761 0.746913 0.039273
v -0.383801 0.336773 0.114050
vn -0.593295 0.794109 0.131879
v -0.388643 0.332848 0.113960
vn -0.654261 0.749763 0.098986
v -0.389860 0.331583 0.128855
vn -0.594077 0.802779 -0.051173
v -0.392659 0.328771 0.123776
vn -0.672511 0.740086 0.001205
v -0.356997 0.342616 0.128046
vn 0.191319 0.966526 0.170954
v -0.364413 0.343322 0.127155
vn -0.037245 0.992167 0.119237
v -0.364946 0.343082 0.132917
vn -0.033929 0.998687 0.038376
v -0.349935 0.340197 0.128725
vn 0.454580 0.865947 0.208551
v -0.343947 0.336215 0.129599
vn 0.638184 0.745018 0.194087
v -0.349195 0.341146 0.123425
vn 0.402370 0.866670 0.294925
v -0.356076 0.343610 0.122833
vn 0.183455 0.942297 0.280037
v -0.348260 0.342777 0.118600
vn 0.378830 0.852421 0.360368
v -0.343545 0.337287 0.123909
vn 0.593989 0.752517 0.284419
v -0.342541 0.339060 0.119114
vn 0.566937 0.730264 0.381178
v -0.363383 0.344433 0.121958
vn -0.050433 0.968650 0.243258
v -0.355121 0.345204 0.117911
vn 0.175972 0.923713 0.340276
v -0.362005 0.345983 0.117109
vn -0.061712 0.954016 0.293336
v -0.376066 0.344171 0.104563
vn -0.504897 0.833436 0.224639
v -0.370018 0.347572 0.104248
vn -0.370484 0.895695 0.245910
v -0.374728 0.346395 0.099681
vn -0.481743 0.839039 0.252860
v -0.369230 0.349478 0.098560
vn -0.326794 0.909895 0.255532
v -0.373542 0.348633 0.094842
vn -0.444647 0.862439 0.241843
v -0.364093 0.349084 0.105403
vn -0.183005 0.949235 0.255856
v -0.364020 0.350142 0.101150
vn -0.170200 0.955576 0.240636
v -0.363372 0.351391 0.096507
vn -0.127600 0.961001 0.245347
v -0.379887 0.342845 0.100422
vn -0.562760 0.794548 0.228022
v -0.381062 0.340769 0.104912
vn -0.572591 0.794704 0.201457
v -0.384695 0.339190 0.100279
vn -0.623663 0.756259 0.197779
v -0.378781 0.345132 0.095436
vn -0.557854 0.795328 0.237175
v -0.383595 0.341351 0.095677
vn -0.625846 0.753306 0.202108
v -0.377459 0.342175 0.109120
vn -0.522821 0.828593 0.200231
v -0.382327 0.338769 0.109530
vn -0.584028 0.792406 0.176079
v -0.385841 0.337089 0.104788
vn -0.630660 0.754396 0.182083
v -0.387141 0.334934 0.109348
vn -0.644240 0.749512 0.152270
v -0.372851 0.345088 0.108166
vn -0.439639 0.868480 0.229041
v -0.367246 0.347016 0.109866
vn -0.270932 0.927122 0.258922
v -0.373356 0.343750 0.112563
vn -0.438818 0.874484 0.206678
v -0.370746 0.352166 0.085142
vn -0.367668 0.916389 0.158275
v -0.371394 0.350872 0.089743
vn -0.389883 0.897125 0.207742
v -0.366730 0.353240 0.086264
vn -0.231304 0.954076 0.190361
v -0.366168 0.352537 0.089914
vn -0.219247 0.950935 0.218298
v -0.362054 0.353702 0.087421
vn -0.073627 0.974813 0.210519
v -0.367945 0.351181 0.093808
vn -0.273595 0.932168 0.237082
v -0.362400 0.352647 0.091941
vn -0.087871 0.968636 0.232429
v -0.366990 0.353791 0.082128
vn -0.252065 0.962050 0.104513
v -0.371522 0.352312 0.081307
vn -0.376416 0.922364 0.086927
v -0.367336 0.354012 0.077650
vn -0.278998 0.958980 0.050171
v -0.362209 0.354600 0.082875
vn -0.102142 0.982705 0.154462
v -0.362452 0.355086 0.078249
vn -0.143863 0.986481 0.078479
v -0.375630 0.349786 0.085021
vn -0.498366 0.851890 0.160983
v -0.375225 0.350737 0.080264
vn -0.469986 0.879866 0.070349
v -0.379207 0.348211 0.080352
vn -0.594627 0.800107 0.079042
v -0.371917 0.352344 0.076875
vn -0.389662 0.920461 0.030242
v -0.376298 0.350198 0.076205
vn -0.511514 0.859275 0.000385
v -0.377526 0.347453 0.090565
vn -0.533079 0.822854 0.196821
v -0.381199 0.345760 0.085519
vn -0.619344 0.772757 0.138779
v -0.382637 0.343470 0.090816
vn -0.630174 0.755078 0.180935
v -0.351336 0.352676 0.090028
vn 0.136111 0.965683 0.221202
v -0.356967 0.353441 0.088851
vn 0.037865 0.975110 0.218463
v -0.357347 0.352381 0.093703
vn 0.027487 0.972527 0.231160
v -0.351516 0.351560 0.094911
vn 0.148628 0.959148 0.240718
v -0.357801 0.351229 0.098467
vn 0.012610 0.971958 0.234814
v -0.345188 0.351356 0.090611
vn 0.263709 0.933391 0.243392
v -0.345207 0.349930 0.095620
vn 0.292909 0.919030 0.263798
v -0.339129 0.348946 0.091032
vn 0.419486 0.865937 0.272367
v -0.351733 0.350418 0.099619
vn 0.157826 0.957496 0.241439
v -0.345511 0.348713 0.100368
vn 0.318177 0.907679 0.273646
v -0.339169 0.347249 0.096054
vn 0.449974 0.842929 0.294948
v -0.345497 0.352569 0.085726
vn 0.239008 0.946230 0.218000
v -0.351572 0.353791 0.085153
vn 0.129254 0.968950 0.210783
v -0.345818 0.353785 0.080659
vn 0.214233 0.954202 0.208811
v -0.339242 0.350477 0.085927
vn 0.393354 0.889756 0.231532
v -0.339565 0.351801 0.081032
vn 0.367882 0.905616 0.211003
v -0.357041 0.354517 0.084037
vn 0.031633 0.980380 0.194562
v -0.351772 0.354871 0.080011
vn 0.106257 0.979157 0.173091
v -0.357385 0.355324 0.079310
vn 0.001919 0.991589 0.129409
v -0.353195 0.348094 0.108809
vn 0.170248 0.934792 0.311735
v -0.352332 0.349358 0.104227
vn 0.166395 0.947656 0.272507
v -0.359436 0.349002 0.107526
vn -0.027223 0.959008 0.282070
v -0.358304 0.350190 0.103045
vn 0.005244 0.971154 0.238395
v -0.360851 0.347520 0.112372
vn -0.060236 0.956157 0.286593
v -0.354086 0.346733 0.113339
vn 0.173873 0.926301 0.334267
v -0.346732 0.345875 0.109571
vn 0.362189 0.862986 0.352241
v -0.347491 0.344359 0.114003
vn 0.373330 0.853846 0.362729
v -0.340781 0.342336 0.110086
vn 0.536118 0.755334 0.376894
v -0.341706 0.340704 0.114604
vn 0.551432 0.744418 0.376516
v -0.345965 0.347382 0.105003
vn 0.342463 0.882852 0.321390
v -0.340169 0.344112 0.105550
vn 0.515510 0.775455 0.364581
v -0.339571 0.345762 0.100877
vn 0.485990 0.812435 0.322124
v -0.372396 0.352117 0.066409
vn -0.442461 0.894724 -0.060807
v -0.367939 0.353958 0.067169
vn -0.309243 0.949648 -0.050385
v -0.367969 0.353484 0.061434
vn -0.313235 0.942687 -0.115002
v -0.372330 0.351570 0.060705
vn -0.463541 0.874568 -0.142338
v -0.367796 0.352591 0.055865
vn -0.340126 0.923844 -0.175577
v -0.363041 0.355284 0.067761
vn -0.189077 0.980999 -0.043490
v -0.363185 0.354735 0.062095
vn -0.187599 0.976371 -0.107268
v -0.363286 0.353982 0.056559
vn -0.202104 0.969330 -0.139834
v -0.376621 0.349534 0.065598
vn -0.560293 0.823102 -0.092602
v -0.376443 0.348726 0.060010
vn -0.579103 0.796488 -0.173915
v -0.380681 0.346324 0.064961
vn -0.649877 0.750232 -0.121701
v -0.371920 0.350576 0.055172
vn -0.486305 0.849379 -0.205094
v -0.375795 0.347704 0.054573
vn -0.591851 0.774583 -0.223009
v -0.380360 0.345490 0.059507
vn -0.659479 0.725157 -0.198080
v -0.376553 0.349920 0.071171
vn -0.537915 0.842341 -0.033301
v -0.372260 0.352345 0.071922
vn -0.420953 0.907063 -0.006012
v -0.380501 0.347046 0.070061
vn -0.625268 0.778095 -0.060064
v -0.380393 0.347326 0.075418
vn -0.611105 0.791512 -0.007693
v -0.367617 0.354147 0.072672
vn -0.295540 0.955205 0.015464
v -0.362620 0.355277 0.073292
vn -0.171817 0.984640 0.031030
v -0.371506 0.348297 0.044922
vn -0.530954 0.827997 -0.180303
v -0.371460 0.349446 0.049816
vn -0.507588 0.837416 -0.202706
v -0.367583 0.350560 0.045481
vn -0.424715 0.887946 -0.176545
v -0.367523 0.351539 0.050455
vn -0.383658 0.905734 -0.180145
v -0.363411 0.352453 0.046196
vn -0.301101 0.942262 -0.146561
v -0.363350 0.353142 0.051420
vn -0.250313 0.957948 -0.140284
v -0.368260 0.349268 0.040760
vn -0.441709 0.866451 -0.232716
v -0.372159 0.346938 0.040249
vn -0.543915 0.807824 -0.227106
v -0.368909 0.347417 0.036534
vn -0.419648 0.804914 -0.419535
v -0.363322 0.351532 0.040850
vn -0.331763 0.915935 -0.225822
v -0.365132 0.349479 0.036976
vn -0.373393 0.837629 -0.398691
v -0.375081 0.345538 0.044538
vn -0.628078 0.757931 -0.176234
v -0.375696 0.344024 0.040007
vn -0.646857 0.730281 -0.219697
v -0.378429 0.342481 0.044283
vn -0.705239 0.685302 -0.181657
v -0.372662 0.345008 0.035873
vn -0.520422 0.737095 -0.431105
v -0.376134 0.342019 0.035759
vn -0.619000 0.674429 -0.402474
v -0.375093 0.346746 0.049299
vn -0.608949 0.765228 -0.208823
v -0.378518 0.343610 0.048942
vn -0.680464 0.700251 -0.215913
v -0.379432 0.344477 0.054139
vn -0.664985 0.707630 -0.238863
v -0.354059 0.354169 0.048016
vn -0.019871 0.995192 -0.095909
v -0.358874 0.353628 0.047175
vn -0.156128 0.981342 -0.112215
v -0.358634 0.354126 0.052217
vn -0.120167 0.987086 -0.105934
v -0.353542 0.354566 0.053315
vn -0.011349 0.994593 -0.103227
v -0.358311 0.354765 0.057433
vn -0.099613 0.987068 -0.125597
v -0.348681 0.354032 0.049143
vn 0.103656 0.990059 -0.095075
v -0.347907 0.354453 0.054354
vn 0.124664 0.986591 -0.105346
v -0.342729 0.353115 0.050724
vn 0.217936 0.972609 -0.080839
v -0.353021 0.355249 0.058271
vn 0.007431 0.992827 -0.119325
v -0.347193 0.354948 0.059891
vn 0.149587 0.983773 -0.099065
v -0.341837 0.353432 0.056106
vn 0.256844 0.962203 -0.090530
v -0.349479 0.353526 0.044188
vn 0.084506 0.986317 -0.141556
v -0.354402 0.353597 0.043189
vn -0.031248 0.986861 -0.158523
v -0.350212 0.352753 0.039812
vn 0.062857 0.966215 -0.249954
v -0.343933 0.352929 0.045337
vn 0.172639 0.979862 -0.100335
v -0.345302 0.352441 0.040645
vn 0.130901 0.969103 -0.209055
v -0.358975 0.352971 0.042330
vn -0.177367 0.966934 -0.183246
v -0.354704 0.352672 0.038984
vn -0.042743 0.955237 -0.292738
v -0.358887 0.351895 0.038029
vn -0.169855 0.929398 -0.327673
v -0.352257 0.356003 0.069340
vn 0.059136 0.998095 0.017563
v -0.352594 0.355848 0.063804
vn 0.034180 0.996461 -0.076798
v -0.357783 0.356020 0.068129
vn -0.070479 0.997235 -0.023552
v -0.358075 0.355477 0.062605
vn -0.092094 0.990006 -0.106800
v -0.357380 0.355875 0.073854
vn -0.037001 0.997392 0.061966
v -0.351902 0.355598 0.074860
vn 0.076309 0.992048 0.100088
v -0.346364 0.355309 0.070895
vn 0.177592 0.983042 0.045720
v -0.346118 0.354820 0.075875
vn 0.184490 0.973294 0.136608
v -0.340662 0.353714 0.072731
vn 0.334988 0.938497 0.083706
v -0.341238 0.353319 0.077073
vn 0.323747 0.930147 0.173247
v -0.346738 0.355378 0.065446
vn 0.168316 0.984849 -0.041738
v -0.340719 0.353944 0.067599
vn 0.317679 0.948194 0.002707
v -0.341147 0.353829 0.061946
vn 0.289340 0.954513 -0.072026
v -0.332114 0.322115 0.123967
vn 0.860000 0.427504 0.278640
v -0.335189 0.327560 0.124174
vn 0.812576 0.517088 0.268962
v -0.331370 0.323654 0.119352
vn 0.847293 0.426106 0.317063
v -0.329403 0.316595 0.123670
vn 0.888214 0.377286 0.262165
v -0.328647 0.317970 0.119132
vn 0.881107 0.369732 0.294870
v -0.339063 0.331170 0.129804
vn 0.747442 0.635880 0.192318
v -0.338876 0.332669 0.124125
vn 0.731753 0.630389 0.259128
v -0.334311 0.329108 0.119366
vn 0.798665 0.496893 0.339458
v -0.337992 0.334347 0.119414
vn 0.708479 0.599690 0.372062
v -0.324076 0.300871 0.118875
vn 0.971433 0.072405 0.226001
v -0.323780 0.295056 0.119008
vn 0.984146 0.033424 0.174183
v -0.324809 0.306608 0.118929
vn 0.955525 0.179572 0.233935
v -0.326435 0.312177 0.119028
vn 0.915625 0.295788 0.272288
v -0.332433 0.332571 0.110483
vn 0.780927 0.493982 0.382276
v -0.329231 0.327063 0.110494
vn 0.823972 0.427946 0.371393
v -0.328207 0.328863 0.106196
vn 0.821010 0.424302 0.381982
v -0.331270 0.334503 0.106057
vn 0.770008 0.497346 0.399668
v -0.327086 0.330928 0.101560
vn 0.819555 0.419538 0.390279
v -0.326568 0.321281 0.110597
vn 0.862405 0.354575 0.361296
v -0.325466 0.323053 0.106278
vn 0.863822 0.354644 0.357825
v -0.324425 0.325000 0.101724
vn 0.859563 0.351973 0.370494
v -0.336071 0.337882 0.110392
vn 0.688753 0.611485 0.389494
v -0.335141 0.339632 0.105955
vn 0.665941 0.635893 0.390081
v -0.330238 0.336553 0.101492
vn 0.757830 0.517517 0.397329
v -0.334321 0.341606 0.101354
vn 0.636987 0.674424 0.373363
v -0.337022 0.336172 0.114874
vn 0.703097 0.602028 0.378440
v -0.333351 0.330857 0.114908
vn 0.789356 0.492700 0.366283
v -0.330341 0.325320 0.114892
vn 0.833076 0.417674 0.362675
v -0.327695 0.319589 0.114870
vn 0.866192 0.355971 0.350707
v -0.328399 0.340793 0.091576
vn 0.715842 0.621193 0.318888
v -0.329225 0.338753 0.096694
vn 0.738701 0.560720 0.374050
v -0.324582 0.335188 0.091653
vn 0.818519 0.463186 0.339830
v -0.325821 0.332900 0.096843
vn 0.815153 0.429937 0.388175
v -0.321624 0.328844 0.091853
vn 0.870201 0.360893 0.335419
v -0.322999 0.326807 0.096945
vn 0.857903 0.348835 0.377248
v -0.323764 0.337398 0.086045
vn 0.813546 0.510153 0.279083
v -0.327917 0.342720 0.085982
vn 0.694072 0.669978 0.263427
v -0.323068 0.339204 0.080067
vn 0.802113 0.558764 0.210708
v -0.320693 0.331258 0.086102
vn 0.881228 0.381039 0.279725
v -0.319726 0.333179 0.080031
vn 0.884255 0.410289 0.223060
v -0.333305 0.345388 0.091357
vn 0.570880 0.766418 0.294446
v -0.333186 0.347155 0.085937
vn 0.546610 0.800533 0.245690
v -0.327597 0.344485 0.080093
vn 0.670790 0.715180 0.196366
v -0.333380 0.348677 0.080651
vn 0.520862 0.830546 0.197220
v -0.333709 0.343493 0.096436
vn 0.601025 0.725854 0.334521
v -0.317980 0.315638 0.092003
vn 0.948489 0.155781 0.275863
v -0.319436 0.322453 0.091964
vn 0.915098 0.254266 0.312960
v -0.320835 0.320404 0.097138
vn 0.900742 0.258981 0.348701
v -0.319264 0.313810 0.097016
vn 0.935319 0.158540 0.316297
v -0.322172 0.318631 0.101819
vn 0.901561 0.259880 0.345905
v -0.317242 0.308802 0.092032
vn 0.965879 0.077345 0.247175
v -0.318474 0.307188 0.096956
vn 0.955231 0.079812 0.284892
v -0.316863 0.301911 0.091954
vn 0.971738 0.003231 0.236039
v -0.320722 0.312290 0.101645
vn 0.933705 0.167156 0.316630
v -0.319737 0.305853 0.101550
vn 0.955014 0.085248 0.284045
v -0.318223 0.300550 0.096948
vn 0.964926 -0.003977 0.262490
v -0.316065 0.310521 0.086484
vn 0.977468 0.075026 0.197301
v -0.316864 0.317696 0.086416
vn 0.961650 0.151206 0.228836
v -0.315123 0.312401 0.080366
vn 0.987899 0.056157 0.144577
v -0.315738 0.303357 0.086535
vn 0.984380 0.015350 0.175384
v -0.314896 0.305341 0.080467
vn 0.996498 -0.000670 0.083609
v -0.318270 0.324615 0.086257
vn 0.928388 0.263696 0.261840
v -0.315784 0.319535 0.080307
vn 0.970858 0.144455 0.191225
v -0.317237 0.326599 0.080141
vn 0.936092 0.275961 0.218123
v -0.322997 0.309279 0.110429
vn 0.936244 0.172273 0.306216
v -0.321809 0.310665 0.106060
vn 0.937656 0.172339 0.301828
v -0.324357 0.315340 0.110490
vn 0.903934 0.264293 0.336234
v -0.323289 0.316874 0.106203
vn 0.907285 0.262096 0.328845
v -0.325523 0.313718 0.114717
vn 0.907084 0.273909 0.319646
v -0.324058 0.307930 0.114618
vn 0.944205 0.192546 0.267213
v -0.322115 0.303257 0.110314
vn 0.958495 0.083655 0.272559
v -0.323148 0.301969 0.114647
vn 0.967414 0.088295 0.237306
v -0.321929 0.297137 0.110359
vn 0.969178 0.012025 0.246067
v -0.322941 0.295991 0.114864
vn 0.976335 0.017463 0.215556
v -0.320942 0.304397 0.106056
vn 0.955430 0.080530 0.284023
v -0.320741 0.298145 0.106004
vn 0.965190 0.005898 0.261482
v -0.319515 0.299408 0.101536
vn 0.964181 -0.000885 0.265243
v -0.330333 0.348796 0.067330
vn 0.581193 0.813304 0.027417
v -0.324662 0.343966 0.065971
vn 0.732402 0.680028 0.033910
v -0.330091 0.348379 0.061490
vn 0.581279 0.812597 -0.042431
v -0.325829 0.344671 0.058828
vn 0.672896 0.739315 -0.024998
v -0.330816 0.348542 0.055198
vn 0.548525 0.835798 -0.023682
v -0.319872 0.337083 0.066464
vn 0.858618 0.509856 0.053131
v -0.320913 0.339514 0.058035
vn 0.797162 0.601554 0.051626
v -0.325766 0.344657 0.052567
vn 0.653096 0.756368 0.037056
v -0.335227 0.351671 0.064286
vn 0.442339 0.896434 -0.027247
v -0.335038 0.351376 0.070250
vn 0.466690 0.881492 0.071921
v -0.335848 0.351533 0.058345
vn 0.420329 0.905085 -0.064374
v -0.328986 0.347155 0.073482
vn 0.623326 0.771880 0.125165
v -0.335689 0.351070 0.075695
vn 0.469541 0.870637 0.146703
v -0.323128 0.341089 0.073706
vn 0.778165 0.617472 0.114835
v -0.319359 0.335192 0.073556
vn 0.878782 0.461417 0.121804
v -0.333533 0.350018 0.043087
vn 0.412405 0.907025 -0.085009
v -0.331747 0.349151 0.049038
vn 0.491798 0.870665 0.008735
v -0.326774 0.346126 0.045570
vn 0.599559 0.800236 0.012265
v -0.329003 0.347100 0.039201
vn 0.506497 0.855069 -0.110981
v -0.322699 0.342688 0.041052
vn 0.696997 0.717053 0.005526
v -0.321228 0.340603 0.048914
vn 0.744927 0.665504 0.046787
v -0.335762 0.349716 0.038007
vn 0.318238 0.919820 -0.229470
v -0.335762 0.349716 0.038007
vn 0.329772 0.830613 -0.448700
v -0.333224 0.346260 0.033906
vn 0.389535 0.700730 -0.597696
v -0.339050 0.348621 0.033898
vn 0.253722 0.813710 -0.522974
v -0.329003 0.347100 0.039201
vn 0.495703 0.748083 -0.441193
v -0.326769 0.342896 0.035101
vn 0.555447 0.596366 -0.579506
v -0.331372 0.342108 0.031531
vn 0.316470 0.367997 -0.874314
v -0.335932 0.343162 0.031105
vn 0.178898 0.191637 -0.965024
v -0.339520 0.351752 0.041736
vn 0.231347 0.959305 -0.161906
v -0.337961 0.351697 0.046963
vn 0.299110 0.953088 -0.046426
v -0.341559 0.350944 0.037363
vn 0.195196 0.883095 -0.426664
v -0.341559 0.350944 0.037363
vn 0.177852 0.946128 -0.270574
v -0.336780 0.351567 0.052499
vn 0.369180 0.928138 -0.047605
v -0.319715 0.331995 0.035693
vn 0.703052 0.200923 -0.682164
v -0.322024 0.337924 0.035579
vn 0.677967 0.390768 -0.622624
v -0.317958 0.336713 0.042384
vn 0.804445 0.409779 -0.430057
v -0.314910 0.330492 0.042603
vn 0.960421 0.278097 0.015914
v -0.317958 0.336713 0.042384
vn 0.830454 0.556890 0.014835
v -0.316818 0.334645 0.051299
vn 0.881638 0.466190 0.073359
v -0.322699 0.342688 0.041052
vn 0.688768 0.606425 -0.397301
v -0.314910 0.330492 0.042603
vn 0.842470 0.174132 -0.509825
v -0.318555 0.325333 0.035873
vn 0.720878 0.025175 -0.692604
v -0.314367 0.323513 0.043204
vn 0.866592 -0.003976 -0.499001
v -0.318439 0.318331 0.036389
vn 0.729164 -0.038077 -0.683279
v -0.314700 0.328033 0.051565
vn 0.974230 0.219258 0.052925
v -0.314367 0.323513 0.043204
vn 0.996388 0.076245 -0.037383
v -0.313711 0.321097 0.051756
vn 0.994568 0.100043 -0.028722
v -0.314225 0.316020 0.043653
vn 0.994826 -0.002756 -0.101555
v -0.325035 0.326984 0.032131
vn 0.325285 0.013212 -0.945524
v -0.326218 0.332945 0.031901
vn 0.333525 0.073815 -0.939847
v -0.332240 0.328799 0.031305
vn 0.096869 -0.013334 -0.995208
v -0.324623 0.320587 0.032372
vn 0.333508 -0.030125 -0.942266
v -0.331908 0.323005 0.031432
vn 0.102185 -0.020278 -0.994559
v -0.328171 0.338305 0.031760
vn 0.343670 0.185993 -0.920488
v -0.333125 0.334131 0.031169
vn 0.094320 0.001308 -0.995541
v -0.334446 0.338920 0.031092
vn 0.094948 0.019849 -0.995284
v -0.314448 0.323498 0.066828
vn 0.974545 0.213550 0.068257
v -0.314796 0.325643 0.059504
vn 0.966199 0.253965 0.044290
v -0.316684 0.330553 0.066669
vn 0.927699 0.369730 0.051715
v -0.317242 0.332482 0.059319
vn 0.912564 0.399618 0.086791
v -0.316506 0.328567 0.073569
vn 0.939372 0.313967 0.137857
v -0.314902 0.321458 0.073805
vn 0.976773 0.155995 0.146904
v -0.313578 0.316357 0.067084
vn 0.996817 0.021925 0.076655
v -0.314353 0.314432 0.073906
vn 0.993286 0.018777 0.114151
v -0.314151 0.309254 0.066982
vn 0.991557 -0.127936 0.021128
v -0.314543 0.307410 0.073975
vn 0.997590 -0.059259 0.036079
v -0.313352 0.318531 0.059664
vn 0.996014 0.086792 0.020552
v -0.313598 0.311472 0.059855
vn 0.989074 -0.146572 0.015798
v -0.313260 0.313688 0.052127
vn 0.996185 -0.070506 -0.051424
v -0.390711 0.336646 0.085769
vn -0.738938 0.666944 0.095685
v -0.394919 0.331611 0.085971
vn -0.784938 0.616844 0.058106
v -0.391613 0.334780 0.091050
vn -0.731461 0.671877 0.116387
v -0.395974 0.329713 0.091317
vn -0.774975 0.627355 0.076414
v -0.392716 0.332656 0.095993
vn -0.725315 0.675786 0.131267
v -0.398935 0.326142 0.086400
vn -0.819331 0.572964 0.020218
v -0.400107 0.324223 0.091754
vn -0.816436 0.575749 0.044115
v -0.397190 0.327551 0.096279
vn -0.770616 0.629051 0.102203
v -0.387179 0.339313 0.090867
vn -0.685040 0.712637 0.151226
v -0.386051 0.341497 0.085393
vn -0.684617 0.719369 0.117509
v -0.388235 0.337237 0.095704
vn -0.677629 0.716764 0.164523
v -0.389287 0.338994 0.079679
vn -0.736743 0.675498 0.030218
v -0.384111 0.344089 0.079322
vn -0.674802 0.736094 0.052982
v -0.387151 0.341098 0.074228
vn -0.727269 0.684795 -0.046214
v -0.393853 0.333471 0.080033
vn -0.790440 0.612482 0.008377
v -0.398038 0.327574 0.080816
vn -0.828870 0.559331 -0.011132
v -0.391714 0.335802 0.073519
vn -0.778876 0.622915 -0.073003
v -0.396496 0.329484 0.074562
vn -0.825850 0.556516 -0.090896
v -0.395011 0.328199 0.105155
vn -0.731082 0.667740 0.140154
v -0.393883 0.330463 0.100577
vn -0.726647 0.671461 0.145342
v -0.398124 0.325465 0.100976
vn -0.770802 0.625151 0.122682
v -0.399136 0.323347 0.105480
vn -0.770355 0.629179 0.103381
v -0.402013 0.320254 0.101557
vn -0.813822 0.574630 0.086565
v -0.401114 0.322289 0.096882
vn -0.817012 0.571729 0.074942
v -0.396131 0.326116 0.109575
vn -0.730994 0.675398 0.097392
v -0.400233 0.321435 0.109991
vn -0.764192 0.642937 0.051403
v -0.397468 0.324217 0.114186
vn -0.726151 0.686346 0.040430
v -0.402911 0.318357 0.106033
vn -0.807368 0.587826 0.051166
v -0.404067 0.316637 0.110511
vn -0.797406 0.603440 -0.001914
v -0.401614 0.319648 0.114549
vn -0.756129 0.654422 0.000927
v -0.391825 0.330592 0.109431
vn -0.693371 0.708747 0.130057
v -0.390608 0.332794 0.104950
vn -0.683830 0.710798 0.164750
v -0.393148 0.328635 0.113954
vn -0.698480 0.711983 0.072151
v -0.389389 0.335034 0.100447
vn -0.676707 0.716565 0.169123
v -0.409697 0.307825 0.107898
vn -0.872329 0.485598 -0.056889
v -0.406465 0.313181 0.106871
vn -0.841385 0.540345 -0.009924
v -0.408694 0.309294 0.103485
vn -0.876756 0.480691 -0.015303
v -0.405471 0.314874 0.102395
vn -0.850348 0.525057 0.034984
v -0.407827 0.310926 0.098640
vn -0.882993 0.469298 0.009124
v -0.404678 0.316643 0.097720
vn -0.857482 0.512660 0.043631
v -0.411645 0.303688 0.104552
vn -0.897407 0.438124 -0.052041
v -0.412619 0.302373 0.109060
vn -0.898398 0.432960 -0.073667
v -0.414187 0.298362 0.105694
vn -0.913791 0.401048 -0.064394
v -0.410770 0.305112 0.099896
vn -0.902468 0.430048 -0.024680
v -0.413322 0.299543 0.101109
vn -0.911486 0.408153 -0.051034
v -0.410816 0.306535 0.112296
vn -0.874601 0.478418 -0.078667
v -0.413561 0.301174 0.113464
vn -0.906365 0.414691 -0.080832
v -0.411999 0.305123 0.116932
vn -0.884364 0.458914 -0.085430
v -0.415036 0.297198 0.110204
vn -0.922282 0.380332 -0.068872
v -0.415774 0.296122 0.114639
vn -0.927371 0.366355 -0.075947
v -0.414531 0.299966 0.117986
vn -0.915589 0.392091 -0.089225
v -0.407632 0.311681 0.111325
vn -0.835111 0.547725 -0.050863
v -0.408949 0.310222 0.115986
vn -0.840782 0.536923 -0.069271
v -0.405415 0.315065 0.115106
vn -0.791403 0.610165 -0.037154
v -0.406138 0.314411 0.088155
vn -0.885222 0.465013 -0.012045
v -0.407043 0.312539 0.093465
vn -0.886936 0.461787 0.009898
v -0.403769 0.318542 0.092560
vn -0.857281 0.514105 0.027659
v -0.402712 0.320458 0.087113
vn -0.853320 0.521360 -0.005401
v -0.404990 0.316108 0.082353
vn -0.880154 0.471308 -0.056555
v -0.401621 0.321967 0.081461
vn -0.856027 0.515370 -0.040150
v -0.403759 0.317424 0.076293
vn -0.877934 0.468464 -0.098860
v -0.400278 0.323498 0.075046
vn -0.855014 0.508482 -0.101968
v -0.408209 0.309903 0.083439
vn -0.900991 0.430793 -0.051307
v -0.409117 0.308275 0.089234
vn -0.905744 0.423539 -0.015571
v -0.410988 0.303834 0.084708
vn -0.913346 0.405407 -0.037989
v -0.406973 0.311330 0.077276
vn -0.892969 0.439461 -0.097370
v -0.409957 0.305279 0.078494
vn -0.905719 0.415382 -0.084442
v -0.409929 0.306696 0.094615
vn -0.905328 0.424578 -0.010713
v -0.411737 0.302472 0.090391
vn -0.917717 0.396898 -0.016361
v -0.412474 0.300941 0.095919
vn -0.916870 0.398101 -0.029424
v -0.392916 0.318514 0.041345
vn -0.889922 0.383348 -0.247151
v -0.393913 0.319284 0.045769
vn -0.870278 0.411355 -0.270930
v -0.391079 0.322818 0.041432
vn -0.872813 0.427397 -0.235647
v -0.392058 0.323394 0.046213
vn -0.863167 0.440327 -0.247093
v -0.388756 0.327372 0.041793
vn -0.848694 0.478324 -0.225665
v -0.394821 0.320065 0.050135
vn -0.849779 0.432358 -0.301565
v -0.393262 0.324038 0.050999
vn -0.843150 0.456521 -0.284053
v -0.389988 0.327539 0.046900
vn -0.839333 0.490481 -0.234411
v -0.390002 0.322544 0.036897
vn -0.882209 0.409687 -0.232086
v -0.392178 0.317651 0.036986
vn -0.851926 0.342612 -0.396030
v -0.390002 0.322544 0.036897
vn -0.827986 0.413639 -0.378605
v -0.388489 0.321749 0.032689
vn -0.733176 0.329406 -0.594932
v -0.387655 0.327172 0.037107
vn -0.852632 0.472135 -0.223847
v -0.387655 0.327172 0.037107
vn -0.812040 0.461372 -0.357389
v -0.386035 0.326512 0.032915
vn -0.720210 0.404142 -0.563885
v -0.392178 0.317651 0.036986
vn -0.896802 0.372717 -0.238386
v -0.394705 0.314276 0.041308
vn -0.888266 0.372351 -0.268957
v -0.393943 0.313171 0.037220
vn -0.896382 0.356574 -0.263352
v -0.396212 0.310519 0.041217
vn -0.881499 0.372951 -0.289599
v -0.390618 0.316676 0.032929
vn -0.739355 0.264090 -0.619363
v -0.393943 0.313171 0.037220
vn -0.853046 0.311141 -0.418932
v -0.392604 0.311623 0.033415
vn -0.746731 0.235174 -0.622163
v -0.396099 0.308368 0.037872
vn -0.843057 0.294162 -0.450248
v -0.395294 0.315571 0.045078
vn -0.870906 0.386107 -0.304046
v -0.397499 0.315461 0.050523
vn -0.837534 0.428825 -0.338595
v -0.397953 0.310616 0.046210
vn -0.856044 0.384460 -0.345514
v -0.383962 0.335479 0.043548
vn -0.789047 0.585747 -0.185216
v -0.386369 0.331764 0.042427
vn -0.823786 0.526788 -0.209454
v -0.387405 0.331957 0.047500
vn -0.811843 0.538327 -0.226088
v -0.384604 0.336160 0.048140
vn -0.780535 0.578074 -0.237897
v -0.388767 0.332500 0.052820
vn -0.805706 0.528963 -0.266525
v -0.391114 0.328226 0.051950
vn -0.825963 0.499174 -0.261938
v -0.381260 0.339074 0.044066
vn -0.763448 0.617403 -0.189634
v -0.381665 0.340092 0.048559
vn -0.743624 0.626495 -0.233509
v -0.385893 0.336880 0.053286
vn -0.773180 0.576040 -0.265276
v -0.382791 0.340880 0.053667
vn -0.725120 0.641417 -0.250570
v -0.381379 0.337958 0.040639
vn -0.768051 0.613085 -0.184998
v -0.382978 0.335425 0.038977
vn -0.791399 0.569079 -0.223239
v -0.379737 0.338723 0.036772
vn -0.713722 0.626547 -0.313112
v -0.378825 0.340940 0.040113
vn -0.721558 0.659697 -0.210127
v -0.385134 0.331577 0.037793
vn -0.822690 0.514933 -0.240885
v -0.381409 0.335482 0.034375
vn -0.740777 0.591042 -0.319248
v -0.385134 0.331577 0.037793
vn -0.806564 0.505421 -0.306602
v -0.383641 0.331179 0.033209
vn -0.725660 0.447080 -0.523008
v -0.387788 0.338624 0.063813
vn -0.755644 0.631210 -0.174860
v -0.387155 0.337597 0.058654
vn -0.767748 0.592773 -0.243276
v -0.391065 0.334302 0.063459
vn -0.796447 0.564221 -0.217547
v -0.390206 0.333096 0.058312
vn -0.804022 0.531480 -0.266604
v -0.394041 0.329420 0.062884
vn -0.824595 0.509528 -0.245814
v -0.392582 0.328633 0.057253
vn -0.821379 0.499562 -0.275272
v -0.390835 0.335871 0.067891
vn -0.778253 0.612540 -0.138261
v -0.388078 0.339374 0.069185
vn -0.744387 0.658694 -0.109592
v -0.393999 0.331720 0.068417
vn -0.817640 0.553029 -0.160071
v -0.384476 0.342510 0.064541
vn -0.717529 0.681706 -0.142933
v -0.384320 0.343484 0.069530
vn -0.703347 0.704765 -0.092785
v -0.383610 0.344613 0.073918
vn -0.675727 0.736556 -0.029638
v -0.383874 0.341745 0.059107
vn -0.722393 0.656236 -0.217951
v -0.400015 0.319219 0.062866
vn -0.840701 0.476857 -0.256573
v -0.396281 0.324476 0.060683
vn -0.830906 0.488309 -0.266738
v -0.397033 0.320148 0.055570
vn -0.833398 0.460255 -0.305963
v -0.394179 0.324944 0.055402
vn -0.827342 0.488558 -0.277159
v -0.401029 0.314220 0.057613
vn -0.838275 0.450381 -0.307329
v -0.403541 0.313593 0.064198
vn -0.862377 0.448781 -0.234312
v -0.404437 0.308794 0.059170
vn -0.857614 0.419990 -0.296828
v -0.401322 0.309886 0.052675
vn -0.839276 0.400584 -0.367624
v -0.402088 0.318742 0.069527
vn -0.862495 0.474508 -0.175911
v -0.405584 0.312432 0.070964
vn -0.884275 0.440714 -0.154367
v -0.406767 0.307652 0.065509
vn -0.880885 0.424050 -0.210295
v -0.408611 0.306504 0.072051
vn -0.895429 0.422310 -0.140929
v -0.397907 0.325301 0.067941
vn -0.840855 0.504661 -0.195651
v -0.413111 0.303838 0.121707
vn -0.901164 0.422736 -0.095909
v -0.410231 0.308880 0.120882
vn -0.861935 0.499174 -0.088846
v -0.406765 0.313713 0.120063
vn -0.790391 0.610662 -0.048732
v -0.415474 0.298811 0.122575
vn -0.928100 0.358534 -0.100416
v -0.417317 0.294030 0.123798
vn -0.938059 0.337015 -0.080414
v -0.416539 0.295046 0.118980
vn -0.932722 0.352043 -0.078070
v -0.401073 0.320784 0.124250
vn -0.718420 0.693508 -0.054030
v -0.396964 0.324788 0.123874
vn -0.694771 0.718621 -0.029614
v -0.399038 0.322480 0.118968
vn -0.720450 0.693190 -0.020950
v -0.394748 0.326742 0.118724
vn -0.696878 0.717118 0.010133
v -0.403031 0.318157 0.119448
vn -0.752682 0.657445 -0.035165
v -0.381683 0.311430 0.027887
vn -0.094406 0.008047 -0.995501
v -0.379702 0.316800 0.027808
vn -0.080503 0.019619 -0.996561
v -0.373263 0.312910 0.028372
vn 0.068774 -0.032076 -0.997116
v -0.375114 0.307364 0.028437
vn 0.062014 -0.036165 -0.997420
v -0.366104 0.308619 0.029013
vn 0.070571 -0.029477 -0.997071
v -0.377641 0.322051 0.027755
vn -0.074523 0.026696 -0.996862
v -0.371359 0.318353 0.028345
vn 0.074353 -0.029540 -0.996794
v -0.364338 0.314255 0.028988
vn 0.074008 -0.026139 -0.996915
v -0.383514 0.305967 0.028040
vn -0.115803 0.001668 -0.993271
v -0.376875 0.301799 0.028540
vn 0.054470 -0.039197 -0.997746
v -0.385215 0.300529 0.028231
vn -0.128878 0.005992 -0.991642
v -0.367866 0.302936 0.029066
vn 0.066708 -0.033787 -0.997200
v -0.369586 0.297276 0.029157
vn 0.063031 -0.035282 -0.997388
v -0.378548 0.296303 0.028670
vn 0.047791 -0.037962 -0.998136
v -0.389153 0.309442 0.029938
vn -0.456082 0.101564 -0.884123
v -0.387174 0.314756 0.029590
vn -0.431776 0.128491 -0.892782
v -0.390900 0.304064 0.030356
vn -0.469544 0.103160 -0.876862
v -0.394640 0.306467 0.034038
vn -0.745017 0.216525 -0.630925
v -0.385013 0.319897 0.029460
vn -0.415565 0.152997 -0.896603
v -0.382873 0.324970 0.029365
vn -0.421982 0.223080 -0.878730
v -0.353192 0.294027 0.030434
vn 0.079817 -0.036800 -0.996130
v -0.360526 0.298460 0.029722
vn 0.072767 -0.033392 -0.996790
v -0.351531 0.299934 0.030387
vn 0.079258 -0.034357 -0.996262
v -0.358821 0.304257 0.029657
vn 0.074165 -0.031484 -0.996749
v -0.349931 0.305863 0.030292
vn 0.079494 -0.030387 -0.996372
v -0.357172 0.310045 0.029621
vn 0.075178 -0.025699 -0.996839
v -0.344317 0.295690 0.031113
vn 0.086123 -0.039133 -0.995516
v -0.346025 0.289671 0.031217
vn 0.086951 -0.044267 -0.995229
v -0.337326 0.291565 0.031934
vn 0.103074 -0.047232 -0.993552
v -0.342713 0.301789 0.031017
vn 0.085246 -0.035142 -0.995740
v -0.335590 0.297809 0.031817
vn 0.099859 -0.045041 -0.993982
v -0.354864 0.288230 0.030544
vn 0.079806 -0.043942 -0.995841
v -0.347728 0.283783 0.031351
vn 0.086171 -0.049266 -0.995062
v -0.356507 0.282620 0.030673
vn 0.081611 -0.044721 -0.995660
v -0.339082 0.285415 0.032043
vn 0.102091 -0.050489 -0.993493
v -0.340809 0.279400 0.032198
vn 0.099924 -0.064931 -0.992874
v -0.349402 0.278108 0.031497
vn 0.092587 -0.052265 -0.994332
v -0.362200 0.292729 0.029798
vn 0.070977 -0.036868 -0.996796
v -0.363820 0.287158 0.029901
vn 0.071506 -0.040321 -0.996625
v -0.371222 0.291738 0.029240
vn 0.060275 -0.035909 -0.997536
v -0.347251 0.317654 0.030235
vn 0.080998 -0.020136 -0.996511
v -0.348494 0.311798 0.030258
vn 0.080362 -0.023782 -0.996482
v -0.355631 0.315794 0.029601
vn 0.077236 -0.022242 -0.996765
v -0.354213 0.321400 0.029598
vn 0.078517 -0.016927 -0.996769
v -0.362616 0.319789 0.028984
vn 0.077282 -0.021873 -0.996769
v -0.346260 0.323313 0.030207
vn 0.080968 -0.015704 -0.996593
v -0.352973 0.326749 0.029630
vn 0.079039 -0.011134 -0.996809
v -0.345550 0.328635 0.030197
vn 0.080305 -0.007994 -0.996738
v -0.360982 0.325127 0.029021
vn 0.080400 -0.015634 -0.996640
v -0.359436 0.330163 0.029077
vn 0.081899 -0.007657 -0.996611
v -0.351893 0.331704 0.029676
vn 0.079940 -0.002477 -0.996797
v -0.339320 0.319991 0.030842
vn 0.084622 -0.018988 -0.996232
v -0.340133 0.314008 0.030892
vn 0.084822 -0.023044 -0.996130
v -0.332151 0.316862 0.031532
vn 0.103823 -0.022212 -0.994348
v -0.338891 0.325696 0.030778
vn 0.083995 -0.014351 -0.996363
v -0.341291 0.307908 0.030954
vn 0.085703 -0.028450 -0.995914
v -0.332863 0.310508 0.031625
vn 0.100619 -0.027647 -0.994541
v -0.334037 0.304125 0.031723
vn 0.097813 -0.034870 -0.994594
v -0.373312 0.331960 0.027892
vn -0.102391 0.084093 -0.991183
v -0.367514 0.328717 0.028412
vn 0.083663 -0.013186 -0.996407
v -0.375470 0.327119 0.027774
vn -0.081522 0.062787 -0.994692
v -0.369430 0.323647 0.028348
vn 0.080198 -0.023495 -0.996502
v -0.380346 0.329741 0.029725
vn -0.444921 0.270168 -0.853847
v -0.378176 0.334407 0.030012
vn -0.492731 0.374519 -0.785463
v -0.371357 0.337516 0.028193
vn -0.185294 0.304548 -0.934300
v -0.376738 0.338759 0.032207
vn -0.489584 0.524553 -0.696528
v -0.372427 0.341635 0.031867
vn -0.366928 0.565020 -0.738997
v -0.381409 0.335482 0.034375
vn -0.695202 0.505740 -0.510805
v -0.376738 0.338759 0.032207
vn -0.606395 0.643671 -0.466876
v -0.365622 0.333475 0.028542
vn 0.080995 0.007265 -0.996688
v -0.368641 0.341317 0.029964
vn -0.188143 0.502742 -0.843714
v -0.363830 0.338981 0.028756
vn 0.019025 0.130071 -0.991322
v -0.357938 0.334778 0.029196
vn 0.080874 0.003344 -0.996719
v -0.362104 0.345906 0.030951
vn -0.288189 0.555255 -0.780153
v -0.359132 0.347735 0.031402
vn -0.219920 0.690437 -0.689153
v -0.358443 0.345298 0.029309
vn -0.133688 0.326137 -0.935822
v -0.355778 0.346453 0.029587
vn -0.069364 0.407201 -0.910701
v -0.354892 0.343313 0.029493
vn 0.073111 0.021969 -0.997082
v -0.355812 0.348923 0.031876
vn -0.127548 0.776901 -0.616568
v -0.353000 0.347587 0.029853
vn -0.062005 0.593316 -0.802578
v -0.352533 0.345565 0.029712
vn 0.066685 0.038457 -0.997033
v -0.360295 0.342702 0.029104
vn -0.070535 0.170961 -0.982750
v -0.365179 0.343569 0.030465
vn -0.222895 0.469297 -0.854446
v -0.356480 0.339504 0.029325
vn 0.077181 0.008334 -0.996982
v -0.365553 0.346834 0.033378
vn -0.299091 0.635033 -0.712235
v -0.365553 0.346834 0.033378
vn -0.367364 0.764249 -0.530063
v -0.369245 0.344531 0.032751
vn -0.404801 0.724636 -0.557709
v -0.369245 0.344531 0.032751
vn -0.289455 0.603224 -0.743193
v -0.372427 0.341635 0.031867
vn -0.492541 0.662352 -0.564529
v -0.362167 0.348744 0.033835
vn -0.278962 0.705829 -0.651142
v -0.358957 0.350165 0.034427
vn -0.168022 0.797790 -0.579051
v -0.362167 0.348744 0.033835
vn -0.321403 0.802090 -0.503341
v -0.361810 0.350670 0.036855
vn -0.279900 0.874256 -0.396652
v -0.345420 0.337994 0.030169
vn 0.078489 0.002240 -0.996912
v -0.350547 0.340422 0.029801
vn 0.077495 0.008097 -0.996960
v -0.345506 0.341748 0.030213
vn 0.081498 0.019759 -0.996478
v -0.349909 0.343739 0.029892
vn 0.081526 0.018382 -0.996502
v -0.345878 0.344871 0.030271
vn 0.090796 0.054808 -0.994360
v -0.349467 0.346058 0.029988
vn 0.097313 0.061517 -0.993351
v -0.340043 0.340022 0.030631
vn 0.085447 0.017650 -0.996186
v -0.339345 0.335802 0.030672
vn 0.080777 -0.000073 -0.996732
v -0.340995 0.343692 0.030647
vn 0.089823 0.046809 -0.994857
v -0.345140 0.333489 0.030223
vn 0.079255 -0.002849 -0.996850
v -0.338930 0.330998 0.030721
vn 0.081177 -0.006939 -0.996676
v -0.350970 0.336124 0.029761
vn 0.078391 0.000708 -0.996922
v -0.348557 0.349766 0.032899
vn 0.079224 0.854966 -0.512597
v -0.346709 0.347610 0.030431
vn 0.133181 0.554480 -0.821471
v -0.350173 0.347979 0.030128
vn 0.068049 0.655587 -0.752047
v -0.352387 0.349556 0.032335
vn -0.019978 0.846512 -0.531994
v -0.351369 0.346719 0.029822
vn 0.078670 0.094113 -0.992448
v -0.351018 0.351419 0.035876
vn 0.032439 0.888488 -0.457752
v -0.351018 0.351419 0.035876
vn 0.027168 0.936398 -0.349888
v -0.355162 0.351019 0.035120
vn -0.072965 0.913458 -0.400339
v -0.355162 0.351019 0.035120
vn -0.057238 0.860720 -0.505851
v -0.358957 0.350165 0.034427
vn -0.192988 0.873686 -0.446575
v -0.346642 0.351444 0.036654
vn 0.107745 0.895187 -0.432472
v -0.344310 0.349575 0.033438
vn 0.156428 0.838758 -0.521551
v -0.346642 0.351444 0.036654
vn 0.099764 0.950381 -0.294658
v -0.342283 0.346939 0.030776
vn 0.161651 0.509037 -0.845429
v -0.338056 0.345950 0.031074
vn 0.271556 0.479998 -0.834182
v -0.372010 0.214642 0.032119
vn 0.084845 -0.008334 -0.996359
v -0.378942 0.219351 0.031491
vn 0.082772 -0.018245 -0.996401
v -0.371244 0.219939 0.031875
vn 0.076853 -0.038754 -0.996289
v -0.378046 0.224582 0.031149
vn 0.070211 -0.049713 -0.996293
v -0.370516 0.225139 0.031832
vn 0.097610 -0.021597 -0.994990
v -0.386007 0.223971 0.030804
vn 0.079048 -0.025644 -0.996541
v -0.385002 0.229146 0.030442
vn 0.064920 -0.052565 -0.996505
v -0.377201 0.229733 0.031104
vn 0.089578 -0.025826 -0.995645
v -0.364628 0.215313 0.032546
vn 0.093292 -0.021291 -0.995411
v -0.365227 0.209971 0.032705
vn 0.094212 0.003849 -0.995545
v -0.358183 0.210833 0.033295
vn 0.342270 -0.004248 -0.939592
v -0.364055 0.220546 0.032592
vn 0.114719 -0.012429 -0.993320
v -0.357858 0.216054 0.033418
vn 0.376381 -0.007936 -0.926431
v -0.372771 0.208698 0.031879
vn 0.087572 0.005562 -0.996143
v -0.365833 0.204000 0.032419
vn 0.095167 0.010495 -0.995406
v -0.373650 0.202608 0.031894
vn 0.066968 -0.014608 -0.997648
v -0.358519 0.205425 0.033341
vn 0.309733 0.008680 -0.950784
v -0.359006 0.199564 0.033131
vn 0.289317 -0.009257 -0.957188
v -0.366587 0.197956 0.032416
vn 0.077720 -0.012589 -0.996896
v -0.379821 0.213425 0.031233
vn 0.089881 -0.001419 -0.995951
v -0.387001 0.218119 0.030576
vn 0.090066 -0.004181 -0.995927
v -0.380843 0.207378 0.031326
vn 0.070073 -0.022597 -0.997286
v -0.388175 0.212134 0.030670
vn 0.072930 -0.028821 -0.996921
v -0.368968 0.234999 0.031715
vn 0.097117 -0.037070 -0.994582
v -0.369767 0.230133 0.031797
vn 0.098347 -0.027570 -0.994770
v -0.376367 0.234701 0.031028
vn 0.089073 -0.033292 -0.995469
v -0.375533 0.239548 0.030922
vn 0.087191 -0.036577 -0.995520
v -0.383202 0.239208 0.030294
vn 0.078548 -0.030936 -0.996430
v -0.384081 0.234263 0.030384
vn 0.081503 -0.028344 -0.996270
v -0.368080 0.239763 0.031604
vn 0.095275 -0.042329 -0.994551
v -0.374658 0.244303 0.030819
vn 0.083803 -0.038260 -0.995748
v -0.367106 0.244427 0.031485
vn 0.092476 -0.045808 -0.994661
v -0.382365 0.244035 0.030215
vn 0.075579 -0.030673 -0.996668
v -0.381520 0.248750 0.030128
vn 0.072018 -0.033858 -0.996829
v -0.373744 0.248943 0.030711
vn 0.080260 -0.041057 -0.995928
v -0.361878 0.235240 0.032422
vn 0.114462 -0.043366 -0.992481
v -0.362745 0.230472 0.032510
vn 0.116622 -0.033305 -0.992618
v -0.356221 0.230815 0.033367
vn 0.405633 -0.091221 -0.909473
v -0.360886 0.239912 0.032317
vn 0.111962 -0.049628 -0.992472
v -0.355221 0.235480 0.033276
vn 0.391831 -0.115170 -0.912800
v -0.363451 0.225585 0.032561
vn 0.117388 -0.022450 -0.992832
v -0.356987 0.226064 0.033423
vn 0.407617 -0.052487 -0.911643
v -0.357465 0.221127 0.033445
vn 0.393089 -0.026174 -0.919128
v -0.396057 0.252348 0.029119
vn 0.044885 -0.021733 -0.998756
v -0.389275 0.248339 0.029609
vn 0.064284 -0.026064 -0.997591
v -0.396884 0.247539 0.029165
vn 0.048861 -0.017198 -0.998658
v -0.390109 0.243527 0.029671
vn 0.067161 -0.024586 -0.997439
v -0.397803 0.242609 0.029212
vn 0.054319 -0.016307 -0.998390
v -0.391002 0.238594 0.029731
vn 0.070131 -0.024025 -0.997248
v -0.403376 0.251148 0.028900
vn -0.080211 0.024691 -0.996472
v -0.402495 0.255940 0.028843
vn -0.112507 0.021755 -0.993413
v -0.409599 0.254269 0.030484
vn -0.388483 0.149999 -0.909165
v -0.404342 0.246223 0.028896
vn -0.044983 0.022789 -0.998728
v -0.410584 0.249341 0.030057
vn -0.312931 0.137045 -0.939837
v -0.395272 0.257040 0.029036
vn 0.041987 -0.022639 -0.998862
v -0.401651 0.260606 0.028797
vn -0.148297 0.107330 -0.983101
v -0.394496 0.261657 0.028975
vn 0.015598 0.015696 -0.999755
v -0.408625 0.258969 0.030785
vn -0.455151 0.197389 -0.868260
v -0.407614 0.263512 0.031606
vn -0.493955 0.284325 -0.821686
v -0.400895 0.265189 0.029596
vn -0.210520 0.163948 -0.963744
v -0.388476 0.253040 0.029524
vn 0.060673 -0.030306 -0.997698
v -0.387682 0.257651 0.029427
vn 0.057458 -0.030580 -0.997879
v -0.380666 0.253365 0.030021
vn 0.068905 -0.036959 -0.996938
v -0.399978 0.232428 0.029533
vn 0.070542 -0.022693 -0.997251
v -0.398821 0.237543 0.029240
vn 0.051309 -0.036856 -0.998003
v -0.391963 0.233507 0.029777
vn 0.058045 -0.049717 -0.997075
v -0.393059 0.228367 0.030141
vn 0.075569 -0.026183 -0.996797
v -0.401176 0.226666 0.029260
vn 0.080906 -0.005083 -0.996709
v -0.394153 0.222570 0.029914
vn 0.087785 -0.006240 -0.996120
v -0.401896 0.220840 0.029439
vn 0.064751 -0.031108 -0.997416
v -0.395447 0.216656 0.029997
vn 0.071711 -0.028261 -0.997025
v -0.407300 0.230594 0.028805
vn 0.041331 0.013386 -0.999056
v -0.406103 0.235955 0.028999
vn 0.036755 -0.025191 -0.999007
v -0.412114 0.234700 0.029055
vn -0.133858 0.032539 -0.990466
v -0.408532 0.224852 0.028904
vn 0.031341 -0.027721 -0.999124
v -0.414601 0.229966 0.028769
vn -0.152047 0.070698 -0.985842
v -0.405455 0.241154 0.028856
vn 0.007049 0.021062 -0.999753
v -0.412463 0.239321 0.028693
vn -0.203826 0.081700 -0.975592
v -0.411230 0.244516 0.029632
vn -0.234267 0.168798 -0.957406
v -0.392806 0.270832 0.028912
vn -0.068638 0.006895 -0.997618
v -0.391883 0.275487 0.028834
vn -0.084964 0.010195 -0.996332
v -0.385005 0.271411 0.029133
vn 0.043144 -0.027906 -0.998679
v -0.385961 0.266795 0.029231
vn 0.046252 -0.029544 -0.998493
v -0.377765 0.267025 0.029683
vn 0.061160 -0.037023 -0.997441
v -0.390801 0.280227 0.028762
vn -0.099287 0.016381 -0.994924
v -0.383948 0.276100 0.029062
vn 0.042560 -0.024989 -0.998781
v -0.376655 0.271666 0.029584
vn 0.059911 -0.033478 -0.997642
v -0.393678 0.266235 0.028954
vn -0.036804 0.015364 -0.999204
v -0.386851 0.262224 0.029332
vn 0.052292 -0.029260 -0.998203
v -0.378799 0.262444 0.029795
vn 0.062837 -0.038379 -0.997286
v -0.379766 0.257906 0.029908
vn 0.065697 -0.038344 -0.997103
v -0.400019 0.269734 0.030078
vn -0.282692 0.124117 -0.951147
v -0.399191 0.274358 0.030263
vn -0.330768 0.100105 -0.938388
v -0.405357 0.272424 0.033243
vn -0.589620 0.234274 -0.772958
v -0.406550 0.267941 0.032580
vn -0.535285 0.278100 -0.797578
v -0.398159 0.278999 0.030412
vn -0.365314 0.121062 -0.922979
v -0.404311 0.276945 0.033624
vn -0.634820 0.231101 -0.737290
v -0.402989 0.281564 0.034059
vn -0.665543 0.249406 -0.703455
v -0.396914 0.283778 0.030562
vn -0.398927 0.129751 -0.907757
v -0.364942 0.253514 0.031226
vn 0.083571 -0.051304 -0.995180
v -0.371716 0.258007 0.030466
vn 0.074140 -0.045032 -0.996231
v -0.363687 0.258046 0.031102
vn 0.079936 -0.051089 -0.995490
v -0.370584 0.262557 0.030345
vn 0.072205 -0.043952 -0.996421
v -0.362356 0.262638 0.030975
vn 0.077409 -0.048656 -0.995811
v -0.369378 0.267163 0.030235
vn 0.070522 -0.041616 -0.996642
v -0.357222 0.253532 0.031891
vn 0.093262 -0.064286 -0.993564
v -0.358596 0.249020 0.032039
vn 0.101737 -0.063478 -0.992784
v -0.351476 0.249161 0.032837
vn 0.353962 -0.167316 -0.920172
v -0.355713 0.258093 0.031737
vn 0.087410 -0.059566 -0.994390
v -0.349741 0.253673 0.032628
vn 0.317167 -0.179483 -0.931231
v -0.366073 0.248997 0.031360
vn 0.087838 -0.049866 -0.994886
v -0.359800 0.244497 0.032197
vn 0.108372 -0.056424 -0.992508
v -0.352904 0.244594 0.033037
vn 0.373164 -0.139639 -0.917197
v -0.354096 0.240035 0.033166
vn 0.381321 -0.123974 -0.916092
v -0.372778 0.253486 0.030595
vn 0.076798 -0.044231 -0.996065
v -0.359534 0.272216 0.030811
vn 0.084532 -0.032794 -0.995881
v -0.360962 0.267345 0.030856
vn 0.079475 -0.040371 -0.996019
v -0.368103 0.271884 0.030134
vn 0.071699 -0.035689 -0.996788
v -0.366761 0.276770 0.030064
vn 0.073581 -0.032945 -0.996745
v -0.375444 0.276414 0.029506
vn 0.059129 -0.030103 -0.997796
v -0.358059 0.277291 0.030765
vn 0.084957 -0.037633 -0.995674
v -0.365337 0.281845 0.030004
vn 0.072985 -0.037027 -0.996645
v -0.374144 0.281320 0.029438
vn 0.059272 -0.031935 -0.997731
v -0.372747 0.286427 0.029344
vn 0.059368 -0.036003 -0.997587
v -0.351018 0.272730 0.031566
vn 0.099559 -0.032169 -0.994512
v -0.352592 0.267639 0.031556
vn 0.093188 -0.033724 -0.995077
v -0.344236 0.268228 0.032398
vn 0.230634 -0.091376 -0.968740
v -0.342552 0.273625 0.032504
vn 0.147458 -0.109173 -0.983025
v -0.354155 0.262775 0.031615
vn 0.087724 -0.049048 -0.994937
v -0.346131 0.263133 0.032367
vn 0.264134 -0.121622 -0.956787
v -0.347945 0.258295 0.032463
vn 0.288879 -0.151929 -0.945234
v -0.388259 0.290082 0.028576
vn -0.124021 0.013897 -0.992182
v -0.381502 0.285866 0.028900
vn 0.041800 -0.031166 -0.998640
v -0.389594 0.285097 0.028680
vn -0.113512 0.017178 -0.993388
v -0.382786 0.280908 0.028996
vn 0.042122 -0.026810 -0.998753
v -0.395561 0.288650 0.030656
vn -0.428452 0.133308 -0.893676
v -0.394113 0.293619 0.030643
vn -0.453631 0.128951 -0.881811
v -0.399952 0.291051 0.034578
vn -0.714531 0.254347 -0.651730
v -0.401552 0.286303 0.034346
vn -0.691180 0.256869 -0.675492
v -0.386791 0.295219 0.028420
vn -0.129683 0.010207 -0.991503
v -0.392517 0.298768 0.030557
vn -0.467246 0.120053 -0.875939
v -0.398261 0.296029 0.034597
vn -0.733201 0.239914 -0.636285
v -0.396462 0.301211 0.034388
vn -0.741565 0.221323 -0.633322
v -0.380087 0.290990 0.028793
vn 0.043049 -0.035116 -0.998456
v -0.322062 0.285138 0.111459
vn 0.978945 0.041360 0.199891
v -0.322048 0.279527 0.112889
vn 0.983977 0.042400 0.173178
v -0.321168 0.279884 0.108110
vn 0.981275 0.021137 0.191448
v -0.321070 0.285872 0.106694
vn 0.974641 0.016556 0.223160
v -0.320130 0.280254 0.103364
vn 0.984672 -0.009503 0.174157
v -0.322291 0.274381 0.115411
vn 0.984552 -0.014467 0.174496
v -0.321470 0.274152 0.110532
vn 0.987814 -0.031903 0.152335
v -0.320762 0.274267 0.105615
vn 0.986814 -0.073412 0.144252
v -0.322079 0.291057 0.110704
vn 0.973146 0.002764 0.230174
v -0.320869 0.291986 0.106224
vn 0.969527 -0.014234 0.244571
v -0.319987 0.286593 0.101957
vn 0.978369 -0.013009 0.206460
v -0.319750 0.293042 0.101690
vn 0.970062 -0.029998 0.240997
v -0.323036 0.290168 0.115020
vn 0.983967 0.028298 0.176091
v -0.322866 0.284491 0.115872
vn 0.987756 0.053578 0.146520
v -0.323496 0.289313 0.119360
vn 0.992141 0.050458 0.114503
v -0.322773 0.279389 0.117425
vn 0.987613 0.035532 0.152834
v -0.323340 0.283923 0.120284
vn 0.991210 0.043306 0.125010
v -0.323415 0.279184 0.121626
vn 0.988352 0.011905 0.151722
v -0.323041 0.275432 0.119231
vn 0.985626 -0.010943 0.168590
v -0.317970 0.288179 0.092173
vn 0.981679 -0.102721 0.160483
v -0.318911 0.287281 0.097185
vn 0.980391 -0.055577 0.189063
v -0.318664 0.281185 0.092520
vn 0.990085 -0.105476 0.092771
v -0.319462 0.280383 0.098313
vn 0.990028 -0.055428 0.129506
v -0.319645 0.273365 0.094068
vn 0.987831 -0.146917 0.051047
v -0.320058 0.274055 0.100545
vn 0.988321 -0.110972 0.104433
v -0.318071 0.282564 0.086863
vn 0.984664 -0.166270 0.052837
v -0.316849 0.289506 0.086515
vn 0.978989 -0.158360 0.128462
v -0.317600 0.283931 0.080654
vn 0.973682 -0.227862 0.004705
v -0.319254 0.275600 0.087231
vn 0.985947 -0.166855 -0.008202
v -0.319180 0.277162 0.080868
vn 0.976209 -0.210706 -0.051183
v -0.317219 0.295179 0.092027
vn 0.972665 -0.080383 0.217854
v -0.315874 0.296445 0.086536
vn 0.982946 -0.082688 0.164254
v -0.315903 0.291062 0.080546
vn 0.983532 -0.176771 0.037644
v -0.315000 0.298247 0.080570
vn 0.996931 -0.064937 0.043731
v -0.318491 0.293802 0.096971
vn 0.971013 -0.053482 0.232966
v -0.322068 0.261996 0.092790
vn 0.968684 -0.248099 0.009946
v -0.320998 0.266967 0.093983
vn 0.976898 -0.211122 0.033146
v -0.322118 0.262292 0.097837
vn 0.973490 -0.225685 0.037186
v -0.320997 0.267961 0.098544
vn 0.978968 -0.194402 0.061885
v -0.322288 0.262812 0.102417
vn 0.975833 -0.204325 0.077468
v -0.320998 0.266967 0.093983
vn 0.977498 -0.207229 0.039425
v -0.320997 0.267961 0.098544
vn 0.979909 -0.186657 0.070265
v -0.321336 0.268414 0.103652
vn 0.983186 -0.150141 0.103942
v -0.323493 0.257087 0.097019
vn 0.955671 -0.294207 0.011666
v -0.323581 0.256612 0.092132
vn 0.957662 -0.287734 0.009599
v -0.325320 0.251958 0.096739
vn 0.947029 -0.320032 0.026758
v -0.323457 0.257507 0.102043
vn 0.962839 -0.264428 0.054951
v -0.325051 0.252526 0.101708
vn 0.942024 -0.334253 0.029418
v -0.322325 0.261318 0.088041
vn 0.965364 -0.258132 -0.037955
v -0.323743 0.256203 0.086796
vn 0.960017 -0.274718 -0.053837
v -0.322464 0.262395 0.081948
vn 0.958463 -0.263977 -0.107999
v -0.325160 0.251399 0.091630
vn 0.953954 -0.298591 0.028562
v -0.325404 0.250589 0.086612
vn 0.954678 -0.294062 -0.046011
v -0.324682 0.255041 0.081309
vn 0.949641 -0.279091 -0.142443
v -0.320670 0.267556 0.088315
vn 0.968952 -0.243905 -0.040522
v -0.320670 0.267556 0.088315
vn 0.982777 -0.184520 -0.010098
v -0.320535 0.270271 0.081179
vn 0.979603 -0.189599 -0.066558
v -0.322975 0.263653 0.112421
vn 0.977714 -0.180903 0.106531
v -0.322649 0.263153 0.107255
vn 0.976215 -0.199849 0.084056
v -0.321746 0.268621 0.108508
vn 0.980669 -0.169773 0.097285
v -0.322344 0.269009 0.113812
vn 0.985641 -0.071879 0.152789
v -0.321746 0.268621 0.108508
vn 0.987586 -0.106483 0.115481
v -0.321336 0.268414 0.103652
vn 0.979143 -0.184128 0.085880
v -0.322344 0.269009 0.113812
vn 0.980484 -0.132546 0.145199
v -0.323565 0.264355 0.117721
vn 0.979900 -0.139901 0.142211
v -0.323219 0.270189 0.119173
vn 0.983369 -0.091854 0.156678
v -0.324288 0.265485 0.123717
vn 0.982752 -0.119198 0.141387
v -0.323219 0.270189 0.119173
vn 0.984640 -0.045366 0.168602
v -0.323546 0.274523 0.122539
vn 0.988639 -0.027298 0.147813
v -0.324362 0.259327 0.116761
vn 0.972164 -0.207080 0.109613
v -0.324022 0.258589 0.111538
vn 0.968643 -0.233654 0.084473
v -0.325434 0.254611 0.115994
vn 0.955544 -0.282345 0.084957
v -0.324853 0.260062 0.121814
vn 0.975960 -0.174446 0.130654
v -0.325697 0.255449 0.121006
vn 0.963336 -0.245735 0.107697
v -0.323766 0.258053 0.106828
vn 0.966202 -0.244050 0.083025
v -0.325267 0.253895 0.111245
vn 0.950244 -0.301648 0.077755
v -0.325113 0.253251 0.106489
vn 0.945847 -0.316725 0.071131
v -0.325506 0.260770 0.127465
vn 0.977382 -0.164063 0.133445
v -0.326147 0.256218 0.125935
vn 0.969567 -0.208882 0.127703
v -0.323923 0.270544 0.123891
vn 0.987692 -0.042301 0.150585
v -0.319521 0.303866 0.036505
vn 0.729935 -0.182738 -0.658636
v -0.316759 0.301517 0.044285
vn 0.870028 -0.305479 -0.386954
v -0.321626 0.297184 0.037004
vn 0.738548 -0.290323 -0.608489
v -0.319250 0.294810 0.044806
vn 0.864878 -0.345832 -0.363850
v -0.323908 0.290648 0.037605
vn 0.763397 -0.293701 -0.575296
v -0.316759 0.301517 0.044285
vn 0.948283 -0.314411 -0.043656
v -0.317132 0.299617 0.052647
vn 0.946908 -0.318710 -0.042294
v -0.319250 0.294810 0.044806
vn 0.937173 -0.345461 -0.048622
v -0.319514 0.292789 0.053051
vn 0.949503 -0.295089 -0.106617
v -0.321802 0.287999 0.045335
vn 0.940009 -0.324735 -0.104550
v -0.327266 0.300534 0.032576
vn 0.327244 -0.113281 -0.938125
v -0.325887 0.307174 0.032496
vn 0.325111 -0.054941 -0.944078
v -0.329097 0.294094 0.032760
vn 0.360395 -0.140805 -0.922111
v -0.318748 0.311147 0.036540
vn 0.723826 -0.065693 -0.686848
v -0.325112 0.313969 0.032446
vn 0.337959 -0.038571 -0.940370
v -0.314768 0.308569 0.043971
vn 0.874373 -0.146355 -0.462657
v -0.314768 0.308569 0.043971
vn 0.978779 -0.187933 -0.081683
v -0.314811 0.306501 0.052441
vn 0.963702 -0.265676 -0.026353
v -0.314225 0.316020 0.043653
vn 0.862532 -0.048806 -0.503643
v -0.327863 0.277695 0.038766
vn 0.802538 -0.363904 -0.472764
v -0.326017 0.284132 0.037933
vn 0.789904 -0.289155 -0.540779
v -0.324201 0.281416 0.046078
vn 0.888806 -0.363198 -0.279484
v -0.326985 0.275226 0.047145
vn 0.887332 -0.436904 -0.147505
v -0.324201 0.281416 0.046078
vn 0.893565 -0.426186 -0.141095
v -0.323932 0.279304 0.054161
vn 0.888984 -0.423981 -0.173052
v -0.321802 0.287999 0.045335
vn 0.877731 -0.338320 -0.339304
v -0.324201 0.281416 0.046078
vn 0.922728 -0.361597 -0.133493
v -0.321367 0.285947 0.053394
vn 0.935261 -0.316389 -0.158696
v -0.326985 0.275226 0.047145
vn 0.867701 -0.447704 -0.216002
v -0.330583 0.271751 0.040049
vn 0.791845 -0.454943 -0.407442
v -0.329913 0.269397 0.048167
vn 0.872085 -0.438595 -0.217032
v -0.333248 0.266073 0.041314
vn 0.819445 -0.412018 -0.398436
v -0.326710 0.273081 0.055048
vn 0.880962 -0.421059 -0.215904
v -0.329913 0.269397 0.048167
vn 0.887946 -0.426024 -0.173368
v -0.329378 0.267083 0.055962
vn 0.895103 -0.348505 -0.278091
v -0.332207 0.263548 0.049232
vn 0.914953 -0.331309 -0.230424
v -0.334445 0.275217 0.033209
vn 0.444399 -0.282125 -0.850244
v -0.332751 0.281369 0.032997
vn 0.415741 -0.154656 -0.896237
v -0.336458 0.269408 0.034942
vn 0.513985 -0.334273 -0.789988
v -0.330969 0.287705 0.032876
vn 0.389557 -0.137155 -0.910733
v -0.323723 0.267992 0.068701
vn 0.909783 -0.271824 -0.313698
v -0.325446 0.270605 0.062235
vn 0.884840 -0.335565 -0.323195
v -0.321972 0.274606 0.068262
vn 0.909807 -0.296125 -0.290792
v -0.321972 0.274606 0.068262
vn 0.924954 -0.299626 -0.233849
v -0.323107 0.276900 0.061538
vn 0.906177 -0.349122 -0.238658
v -0.319823 0.281034 0.067789
vn 0.931307 -0.298759 -0.208352
v -0.323107 0.276900 0.061538
vn 0.885296 -0.383322 -0.263279
v -0.323932 0.279304 0.054161
vn 0.911197 -0.368523 -0.184150
v -0.320647 0.283440 0.060938
vn 0.926167 -0.314890 -0.207505
v -0.320919 0.272198 0.074732
vn 0.944867 -0.245716 -0.216450
v -0.322558 0.265445 0.074936
vn 0.941877 -0.268858 -0.201450
v -0.320535 0.270271 0.081179
vn 0.964102 -0.243356 -0.106232
v -0.319239 0.278903 0.074290
vn 0.954934 -0.266419 -0.130852
v -0.320919 0.272198 0.074732
vn 0.961619 -0.232218 -0.146161
v -0.325672 0.261363 0.069124
vn 0.898999 -0.298191 -0.320754
v -0.324737 0.258332 0.075462
vn 0.927550 -0.299145 -0.223971
v -0.327757 0.255183 0.069477
vn 0.897046 -0.309212 -0.315748
v -0.326862 0.251252 0.076162
vn 0.917783 -0.308312 -0.250238
v -0.327383 0.264202 0.062773
vn 0.885195 -0.284195 -0.368324
v -0.329243 0.257884 0.063081
vn 0.884544 -0.296889 -0.359776
v -0.331114 0.260798 0.056341
vn 0.901117 -0.293322 -0.319296
v -0.316655 0.295250 0.067350
vn 0.973579 -0.174702 -0.147049
v -0.317951 0.288078 0.067526
vn 0.956737 -0.224655 -0.184888
v -0.318768 0.290388 0.060521
vn 0.956672 -0.233787 -0.173556
v -0.317216 0.297648 0.060275
vn 0.963186 -0.243180 -0.114616
v -0.315266 0.302290 0.067227
vn 0.982059 -0.174733 -0.070908
v -0.315430 0.304526 0.060127
vn 0.967306 -0.250926 -0.036803
v -0.315159 0.300194 0.074067
vn 0.994120 -0.093076 -0.055343
v -0.315783 0.292961 0.074114
vn 0.983338 -0.148202 -0.105274
v -0.317271 0.285825 0.074250
vn 0.964855 -0.241133 -0.104453
v -0.418543 0.287920 0.112906
vn -0.950678 0.303438 -0.064322
v -0.418041 0.288676 0.108363
vn -0.947733 0.314382 -0.054471
v -0.419653 0.283944 0.110785
vn -0.958911 0.278700 -0.053058
v -0.419818 0.284113 0.114657
vn -0.960328 0.272574 -0.058946
v -0.421081 0.279375 0.114952
vn -0.975126 0.218823 -0.035293
v -0.417421 0.289769 0.103769
vn -0.945888 0.320208 -0.052567
v -0.419122 0.284716 0.105872
vn -0.956855 0.285205 -0.055550
v -0.420809 0.279564 0.109600
vn -0.971766 0.229505 -0.054759
v -0.419087 0.287075 0.116971
vn -0.954839 0.287914 -0.073400
v -0.420453 0.282667 0.118355
vn -0.968997 0.238627 -0.064043
v -0.419780 0.286113 0.121430
vn -0.956178 0.279494 -0.087214
v -0.421479 0.278107 0.120348
vn -0.984960 0.170117 -0.030246
v -0.421013 0.281729 0.122764
vn -0.978526 0.196174 -0.063264
v -0.417633 0.291524 0.115820
vn -0.942015 0.327276 -0.074146
v -0.416913 0.292354 0.111177
vn -0.938440 0.338696 -0.067934
v -0.418284 0.290458 0.120115
vn -0.945810 0.314832 -0.079526
v -0.416256 0.293423 0.106795
vn -0.934190 0.352666 -0.053994
v -0.415558 0.294734 0.102502
vn -0.926638 0.372010 -0.054315
v -0.422654 0.269519 0.112896
vn -0.995708 0.075048 -0.054156
v -0.422064 0.274351 0.113692
vn -0.985443 0.165838 -0.037429
v -0.421663 0.274689 0.108438
vn -0.984806 0.158948 -0.069949
v -0.422277 0.269885 0.108393
vn -0.993619 0.080814 -0.078682
v -0.421210 0.275244 0.103706
vn -0.984239 0.160076 -0.075159
v -0.420319 0.280212 0.104254
vn -0.970645 0.230529 -0.068589
v -0.422759 0.264756 0.112953
vn -0.999119 -0.001365 -0.041952
v -0.422485 0.265023 0.108547
vn -0.997971 0.027251 -0.057539
v -0.422663 0.259793 0.113190
vn -0.998856 -0.047028 -0.008653
v -0.421819 0.270304 0.103630
vn -0.992891 0.099136 -0.065875
v -0.422225 0.265297 0.103844
vn -0.997385 0.063415 -0.034658
v -0.422557 0.259916 0.108837
vn -0.999930 0.004782 -0.010777
v -0.422870 0.264493 0.117329
vn -0.999499 -0.023407 0.021315
v -0.422855 0.269203 0.117566
vn -0.997590 0.067024 0.017947
v -0.422558 0.264215 0.121842
vn -0.994988 -0.048267 0.087571
v -0.422631 0.259681 0.117504
vn -0.996286 -0.074342 0.043448
v -0.422230 0.259590 0.121682
vn -0.989340 -0.089258 0.115064
v -0.422196 0.273812 0.118746
vn -0.989403 0.145150 0.003698
v -0.422558 0.268797 0.122705
vn -0.997585 0.043710 0.053985
v -0.422222 0.273481 0.124477
vn -0.992742 0.120077 -0.006724
v -0.421376 0.271438 0.092803
vn -0.982611 0.182656 0.033341
v -0.421495 0.270928 0.098587
vn -0.990724 0.132844 -0.028601
v -0.420376 0.276616 0.092997
vn -0.979258 0.202103 -0.014417
v -0.420756 0.275923 0.098536
vn -0.982986 0.176161 -0.052012
v -0.419251 0.281659 0.093074
vn -0.969668 0.241924 -0.034891
v -0.419707 0.280838 0.098591
vn -0.970729 0.232699 -0.059467
v -0.420284 0.277348 0.087218
vn -0.968415 0.247002 0.034103
v -0.421703 0.272063 0.086903
vn -0.968739 0.235132 0.079106
v -0.420396 0.277779 0.081864
vn -0.957766 0.285302 0.035874
v -0.419041 0.282076 0.087868
vn -0.965686 0.259709 0.001171
v -0.418994 0.282436 0.082643
vn -0.956694 0.291097 0.000316
v -0.422311 0.266072 0.092824
vn -0.983347 0.161844 0.082671
v -0.423012 0.266450 0.086663
vn -0.972115 0.203765 0.116067
v -0.423123 0.260363 0.093319
vn -0.977548 0.174953 0.117433
v -0.421977 0.272789 0.080865
vn -0.959836 0.275030 0.055428
v -0.423829 0.266634 0.079413
vn -0.963167 0.256539 0.080608
v -0.424058 0.260259 0.087326
vn -0.966868 0.206009 0.150751
v -0.422103 0.265664 0.098757
vn -0.993642 0.111536 0.015317
v -0.422670 0.260155 0.099156
vn -0.988905 0.133226 0.065714
v -0.422481 0.259999 0.104237
vn -0.997200 0.071892 0.020586
v -0.416327 0.291440 0.095000
vn -0.938437 0.342530 -0.044827
v -0.417924 0.286667 0.093837
vn -0.955139 0.293389 -0.040400
v -0.418310 0.286308 0.099769
vn -0.955350 0.290336 -0.054881
v -0.416631 0.291298 0.099486
vn -0.940351 0.335265 -0.057767
v -0.414828 0.295743 0.097753
vn -0.923183 0.380846 -0.051867
v -0.414126 0.296737 0.092309
vn -0.926866 0.374486 -0.026055
v -0.415851 0.292131 0.089265
vn -0.938653 0.344024 -0.024031
v -0.413650 0.297833 0.086457
vn -0.926096 0.376525 -0.023995
v -0.415566 0.292566 0.082457
vn -0.934487 0.353597 -0.041264
v -0.412727 0.299343 0.079751
vn -0.919395 0.387684 -0.066429
v -0.417572 0.287120 0.088274
vn -0.951490 0.307259 -0.016087
v -0.417735 0.286743 0.083511
vn -0.949852 0.312039 -0.020311
v -0.337608 0.229624 0.111723
vn 0.827840 -0.528768 0.187312
v -0.337838 0.227690 0.107251
vn 0.837150 -0.508440 0.201664
v -0.335381 0.231570 0.106666
vn 0.851431 -0.492573 0.180103
v -0.335230 0.233355 0.111107
vn 0.851955 -0.495065 0.170538
v -0.333049 0.235574 0.106199
vn 0.876948 -0.452647 0.161471
v -0.337876 0.225728 0.102752
vn 0.851669 -0.479034 0.212570
v -0.335344 0.229851 0.102064
vn 0.855111 -0.482287 0.190223
v -0.332937 0.233985 0.101526
vn 0.880500 -0.443934 0.166258
v -0.337371 0.231542 0.116060
vn 0.826633 -0.528096 0.194401
v -0.335031 0.235204 0.115507
vn 0.843713 -0.510199 0.166869
v -0.337163 0.233499 0.120349
vn 0.815932 -0.543897 0.196041
v -0.332963 0.237286 0.110738
vn 0.868744 -0.473577 0.144943
v -0.332814 0.238829 0.115275
vn 0.856975 -0.496649 0.137602
v -0.334816 0.236907 0.119937
vn 0.829235 -0.534932 0.161916
v -0.339934 0.228036 0.116850
vn 0.801649 -0.557617 0.215457
v -0.340302 0.225932 0.112546
vn 0.816462 -0.535621 0.215640
v -0.342676 0.224549 0.117833
vn 0.792306 -0.558613 0.245363
v -0.339582 0.230165 0.120980
vn 0.795961 -0.562401 0.223944
v -0.342296 0.226913 0.122005
vn 0.775027 -0.581101 0.248305
v -0.340431 0.223765 0.108170
vn 0.836501 -0.494890 0.235267
v -0.342959 0.222250 0.113588
vn 0.806386 -0.534921 0.252191
v -0.343100 0.219819 0.109319
vn 0.823347 -0.494733 0.278097
v -0.340496 0.221437 0.103844
vn 0.853426 -0.462194 0.240916
v -0.328683 0.245373 0.110747
vn 0.896332 -0.433277 0.094129
v -0.330794 0.241287 0.110642
vn 0.877945 -0.464827 0.114670
v -0.328750 0.244224 0.106046
vn 0.901745 -0.422609 0.090876
v -0.330927 0.239890 0.106038
vn 0.890515 -0.437104 0.126186
v -0.328837 0.243019 0.101289
vn 0.913793 -0.395514 0.092470
v -0.330857 0.238419 0.101311
vn 0.905158 -0.402703 0.136084
v -0.326823 0.248673 0.106192
vn 0.923383 -0.377246 0.071053
v -0.326838 0.249505 0.110968
vn 0.923041 -0.376185 0.080498
v -0.326855 0.247727 0.101464
vn 0.930338 -0.363298 0.049849
v -0.328711 0.246359 0.115391
vn 0.893421 -0.438739 0.096471
v -0.326969 0.250306 0.115707
vn 0.923980 -0.373755 0.081045
v -0.328680 0.247371 0.119997
vn 0.889961 -0.448442 0.082883
v -0.326978 0.251138 0.120286
vn 0.932018 -0.353144 0.081433
v -0.330693 0.242595 0.115237
vn 0.870849 -0.477950 0.114826
v -0.330600 0.243806 0.119795
vn 0.863928 -0.491564 0.109511
v -0.332649 0.240334 0.119743
vn 0.847412 -0.513877 0.133505
v -0.328781 0.241050 0.091361
vn 0.934732 -0.353512 0.036117
v -0.328802 0.241900 0.096399
vn 0.927612 -0.364079 0.083561
v -0.330677 0.237140 0.096493
vn 0.916722 -0.384532 0.108428
v -0.330616 0.236208 0.091512
vn 0.924645 -0.378564 0.041476
v -0.332801 0.232545 0.096874
vn 0.889970 -0.434179 0.139434
v -0.328906 0.240621 0.086062
vn 0.930127 -0.360685 -0.069068
v -0.330934 0.235606 0.086098
vn 0.913054 -0.398859 -0.085112
v -0.329990 0.240063 0.080583
vn 0.912426 -0.364011 -0.187014
v -0.332702 0.231316 0.091837
vn 0.898336 -0.437100 0.043999
v -0.333315 0.230659 0.086516
vn 0.903692 -0.423607 -0.062429
v -0.332351 0.234509 0.079877
vn 0.912412 -0.375770 -0.162179
v -0.327093 0.245520 0.086407
vn 0.940950 -0.335066 -0.048406
v -0.326896 0.246078 0.091478
vn 0.942663 -0.332382 0.030152
v -0.327782 0.245389 0.080999
vn 0.922207 -0.343338 -0.177916
v -0.326074 0.249742 0.082033
vn 0.943071 -0.300551 -0.142432
v -0.326929 0.246846 0.096481
vn 0.940349 -0.334905 0.059854
v -0.337843 0.221805 0.093381
vn 0.889812 -0.437478 0.129802
v -0.335206 0.226661 0.092455
vn 0.886525 -0.455643 0.080389
v -0.337892 0.223662 0.098273
vn 0.867723 -0.457858 0.193452
v -0.335233 0.228149 0.097342
vn 0.866322 -0.469932 0.169264
v -0.340462 0.219127 0.099353
vn 0.874252 -0.430110 0.225142
v -0.340329 0.216962 0.094580
vn 0.894753 -0.411568 0.173289
v -0.342915 0.214653 0.100606
vn 0.862365 -0.435334 0.258479
v -0.343101 0.217272 0.105050
vn 0.847060 -0.448893 0.284577
v -0.338011 0.220382 0.088306
vn 0.915143 -0.399527 0.053769
v -0.340287 0.215082 0.089459
vn 0.924526 -0.359839 0.125566
v -0.338840 0.218074 0.083065
vn 0.945732 -0.324936 0.002772
v -0.342863 0.212229 0.095893
vn 0.878033 -0.418397 0.232381
v -0.342534 0.209843 0.090915
vn 0.898035 -0.392264 0.199152
v -0.340574 0.212496 0.084013
vn 0.946090 -0.315537 0.073148
v -0.335572 0.225539 0.087288
vn 0.908176 -0.418580 -0.002703
v -0.336776 0.223373 0.082120
vn 0.922572 -0.379947 -0.067091
v -0.334650 0.228640 0.081293
vn 0.915560 -0.387214 -0.108697
v -0.337731 0.255435 0.042419
vn 0.805835 -0.398524 -0.437959
v -0.336148 0.252419 0.049969
vn 0.858246 -0.367653 -0.358113
v -0.340035 0.250716 0.043003
vn 0.796180 -0.374608 -0.475149
v -0.337895 0.247344 0.050236
vn 0.857961 -0.310299 -0.409411
v -0.341818 0.245822 0.043229
vn 0.806273 -0.303518 -0.507741
v -0.336148 0.252419 0.049969
vn 0.895369 -0.321711 -0.307922
v -0.334654 0.249541 0.057044
vn 0.891189 -0.291256 -0.347781
v -0.337895 0.247344 0.050236
vn 0.894209 -0.293880 -0.337676
v -0.336207 0.244186 0.057143
vn 0.891916 -0.278277 -0.356437
v -0.339473 0.242303 0.050416
vn 0.890265 -0.289748 -0.351389
v -0.342987 0.254107 0.036493
vn 0.615729 -0.356008 -0.702948
v -0.340743 0.258890 0.036054
vn 0.605119 -0.318854 -0.729495
v -0.345165 0.249607 0.037070
vn 0.644879 -0.318570 -0.694726
v -0.335522 0.260580 0.041934
vn 0.829364 -0.376945 -0.412393
v -0.338612 0.263983 0.035576
vn 0.584669 -0.300595 -0.753528
v -0.334227 0.257749 0.049601
vn 0.885787 -0.357030 -0.296499
v -0.334227 0.257749 0.049601
vn 0.902689 -0.326532 -0.280231
v -0.332938 0.254978 0.056782
vn 0.890450 -0.308073 -0.334948
v -0.332207 0.263548 0.049232
vn 0.892641 -0.373010 -0.253090
v -0.344852 0.236426 0.043487
vn 0.819802 -0.250390 -0.515004
v -0.343425 0.241023 0.043447
vn 0.813139 -0.271686 -0.514774
v -0.341068 0.237386 0.050426
vn 0.860051 -0.268217 -0.434019
v -0.342423 0.232804 0.050412
vn 0.897621 -0.263305 -0.353479
v -0.341068 0.237386 0.050426
vn 0.893468 -0.275733 -0.354522
v -0.339359 0.234117 0.057193
vn 0.894404 -0.275237 -0.352542
v -0.339473 0.242303 0.050416
vn 0.856647 -0.289224 -0.427207
v -0.337899 0.239012 0.057105
vn 0.888993 -0.282665 -0.360267
v -0.342423 0.232804 0.050412
vn 0.863620 -0.253697 -0.435658
v -0.346103 0.231896 0.043644
vn 0.819384 -0.250870 -0.515436
v -0.343674 0.228282 0.050563
vn 0.859939 -0.247775 -0.446221
v -0.347476 0.227375 0.043830
vn 0.840225 -0.197380 -0.505038
v -0.340667 0.229481 0.057351
vn 0.907307 -0.241806 -0.343983
v -0.343674 0.228282 0.050563
vn 0.903149 -0.226350 -0.364811
v -0.341667 0.224744 0.057462
vn 0.918440 -0.184406 -0.349946
v -0.344740 0.223627 0.050721
vn 0.910122 -0.166670 -0.379341
v -0.349582 0.235826 0.037613
vn 0.694199 -0.209187 -0.688715
v -0.348241 0.240316 0.037538
vn 0.686205 -0.217230 -0.694215
v -0.350765 0.231277 0.037781
vn 0.713099 -0.188603 -0.675217
v -0.346904 0.244933 0.037379
vn 0.669279 -0.254182 -0.698181
v -0.338406 0.223297 0.070430
vn 0.953425 -0.250247 -0.168394
v -0.339149 0.226167 0.063938
vn 0.934779 -0.223648 -0.275989
v -0.336948 0.228291 0.070024
vn 0.920775 -0.316497 -0.228043
v -0.337893 0.230931 0.063707
vn 0.905130 -0.291624 -0.309346
v -0.335327 0.233211 0.069103
vn 0.906404 -0.332875 -0.260049
v -0.336258 0.235936 0.063418
vn 0.893152 -0.298675 -0.336262
v -0.336557 0.225948 0.076003
vn 0.924543 -0.349660 -0.151518
v -0.338322 0.220831 0.076703
vn 0.952431 -0.291234 -0.089771
v -0.334665 0.231017 0.075184
vn 0.913699 -0.358949 -0.190549
v -0.339440 0.218242 0.070717
vn 0.966703 -0.223154 -0.125249
v -0.339535 0.215775 0.077446
vn 0.966496 -0.254434 -0.033888
v -0.340549 0.213602 0.070932
vn 0.969468 -0.222198 -0.103729
v -0.340896 0.210587 0.077817
vn 0.964186 -0.264922 0.012686
v -0.339955 0.221289 0.064107
vn 0.950161 -0.186155 -0.250081
v -0.340963 0.216674 0.064136
vn 0.953491 -0.195681 -0.229267
v -0.342461 0.220095 0.057475
vn 0.925629 -0.156664 -0.344480
v -0.331846 0.243311 0.069227
vn 0.906144 -0.301998 -0.296143
v -0.333610 0.238110 0.068895
vn 0.910229 -0.309386 -0.275250
v -0.334612 0.241067 0.063399
vn 0.895074 -0.282196 -0.345265
v -0.332969 0.246417 0.063446
vn 0.892976 -0.283902 -0.349275
v -0.329755 0.249286 0.069513
vn 0.898904 -0.305566 -0.314009
v -0.331185 0.251971 0.063268
vn 0.885622 -0.299402 -0.355011
v -0.329357 0.245069 0.075264
vn 0.905787 -0.335537 -0.258777
v -0.331588 0.239757 0.074693
vn 0.911282 -0.339337 -0.233270
v -0.333340 0.235575 0.073739
vn 0.917446 -0.334101 -0.216032
v -0.328901 0.249150 0.129161
vn 0.898475 -0.414871 0.143611
v -0.330565 0.245901 0.128885
vn 0.855915 -0.500149 0.131382
v -0.328620 0.248162 0.124551
vn 0.893257 -0.436704 0.106684
v -0.330519 0.244890 0.124232
vn 0.852858 -0.510315 0.110508
v -0.332462 0.242873 0.128713
vn 0.833385 -0.536659 0.132164
v -0.332489 0.241679 0.124155
vn 0.836510 -0.531678 0.132549
v -0.327140 0.252023 0.125141
vn 0.940552 -0.320908 0.111268
v -0.336610 0.237076 0.128919
vn 0.795352 -0.580557 0.174265
v -0.334452 0.239958 0.128708
vn 0.813478 -0.561102 0.153029
v -0.338896 0.234145 0.129301
vn 0.783593 -0.591328 0.190562
v -0.336874 0.235370 0.124555
vn 0.800037 -0.571196 0.183512
v -0.339301 0.232248 0.125147
vn 0.788653 -0.578091 0.209373
v -0.341423 0.231179 0.130101
vn 0.770094 -0.601415 0.212732
v -0.341883 0.229108 0.126032
vn 0.768485 -0.596444 0.231700
v -0.334569 0.238530 0.124243
vn 0.816783 -0.555028 0.157513
v -0.422048 0.263926 0.126771
vn -0.992846 -0.067168 0.098718
v -0.421591 0.259498 0.126101
vn -0.986534 -0.106055 0.124511
v -0.419104 0.289494 0.124840
vn -0.949705 0.295168 -0.104573
v -0.421627 0.278002 0.124669
vn -0.989852 0.138762 -0.030623
v -0.410271 0.278962 0.044331
vn -0.831493 0.340549 -0.438914
v -0.413203 0.279392 0.049976
vn -0.840721 0.305697 -0.446920
v -0.408654 0.283566 0.044781
vn -0.828858 0.309839 -0.465826
v -0.411888 0.284235 0.050508
vn -0.848776 0.317222 -0.423024
v -0.407023 0.288382 0.044853
vn -0.820965 0.330034 -0.465934
v -0.415865 0.279660 0.055567
vn -0.875692 0.335216 -0.347553
v -0.414906 0.284395 0.058251
vn -0.891355 0.340557 -0.299178
v -0.410209 0.289993 0.051656
vn -0.843103 0.352816 -0.405831
v -0.406048 0.282847 0.039210
vn -0.835225 0.336390 -0.435019
v -0.407649 0.278249 0.038767
vn -0.768598 0.306325 -0.561624
v -0.406048 0.282847 0.039210
vn -0.790553 0.309165 -0.528623
v -0.404303 0.287499 0.039501
vn -0.830313 0.316054 -0.459010
v -0.404303 0.287499 0.039501
vn -0.807671 0.314612 -0.498685
v -0.407649 0.278249 0.038767
vn -0.828206 0.341952 -0.444009
v -0.411900 0.274522 0.043706
vn -0.824451 0.359366 -0.437193
v -0.409065 0.273862 0.038168
vn -0.818062 0.344465 -0.460563
v -0.413482 0.270186 0.043176
vn -0.810492 0.379191 -0.446449
v -0.409065 0.273862 0.038168
vn -0.735497 0.295166 -0.609854
v -0.410562 0.269516 0.037508
vn -0.688547 0.326175 -0.647698
v -0.414631 0.274765 0.049406
vn -0.837310 0.352428 -0.417979
v -0.417093 0.275109 0.054633
vn -0.863277 0.327741 -0.383846
v -0.416108 0.270586 0.048398
vn -0.825370 0.389389 -0.408827
v -0.418648 0.270593 0.054029
vn -0.854244 0.378947 -0.355901
v -0.402074 0.300218 0.045212
vn -0.847256 0.358816 -0.391673
v -0.404736 0.293801 0.045133
vn -0.826164 0.353674 -0.438597
v -0.406777 0.296223 0.050672
vn -0.825077 0.376631 -0.421186
v -0.404765 0.300743 0.050816
vn -0.819953 0.406623 -0.402907
v -0.407682 0.299161 0.055528
vn -0.844588 0.408647 -0.345947
v -0.410426 0.294259 0.056579
vn -0.862841 0.387338 -0.324768
v -0.401405 0.305195 0.048793
vn -0.840417 0.382079 -0.384337
v -0.398771 0.306128 0.043043
vn -0.871765 0.369537 -0.321665
v -0.404708 0.304233 0.054597
vn -0.839612 0.403271 -0.363901
v -0.398411 0.303189 0.038872
vn -0.879467 0.332311 -0.340745
v -0.400522 0.297773 0.039539
vn -0.832287 0.277103 -0.480116
v -0.398411 0.303189 0.038872
vn -0.838029 0.269836 -0.474232
v -0.396099 0.308368 0.037872
vn -0.885912 0.361997 -0.290031
v -0.400522 0.297773 0.039539
vn -0.861110 0.321757 -0.393652
v -0.402471 0.292353 0.039583
vn -0.833417 0.331212 -0.442396
v -0.402471 0.292353 0.039583
vn -0.821532 0.296603 -0.486941
v -0.412437 0.296585 0.067887
vn -0.908767 0.383338 -0.164909
v -0.410402 0.297835 0.061355
vn -0.882236 0.398787 -0.250258
v -0.412991 0.292609 0.063159
vn -0.902463 0.374673 -0.212556
v -0.415056 0.290855 0.069963
vn -0.921748 0.362833 -0.136868
v -0.415810 0.286763 0.064878
vn -0.915898 0.355450 -0.186511
v -0.413149 0.289615 0.058578
vn -0.890866 0.354911 -0.283542
v -0.414191 0.294663 0.075039
vn -0.924660 0.368147 -0.097322
v -0.416931 0.288086 0.077544
vn -0.935617 0.346263 -0.068724
v -0.417713 0.284875 0.072600
vn -0.930086 0.351498 -0.106716
v -0.418932 0.282683 0.077873
vn -0.944997 0.326058 -0.025808
v -0.411438 0.300723 0.073227
vn -0.907516 0.401848 -0.122201
v -0.409695 0.302069 0.066695
vn -0.888983 0.416479 -0.190406
v -0.407544 0.303135 0.060445
vn -0.864847 0.417675 -0.278544
v -0.420263 0.276402 0.067976
vn -0.928493 0.346400 -0.133818
v -0.418983 0.280659 0.070059
vn -0.931541 0.343479 -0.119387
v -0.417695 0.281618 0.064615
vn -0.915370 0.349154 -0.200472
v -0.418250 0.278444 0.061782
vn -0.905375 0.357204 -0.229566
v -0.420909 0.273201 0.064350
vn -0.921505 0.346153 -0.176086
v -0.418729 0.275485 0.059153
vn -0.895207 0.345422 -0.281580
v -0.420501 0.271071 0.059423
vn -0.897988 0.349460 -0.267385
v -0.422845 0.270317 0.071000
vn -0.944819 0.322957 -0.054908
v -0.421682 0.274169 0.074367
vn -0.950021 0.310635 -0.031086
v -0.423144 0.267625 0.065567
vn -0.927865 0.344184 -0.143541
v -0.425010 0.264011 0.072824
vn -0.955806 0.293365 0.019281
v -0.420145 0.278963 0.076068
vn -0.947574 0.317961 -0.031697
v -0.422144 0.249612 0.114444
vn -0.986801 -0.020431 0.160646
v -0.422792 0.249113 0.110269
vn -0.985833 0.041540 0.162503
v -0.421763 0.244312 0.115310
vn -0.972910 -0.039521 0.227783
v -0.422737 0.243597 0.111300
vn -0.973289 0.003794 0.229551
v -0.421178 0.238907 0.116368
vn -0.954947 -0.083317 0.284840
v -0.423612 0.248572 0.105886
vn -0.983345 0.089019 0.158456
v -0.423703 0.242699 0.107095
vn -0.977852 0.027173 0.207526
v -0.422321 0.237860 0.112406
vn -0.958940 -0.056854 0.277851
v -0.420875 0.244957 0.119198
vn -0.974312 -0.085973 0.208148
v -0.421440 0.249982 0.118429
vn -0.985917 -0.089781 0.141095
v -0.420212 0.245499 0.123053
vn -0.978305 -0.136249 0.156061
v -0.420161 0.239925 0.120211
vn -0.957878 -0.120369 0.260731
v -0.419337 0.240706 0.123927
vn -0.962668 -0.171898 0.209097
v -0.422293 0.254741 0.113709
vn -0.996749 -0.043444 0.067854
v -0.422075 0.254838 0.117822
vn -0.991279 -0.110681 0.071528
v -0.420959 0.250211 0.122433
vn -0.982703 -0.133046 0.128816
v -0.421669 0.254872 0.122004
vn -0.984894 -0.120073 0.124762
v -0.422611 0.254516 0.109509
vn -0.996317 0.038388 0.076670
v -0.423040 0.254422 0.104895
vn -0.988686 0.112573 0.099132
v -0.418518 0.228548 0.118651
vn -0.871318 -0.248965 0.422872
v -0.420157 0.233646 0.117494
vn -0.923386 -0.164063 0.347046
v -0.421380 0.232199 0.113610
vn -0.934164 -0.139193 0.328577
v -0.419797 0.226687 0.114882
vn -0.890237 -0.227765 0.394463
v -0.422447 0.230617 0.109631
vn -0.941870 -0.118783 0.314280
v -0.423365 0.236695 0.108366
vn -0.965317 -0.041804 0.257711
v -0.416181 0.223612 0.119790
vn -0.804036 -0.333503 0.492242
v -0.417536 0.221459 0.116008
vn -0.826129 -0.315746 0.466706
v -0.413271 0.219104 0.120823
vn -0.722845 -0.408924 0.557025
v -0.421010 0.224672 0.110835
vn -0.900049 -0.197874 0.388276
v -0.418851 0.219089 0.112047
vn -0.834547 -0.272364 0.478905
v -0.414599 0.216537 0.117133
vn -0.751763 -0.377994 0.540345
v -0.414728 0.225595 0.123411
vn -0.784702 -0.368506 0.498444
v -0.417155 0.230166 0.122414
vn -0.859442 -0.306006 0.409537
v -0.413403 0.227450 0.127019
vn -0.769769 -0.450294 0.452427
v -0.411787 0.221512 0.124452
vn -0.696625 -0.436252 0.569560
v -0.410332 0.223669 0.127929
vn -0.681598 -0.496691 0.537329
v -0.419007 0.234883 0.121335
vn -0.922368 -0.213455 0.321986
v -0.416035 0.231537 0.126173
vn -0.851059 -0.383926 0.358189
v -0.418078 0.235997 0.125099
vn -0.923880 -0.260947 0.279916
v -0.423845 0.220286 0.103368
vn -0.870739 -0.056804 0.488454
v -0.422337 0.222546 0.106894
vn -0.897611 -0.139715 0.418060
v -0.424842 0.227113 0.101694
vn -0.924852 -0.020671 0.379766
v -0.423663 0.228872 0.105511
vn -0.943458 -0.085718 0.320217
v -0.425456 0.233939 0.100095
vn -0.960400 0.019806 0.277919
v -0.424470 0.235356 0.104095
vn -0.967839 -0.018906 0.250858
v -0.426415 0.225170 0.098564
vn -0.895406 0.036710 0.443735
v -0.425613 0.217571 0.100334
vn -0.844563 0.010436 0.535354
v -0.427785 0.222962 0.095958
vn -0.884597 0.069398 0.461163
v -0.426655 0.231970 0.096879
vn -0.926856 0.084595 0.365762
v -0.428112 0.229687 0.094074
vn -0.909669 0.105307 0.401763
v -0.422136 0.213251 0.105054
vn -0.794916 -0.089066 0.600147
v -0.424236 0.210295 0.102372
vn -0.798683 -0.097384 0.593820
v -0.419669 0.206731 0.106833
vn -0.729717 -0.176884 0.660473
v -0.427440 0.215525 0.097718
vn -0.867138 -0.005387 0.498039
v -0.426274 0.206965 0.098438
vn -0.811035 -0.119565 0.572649
v -0.421714 0.203077 0.103278
vn -0.743429 -0.241934 0.623523
v -0.420346 0.216469 0.108380
vn -0.823161 -0.180681 0.538294
v -0.417688 0.210514 0.109948
vn -0.744083 -0.199278 0.637674
v -0.415968 0.213772 0.113292
vn -0.761013 -0.299835 0.575290
v -0.425100 0.247436 0.096663
vn -0.976781 0.138916 0.163101
v -0.425517 0.240685 0.098450
vn -0.975267 0.077561 0.206975
v -0.424634 0.241710 0.102769
vn -0.979629 0.052120 0.193936
v -0.424351 0.248052 0.101304
vn -0.982353 0.115318 0.147256
v -0.424227 0.254141 0.094748
vn -0.973117 0.184163 0.138301
v -0.423582 0.254309 0.099896
vn -0.981271 0.157979 0.110225
v -0.425261 0.253010 0.089594
vn -0.961306 0.208674 0.179848
v -0.426136 0.245750 0.092481
vn -0.959020 0.172105 0.225081
v -0.426872 0.249962 0.085762
vn -0.940691 0.248065 0.231441
v -0.425600 0.258337 0.081138
vn -0.955113 0.253813 0.152765
v -0.426551 0.238907 0.094723
vn -0.949828 0.124213 0.287050
v -0.427638 0.243181 0.089164
vn -0.932687 0.209337 0.293723
v -0.428010 0.236540 0.091803
vn -0.919984 0.162005 0.356908
v -0.405898 0.211381 0.122803
vn -0.548800 -0.475771 0.687357
v -0.407337 0.208014 0.119417
vn -0.571935 -0.425919 0.701059
v -0.401650 0.208202 0.123512
vn -0.434253 -0.507675 0.744104
v -0.402889 0.204473 0.120363
vn -0.441819 -0.486186 0.753936
v -0.396752 0.205588 0.124089
vn -0.303400 -0.546274 0.780726
v -0.408837 0.204343 0.116181
vn -0.566533 -0.391611 0.725039
v -0.403878 0.200491 0.117209
vn -0.432731 -0.487732 0.758196
v -0.397681 0.201565 0.120919
vn -0.296272 -0.549575 0.781147
v -0.400351 0.211704 0.126744
vn -0.421147 -0.551797 0.719830
v -0.404605 0.214536 0.126081
vn -0.529101 -0.511962 0.676718
v -0.399598 0.214799 0.129718
vn -0.433561 -0.601573 0.670921
v -0.396352 0.209410 0.126877
vn -0.312851 -0.574780 0.756143
v -0.395799 0.212642 0.129771
vn -0.335221 -0.642151 0.689398
v -0.409749 0.215056 0.121847
vn -0.642481 -0.445678 0.623370
v -0.408338 0.217860 0.125295
vn -0.612449 -0.480411 0.627783
v -0.403215 0.217487 0.129428
vn -0.526624 -0.556654 0.642498
v -0.406894 0.220404 0.128699
vn -0.596234 -0.535911 0.597749
v -0.411173 0.212022 0.118274
vn -0.674419 -0.397712 0.622081
v -0.412676 0.208815 0.114799
vn -0.680405 -0.311290 0.663436
v -0.386117 0.201772 0.123600
vn -0.085544 -0.630947 0.771095
v -0.391355 0.203766 0.124306
vn -0.182951 -0.590429 0.786081
v -0.392014 0.199467 0.120959
vn -0.163318 -0.594471 0.787357
v -0.386453 0.197650 0.120247
vn -0.063557 -0.616406 0.784859
v -0.392289 0.195093 0.117587
vn -0.154901 -0.591767 0.791086
v -0.398428 0.197300 0.117627
vn -0.286153 -0.560334 0.777266
v -0.380522 0.199364 0.121846
vn 0.008023 -0.649631 0.760207
v -0.381777 0.195686 0.118827
vn 0.011809 -0.616742 0.787077
v -0.375454 0.195740 0.118458
vn 0.134374 -0.629855 0.765001
v -0.386469 0.193369 0.116971
vn -0.054872 -0.590398 0.805245
v -0.380204 0.192080 0.116085
vn 0.042731 -0.586071 0.809132
v -0.380446 0.203614 0.125670
vn -0.025948 -0.681297 0.731547
v -0.385998 0.205968 0.127062
vn -0.139040 -0.651195 0.746065
v -0.380779 0.208565 0.130524
vn -0.081981 -0.731512 0.676882
v -0.374824 0.201013 0.122937
vn 0.103466 -0.673907 0.731536
v -0.374947 0.205231 0.127079
vn 0.068230 -0.715241 0.695539
v -0.391464 0.207614 0.127117
vn -0.219906 -0.606769 0.763854
v -0.387462 0.209901 0.130331
vn -0.203763 -0.702980 0.681395
v -0.392206 0.210804 0.129575
vn -0.266464 -0.659334 0.703047
v -0.385192 0.183853 0.110108
vn -0.053847 -0.575509 0.816021
v -0.385654 0.188723 0.113780
vn -0.056042 -0.591699 0.804209
v -0.392347 0.186000 0.110690
vn -0.171236 -0.587195 0.791126
v -0.392338 0.190548 0.114265
vn -0.164311 -0.594863 0.786854
v -0.399227 0.188767 0.110803
vn -0.282992 -0.585293 0.759834
v -0.398882 0.193049 0.114310
vn -0.282513 -0.578345 0.765313
v -0.392386 0.181264 0.107444
vn -0.171210 -0.525347 0.833485
v -0.385274 0.178784 0.106879
vn -0.038504 -0.536919 0.842755
v -0.392870 0.176165 0.104322
vn -0.144418 -0.479549 0.865550
v -0.399378 0.184366 0.107437
vn -0.256517 -0.522358 0.813229
v -0.399730 0.179496 0.104412
vn -0.245869 -0.475842 0.844466
v -0.378671 0.182142 0.108766
vn 0.106416 -0.565681 0.817729
v -0.378477 0.176687 0.105218
vn 0.137067 -0.556277 0.819615
v -0.372406 0.180838 0.106372
vn 0.292341 -0.556452 0.777752
v -0.385482 0.173376 0.103354
vn -0.001465 -0.510373 0.859952
v -0.378123 0.170511 0.100845
vn 0.205177 -0.549401 0.809976
v -0.371742 0.175639 0.102384
vn 0.352144 -0.557946 0.751459
v -0.379331 0.187046 0.112533
vn 0.076343 -0.594048 0.800799
v -0.373151 0.186011 0.110351
vn 0.251952 -0.582330 0.772924
v -0.374090 0.190495 0.114194
vn 0.209382 -0.593230 0.777327
v -0.411297 0.196309 0.109925
vn -0.527371 -0.475741 0.703953
v -0.405482 0.192183 0.110565
vn -0.405962 -0.550888 0.729189
v -0.404912 0.196300 0.113903
vn -0.413507 -0.513161 0.752115
v -0.410145 0.200383 0.113042
vn -0.537873 -0.402675 0.740638
v -0.416159 0.201044 0.108640
vn -0.653471 -0.322821 0.684662
v -0.414385 0.205020 0.111675
vn -0.658034 -0.268644 0.703435
v -0.417389 0.197132 0.105033
vn -0.633324 -0.394119 0.666011
v -0.411824 0.192236 0.106342
vn -0.514487 -0.483106 0.708457
v -0.418017 0.192557 0.101795
vn -0.587879 -0.372966 0.717840
v -0.422694 0.198482 0.100375
vn -0.704693 -0.263659 0.658705
v -0.405915 0.187940 0.107165
vn -0.393967 -0.488813 0.778365
v -0.412263 0.187638 0.103229
vn -0.496403 -0.401605 0.769609
v -0.406411 0.183097 0.104638
vn -0.369379 -0.456422 0.809468
v -0.364588 0.203948 0.122263
vn 0.407156 -0.669361 0.621434
v -0.364472 0.200223 0.118391
vn 0.442311 -0.641066 0.627213
v -0.360056 0.202670 0.116976
vn 0.572584 -0.607130 0.550946
v -0.360130 0.206048 0.120895
vn 0.542045 -0.642419 0.541742
v -0.356057 0.205529 0.115409
vn 0.651230 -0.583726 0.484936
v -0.364342 0.196325 0.114268
vn 0.480761 -0.606479 0.633287
v -0.359928 0.199141 0.112978
vn 0.601698 -0.582539 0.546451
v -0.355881 0.202253 0.111415
vn 0.671634 -0.562902 0.481714
v -0.364532 0.207355 0.126111
vn 0.381071 -0.700963 0.602857
v -0.359964 0.209365 0.124780
vn 0.519659 -0.668220 0.532388
v -0.364155 0.210696 0.129741
vn 0.365851 -0.736887 0.568463
v -0.356024 0.208739 0.119434
vn 0.633769 -0.607407 0.478951
v -0.355834 0.211944 0.123294
vn 0.619386 -0.635665 0.460750
v -0.359556 0.212536 0.128592
vn 0.496704 -0.713577 0.494058
v -0.369586 0.206195 0.127050
vn 0.214681 -0.723374 0.656233
v -0.369602 0.202502 0.123265
vn 0.241043 -0.683797 0.688709
v -0.369136 0.209485 0.130704
vn 0.215298 -0.755188 0.619143
v -0.374456 0.209059 0.131301
vn 0.054025 -0.762400 0.644847
v -0.369465 0.198134 0.119023
vn 0.273057 -0.660458 0.699454
v -0.369130 0.193791 0.114836
vn 0.336805 -0.607327 0.719525
v -0.349044 0.215138 0.116298
vn 0.752362 -0.549032 0.364026
v -0.352364 0.211785 0.117865
vn 0.707270 -0.566572 0.422806
v -0.349014 0.212178 0.112227
vn 0.769856 -0.508404 0.385806
v -0.352352 0.208675 0.113853
vn 0.714949 -0.550459 0.431095
v -0.348843 0.209214 0.108110
vn 0.781689 -0.502679 0.369156
v -0.352249 0.205595 0.109765
vn 0.730754 -0.533754 0.425566
v -0.345993 0.215925 0.110762
vn 0.804121 -0.491889 0.333819
v -0.345952 0.218598 0.114865
vn 0.777860 -0.550994 0.302224
v -0.345778 0.213157 0.106481
vn 0.821493 -0.466765 0.327537
v -0.348792 0.217847 0.120366
vn 0.721816 -0.613776 0.319782
v -0.345546 0.221111 0.119111
vn 0.763643 -0.583420 0.276532
v -0.348225 0.220400 0.124457
vn 0.713341 -0.628080 0.310902
v -0.345233 0.223576 0.123182
vn 0.761451 -0.585180 0.278850
v -0.352156 0.214794 0.121785
vn 0.681852 -0.619733 0.388599
v -0.351654 0.217519 0.125782
vn 0.650221 -0.670275 0.357693
v -0.355432 0.214891 0.127133
vn 0.590479 -0.687881 0.422084
v -0.348730 0.203628 0.099772
vn 0.815852 -0.475498 0.329071
v -0.348739 0.206415 0.103900
vn 0.800585 -0.490653 0.343982
v -0.352123 0.202498 0.105751
vn 0.750620 -0.524647 0.401641
v -0.352150 0.199462 0.101623
vn 0.775989 -0.490859 0.396104
v -0.355861 0.198900 0.107337
vn 0.702981 -0.534118 0.469613
v -0.348769 0.200691 0.095771
vn 0.831383 -0.436634 0.343734
v -0.352151 0.196164 0.097818
vn 0.800017 -0.439331 0.408608
v -0.348816 0.197632 0.092325
vn 0.843842 -0.384261 0.374531
v -0.355741 0.195251 0.103291
vn 0.741501 -0.479519 0.469295
v -0.355471 0.191787 0.099412
vn 0.769136 -0.433576 0.469512
v -0.351982 0.193008 0.094309
vn 0.811576 -0.393844 0.431545
v -0.345491 0.205285 0.093224
vn 0.864556 -0.425215 0.267834
v -0.345649 0.207837 0.097697
vn 0.846614 -0.449359 0.285169
v -0.345786 0.201858 0.089341
vn 0.888296 -0.357558 0.288240
v -0.342740 0.206925 0.085100
vn 0.927631 -0.338133 0.158642
v -0.345690 0.210531 0.102152
vn 0.833261 -0.468281 0.293920
v -0.363301 0.187545 0.105919
vn 0.569147 -0.517374 0.639058
v -0.359420 0.191156 0.104691
vn 0.681308 -0.483303 0.549761
v -0.363867 0.191916 0.109986
vn 0.526339 -0.551790 0.646912
v -0.359732 0.195173 0.108770
vn 0.641669 -0.530894 0.553545
v -0.368318 0.189094 0.110627
vn 0.393474 -0.569038 0.722062
v -0.367637 0.184592 0.106840
vn 0.434341 -0.548920 0.714167
v -0.362654 0.183815 0.102226
vn 0.608225 -0.510798 0.607576
v -0.366865 0.180007 0.102717
vn 0.490727 -0.544516 0.680213
v -0.361798 0.180398 0.098376
vn 0.642097 -0.498732 0.582218
v -0.365778 0.176163 0.098593
vn 0.549327 -0.529414 0.646499
v -0.358894 0.187680 0.101146
vn 0.710066 -0.460408 0.532758
v -0.358320 0.184616 0.097461
vn 0.723784 -0.453934 0.519692
v -0.355051 0.188607 0.095919
vn 0.779270 -0.409455 0.474432
v -0.414711 0.234057 0.133466
vn -0.852839 -0.456153 0.254147
v -0.416912 0.237864 0.132581
vn -0.924712 -0.335566 0.179728
v -0.418294 0.242055 0.131798
vn -0.966241 -0.202489 0.159301
v -0.417409 0.237100 0.128667
vn -0.919978 -0.321966 0.223560
v -0.415377 0.232955 0.129670
vn -0.845322 -0.440366 0.302504
v -0.418832 0.241472 0.127727
vn -0.962433 -0.217633 0.162351
v -0.411957 0.230465 0.134299
vn -0.765082 -0.561809 0.314674
v -0.412550 0.229153 0.130603
vn -0.757035 -0.538688 0.369749
v -0.408705 0.227262 0.135079
vn -0.679533 -0.633517 0.369988
v -0.409311 0.225654 0.131390
vn -0.673580 -0.589543 0.445790
v -0.419128 0.246427 0.131075
vn -0.976797 -0.144697 0.157893
v -0.421025 0.255017 0.126027
vn -0.981162 -0.117138 0.153622
v -0.420398 0.250426 0.126450
vn -0.979991 -0.129187 0.151420
v -0.419719 0.245945 0.126982
vn -0.977528 -0.149240 0.148885
v -0.382621 0.214856 0.138681
vn -0.142545 -0.834490 0.532267
v -0.388247 0.215817 0.137867
vn -0.230791 -0.814878 0.531704
v -0.384661 0.212547 0.134412
vn -0.186905 -0.788401 0.586081
v -0.390937 0.213584 0.133122
vn -0.268426 -0.739183 0.617702
v -0.395556 0.215267 0.132652
vn -0.362342 -0.671718 0.646145
v -0.378765 0.212097 0.134998
vn -0.060059 -0.807354 0.587003
v -0.377400 0.214419 0.138841
vn -0.033679 -0.850655 0.524644
v -0.373388 0.211978 0.134861
vn 0.067317 -0.821879 0.565670
v -0.372296 0.214296 0.138724
vn 0.093348 -0.864130 0.494536
v -0.405424 0.224712 0.135628
vn -0.619197 -0.663077 0.420624
v -0.405760 0.222649 0.132143
vn -0.608813 -0.594394 0.525397
v -0.402321 0.220007 0.132611
vn -0.534909 -0.593687 0.601172
v -0.398608 0.217465 0.133045
vn -0.463887 -0.621518 0.631288
v -0.346995 0.225372 0.132344
vn 0.722393 -0.643068 0.254190
v -0.350212 0.222590 0.133680
vn 0.659213 -0.693347 0.291045
v -0.347756 0.222948 0.128409
vn 0.715562 -0.637845 0.284825
v -0.351063 0.220169 0.129781
vn 0.642248 -0.692544 0.328481
v -0.353948 0.220066 0.134948
vn 0.579355 -0.743369 0.334291
v -0.354886 0.217601 0.131085
vn 0.570678 -0.731809 0.372536
v -0.344792 0.225984 0.127226
vn 0.749167 -0.612447 0.252304
v -0.344116 0.228283 0.131200
vn 0.748429 -0.621276 0.232101
v -0.362434 0.216024 0.137348
vn 0.377950 -0.824649 0.420841
v -0.358048 0.217814 0.136251
vn 0.499990 -0.780442 0.375394
v -0.367199 0.214857 0.138185
vn 0.234554 -0.856336 0.460080
v -0.363449 0.213604 0.133457
vn 0.350205 -0.804508 0.479712
v -0.368321 0.212494 0.134307
vn 0.214362 -0.821137 0.528945
v -0.359026 0.215323 0.132366
vn 0.483887 -0.765500 0.424103
v -0.424118 0.242376 0.037986
vn -0.843490 0.380741 -0.378894
v -0.428185 0.241066 0.045795
vn -0.856846 0.384546 -0.343423
v -0.425462 0.246779 0.045657
vn -0.853219 0.388924 -0.347499
v -0.421087 0.248440 0.037743
vn -0.805123 0.409774 -0.428792
v -0.422599 0.252833 0.045256
vn -0.846726 0.375784 -0.376620
v -0.431108 0.239586 0.052669
vn -0.886837 0.390710 -0.246710
v -0.428710 0.244829 0.052484
vn -0.883724 0.387729 -0.262104
v -0.426280 0.250481 0.052384
vn -0.885005 0.372909 -0.278755
v -0.424118 0.242376 0.037986
vn -0.700444 0.269353 -0.660929
v -0.421087 0.248440 0.037743
vn -0.663383 0.329007 -0.672070
v -0.418178 0.243258 0.032004
vn -0.553184 0.281205 -0.784163
v -0.415784 0.247473 0.032395
vn -0.527441 0.282075 -0.801399
v -0.418875 0.253153 0.038604
vn -0.773855 0.373849 -0.511258
v -0.415494 0.251689 0.033596
vn -0.723219 0.355374 -0.592169
v -0.415494 0.251689 0.033596
vn -0.556865 0.242877 -0.794300
v -0.419833 0.236801 0.031436
vn -0.517851 0.208174 -0.829755
v -0.426798 0.236384 0.038533
vn -0.690941 0.307594 -0.654207
v -0.422931 0.230152 0.031194
vn -0.500487 0.208563 -0.840246
v -0.426798 0.236384 0.038533
vn -0.842305 0.358738 -0.402279
v -0.430590 0.235464 0.045428
vn -0.857802 0.371776 -0.354906
v -0.428927 0.230331 0.037757
vn -0.838523 0.350940 -0.416797
v -0.432845 0.229706 0.045093
vn -0.861689 0.355416 -0.362177
v -0.433424 0.233978 0.052117
vn -0.890825 0.379833 -0.249314
v -0.416548 0.261836 0.041330
vn -0.802003 0.377160 -0.463186
v -0.418170 0.257412 0.040425
vn -0.805357 0.358767 -0.471896
v -0.420451 0.258889 0.046239
vn -0.848421 0.364274 -0.384040
v -0.418374 0.263073 0.045892
vn -0.830914 0.378762 -0.407579
v -0.421401 0.262299 0.051782
vn -0.874991 0.345951 -0.338686
v -0.423939 0.256163 0.052368
vn -0.888813 0.345489 -0.301078
v -0.414963 0.266120 0.042026
vn -0.801687 0.388088 -0.454628
v -0.417443 0.266586 0.047283
vn -0.826014 0.383329 -0.413231
v -0.419550 0.267099 0.052040
vn -0.851757 0.381089 -0.359557
v -0.412011 0.265229 0.036631
vn -0.787908 0.368872 -0.493087
v -0.413421 0.260812 0.035590
vn -0.623579 0.318530 -0.713924
v -0.412011 0.265229 0.036631
vn -0.653741 0.343937 -0.674040
v -0.410562 0.269516 0.037508
vn -0.797972 0.377658 -0.469697
v -0.413421 0.260812 0.035590
vn -0.782176 0.362019 -0.507092
v -0.414761 0.256231 0.034693
vn -0.771354 0.318954 -0.550709
v -0.414761 0.256231 0.034693
vn -0.579052 0.257562 -0.773538
v -0.426959 0.256532 0.065896
vn -0.946563 0.303452 -0.109251
v -0.424703 0.259485 0.058798
vn -0.919458 0.313444 -0.237383
v -0.426766 0.253580 0.059133
vn -0.918362 0.340153 -0.202254
v -0.428698 0.251143 0.065412
vn -0.933048 0.344300 -0.104298
v -0.428887 0.248199 0.058903
vn -0.909678 0.372707 -0.183236
v -0.428615 0.252542 0.071815
vn -0.946654 0.320882 0.029693
v -0.430401 0.247520 0.070882
vn -0.944427 0.327817 0.024365
v -0.429691 0.247560 0.076911
vn -0.940072 0.300262 0.161580
v -0.430723 0.245837 0.064948
vn -0.931856 0.352508 -0.085917
v -0.432166 0.242226 0.070065
vn -0.949301 0.312349 0.035564
v -0.431420 0.242836 0.075526
vn -0.946207 0.286589 0.150199
v -0.426754 0.257971 0.072929
vn -0.954128 0.295556 0.047814
v -0.425349 0.262078 0.065637
vn -0.941361 0.315227 -0.120295
v -0.427836 0.252399 0.078812
vn -0.941785 0.291359 0.167781
v -0.422305 0.265782 0.058139
vn -0.899845 0.351891 -0.257782
v -0.434632 0.234866 0.063949
vn -0.937931 0.346750 -0.007104
v -0.432663 0.240464 0.064612
vn -0.937250 0.344697 -0.052412
v -0.433361 0.237582 0.059098
vn -0.914098 0.382361 -0.134999
v -0.431022 0.242925 0.058610
vn -0.911160 0.378598 -0.162638
v -0.435623 0.231976 0.057952
vn -0.918008 0.375642 -0.127100
v -0.436766 0.229484 0.063141
vn -0.943162 0.331214 0.027236
v -0.437746 0.226305 0.057214
vn -0.932735 0.340149 -0.119601
v -0.435662 0.228180 0.051631
vn -0.894327 0.362561 -0.262162
v -0.435554 0.231653 0.068410
vn -0.950463 0.300023 0.081273
v -0.437382 0.226126 0.067439
vn -0.952252 0.283240 0.113983
v -0.436235 0.227887 0.072472
vn -0.953376 0.244744 0.176562
v -0.438580 0.223798 0.062224
vn -0.951916 0.304050 0.037553
v -0.439165 0.220633 0.066494
vn -0.952501 0.269276 0.142240
v -0.437674 0.222729 0.071429
vn -0.949782 0.229496 0.212713
v -0.433887 0.237010 0.069670
vn -0.951517 0.303034 0.052781
v -0.434599 0.232940 0.073973
vn -0.947512 0.270317 0.170732
v -0.432964 0.237994 0.074533
vn -0.947919 0.274977 0.160741
v -0.433580 0.217656 0.036444
vn -0.823250 0.371277 -0.429433
v -0.436046 0.211123 0.035437
vn -0.820555 0.358316 -0.445308
v -0.437510 0.217257 0.043411
vn -0.845291 0.382385 -0.373182
v -0.439895 0.210988 0.042391
vn -0.851793 0.361570 -0.379098
v -0.440038 0.216145 0.049689
vn -0.901232 0.366223 -0.231651
v -0.438163 0.204448 0.034631
vn -0.821253 0.315457 -0.475427
v -0.442180 0.204665 0.041516
vn -0.863430 0.320038 -0.389953
v -0.442315 0.210002 0.048833
vn -0.915437 0.343944 -0.208991
v -0.435101 0.223489 0.044474
vn -0.855165 0.365238 -0.367824
v -0.431261 0.224144 0.037229
vn -0.839842 0.349630 -0.415240
v -0.437830 0.222169 0.050723
vn -0.895506 0.365408 -0.254060
v -0.433580 0.217656 0.036444
vn -0.650463 0.313960 -0.691611
v -0.431261 0.224144 0.037229
vn -0.661835 0.318084 -0.678820
v -0.428276 0.217062 0.030936
vn -0.449279 0.225999 -0.864334
v -0.425279 0.223851 0.031288
vn -0.460748 0.214115 -0.861316
v -0.419991 0.215926 0.028819
vn -0.104031 0.064786 -0.992462
v -0.428927 0.230331 0.037757
vn -0.689831 0.296314 -0.660554
v -0.415992 0.222766 0.028893
vn -0.116118 0.035923 -0.992586
v -0.430514 0.210230 0.030321
vn -0.409523 0.207185 -0.888462
v -0.436046 0.211123 0.035437
vn -0.615187 0.290999 -0.732711
v -0.432707 0.203323 0.029842
vn -0.389276 0.154294 -0.908107
v -0.422439 0.209195 0.028747
vn -0.075843 0.054049 -0.995654
v -0.424607 0.202207 0.028557
vn -0.049610 0.042528 -0.997863
v -0.442472 0.212165 0.060373
vn -0.954468 0.291504 0.063377
v -0.441679 0.214390 0.055279
vn -0.940137 0.330044 -0.084935
v -0.443677 0.208232 0.054516
vn -0.953621 0.295342 -0.058133
v -0.444251 0.205942 0.059526
vn -0.961148 0.270669 0.054161
v -0.445425 0.201912 0.053875
vn -0.960474 0.274157 -0.048250
v -0.444410 0.203632 0.048231
vn -0.937319 0.295001 -0.185492
v -0.442639 0.209369 0.065010
vn -0.946681 0.273195 0.170764
v -0.444530 0.203474 0.064076
vn -0.951632 0.257047 0.168296
v -0.442386 0.206584 0.069179
vn -0.928004 0.224007 0.297708
v -0.446006 0.199768 0.058872
vn -0.965167 0.257222 0.047850
v -0.446200 0.197505 0.063368
vn -0.960371 0.222591 0.167751
v -0.444070 0.200752 0.068140
vn -0.920672 0.203536 0.333071
v -0.440718 0.215181 0.065865
vn -0.947205 0.272819 0.168440
v -0.440532 0.218002 0.061166
vn -0.951105 0.304974 0.048893
v -0.440580 0.212287 0.070244
vn -0.933166 0.246548 0.261564
v -0.439037 0.217584 0.070724
vn -0.942724 0.233310 0.238408
v -0.439631 0.220428 0.056171
vn -0.937277 0.333293 -0.102117
v -0.449108 0.187866 0.057049
vn -0.969885 0.226508 0.089545
v -0.447460 0.193890 0.058101
vn -0.968936 0.238225 0.066416
v -0.448859 0.189604 0.052210
vn -0.962172 0.269671 -0.038759
v -0.447213 0.195724 0.053110
vn -0.962192 0.267848 -0.049432
v -0.447839 0.190577 0.046392
vn -0.936949 0.288153 -0.197725
v -0.446122 0.197122 0.047359
vn -0.943967 0.274164 -0.183739
v -0.450431 0.183670 0.051301
vn -0.977828 0.208769 -0.016366
v -0.450342 0.182225 0.056162
vn -0.976570 0.185769 0.108633
v -0.451164 0.179117 0.051944
vn -0.986825 0.161762 -0.003025
v -0.449745 0.184301 0.045551
vn -0.952110 0.241774 -0.187166
v -0.450947 0.178412 0.046925
vn -0.980007 0.151296 -0.129215
v -0.448890 0.185891 0.061410
vn -0.963333 0.164139 0.212245
v -0.449920 0.180660 0.060516
vn -0.955106 0.133061 0.264704
v -0.447921 0.183759 0.065071
vn -0.915693 0.055343 0.398049
v -0.451295 0.177579 0.055816
vn -0.980493 0.166211 0.104920
v -0.450714 0.176127 0.059990
vn -0.936862 0.135726 0.322284
v -0.448610 0.178694 0.063963
vn -0.888718 0.038098 0.456869
v -0.447532 0.191601 0.062397
vn -0.964073 0.200557 0.174184
v -0.447005 0.189269 0.066309
vn -0.930615 0.121359 0.345293
v -0.445692 0.194947 0.067332
vn -0.924443 0.181046 0.335601
v -0.441891 0.190210 0.033724
vn -0.812081 0.233763 -0.534677
v -0.445941 0.191018 0.040086
vn -0.866969 0.266649 -0.421026
v -0.444178 0.197764 0.040616
vn -0.876020 0.271850 -0.398355
v -0.440153 0.197461 0.034090
vn -0.819828 0.265673 -0.507248
v -0.441891 0.190210 0.033724
vn -0.536903 0.175552 -0.825177
v -0.440153 0.197461 0.034090
vn -0.560346 0.177309 -0.809058
v -0.436246 0.188804 0.029742
vn -0.392224 0.127198 -0.911033
v -0.434537 0.196123 0.029788
vn -0.383572 0.119340 -0.915768
v -0.429055 0.187805 0.028240
vn -0.046606 0.042635 -0.998003
v -0.438163 0.204448 0.034631
vn -0.598188 0.222050 -0.769977
v -0.426746 0.195094 0.028474
vn -0.046625 0.031337 -0.998421
v -0.438233 0.182279 0.029638
vn -0.379317 0.124918 -0.916795
v -0.443553 0.183183 0.033271
vn -0.549569 0.175169 -0.816878
v -0.440930 0.174489 0.029621
vn -0.428787 0.130996 -0.893858
v -0.432089 0.181715 0.028070
vn -0.094595 0.050898 -0.994214
v -0.433117 0.173150 0.027865
vn -0.053903 0.035419 -0.997918
v -0.443553 0.183183 0.033271
vn -0.779043 0.256475 -0.572112
v -0.447815 0.184195 0.039289
vn -0.865116 0.258347 -0.429919
v -0.446546 0.176299 0.034055
vn -0.833408 0.207082 -0.512394
v -0.449740 0.177620 0.040452
vn -0.930314 0.162324 -0.328886
v -0.430819 0.236155 0.084673
vn -0.927375 0.204936 0.313013
v -0.432049 0.232565 0.083097
vn -0.933136 0.190413 0.304959
v -0.430926 0.230401 0.087412
vn -0.916115 0.154298 0.370035
v -0.432127 0.227388 0.085663
vn -0.914378 0.160951 0.371493
v -0.430760 0.224940 0.089497
vn -0.895302 0.130827 0.425816
v -0.433336 0.228704 0.081656
vn -0.918652 0.213317 0.332526
v -0.433293 0.224338 0.084182
vn -0.913142 0.166853 0.371929
v -0.432111 0.222390 0.087445
vn -0.895376 0.120700 0.428642
v -0.429540 0.233687 0.089390
vn -0.912907 0.164253 0.373659
v -0.429314 0.239750 0.086585
vn -0.922226 0.220605 0.317542
v -0.429440 0.227428 0.091679
vn -0.901292 0.110767 0.418811
v -0.430410 0.242072 0.081213
vn -0.931809 0.263235 0.249877
v -0.428710 0.245986 0.083099
vn -0.930478 0.266008 0.251895
v -0.431992 0.237738 0.079616
vn -0.942518 0.233810 0.238730
v -0.433266 0.233399 0.078428
vn -0.935731 0.235000 0.263025
v -0.431102 0.213241 0.090757
vn -0.887442 0.033001 0.459736
v -0.430888 0.218896 0.091221
vn -0.895200 0.058791 0.441769
v -0.432330 0.217582 0.087410
vn -0.908692 0.039137 0.415629
v -0.432778 0.212440 0.087510
vn -0.890890 0.078094 0.447455
v -0.433931 0.215114 0.084636
vn -0.895385 0.100448 0.433815
v -0.433350 0.220753 0.086038
vn -0.919502 0.063140 0.387980
v -0.431910 0.208089 0.089862
vn -0.872624 0.014010 0.488192
v -0.433428 0.208494 0.086821
vn -0.882297 0.044685 0.468567
v -0.433293 0.204035 0.087205
vn -0.868471 -0.028873 0.494899
v -0.434459 0.211006 0.084509
vn -0.884228 0.087659 0.458756
v -0.435115 0.206186 0.084008
vn -0.871389 0.029344 0.489715
v -0.429553 0.207488 0.093763
vn -0.834038 -0.034035 0.550656
v -0.429163 0.213646 0.094202
vn -0.864610 -0.003502 0.502432
v -0.430874 0.202684 0.091247
vn -0.835151 -0.085194 0.543382
v -0.427397 0.199681 0.095515
vn -0.763237 -0.174324 0.622158
v -0.429278 0.220790 0.093533
vn -0.880579 0.078316 0.467383
v -0.435614 0.220590 0.079128
vn -0.927115 0.131181 0.351070
v -0.434835 0.217700 0.081976
vn -0.905893 0.125111 0.404604
v -0.434177 0.221106 0.082564
vn -0.937520 0.076827 0.339344
v -0.434628 0.224689 0.080985
vn -0.932361 0.149800 0.329032
v -0.433626 0.218554 0.084526
vn -0.927266 0.031286 0.373093
v -0.436065 0.224076 0.076205
vn -0.945683 0.179493 0.271046
v -0.434784 0.228675 0.077659
vn -0.936771 0.224038 0.268827
v -0.437273 0.219511 0.075309
vn -0.930899 0.194408 0.309245
v -0.436529 0.216452 0.078722
vn -0.905647 0.161664 0.392005
v -0.438567 0.214578 0.074652
vn -0.919582 0.201305 0.337410
v -0.435587 0.213601 0.081628
vn -0.890404 0.123919 0.437978
v -0.437623 0.211736 0.078107
vn -0.893645 0.144940 0.424725
v -0.436423 0.208938 0.081187
vn -0.880297 0.093125 0.465193
v -0.413288 0.176853 0.097320
vn -0.447251 -0.385862 0.806894
v -0.413781 0.171307 0.094386
vn -0.415703 -0.335605 0.845317
v -0.407566 0.172780 0.098250
vn -0.375979 -0.409837 0.831068
v -0.408486 0.167378 0.095024
vn -0.346122 -0.328417 0.878830
v -0.401748 0.168800 0.098655
vn -0.278374 -0.428859 0.859411
v -0.415085 0.165500 0.092091
vn -0.364544 -0.189560 0.911688
v -0.410100 0.161546 0.093179
vn -0.294124 -0.168304 0.940832
v -0.402948 0.163558 0.095652
vn -0.251734 -0.313002 0.915784
v -0.406928 0.178127 0.101108
vn -0.366802 -0.439174 0.820111
v -0.412829 0.182442 0.100280
vn -0.472632 -0.401965 0.784247
v -0.400621 0.174209 0.101683
vn -0.261407 -0.420512 0.868813
v -0.418462 0.180781 0.095992
vn -0.537559 -0.352439 0.766040
v -0.418240 0.186854 0.098985
vn -0.558147 -0.348789 0.752873
v -0.422910 0.184570 0.094060
vn -0.633822 -0.300658 0.712653
v -0.423361 0.191816 0.096777
vn -0.663270 -0.294372 0.688054
v -0.418797 0.175079 0.093128
vn -0.503168 -0.311532 0.806083
v -0.419699 0.169322 0.090813
vn -0.453061 -0.197994 0.869214
v -0.423154 0.178558 0.091335
vn -0.592307 -0.268959 0.759495
v -0.423932 0.172781 0.089135
vn -0.541545 -0.183931 0.820304
v -0.389799 0.161316 0.097155
vn 0.013132 -0.424399 0.905380
v -0.395706 0.165279 0.098337
vn -0.154143 -0.425487 0.891740
v -0.397521 0.159186 0.095363
vn -0.135132 -0.309466 0.941260
v -0.392052 0.154105 0.094345
vn 0.030662 -0.310842 0.949967
v -0.399788 0.153106 0.093573
vn -0.090849 -0.231193 0.968657
v -0.404873 0.157671 0.093926
vn -0.190973 -0.199645 0.961078
v -0.384379 0.157707 0.094516
vn 0.199520 -0.409557 0.890199
v -0.385938 0.151744 0.092590
vn 0.194650 -0.290374 0.936907
v -0.380483 0.152479 0.091439
vn 0.281840 -0.303309 0.910258
v -0.395460 0.147810 0.092454
vn -0.013787 -0.202921 0.979098
v -0.389180 0.147577 0.092150
vn 0.138045 -0.199914 0.970040
v -0.383271 0.146571 0.090620
vn 0.255477 -0.186238 0.948708
v -0.381566 0.163844 0.097438
vn 0.210952 -0.505149 0.836854
v -0.387102 0.167810 0.100493
vn 0.020036 -0.470414 0.882218
v -0.376795 0.159145 0.092875
vn 0.334550 -0.426227 0.840480
v -0.374196 0.166065 0.095948
vn 0.362895 -0.531758 0.765206
v -0.394013 0.170791 0.101432
vn -0.131654 -0.448577 0.883994
v -0.399760 0.138926 0.091291
vn -0.065114 -0.041440 0.997017
v -0.396754 0.142896 0.091811
vn -0.038744 -0.087041 0.995451
v -0.401964 0.145993 0.091851
vn -0.074207 -0.144614 0.986702
v -0.405606 0.140706 0.091104
vn -0.095432 -0.071654 0.992854
v -0.409298 0.146178 0.091223
vn -0.162209 -0.110538 0.980546
v -0.406780 0.151514 0.092321
vn -0.163198 -0.168276 0.972137
v -0.402689 0.134743 0.091051
vn -0.085418 0.052045 0.994985
v -0.408565 0.136277 0.090553
vn -0.111458 0.014783 0.993659
v -0.405773 0.130561 0.091187
vn -0.100864 0.125394 0.986966
v -0.411921 0.141360 0.090229
vn -0.172902 -0.047253 0.983805
v -0.414836 0.136993 0.089726
vn -0.112200 0.077088 0.990691
v -0.397101 0.133085 0.091681
vn -0.025549 0.089525 0.995657
v -0.394311 0.137452 0.091648
vn 0.011461 -0.010911 0.999875
v -0.391664 0.131314 0.091632
vn 0.115090 0.068527 0.990989
v -0.400023 0.128880 0.092235
vn -0.080969 0.164167 0.983104
v -0.394641 0.126918 0.092543
vn 0.088828 0.169512 0.981517
v -0.391818 0.142387 0.091759
vn 0.087021 -0.078186 0.993134
v -0.388753 0.136101 0.091166
vn 0.172928 -0.001694 0.984933
v -0.385907 0.141376 0.090618
vn 0.231991 -0.072613 0.970004
v -0.418513 0.154747 0.089576
vn -0.332330 -0.084230 0.939394
v -0.413892 0.150819 0.090711
vn -0.259757 -0.106027 0.959836
v -0.411806 0.155985 0.091929
vn -0.269678 -0.130862 0.954017
v -0.416642 0.159910 0.090743
vn -0.340750 -0.104806 0.934294
v -0.423035 0.158542 0.088177
vn -0.405007 -0.052481 0.912806
v -0.421250 0.163733 0.089292
vn -0.419865 -0.090574 0.903056
v -0.427019 0.162129 0.086184
vn -0.495408 -0.019243 0.868447
v -0.425277 0.167242 0.087459
vn -0.508085 -0.085751 0.857028
v -0.424805 0.153732 0.087110
vn -0.380949 -0.035480 0.923915
v -0.420555 0.150055 0.088491
vn -0.319965 -0.043731 0.946420
v -0.426766 0.149270 0.086158
vn -0.305882 0.066014 0.949778
v -0.428772 0.157379 0.085239
vn -0.436403 0.042011 0.898770
v -0.430581 0.152941 0.084666
vn -0.337374 0.075685 0.938323
v -0.416080 0.146040 0.089595
vn -0.245305 -0.056006 0.967827
v -0.422818 0.145158 0.087801
vn -0.258270 0.059727 0.964225
v -0.418513 0.141581 0.088964
vn -0.186889 0.047300 0.981242
v -0.430420 0.190657 0.088377
vn -0.771139 -0.207324 0.601964
v -0.433248 0.193280 0.085244
vn -0.806717 -0.144109 0.573097
v -0.433612 0.187640 0.083383
vn -0.758140 -0.127450 0.639516
v -0.430502 0.184736 0.086331
vn -0.727343 -0.172223 0.664313
v -0.434350 0.181792 0.081738
vn -0.719969 -0.095996 0.687335
v -0.435760 0.195848 0.082095
vn -0.817935 -0.075923 0.570279
v -0.436432 0.190373 0.080491
vn -0.757598 -0.077348 0.648122
v -0.437258 0.184745 0.079006
vn -0.719462 -0.084678 0.689351
v -0.426874 0.187813 0.091429
vn -0.704590 -0.260662 0.660006
v -0.427098 0.181736 0.089049
vn -0.670781 -0.216945 0.709216
v -0.431232 0.178855 0.084401
vn -0.689454 -0.122273 0.713935
v -0.427806 0.175916 0.086987
vn -0.627938 -0.152050 0.763266
v -0.427765 0.193252 0.092870
vn -0.733489 -0.245217 0.633927
v -0.430364 0.196679 0.090575
vn -0.807299 -0.167902 0.565754
v -0.433014 0.198781 0.087068
vn -0.843998 -0.102418 0.526477
v -0.435289 0.201159 0.083534
vn -0.853248 -0.041534 0.519849
v -0.433815 0.168355 0.081198
vn -0.653595 0.016000 0.756675
v -0.432370 0.173359 0.082653
vn -0.668459 -0.062384 0.741128
v -0.436706 0.171004 0.078539
vn -0.695998 0.005265 0.718024
v -0.435384 0.176197 0.080036
vn -0.702461 -0.059304 0.709247
v -0.439332 0.173636 0.075916
vn -0.722379 -0.023832 0.691087
v -0.438131 0.179061 0.077454
vn -0.717440 -0.064647 0.693614
v -0.438108 0.166431 0.077590
vn -0.637393 0.159950 0.753755
v -0.435319 0.163736 0.080249
vn -0.590713 0.142540 0.794192
v -0.439803 0.161849 0.077842
vn -0.547583 0.295874 0.782695
v -0.440551 0.168985 0.074628
vn -0.687524 0.139537 0.712629
v -0.442107 0.164430 0.075101
vn -0.620597 0.294608 0.726681
v -0.430635 0.165461 0.083978
vn -0.585287 0.002340 0.810823
v -0.432334 0.160833 0.082893
vn -0.519361 0.121626 0.845856
v -0.437119 0.159354 0.080391
vn -0.482371 0.282236 0.829253
v -0.434305 0.155892 0.083106
vn -0.407891 0.177827 0.895546
v -0.429010 0.170459 0.085299
vn -0.602270 -0.069341 0.795275
v -0.444170 0.179071 0.070904
vn -0.787081 -0.055628 0.614336
v -0.441831 0.176454 0.073414
vn -0.745430 -0.049509 0.664743
v -0.440914 0.181839 0.074929
vn -0.732808 -0.076246 0.676151
v -0.443420 0.184478 0.072293
vn -0.784402 -0.052055 0.618064
v -0.440159 0.187379 0.076488
vn -0.735046 -0.050843 0.676109
v -0.446272 0.181438 0.068164
vn -0.844127 -0.027129 0.535457
v -0.445583 0.186872 0.069494
vn -0.854949 0.013541 0.518536
v -0.442562 0.189994 0.073793
vn -0.787911 0.022920 0.615362
v -0.444490 0.192445 0.070755
vn -0.856227 0.109689 0.504820
v -0.446854 0.176519 0.066824
vn -0.830186 0.007737 0.557433
v -0.444947 0.174135 0.069400
vn -0.776804 0.037513 0.628624
v -0.447644 0.172086 0.066396
vn -0.796035 0.179519 0.578015
v -0.449238 0.174280 0.063309
vn -0.859641 0.126858 0.494899
v -0.442859 0.171609 0.072006
vn -0.725017 0.080169 0.684049
v -0.446095 0.169323 0.069254
vn -0.725665 0.222292 0.651150
v -0.444190 0.166902 0.072125
vn -0.668590 0.264558 0.694979
v -0.439951 0.201034 0.075927
vn -0.854736 0.065827 0.514871
v -0.441179 0.195544 0.074749
vn -0.810249 0.075246 0.581235
v -0.438064 0.198362 0.079010
vn -0.829084 -0.005786 0.559094
v -0.439036 0.192987 0.077651
vn -0.772128 -0.000895 0.635466
v -0.437288 0.203781 0.080343
vn -0.864336 0.027974 0.502136
v -0.438799 0.206518 0.077221
vn -0.881075 0.100088 0.462265
v -0.441474 0.203773 0.072738
vn -0.891015 0.141734 0.431281
v -0.439962 0.209354 0.073970
vn -0.907620 0.178044 0.380166
v -0.442900 0.198108 0.071679
vn -0.864776 0.141438 0.481828
v -0.348244 0.197115 0.042121
vn 0.881116 0.018820 -0.472525
v -0.348338 0.202560 0.042905
vn 0.892933 0.062191 -0.445874
v -0.345842 0.198917 0.049437
vn 0.944240 0.033081 -0.327591
v -0.346022 0.193793 0.048778
vn 0.972834 -0.069365 -0.220869
v -0.345842 0.198917 0.049437
vn 0.965366 -0.000204 -0.260901
v -0.344235 0.195758 0.055639
vn 0.975931 -0.069560 -0.206688
v -0.348591 0.207835 0.043393
vn 0.892568 0.038586 -0.449258
v -0.345808 0.204141 0.049940
vn 0.932407 0.042548 -0.358896
v -0.345808 0.204141 0.049940
vn 0.962811 0.018215 -0.269562
v -0.343904 0.200691 0.056479
vn 0.974171 -0.005772 -0.225739
v -0.346022 0.193793 0.048778
vn 0.947505 -0.026391 -0.318650
v -0.348525 0.191663 0.041683
vn 0.867516 -0.033788 -0.496260
v -0.346562 0.188598 0.048214
vn 0.945909 -0.062689 -0.318319
v -0.349092 0.186172 0.041208
vn 0.852822 -0.048927 -0.519904
v -0.345021 0.190923 0.055003
vn 0.976902 -0.112327 -0.181782
v -0.346562 0.188598 0.048214
vn 0.978838 -0.082434 -0.187300
v -0.345671 0.185770 0.054243
vn 0.983211 -0.075678 -0.166040
v -0.347061 0.183143 0.047660
vn 0.983001 -0.036385 -0.179960
v -0.352898 0.195523 0.036488
vn 0.620707 -0.021291 -0.783753
v -0.352415 0.200997 0.036690
vn 0.663135 0.016664 -0.748314
v -0.353357 0.189855 0.036257
vn 0.585307 -0.049251 -0.809315
v -0.359689 0.193671 0.033087
vn 0.265065 -0.026426 -0.963868
v -0.352305 0.206564 0.037057
vn 0.709393 0.041667 -0.703581
v -0.352441 0.211864 0.037429
vn 0.731201 0.019766 -0.681876
v -0.344635 0.185629 0.064944
vn 0.989710 -0.142109 0.016729
v -0.344479 0.188258 0.060348
vn 0.986910 -0.126467 -0.100079
v -0.343926 0.190419 0.066303
vn 0.985344 -0.169775 0.016531
v -0.343649 0.193007 0.061317
vn 0.984582 -0.140716 -0.103906
v -0.343092 0.194855 0.067596
vn 0.988298 -0.151398 0.018578
v -0.342996 0.197700 0.062234
vn 0.991262 -0.077398 -0.106812
v -0.344669 0.187881 0.070642
vn 0.971894 -0.189696 0.139419
v -0.345362 0.183251 0.068904
vn 0.971890 -0.184399 0.146381
v -0.346049 0.184880 0.074187
vn 0.942198 -0.224593 0.248639
v -0.344020 0.192299 0.072338
vn 0.966549 -0.210067 0.147156
v -0.345614 0.189316 0.076081
vn 0.937926 -0.227349 0.261930
v -0.345241 0.180700 0.063628
vn 0.993702 -0.105245 0.038479
v -0.345956 0.178278 0.067266
vn 0.965503 -0.177994 0.190057
v -0.345652 0.175183 0.062359
vn 0.989645 -0.107281 0.095364
v -0.346751 0.180495 0.072392
vn 0.936753 -0.238608 0.256048
v -0.347480 0.175755 0.070721
vn 0.933208 -0.217516 0.286025
v -0.346719 0.173114 0.065928
vn 0.959064 -0.168856 0.227343
v -0.345158 0.183127 0.059325
vn 0.992987 -0.079064 -0.087894
v -0.345509 0.177555 0.058329
vn 0.997118 -0.036363 -0.066585
v -0.346053 0.180183 0.053460
vn 0.987976 -0.022259 -0.152994
v -0.342132 0.204122 0.070035
vn 0.993795 -0.110769 -0.010089
v -0.342602 0.199493 0.068841
vn 0.994711 -0.101546 0.015472
v -0.342632 0.202516 0.063250
vn 0.991384 -0.042515 -0.123897
v -0.342355 0.207367 0.063803
vn 0.985981 -0.064285 -0.153980
v -0.343851 0.205798 0.057043
vn 0.970854 -0.001073 -0.239668
v -0.341584 0.208835 0.070663
vn 0.984390 -0.164962 -0.061348
v -0.341843 0.212144 0.064101
vn 0.970657 -0.143394 -0.193039
v -0.343729 0.210804 0.057285
vn 0.963046 -0.054177 -0.263833
v -0.343182 0.215508 0.057501
vn 0.945141 -0.116790 -0.305073
v -0.342131 0.205741 0.077121
vn 0.973240 -0.218838 0.070100
v -0.342937 0.201090 0.075649
vn 0.978027 -0.172721 0.116753
v -0.343800 0.202021 0.082436
vn 0.940956 -0.274129 0.198631
v -0.343337 0.196631 0.074038
vn 0.974167 -0.174059 0.143885
v -0.344485 0.197637 0.080111
vn 0.940413 -0.247230 0.233453
v -0.345006 0.193525 0.077959
vn 0.932109 -0.254067 0.258115
v -0.348453 0.217905 0.043670
vn 0.884837 -0.014418 -0.465677
v -0.345595 0.214307 0.050520
vn 0.922795 -0.012752 -0.385080
v -0.348449 0.212954 0.043558
vn 0.887374 -0.003122 -0.461039
v -0.345797 0.209220 0.050259
vn 0.926124 -0.003220 -0.377206
v -0.345595 0.214307 0.050520
vn 0.951732 -0.050343 -0.302773
v -0.345797 0.209220 0.050259
vn 0.961280 -0.006333 -0.275501
v -0.352340 0.216910 0.037559
vn 0.739716 -0.006445 -0.672888
v -0.352159 0.221824 0.037708
vn 0.749751 -0.036991 -0.660685
v -0.348205 0.222703 0.043808
vn 0.871562 -0.086098 -0.482666
v -0.351668 0.226592 0.037854
vn 0.742534 -0.109837 -0.660741
v -0.345398 0.219047 0.050610
vn 0.910177 -0.061177 -0.409677
v -0.345398 0.219047 0.050610
vn 0.929179 -0.100558 -0.355690
v -0.344740 0.223627 0.050721
vn 0.883964 -0.156781 -0.440485
v -0.349194 0.190242 0.086376
vn 0.863190 -0.318207 0.391978
v -0.351657 0.186508 0.088499
vn 0.822739 -0.333041 0.460635
v -0.349224 0.186561 0.083872
vn 0.870316 -0.279391 0.405575
v -0.351543 0.183140 0.085971
vn 0.821401 -0.320795 0.471584
v -0.349370 0.182997 0.081770
vn 0.870422 -0.283015 0.402826
v -0.354282 0.182731 0.090080
vn 0.772029 -0.373405 0.514334
v -0.353739 0.179926 0.087266
vn 0.770172 -0.360959 0.525874
v -0.351422 0.180144 0.083765
vn 0.827945 -0.318341 0.461698
v -0.347121 0.190090 0.081237
vn 0.903248 -0.269446 0.333978
v -0.346673 0.194000 0.083581
vn 0.895947 -0.308519 0.319522
v -0.347417 0.186135 0.079205
vn 0.910387 -0.240507 0.336677
v -0.348986 0.193923 0.089277
vn 0.850877 -0.355208 0.387087
v -0.346217 0.197792 0.086271
vn 0.894960 -0.321321 0.309516
v -0.351877 0.189637 0.091283
vn 0.818555 -0.364864 0.443668
v -0.354682 0.185702 0.092917
vn 0.775086 -0.393734 0.494181
v -0.350519 0.175481 0.078280
vn 0.859993 -0.312518 0.403416
v -0.349791 0.179204 0.079828
vn 0.866409 -0.311387 0.390351
v -0.351754 0.176966 0.082046
vn 0.826612 -0.346698 0.443297
v -0.352637 0.173812 0.081164
vn 0.805769 -0.351706 0.476486
v -0.353687 0.175411 0.083980
vn 0.764810 -0.391528 0.511637
v -0.353148 0.177726 0.085012
vn 0.776795 -0.364384 0.513628
v -0.351343 0.171701 0.077302
vn 0.845513 -0.279564 0.454919
v -0.353885 0.170329 0.080633
vn 0.781917 -0.330341 0.528659
v -0.352362 0.167159 0.076599
vn 0.815518 -0.285934 0.503163
v -0.355108 0.172918 0.084141
vn 0.745642 -0.381927 0.546031
v -0.356815 0.169119 0.083944
vn 0.719591 -0.371718 0.586527
v -0.355147 0.165790 0.079710
vn 0.753020 -0.330527 0.568957
v -0.349212 0.173644 0.074053
vn 0.894682 -0.241738 0.375643
v -0.348518 0.177720 0.075465
vn 0.900329 -0.279943 0.333227
v -0.349864 0.169060 0.073004
vn 0.880258 -0.234294 0.412616
v -0.348001 0.170845 0.069398
vn 0.931867 -0.189518 0.309364
v -0.347797 0.182054 0.077282
vn 0.906391 -0.267671 0.326815
v -0.359651 0.174509 0.090902
vn 0.672389 -0.441880 0.593831
v -0.358281 0.171714 0.087352
vn 0.691506 -0.412591 0.592949
v -0.355791 0.175786 0.087208
vn 0.723055 -0.406334 0.558645
v -0.356910 0.178691 0.090805
vn 0.720694 -0.415932 0.554618
v -0.360850 0.177323 0.094579
vn 0.658347 -0.479065 0.580582
v -0.357714 0.181693 0.094101
vn 0.725745 -0.430877 0.536321
v -0.364112 0.172981 0.094418
vn 0.585544 -0.503395 0.635398
v -0.362339 0.169905 0.090578
vn 0.613322 -0.455669 0.645137
v -0.367550 0.167958 0.093322
vn 0.503285 -0.510875 0.696929
v -0.370337 0.171265 0.098327
vn 0.430053 -0.566432 0.703000
v -0.360177 0.167292 0.086376
vn 0.656019 -0.410691 0.633223
v -0.364478 0.164374 0.088648
vn 0.569804 -0.426168 0.702641
v -0.361104 0.163143 0.084934
vn 0.645501 -0.369398 0.668486
v -0.358140 0.164670 0.082697
vn 0.694486 -0.359165 0.623450
v -0.375876 0.189876 0.031990
vn 0.062756 -0.018337 -0.997860
v -0.377196 0.183153 0.032015
vn 0.066406 -0.012420 -0.997715
v -0.384832 0.187870 0.031442
vn 0.070514 -0.013364 -0.997421
v -0.383384 0.194615 0.031417
vn 0.067143 -0.019563 -0.997552
v -0.392656 0.192617 0.030797
vn 0.075540 -0.015084 -0.997029
v -0.378638 0.176090 0.031982
vn 0.068109 -0.013016 -0.997593
v -0.386378 0.180820 0.031392
vn 0.072593 -0.010948 -0.997302
v -0.394345 0.185559 0.030741
vn 0.078053 -0.010589 -0.996893
v -0.374678 0.196332 0.031936
vn 0.062897 -0.018412 -0.997850
v -0.382024 0.201086 0.031370
vn 0.067007 -0.020057 -0.997551
v -0.391017 0.199324 0.030788
vn 0.072675 -0.020933 -0.997136
v -0.389507 0.205832 0.030755
vn 0.072730 -0.024647 -0.997047
v -0.367521 0.191758 0.032454
vn 0.072029 -0.019735 -0.997207
v -0.368629 0.185349 0.032520
vn 0.072231 -0.020186 -0.997184
v -0.360558 0.187592 0.033130
vn 0.245458 -0.045256 -0.968350
v -0.369871 0.178630 0.032549
vn 0.075531 -0.015235 -0.997027
v -0.361638 0.181280 0.033199
vn 0.211992 -0.019528 -0.977076
v -0.362867 0.174585 0.033225
vn 0.138730 0.005005 -0.990318
v -0.371254 0.171541 0.032541
vn 0.074717 -0.017439 -0.997052
v -0.405342 0.208997 0.029536
vn 0.060102 -0.023551 -0.997914
v -0.398621 0.203873 0.030107
vn 0.071814 -0.022850 -0.997156
v -0.407369 0.202431 0.029544
vn 0.063452 -0.015511 -0.997864
v -0.400433 0.197179 0.030116
vn 0.074100 -0.016124 -0.997120
v -0.409396 0.195545 0.029485
vn 0.068382 -0.008162 -0.997626
v -0.402315 0.190186 0.030053
vn 0.076599 -0.009972 -0.997012
v -0.413705 0.208838 0.029088
vn 0.045332 -0.011952 -0.998900
v -0.411108 0.215053 0.029090
vn 0.038026 -0.017273 -0.999127
v -0.415816 0.202149 0.029045
vn 0.055735 -0.002809 -0.998442
v -0.403437 0.215079 0.029478
vn 0.061969 -0.027321 -0.997704
v -0.408252 0.219582 0.029086
vn 0.038564 -0.026276 -0.998911
v -0.396936 0.210373 0.030062
vn 0.071867 -0.027597 -0.997032
v -0.413747 0.180570 0.029255
vn 0.077381 0.008678 -0.996964
v -0.411529 0.188219 0.029390
vn 0.070400 -0.005722 -0.997502
v -0.404199 0.182880 0.029971
vn 0.078532 -0.008076 -0.996879
v -0.406115 0.175277 0.029873
vn 0.089086 0.003053 -0.996019
v -0.396108 0.178252 0.030687
vn 0.079979 -0.010264 -0.996744
v -0.415979 0.171757 0.028851
vn 0.073345 0.001389 -0.997306
v -0.407992 0.167337 0.029622
vn 0.090937 -0.011472 -0.995791
v -0.417824 0.163784 0.028919
vn 0.066688 -0.032815 -0.997234
v -0.397925 0.170644 0.030600
vn 0.086399 -0.004676 -0.996250
v -0.399800 0.162715 0.030488
vn 0.088437 -0.018380 -0.995912
v -0.409917 0.159412 0.029654
vn 0.076532 -0.039776 -0.996273
v -0.424182 0.178231 0.028435
vn 0.062121 0.007280 -0.998042
v -0.420421 0.187494 0.028800
vn 0.065673 0.004527 -0.997831
v -0.425370 0.167852 0.028455
vn 0.060117 -0.012782 -0.998109
v -0.418043 0.194951 0.028914
vn 0.059180 -0.002990 -0.998243
v -0.381932 0.160943 0.032006
vn 0.077308 -0.021724 -0.996771
v -0.389787 0.165776 0.031285
vn 0.080500 -0.012667 -0.996674
v -0.380217 0.168716 0.032001
vn 0.071958 -0.016193 -0.997276
v -0.388032 0.173502 0.031372
vn 0.075199 -0.010770 -0.997110
v -0.372793 0.164137 0.032608
vn 0.075371 -0.024618 -0.996852
v -0.374475 0.156346 0.032681
vn 0.079273 -0.026367 -0.996504
v -0.365747 0.160035 0.033302
vn 0.088471 -0.031434 -0.995583
v -0.364231 0.167458 0.033189
vn 0.092161 -0.022202 -0.995497
v -0.383804 0.152950 0.032063
vn 0.074456 -0.031648 -0.996722
v -0.376430 0.148279 0.032729
vn 0.077828 -0.036007 -0.996316
v -0.385957 0.144832 0.032215
vn 0.063232 -0.055769 -0.996439
v -0.367475 0.152247 0.033396
vn 0.090695 -0.032706 -0.995342
v -0.369595 0.144064 0.033491
vn 0.091072 -0.049530 -0.994612
v -0.378765 0.139836 0.032946
vn 0.067393 -0.083401 -0.994235
v -0.391664 0.157802 0.031287
vn 0.082421 -0.028712 -0.996184
v -0.393678 0.149879 0.031451
vn 0.080347 -0.050616 -0.995481
v -0.401757 0.154782 0.030513
vn 0.081959 -0.038773 -0.995881
v -0.350237 0.174155 0.039377
vn 0.813429 0.014336 -0.581488
v -0.347622 0.170959 0.045724
vn 0.912512 0.011078 -0.408900
v -0.350992 0.167504 0.038405
vn 0.766422 -0.006840 -0.642301
v -0.347770 0.164224 0.044341
vn 0.871865 0.027789 -0.488958
v -0.351762 0.160360 0.037553
vn 0.681654 -0.021346 -0.731363
v -0.347622 0.170959 0.045724
vn 0.981902 -0.007327 -0.189249
v -0.346444 0.168209 0.051697
vn 0.989477 -0.007942 -0.144471
v -0.347770 0.164224 0.044341
vn 0.980276 0.006137 -0.197539
v -0.346605 0.161364 0.049937
vn 0.992743 -0.043085 -0.112268
v -0.348265 0.157081 0.042878
vn 0.974096 -0.068225 -0.215597
v -0.356234 0.170987 0.034011
vn 0.399457 0.014900 -0.916631
v -0.355154 0.177659 0.035296
vn 0.477831 0.052279 -0.876895
v -0.357531 0.163839 0.033965
vn 0.326777 -0.043254 -0.944111
v -0.349674 0.180307 0.040476
vn 0.832031 0.009912 -0.554641
v -0.354327 0.184108 0.036177
vn 0.544128 -0.020069 -0.838762
v -0.347188 0.177284 0.046890
vn 0.930346 0.003818 -0.366663
v -0.347188 0.177284 0.046890
vn 0.984436 -0.012102 -0.175327
v -0.346209 0.174285 0.052622
vn 0.987874 -0.014387 -0.154590
v -0.347061 0.183143 0.047660
vn 0.942700 -0.026342 -0.332599
v -0.355407 0.145179 0.036492
vn 0.509399 -0.116238 -0.852644
v -0.353024 0.152916 0.036837
vn 0.589379 -0.078916 -0.803993
v -0.349537 0.149880 0.041531
vn 0.739089 -0.108179 -0.664864
v -0.351769 0.142231 0.040403
vn 0.921427 -0.188938 -0.339521
v -0.349537 0.149880 0.041531
vn 0.954019 -0.159636 -0.253702
v -0.348508 0.147197 0.047009
vn 0.974656 -0.184242 -0.126891
v -0.348265 0.157081 0.042878
vn 0.819540 -0.020094 -0.572669
v -0.347277 0.154275 0.048511
vn 0.987621 -0.125144 -0.094574
v -0.351769 0.142231 0.040403
vn 0.646239 -0.105885 -0.755753
v -0.358114 0.136735 0.036059
vn 0.409443 -0.097662 -0.907093
v -0.354167 0.133475 0.039163
vn 0.553299 -0.125564 -0.823465
v -0.361216 0.127384 0.035815
vn 0.295294 -0.179364 -0.938419
v -0.350288 0.139423 0.045424
vn 0.963211 -0.205721 -0.172928
v -0.354167 0.133475 0.039163
vn 0.883368 -0.206803 -0.420588
v -0.352449 0.130435 0.044011
vn 0.940491 -0.280734 -0.191480
v -0.357230 0.124172 0.039066
vn 0.840425 -0.347924 -0.415493
v -0.363416 0.140211 0.034313
vn 0.187426 -0.082690 -0.978792
v -0.360948 0.148514 0.034156
vn 0.221497 -0.067323 -0.972834
v -0.366360 0.130964 0.034851
vn 0.105329 -0.138532 -0.984741
v -0.372189 0.135004 0.033833
vn 0.072782 -0.121731 -0.989891
v -0.359015 0.156396 0.034063
vn 0.260677 -0.050094 -0.964125
v -0.352895 0.135116 0.056176
vn 0.936009 -0.256919 0.240582
v -0.351207 0.137039 0.050889
vn 0.959094 -0.253035 0.126934
v -0.350832 0.143100 0.057190
vn 0.931974 -0.260130 0.252499
v -0.349294 0.144882 0.052180
vn 0.966425 -0.228107 0.118280
v -0.349170 0.150370 0.058230
vn 0.948297 -0.211497 0.236648
v -0.348043 0.152234 0.053523
vn 0.975885 -0.180438 0.122841
v -0.352824 0.141572 0.061833
vn 0.904456 -0.247531 0.347403
v -0.354746 0.133947 0.061513
vn 0.911839 -0.246855 0.328042
v -0.355132 0.140345 0.066287
vn 0.862526 -0.219036 0.456149
v -0.351089 0.148849 0.062528
vn 0.895734 -0.250051 0.367607
v -0.353454 0.147526 0.066532
vn 0.846372 -0.243334 0.473754
v -0.355029 0.126964 0.056046
vn 0.931363 -0.283657 0.228259
v -0.357060 0.126086 0.061837
vn 0.909990 -0.262335 0.321091
v -0.358049 0.118649 0.057325
vn 0.921253 -0.329154 0.207244
v -0.357131 0.133154 0.066531
vn 0.875533 -0.223006 0.428615
v -0.359468 0.125590 0.067455
vn 0.883182 -0.229696 0.408936
v -0.359922 0.118448 0.063607
vn 0.902028 -0.292031 0.317906
v -0.353348 0.128358 0.050005
vn 0.947197 -0.301594 0.108898
v -0.356506 0.119967 0.050970
vn 0.924824 -0.373454 0.072332
v -0.355905 0.121569 0.044488
vn 0.896763 -0.402863 -0.183079
v -0.347078 0.163393 0.060307
vn 0.964759 -0.182884 0.189194
v -0.348296 0.157261 0.059550
vn 0.957202 -0.192376 0.216232
v -0.346959 0.158994 0.054810
vn 0.982613 -0.153587 0.104323
v -0.346249 0.165559 0.056303
vn 0.995002 -0.095261 0.029955
v -0.346257 0.169458 0.061325
vn 0.978886 -0.138797 0.150055
v -0.345695 0.171672 0.057316
vn 0.997765 -0.058769 -0.031796
v -0.347416 0.167371 0.064964
vn 0.951645 -0.183485 0.246385
v -0.348489 0.161540 0.064108
vn 0.934079 -0.223686 0.278319
v -0.348892 0.165439 0.068539
vn 0.911763 -0.235804 0.336281
v -0.349731 0.155492 0.063587
vn 0.916643 -0.225778 0.329834
v -0.350263 0.159891 0.067750
vn 0.883420 -0.268924 0.383730
v -0.351888 0.154148 0.067443
vn 0.851807 -0.272118 0.447635
v -0.368293 0.154546 0.086354
vn 0.528880 -0.321126 0.785598
v -0.370858 0.150667 0.086609
vn 0.499470 -0.258575 0.826843
v -0.367005 0.150065 0.083802
vn 0.594189 -0.255717 0.762593
v -0.364986 0.154977 0.084136
vn 0.602011 -0.327829 0.728087
v -0.363564 0.150151 0.080801
vn 0.672890 -0.266947 0.689898
v -0.373172 0.144892 0.086431
vn 0.470318 -0.178229 0.864312
v -0.369112 0.144131 0.083673
vn 0.580003 -0.178626 0.794789
v -0.365509 0.144003 0.080636
vn 0.670332 -0.185327 0.718546
v -0.367043 0.158958 0.087609
vn 0.530633 -0.386990 0.754100
v -0.363106 0.159395 0.084758
vn 0.612743 -0.370486 0.698059
v -0.361605 0.155284 0.081174
vn 0.670208 -0.331066 0.664241
v -0.359748 0.159850 0.081747
vn 0.675706 -0.358349 0.644211
v -0.371461 0.156528 0.089160
vn 0.443683 -0.363459 0.819172
v -0.370266 0.162427 0.091614
vn 0.452507 -0.446548 0.771902
v -0.375283 0.151790 0.089255
vn 0.393778 -0.287814 0.872985
v -0.377892 0.145849 0.088781
vn 0.354110 -0.185348 0.916653
v -0.355378 0.157109 0.074774
vn 0.768553 -0.338150 0.543122
v -0.358372 0.156206 0.078134
vn 0.721290 -0.336795 0.605235
v -0.357210 0.151517 0.074113
vn 0.774077 -0.284747 0.565441
v -0.360275 0.150660 0.077512
vn 0.724091 -0.277554 0.631392
v -0.359069 0.145236 0.073880
vn 0.775930 -0.210893 0.594522
v -0.362197 0.144452 0.077322
vn 0.729483 -0.197168 0.654965
v -0.354416 0.152707 0.070560
vn 0.799526 -0.292786 0.524437
v -0.352641 0.158439 0.071549
vn 0.817391 -0.318516 0.480021
v -0.356244 0.146399 0.070259
vn 0.811361 -0.222149 0.540688
v -0.353612 0.162359 0.075665
vn 0.783997 -0.326231 0.528130
v -0.350972 0.163803 0.072201
vn 0.852573 -0.284910 0.438116
v -0.356612 0.160938 0.078896
vn 0.730633 -0.345989 0.588614
v -0.362528 0.131879 0.075226
vn 0.800282 -0.135943 0.584011
v -0.360842 0.138592 0.074259
vn 0.786513 -0.150049 0.599068
v -0.363900 0.138020 0.077788
vn 0.732341 -0.118150 0.670610
v -0.365676 0.131850 0.078927
vn 0.733532 -0.094745 0.673018
v -0.367261 0.137960 0.081110
vn 0.661263 -0.097459 0.743796
v -0.364761 0.125403 0.076582
vn 0.799806 -0.151844 0.580736
v -0.367870 0.125631 0.080432
vn 0.716488 -0.101939 0.690111
v -0.367665 0.119226 0.078985
vn 0.782124 -0.152605 0.604147
v -0.369079 0.131732 0.082292
vn 0.636914 -0.061639 0.768467
v -0.371602 0.126071 0.083769
vn 0.602334 -0.054825 0.796359
v -0.371061 0.119707 0.082718
vn 0.685402 -0.070775 0.724717
v -0.362047 0.125465 0.072339
vn 0.850994 -0.196531 0.487017
v -0.359837 0.132312 0.071058
vn 0.845275 -0.179541 0.503264
v -0.364913 0.118883 0.074570
vn 0.843889 -0.217278 0.490553
v -0.362360 0.118457 0.069510
vn 0.873831 -0.259469 0.411213
v -0.357927 0.139346 0.070443
vn 0.823362 -0.186589 0.535967
v -0.377901 0.133044 0.087711
vn 0.412258 -0.014568 0.910951
v -0.373256 0.132314 0.085224
vn 0.521246 -0.037275 0.852592
v -0.375514 0.138842 0.086750
vn 0.442128 -0.081777 0.893216
v -0.371088 0.138183 0.084117
vn 0.555659 -0.086282 0.826921
v -0.380453 0.140016 0.088907
vn 0.332223 -0.072629 0.940400
v -0.383242 0.134399 0.089754
vn 0.303711 0.000644 0.952764
v -0.380879 0.127861 0.089028
vn 0.374898 0.035634 0.926381
v -0.386259 0.129349 0.090765
vn 0.253395 0.050028 0.966069
v -0.384396 0.122980 0.090682
vn 0.334443 0.130184 0.933381
v -0.389502 0.124892 0.091931
vn 0.220066 0.148299 0.964146
v -0.376006 0.126762 0.086659
vn 0.496743 -0.002160 0.867895
v -0.379375 0.121750 0.088740
vn 0.459636 0.095768 0.882929
v -0.374995 0.120494 0.085996
vn 0.590877 0.017725 0.806567
v -0.421894 0.080511 0.055373
vn -0.309128 -0.839287 -0.447256
v -0.426690 0.079868 0.059889
vn -0.353010 -0.811413 -0.465824
v -0.426941 0.084127 0.053143
vn -0.451025 -0.702678 -0.550290
v -0.431521 0.081733 0.060980
vn -0.483866 -0.717016 -0.501759
v -0.435539 0.086406 0.059080
vn -0.561771 -0.638859 -0.525617
v -0.426690 0.079868 0.059889
vn -0.359637 -0.905150 -0.226637
v -0.430359 0.079443 0.067371
vn -0.410804 -0.911333 -0.026675
v -0.431521 0.081733 0.060980
vn -0.511653 -0.811507 -0.282254
v -0.435012 0.081918 0.067084
vn -0.714839 -0.698448 -0.034280
v -0.435539 0.086406 0.059080
vn -0.816017 -0.540470 -0.204957
v -0.417191 0.082583 0.048132
vn -0.189970 -0.726600 -0.660275
v -0.422946 0.088717 0.045763
vn -0.281238 -0.538318 -0.794430
v -0.413610 0.087919 0.045712
vn -0.008070 -0.357393 -0.933919
v -0.431503 0.090535 0.049815
vn -0.529691 -0.606221 -0.593231
v -0.427849 0.094437 0.043966
vn -0.301005 -0.473528 -0.827749
v -0.418876 0.093209 0.043900
vn -0.016328 -0.315841 -0.948672
v -0.416904 0.078736 0.056080
vn -0.182441 -0.886739 -0.424747
v -0.410898 0.079653 0.052872
vn -0.036315 -0.849154 -0.526896
v -0.412388 0.076505 0.058923
vn -0.156150 -0.883029 -0.442580
v -0.408165 0.083692 0.047469
vn 0.022775 -0.622889 -0.781979
v -0.403495 0.080306 0.051990
vn 0.032182 -0.800957 -0.597856
v -0.421635 0.077681 0.061063
vn -0.247292 -0.877508 -0.410884
v -0.421635 0.077681 0.061063
vn -0.307525 -0.933351 -0.185159
v -0.425580 0.077660 0.067398
vn -0.339422 -0.939873 -0.037834
v -0.417192 0.075988 0.062505
vn -0.199788 -0.899080 -0.389538
v -0.417192 0.075988 0.062505
vn -0.312324 -0.937865 -0.151207
v -0.421013 0.076261 0.068109
vn -0.314077 -0.949071 -0.024913
v -0.438804 0.103287 0.045415
vn -0.616755 -0.503506 -0.605058
v -0.435389 0.097013 0.047468
vn -0.571778 -0.541564 -0.616262
v -0.441780 0.099992 0.051829
vn -0.652029 -0.513565 -0.557772
v -0.441780 0.099992 0.051829
vn -0.855207 -0.452672 -0.252406
v -0.439127 0.093314 0.055412
vn -0.841522 -0.506195 -0.188698
v -0.443701 0.098754 0.061229
vn -0.896161 -0.436752 -0.078376
v -0.439127 0.093314 0.055412
vn -0.615046 -0.571633 -0.543096
v -0.440730 0.092417 0.066144
vn -0.879833 -0.475235 -0.006755
v -0.444032 0.106241 0.049611
vn -0.710578 -0.452398 -0.538902
v -0.441759 0.109080 0.044087
vn -0.675810 -0.460856 -0.575232
v -0.446053 0.111747 0.047982
vn -0.751276 -0.442771 -0.489427
v -0.446000 0.104617 0.057757
vn -0.911743 -0.385923 -0.140674
v -0.444032 0.106241 0.049611
vn -0.865714 -0.407772 -0.290278
v -0.447717 0.110353 0.054913
vn -0.926253 -0.339435 -0.163830
v -0.436152 0.106535 0.040376
vn -0.386713 -0.425905 -0.817959
v -0.439877 0.112214 0.040035
vn -0.481511 -0.443366 -0.756025
v -0.433888 0.110809 0.038711
vn -0.087796 -0.318011 -0.944013
v -0.444503 0.114037 0.043246
vn -0.710528 -0.470405 -0.523325
v -0.443241 0.116921 0.039143
vn -0.578468 -0.469339 -0.667155
v -0.438002 0.116010 0.037074
vn -0.168468 -0.392262 -0.904295
v -0.431854 0.100588 0.042129
vn -0.323042 -0.456681 -0.828907
v -0.428925 0.105076 0.040427
vn -0.023883 -0.299067 -0.953933
v -0.424271 0.098943 0.042193
vn -0.022538 -0.296992 -0.954614
v -0.442765 0.103847 0.076836
vn -0.887818 -0.322951 0.327844
v -0.443318 0.100045 0.070284
vn -0.913917 -0.362156 0.183303
v -0.440486 0.098722 0.077527
vn -0.862104 -0.366257 0.350189
v -0.440292 0.095031 0.073444
vn -0.871598 -0.414290 0.262068
v -0.437590 0.093975 0.078930
vn -0.813819 -0.430360 0.390498
v -0.437849 0.090358 0.073529
vn -0.858846 -0.426803 0.283237
v -0.439789 0.102413 0.082038
vn -0.830269 -0.312708 0.461376
v -0.441745 0.106267 0.081062
vn -0.850318 -0.255463 0.460107
v -0.438893 0.106187 0.085394
vn -0.768391 -0.177868 0.614767
v -0.437116 0.097824 0.083538
vn -0.789204 -0.375775 0.485747
v -0.436286 0.101867 0.087176
vn -0.728817 -0.252419 0.636483
v -0.443932 0.108948 0.077932
vn -0.900556 -0.205922 0.382878
v -0.445319 0.107107 0.072277
vn -0.928304 -0.284153 0.239809
v -0.445843 0.112537 0.074737
vn -0.924148 -0.182535 0.335606
v -0.441380 0.110003 0.083049
vn -0.812262 -0.109086 0.573002
v -0.443532 0.113597 0.080183
vn -0.858300 -0.085379 0.505996
v -0.446025 0.105401 0.065274
vn -0.940365 -0.325729 0.098057
v -0.447336 0.111390 0.068620
vn -0.952366 -0.245297 0.181187
v -0.447802 0.110490 0.061972
vn -0.959452 -0.277998 0.046561
v -0.431171 0.085640 0.079093
vn -0.557378 -0.640500 0.528289
v -0.434761 0.089379 0.079399
vn -0.717355 -0.517646 0.466309
v -0.435450 0.085311 0.073784
vn -0.751923 -0.550111 0.363304
v -0.431602 0.081559 0.073601
vn -0.522261 -0.765416 0.376008
v -0.437523 0.086713 0.068112
vn -0.882968 -0.469013 0.019842
v -0.427107 0.082613 0.079308
vn -0.485738 -0.704372 0.517609
v -0.427116 0.079509 0.073855
vn -0.412204 -0.861441 0.296659
v -0.423221 0.080195 0.079870
vn -0.441251 -0.758463 0.479615
v -0.422829 0.077684 0.074182
vn -0.371757 -0.898588 0.233102
v -0.426313 0.086264 0.084522
vn -0.446765 -0.634174 0.631050
v -0.430336 0.089658 0.084795
vn -0.532942 -0.597543 0.599096
v -0.424903 0.090752 0.089154
vn -0.331748 -0.554905 0.762905
v -0.422224 0.083725 0.084685
vn -0.403205 -0.630018 0.663704
v -0.420640 0.088144 0.088914
vn -0.283222 -0.539288 0.793066
v -0.434044 0.093367 0.084379
vn -0.685829 -0.481304 0.545880
v -0.429188 0.093806 0.089373
vn -0.456618 -0.497615 0.737482
v -0.433013 0.097570 0.088759
vn -0.622310 -0.366997 0.691407
v -0.450091 0.119806 0.062176
vn -0.977387 -0.184685 0.102984
v -0.450850 0.122765 0.058943
vn -0.981089 -0.179736 0.071825
v -0.450139 0.119102 0.056268
vn -0.970865 -0.239514 -0.007423
v -0.450838 0.122058 0.053855
vn -0.971815 -0.235676 -0.005733
v -0.449842 0.118948 0.051246
vn -0.944939 -0.304045 -0.121024
v -0.451254 0.125976 0.060347
vn -0.976874 -0.178328 0.117970
v -0.451426 0.125032 0.055787
vn -0.978180 -0.204010 0.039284
v -0.451259 0.123953 0.051374
vn -0.973475 -0.226190 -0.034413
v -0.449204 0.115251 0.058902
vn -0.967682 -0.251850 0.012798
v -0.448857 0.115742 0.065299
vn -0.967601 -0.214284 0.133531
v -0.448912 0.115316 0.052757
vn -0.936863 -0.315565 -0.150685
v -0.449117 0.120484 0.068500
vn -0.962607 -0.115899 0.244858
v -0.447699 0.116490 0.071621
vn -0.944908 -0.155894 0.287830
v -0.447097 0.121169 0.074466
vn -0.914281 -0.031893 0.403824
v -0.445514 0.117409 0.077316
vn -0.885240 -0.084448 0.457404
v -0.450348 0.124539 0.064969
vn -0.970100 -0.111319 0.215670
v -0.448361 0.124770 0.071538
vn -0.928698 -0.010959 0.370676
v -0.449344 0.128377 0.069201
vn -0.926545 -0.067448 0.370089
v -0.451149 0.128364 0.063718
vn -0.962036 -0.150658 0.227573
v -0.448885 0.122105 0.043615
vn -0.856091 -0.320811 -0.405202
v -0.449340 0.119834 0.047059
vn -0.860866 -0.352709 -0.366752
v -0.450630 0.122911 0.047627
vn -0.896140 -0.296577 -0.330115
v -0.450467 0.125269 0.045236
vn -0.950652 -0.187780 -0.246981
v -0.450630 0.122911 0.047627
vn -0.952954 -0.261350 -0.153540
v -0.451427 0.125429 0.048801
vn -0.970757 -0.191741 -0.144451
v -0.449340 0.119834 0.047059
vn -0.920888 -0.346408 -0.178794
v -0.450555 0.121517 0.050193
vn -0.949508 -0.295632 -0.105054
v -0.450467 0.125269 0.045236
vn -0.886373 -0.265329 -0.379400
v -0.448529 0.125235 0.040964
vn -0.827972 -0.265520 -0.493924
v -0.450575 0.128422 0.043227
vn -0.857191 -0.257092 -0.446236
v -0.448177 0.128745 0.038708
vn -0.772928 -0.241971 -0.586543
v -0.451664 0.127825 0.047894
vn -0.971383 -0.162212 -0.173502
v -0.450575 0.128422 0.043227
vn -0.952601 -0.176772 -0.247596
v -0.451847 0.130920 0.046392
vn -0.971286 -0.145720 -0.188069
v -0.450708 0.131956 0.041377
vn -0.951650 -0.130768 -0.277960
v -0.446108 0.121287 0.039391
vn -0.723857 -0.353754 -0.592359
v -0.446786 0.118227 0.042928
vn -0.788333 -0.410621 -0.458172
v -0.445286 0.124937 0.036783
vn -0.610040 -0.260965 -0.748163
v -0.441476 0.120509 0.035738
vn -0.353080 -0.342874 -0.870501
v -0.447988 0.116153 0.047337
vn -0.905728 -0.371102 -0.204792
v -0.447988 0.116153 0.047337
vn -0.804562 -0.409547 -0.430060
v -0.446053 0.111747 0.047982
vn -0.882395 -0.386237 -0.268701
v -0.452785 0.132060 0.055961
vn -0.993715 -0.107313 0.031851
v -0.452374 0.129837 0.051729
vn -0.987627 -0.145385 -0.058793
v -0.452126 0.128498 0.057357
vn -0.979924 -0.185843 0.072191
v -0.451865 0.126777 0.052154
vn -0.983038 -0.181941 -0.023094
v -0.452128 0.131408 0.061649
vn -0.975471 -0.121010 0.183883
v -0.452587 0.134558 0.059919
vn -0.990870 -0.030344 0.131358
v -0.451361 0.134160 0.065456
vn -0.952334 -0.053155 0.300392
v -0.450474 0.131458 0.067369
vn -0.929479 -0.095771 0.356226
v -0.453001 0.135325 0.054241
vn -0.999613 -0.025106 0.011979
v -0.452702 0.138192 0.058089
vn -0.995242 0.028364 0.093217
v -0.452973 0.139100 0.052616
vn -0.999998 0.000342 0.002101
v -0.452069 0.137361 0.063446
vn -0.975303 0.012637 0.220508
v -0.452068 0.140648 0.061914
vn -0.984730 0.049955 0.166770
v -0.452526 0.141807 0.058362
vn -0.992137 0.033850 0.120496
v -0.452636 0.133118 0.050249
vn -0.990806 -0.101927 -0.088966
v -0.452812 0.136791 0.048645
vn -0.994154 -0.050064 -0.095664
v -0.452045 0.134571 0.044731
vn -0.967876 -0.108097 -0.227005
v -0.399433 0.075838 0.078844
vn 0.351880 -0.794674 0.494645
v -0.403402 0.074442 0.078618
vn 0.177830 -0.871342 0.457319
v -0.399874 0.073861 0.075339
vn 0.291624 -0.894823 0.338005
v -0.403732 0.073052 0.075306
vn 0.122968 -0.948463 0.292055
v -0.400902 0.072655 0.071753
vn 0.201892 -0.969124 0.141554
v -0.407299 0.075062 0.080504
vn -0.001498 -0.866858 0.498553
v -0.406462 0.073624 0.077337
vn -0.002494 -0.929428 0.368995
v -0.407094 0.072628 0.074283
vn -0.054796 -0.978213 0.200242
v -0.395683 0.075352 0.074498
vn 0.444030 -0.825226 0.349056
v -0.395183 0.077630 0.077960
vn 0.459260 -0.748581 0.478233
v -0.391538 0.077370 0.073177
vn 0.527921 -0.788506 0.315528
v -0.396718 0.073673 0.070743
vn 0.365648 -0.919432 0.144730
v -0.392490 0.075573 0.069221
vn 0.500596 -0.856503 0.125720
v -0.398569 0.078762 0.082207
vn 0.371462 -0.716173 0.590858
v -0.394112 0.080531 0.081036
vn 0.459067 -0.696694 0.551249
v -0.397175 0.082268 0.085205
vn 0.381175 -0.657872 0.649546
v -0.390810 0.079630 0.076562
vn 0.526113 -0.729738 0.436678
v -0.389961 0.082445 0.079685
vn 0.520931 -0.684403 0.510121
v -0.392421 0.083872 0.083579
vn 0.460063 -0.658095 0.596031
v -0.403121 0.076794 0.082189
vn 0.225707 -0.773944 0.591664
v -0.402399 0.080612 0.086153
vn 0.220274 -0.654946 0.722859
v -0.406845 0.077680 0.084183
vn 0.040578 -0.749317 0.660967
v -0.405670 0.072803 0.064716
vn -0.059521 -0.959017 -0.277028
v -0.402841 0.072136 0.068146
vn 0.026357 -0.982438 -0.184717
v -0.406858 0.072181 0.069592
vn -0.070404 -0.987200 -0.143103
v -0.409957 0.072783 0.067186
vn -0.265491 -0.963132 -0.043491
v -0.406858 0.072181 0.069592
vn -0.077228 -0.995828 0.048601
v -0.409788 0.072650 0.072138
vn -0.200162 -0.976263 0.082745
v -0.402841 0.072136 0.068146
vn 0.109730 -0.992501 0.053856
v -0.404396 0.072311 0.072210
vn 0.048169 -0.991310 0.122413
v -0.409957 0.072783 0.067186
vn -0.147916 -0.954362 -0.259450
v -0.408651 0.074295 0.061793
vn -0.138532 -0.900208 -0.412836
v -0.413427 0.074198 0.064894
vn -0.201461 -0.910440 -0.361265
v -0.412889 0.073479 0.071343
vn -0.313212 -0.948291 0.051399
v -0.413427 0.074198 0.064894
vn -0.320818 -0.941554 -0.102724
v -0.416700 0.074736 0.069521
vn -0.332015 -0.943271 0.002495
v -0.403240 0.074652 0.060349
vn 0.008639 -0.876026 -0.482187
v -0.401544 0.073141 0.063894
vn 0.087134 -0.947565 -0.307455
v -0.397089 0.074885 0.060874
vn 0.230607 -0.888162 -0.397477
v -0.406518 0.076997 0.056793
vn -0.039277 -0.845889 -0.531911
v -0.399681 0.077590 0.056088
vn 0.091160 -0.828943 -0.551854
v -0.398715 0.072894 0.066784
vn 0.270219 -0.962176 0.034613
v -0.398715 0.072894 0.066784
vn 0.210424 -0.948800 -0.235583
v -0.394659 0.074448 0.065700
vn 0.421324 -0.906877 0.007791
v -0.414961 0.076934 0.080791
vn -0.295740 -0.840370 0.454220
v -0.414236 0.074856 0.075918
vn -0.324555 -0.911053 0.254256
v -0.410935 0.075814 0.080995
vn -0.200221 -0.853442 0.481194
v -0.410141 0.073608 0.076435
vn -0.216424 -0.928678 0.301194
v -0.410444 0.078771 0.085092
vn -0.139289 -0.721428 0.678336
v -0.414463 0.080035 0.085215
vn -0.260179 -0.686156 0.679336
v -0.409676 0.082411 0.088061
vn -0.074336 -0.564486 0.822089
v -0.406571 0.080969 0.086956
vn 0.047758 -0.610722 0.790404
v -0.419109 0.078356 0.080355
vn -0.368001 -0.811975 0.453070
v -0.418370 0.081717 0.084994
vn -0.346784 -0.648038 0.678077
v -0.413325 0.083974 0.088497
vn -0.191772 -0.529907 0.826089
v -0.416682 0.085989 0.088879
vn -0.255625 -0.509550 0.821593
v -0.418534 0.076207 0.075038
vn -0.348346 -0.911388 0.219151
v -0.452339 0.168956 0.055774
vn -0.992169 0.094760 0.081374
v -0.452488 0.167525 0.049410
vn -0.994134 0.087106 -0.064108
v -0.452982 0.163084 0.054494
vn -0.997367 0.066589 0.028726
v -0.452750 0.161538 0.048098
vn -0.993917 0.049023 -0.098620
v -0.453276 0.157119 0.053351
vn -0.999831 0.016739 0.007545
v -0.451830 0.165796 0.042778
vn -0.969567 0.077629 -0.232191
v -0.451825 0.159538 0.041449
vn -0.965095 0.047167 -0.257618
v -0.452883 0.155913 0.047236
vn -0.993534 0.023533 -0.111071
v -0.452340 0.164056 0.059554
vn -0.967765 0.103537 0.229587
v -0.451421 0.168318 0.060251
vn -0.951444 0.085445 0.295725
v -0.450567 0.165938 0.062982
vn -0.921238 0.123081 0.369015
v -0.452720 0.158324 0.059263
vn -0.984318 0.025580 0.174539
v -0.451336 0.161238 0.063231
vn -0.930153 0.100511 0.353148
v -0.451378 0.171779 0.060221
vn -0.945165 0.107713 0.308321
v -0.451806 0.173767 0.056787
vn -0.985483 0.126862 0.112825
v -0.450092 0.169860 0.063669
vn -0.885231 0.141853 0.442994
v -0.451936 0.173968 0.051572
vn -0.992219 0.119717 -0.034187
v -0.451500 0.172154 0.044654
vn -0.975509 0.118141 -0.185538
v -0.452995 0.147065 0.051630
vn -0.999807 -0.018732 0.005872
v -0.453177 0.152142 0.052260
vn -0.999712 -0.023817 0.002795
v -0.452881 0.150507 0.046647
vn -0.994607 -0.007011 -0.103478
v -0.452787 0.145301 0.046688
vn -0.994520 -0.014869 -0.103487
v -0.451978 0.148451 0.041162
vn -0.956818 -0.017187 -0.290179
v -0.451972 0.153833 0.041065
vn -0.959626 0.009356 -0.281122
v -0.452994 0.142947 0.051551
vn -0.999998 0.000495 -0.001775
v -0.452804 0.140860 0.047380
vn -0.994595 -0.020079 -0.101867
v -0.451976 0.143391 0.041869
vn -0.959287 -0.043123 -0.279121
v -0.452058 0.138788 0.043098
vn -0.961605 -0.072728 -0.264626
v -0.452743 0.144304 0.055726
vn -0.996350 0.005678 0.085174
v -0.452724 0.148435 0.056521
vn -0.994410 -0.030302 0.101148
v -0.452154 0.144815 0.060438
vn -0.987143 0.013244 0.159292
v -0.452845 0.141100 0.055333
vn -0.997748 0.017005 0.064885
v -0.452843 0.153144 0.057596
vn -0.991851 -0.033185 0.123007
v -0.452065 0.149428 0.061190
vn -0.980954 -0.023904 0.192762
v -0.451952 0.153639 0.062360
vn -0.967933 -0.007307 0.251102
v -0.447072 0.137595 0.034513
vn -0.678107 -0.138807 -0.721736
v -0.450065 0.140824 0.037674
vn -0.767333 -0.118986 -0.630113
v -0.446361 0.142816 0.033108
vn -0.624166 -0.119447 -0.772107
v -0.449814 0.145918 0.036461
vn -0.746597 -0.084589 -0.659877
v -0.446193 0.148207 0.032137
vn -0.599531 -0.040730 -0.799314
v -0.450065 0.140824 0.037674
vn -0.923244 -0.070128 -0.377761
v -0.449814 0.145918 0.036461
vn -0.915512 -0.033660 -0.400879
v -0.449516 0.151364 0.035799
vn -0.909951 -0.017603 -0.414341
v -0.442167 0.139255 0.031244
vn -0.251229 -0.152687 -0.955809
v -0.443252 0.133897 0.032383
vn -0.352637 -0.238718 -0.904799
v -0.438026 0.135714 0.031888
vn 0.037872 -0.188665 -0.981311
v -0.441553 0.144885 0.030145
vn -0.201771 -0.135636 -0.969995
v -0.436685 0.141968 0.031071
vn 0.052396 -0.168865 -0.984246
v -0.447695 0.132853 0.036475
vn -0.729734 -0.213264 -0.649620
v -0.444260 0.129151 0.034750
vn -0.468123 -0.276166 -0.839401
v -0.438809 0.130206 0.033190
vn -0.042759 -0.255274 -0.965923
v -0.440212 0.125134 0.034418
vn -0.153118 -0.236596 -0.959467
v -0.450352 0.136087 0.039447
vn -0.808073 -0.160276 -0.566859
v -0.450352 0.136087 0.039447
vn -0.933699 -0.095197 -0.345173
v -0.450708 0.131956 0.041377
vn -0.827735 -0.214378 -0.518552
v -0.445102 0.160739 0.031379
vn -0.603226 0.001046 -0.797570
v -0.445589 0.154234 0.031985
vn -0.571644 -0.013069 -0.820398
v -0.449554 0.157062 0.035291
vn -0.678408 0.014048 -0.734551
v -0.449660 0.163399 0.036378
vn -0.935108 0.060961 -0.349081
v -0.449554 0.157062 0.035291
vn -0.926287 0.019542 -0.376312
v -0.449516 0.151364 0.035799
vn -0.714680 -0.016994 -0.699245
v -0.449660 0.163399 0.036378
vn -0.740701 0.072837 -0.667875
v -0.445356 0.168103 0.031815
vn -0.664486 0.071018 -0.743919
v -0.449554 0.170312 0.037370
vn -0.780526 0.076668 -0.620404
v -0.446546 0.176299 0.034055
vn -0.653999 0.118304 -0.747188
v -0.449554 0.170312 0.037370
vn -0.930496 0.117966 -0.346786
v -0.439788 0.165560 0.028051
vn -0.299534 0.023994 -0.953784
v -0.439900 0.158045 0.028810
vn -0.257430 -0.082725 -0.962749
v -0.433699 0.162953 0.027919
vn 0.014611 -0.058030 -0.998208
v -0.441012 0.151318 0.029500
vn -0.225009 -0.068135 -0.971971
v -0.434450 0.155283 0.028987
vn 0.001481 -0.133506 -0.991047
v -0.435830 0.148379 0.029954
vn 0.031585 -0.155304 -0.987362
v -0.448215 0.160108 0.070299
vn -0.846077 0.140458 0.514223
v -0.448708 0.156063 0.069739
vn -0.884374 0.077634 0.460277
v -0.446632 0.157509 0.073289
vn -0.803844 0.158054 0.573457
v -0.447350 0.153501 0.072709
vn -0.854152 0.086096 0.512847
v -0.444961 0.155259 0.076190
vn -0.760750 0.168250 0.626859
v -0.449353 0.151622 0.069511
vn -0.897381 0.073728 0.435054
v -0.448056 0.148816 0.072373
vn -0.860973 0.057797 0.505357
v -0.445715 0.151285 0.075543
vn -0.803195 0.046589 0.593892
v -0.445549 0.162189 0.072884
vn -0.705491 0.266116 0.656860
v -0.447211 0.164674 0.070012
vn -0.759368 0.234278 0.607021
v -0.443664 0.159938 0.075736
vn -0.656101 0.293314 0.695341
v -0.449608 0.162897 0.066754
vn -0.891484 0.135704 0.432250
v -0.448914 0.167184 0.066890
vn -0.835861 0.187814 0.515813
v -0.450042 0.158635 0.066614
vn -0.905463 0.073794 0.417961
v -0.450515 0.154569 0.066384
vn -0.919985 0.061121 0.387158
v -0.451507 0.157249 0.063569
vn -0.940808 0.049357 0.335328
v -0.440328 0.149849 0.081271
vn -0.558801 0.043247 0.828173
v -0.442906 0.152783 0.079075
vn -0.670711 0.106575 0.734022
v -0.443679 0.148721 0.077983
vn -0.718336 -0.026817 0.695179
v -0.441225 0.145781 0.080062
vn -0.666471 -0.003616 0.745522
v -0.444543 0.143705 0.076960
vn -0.727538 -0.016140 0.685877
v -0.446557 0.146423 0.074826
vn -0.791956 0.004549 0.610561
v -0.437409 0.146899 0.083130
vn -0.479349 0.079238 0.874040
v -0.438818 0.142663 0.082464
vn -0.606709 0.077130 0.791174
v -0.434377 0.143969 0.084878
vn -0.378699 0.128394 0.916571
v -0.442426 0.140777 0.079165
vn -0.717034 0.043666 0.695669
v -0.440290 0.137654 0.081690
vn -0.680682 0.093439 0.726596
v -0.436127 0.139214 0.084717
vn -0.491396 0.132744 0.860761
v -0.435814 0.151750 0.083114
vn -0.371577 0.138482 0.918016
v -0.438964 0.154644 0.081204
vn -0.463867 0.220194 0.858104
v -0.432539 0.148255 0.084848
vn -0.298458 0.145861 0.943211
v -0.441582 0.157393 0.078724
vn -0.565071 0.296545 0.769906
v -0.445176 0.132296 0.076500
vn -0.810188 0.048761 0.584139
v -0.443731 0.136280 0.078087
vn -0.764425 0.054648 0.642392
v -0.446783 0.135313 0.074236
vn -0.816541 0.012928 0.577142
v -0.445493 0.139286 0.075737
vn -0.776276 0.008155 0.630340
v -0.448183 0.138115 0.072121
vn -0.838806 -0.008422 0.544366
v -0.447263 0.142054 0.073619
vn -0.808620 -0.026032 0.587755
v -0.448101 0.131691 0.072189
vn -0.866479 -0.028887 0.498377
v -0.446749 0.128615 0.074444
vn -0.868026 0.039448 0.494949
v -0.449343 0.134578 0.070170
vn -0.883735 -0.026865 0.467215
v -0.443671 0.129059 0.079130
vn -0.799179 0.105460 0.591769
v -0.445546 0.125275 0.077082
vn -0.856141 0.076479 0.511051
v -0.442027 0.125610 0.081917
vn -0.749130 0.105989 0.653889
v -0.444128 0.121751 0.079937
vn -0.818666 0.033142 0.573313
v -0.441889 0.133101 0.080638
vn -0.745953 0.103271 0.657943
v -0.440054 0.129723 0.083327
vn -0.676789 0.130103 0.724589
v -0.438047 0.134296 0.084262
vn -0.591777 0.129035 0.795707
v -0.450402 0.143661 0.067810
vn -0.933572 0.035048 0.356673
v -0.449429 0.140722 0.070161
vn -0.886575 0.001993 0.462580
v -0.448701 0.144589 0.071464
vn -0.875142 0.010408 0.483754
v -0.449875 0.147340 0.068860
vn -0.922468 0.030948 0.384830
v -0.451223 0.146473 0.064790
vn -0.966286 0.016060 0.256969
v -0.450980 0.150479 0.065682
vn -0.950117 0.015676 0.311499
v -0.451504 0.143222 0.064272
vn -0.972054 0.046850 0.230036
v -0.451167 0.140368 0.066145
vn -0.949747 0.036265 0.310912
v -0.450393 0.137223 0.068203
vn -0.914207 -0.012086 0.405068
v -0.427670 0.136993 0.088339
vn -0.219268 0.224099 0.949579
v -0.430218 0.131803 0.088693
vn -0.331280 0.189526 0.924302
v -0.424308 0.133031 0.089914
vn -0.147157 0.239818 0.959600
v -0.427208 0.127937 0.090478
vn -0.263593 0.222385 0.938650
v -0.421464 0.128720 0.091325
vn -0.089347 0.261481 0.961064
v -0.432764 0.126885 0.088557
vn -0.427109 0.177897 0.886527
v -0.429990 0.123141 0.090685
vn -0.371842 0.220666 0.901688
v -0.424412 0.124205 0.092116
vn -0.205044 0.245192 0.947543
v -0.421387 0.137115 0.089030
vn -0.113511 0.193806 0.974451
v -0.425174 0.140950 0.087733
vn -0.189959 0.162208 0.968300
v -0.418131 0.133238 0.090202
vn -0.034438 0.229116 0.972790
v -0.430977 0.140727 0.086544
vn -0.292619 0.180715 0.938997
v -0.428910 0.144848 0.086342
vn -0.245848 0.148323 0.957893
v -0.433240 0.135566 0.086730
vn -0.397514 0.166736 0.902320
v -0.435461 0.130594 0.086419
vn -0.491774 0.153689 0.857052
v -0.415431 0.121408 0.092732
vn 0.073827 0.163142 0.983837
v -0.419841 0.124726 0.092625
vn 0.003402 0.225972 0.974128
v -0.421694 0.120637 0.093407
vn -0.041931 0.161971 0.985904
v -0.419043 0.117068 0.093640
vn 0.043629 0.146593 0.988234
v -0.423908 0.116129 0.093770
vn -0.117083 0.149577 0.981793
v -0.426944 0.119582 0.092678
vn -0.268651 0.202948 0.941615
v -0.414595 0.114042 0.093900
vn 0.046266 0.166550 0.984947
v -0.408221 0.119050 0.092589
vn -0.041097 0.175954 0.983540
v -0.407760 0.111635 0.094228
vn -0.069690 0.151982 0.985923
v -0.420887 0.112706 0.094467
vn -0.009136 0.149889 0.988661
v -0.418181 0.109509 0.094827
vn 0.038882 0.108800 0.993303
v -0.413704 0.107664 0.094752
vn 0.026507 0.072971 0.996982
v -0.409896 0.126369 0.091553
vn -0.011714 0.163343 0.986500
v -0.403315 0.124849 0.092358
vn -0.135565 0.163077 0.977255
v -0.402080 0.116940 0.094131
vn -0.162074 0.185099 0.969263
v -0.397913 0.122960 0.093601
vn -0.047722 0.199121 0.978812
v -0.415882 0.128140 0.091499
vn 0.038825 0.224735 0.973646
v -0.411929 0.132195 0.090420
vn -0.043310 0.149586 0.987800
v -0.425088 0.103107 0.094531
vn -0.222777 -0.146085 0.963862
v -0.422954 0.108049 0.094967
vn -0.104279 0.039623 0.993758
v -0.428839 0.106755 0.093716
vn -0.380016 -0.050494 0.923601
v -0.426309 0.111342 0.094219
vn -0.219822 0.105139 0.969858
v -0.432234 0.110608 0.092089
vn -0.514696 0.025691 0.856988
v -0.429709 0.115017 0.092729
vn -0.358688 0.151552 0.921072
v -0.431079 0.102194 0.091833
vn -0.521279 -0.209317 0.827318
v -0.427280 0.098439 0.092593
vn -0.349823 -0.329106 0.877105
v -0.434330 0.106211 0.090136
vn -0.637256 -0.116862 0.761740
v -0.420889 0.099885 0.094403
vn -0.094457 -0.236358 0.967064
v -0.423064 0.095262 0.092443
vn -0.211278 -0.413840 0.885493
v -0.417037 0.097172 0.093777
vn -0.057201 -0.281487 0.957859
v -0.418752 0.092589 0.091933
vn -0.149594 -0.435931 0.887460
v -0.419014 0.104956 0.095119
vn -0.006106 -0.041066 0.999138
v -0.414824 0.102021 0.094762
vn 0.002480 -0.098516 0.995132
v -0.437752 0.118255 0.087198
vn -0.647276 0.104302 0.755086
v -0.435068 0.114442 0.089687
vn -0.600443 0.070226 0.796578
v -0.432695 0.118724 0.090523
vn -0.469323 0.186590 0.863088
v -0.435243 0.122435 0.088009
vn -0.528172 0.168868 0.832177
v -0.439947 0.121967 0.084520
vn -0.685373 0.092821 0.722252
v -0.437818 0.126174 0.085837
vn -0.586981 0.128709 0.799304
v -0.442085 0.118029 0.082523
vn -0.782990 0.003210 0.622026
v -0.439839 0.114207 0.085240
vn -0.744733 -0.011602 0.667262
v -0.437228 0.110288 0.087769
vn -0.700387 -0.045833 0.712290
v -0.392551 0.113236 0.094876
vn 0.202993 0.110885 0.972882
v -0.397037 0.107638 0.095995
vn 0.048770 0.025669 0.998480
v -0.392275 0.106082 0.095037
vn 0.280861 -0.058638 0.957956
v -0.387742 0.111694 0.093636
vn 0.333792 0.034019 0.942033
v -0.387874 0.104773 0.093194
vn 0.410508 -0.153975 0.898763
v -0.401427 0.102271 0.095586
vn -0.088101 -0.093068 0.991754
v -0.396631 0.100606 0.095619
vn 0.127001 -0.179483 0.975529
v -0.392295 0.099376 0.093881
vn 0.355627 -0.254744 0.899241
v -0.388118 0.119164 0.092838
vn 0.273948 0.167059 0.947124
v -0.383270 0.117584 0.091369
vn 0.389032 0.117344 0.913720
v -0.383287 0.110497 0.091762
vn 0.461608 -0.058956 0.885123
v -0.378783 0.116312 0.089290
vn 0.543114 0.026991 0.839225
v -0.393053 0.120995 0.093482
vn 0.157577 0.195130 0.968036
v -0.397352 0.115083 0.095272
vn -0.003342 0.161155 0.986923
v -0.401850 0.109493 0.095425
vn -0.129014 0.091071 0.987452
v -0.407859 0.103987 0.094918
vn -0.063443 -0.012534 0.997907
v -0.376058 0.108478 0.085901
vn 0.702430 -0.229642 0.673689
v -0.379465 0.109444 0.089110
vn 0.598040 -0.151231 0.787069
v -0.380225 0.103564 0.087912
vn 0.627766 -0.301623 0.717589
v -0.383760 0.104432 0.090795
vn 0.527226 -0.235355 0.816481
v -0.384305 0.098913 0.089066
vn 0.570008 -0.355221 0.740884
v -0.388066 0.099153 0.091702
vn 0.473923 -0.306138 0.825637
v -0.377146 0.102708 0.084247
vn 0.714458 -0.340697 0.611126
v -0.373118 0.107659 0.081798
vn 0.768363 -0.293663 0.568665
v -0.374223 0.101750 0.079882
vn 0.772054 -0.352242 0.529016
v -0.381036 0.098340 0.085843
vn 0.646087 -0.396897 0.651954
v -0.377954 0.097562 0.082049
vn 0.699806 -0.424567 0.574469
v -0.371567 0.114119 0.082560
vn 0.748215 -0.174519 0.640092
v -0.368655 0.113224 0.078327
vn 0.813300 -0.253020 0.523950
v -0.370181 0.106788 0.076963
vn 0.814981 -0.325933 0.479138
v -0.366058 0.112378 0.073085
vn 0.854390 -0.290377 0.430927
v -0.374955 0.115219 0.086165
vn 0.663587 -0.071038 0.744719
v -0.391340 0.090325 0.088942
vn 0.440450 -0.531470 0.723563
v -0.388068 0.094436 0.089529
vn 0.509614 -0.418751 0.751626
v -0.392071 0.094232 0.091721
vn 0.398088 -0.401350 0.824890
v -0.395556 0.089893 0.090879
vn 0.304953 -0.505720 0.807002
v -0.396276 0.094561 0.093476
vn 0.207918 -0.373000 0.904235
v -0.394334 0.086330 0.087414
vn 0.403195 -0.610833 0.681408
v -0.399191 0.085475 0.089076
vn 0.242072 -0.575035 0.781496
v -0.399993 0.090074 0.091905
vn 0.088900 -0.437703 0.894714
v -0.404515 0.085031 0.089613
vn 0.061760 -0.505807 0.860433
v -0.389464 0.087504 0.085166
vn 0.500034 -0.607566 0.617114
v -0.387513 0.091312 0.087077
vn 0.543453 -0.523331 0.656341
v -0.384546 0.090486 0.083445
vn 0.616210 -0.544586 0.568957
v -0.388981 0.085080 0.081994
vn 0.520103 -0.653270 0.550210
v -0.384475 0.094520 0.086620
vn 0.606269 -0.448656 0.656617
v -0.381483 0.094499 0.083542
vn 0.648846 -0.483230 0.587782
v -0.410493 0.091997 0.092428
vn -0.074280 -0.331142 0.940653
v -0.405951 0.090483 0.092220
vn -0.027195 -0.366811 0.929898
v -0.407074 0.096775 0.094091
vn -0.065011 -0.219044 0.973547
v -0.400733 0.095674 0.094237
vn -0.015763 -0.295272 0.955283
v -0.413073 0.094583 0.093185
vn -0.060229 -0.320619 0.945291
v -0.411513 0.098836 0.094346
vn -0.019342 -0.174157 0.984528
v -0.415084 0.090230 0.091158
vn -0.139774 -0.414136 0.899419
v -0.411480 0.088157 0.090883
vn -0.116799 -0.401078 0.908567
v -0.408989 0.085955 0.090064
vn -0.048296 -0.448395 0.892530
v -0.368858 0.108118 0.040378
vn 0.246199 -0.413191 -0.876732
v -0.365802 0.104377 0.044833
vn 0.459267 -0.540291 -0.705095
v -0.373615 0.100341 0.043039
vn 0.276314 -0.466801 -0.840088
v -0.370135 0.097662 0.048206
vn 0.513261 -0.612848 -0.600817
v -0.377882 0.093811 0.045094
vn 0.356145 -0.519935 -0.776421
v -0.365802 0.104377 0.044833
vn 0.801192 -0.534577 -0.268921
v -0.364620 0.103288 0.051080
vn 0.838433 -0.534633 -0.105818
v -0.370135 0.097662 0.048206
vn 0.743511 -0.630626 -0.222489
v -0.368890 0.096978 0.054693
vn 0.787730 -0.611075 -0.077899
v -0.374721 0.091617 0.051132
vn 0.711783 -0.675713 -0.191774
v -0.378132 0.104052 0.041717
vn 0.005438 -0.305916 -0.952043
v -0.373775 0.111301 0.039165
vn -0.001691 -0.288690 -0.957421
v -0.382913 0.107837 0.040623
vn 0.004152 -0.306732 -0.951787
v -0.382201 0.097428 0.043615
vn 0.035406 -0.288914 -0.956700
v -0.387164 0.101523 0.042384
vn 0.020613 -0.270494 -0.962501
v -0.364802 0.117753 0.037503
vn 0.233209 -0.310733 -0.921444
v -0.369769 0.121593 0.036513
vn 0.023542 -0.220684 -0.975061
v -0.378964 0.116410 0.037793
vn 0.013194 -0.275931 -0.961087
v -0.375274 0.126215 0.035375
vn 0.039452 -0.218070 -0.975135
v -0.361096 0.114491 0.041101
vn 0.454051 -0.424421 -0.783393
v -0.361096 0.114491 0.041101
vn 0.823136 -0.458481 -0.335027
v -0.360042 0.112552 0.047001
vn 0.871068 -0.466968 -0.152255
v -0.357230 0.124172 0.039066
vn 0.482892 -0.281929 -0.829054
v -0.387204 0.083291 0.051969
vn 0.334500 -0.819546 -0.465247
v -0.382372 0.087989 0.047078
vn 0.381860 -0.695087 -0.609128
v -0.379377 0.086229 0.054690
vn 0.479659 -0.788193 -0.385589
v -0.384537 0.081379 0.058640
vn 0.606692 -0.786499 -0.115519
v -0.379377 0.086229 0.054690
vn 0.659830 -0.737061 -0.146169
v -0.378516 0.085556 0.062776
vn 0.695806 -0.717780 0.025412
v -0.374721 0.091617 0.051132
vn 0.557924 -0.679160 -0.476930
v -0.373286 0.091261 0.057970
vn 0.747986 -0.662144 -0.045631
v -0.384537 0.081379 0.058640
vn 0.403018 -0.826459 -0.393118
v -0.392100 0.078931 0.056473
vn 0.294521 -0.840325 -0.455096
v -0.389940 0.076980 0.062986
vn 0.364734 -0.863623 -0.348029
v -0.384611 0.080442 0.065251
vn 0.610745 -0.791092 0.034115
v -0.389940 0.076980 0.062986
vn 0.539487 -0.841728 -0.021149
v -0.388890 0.077924 0.068189
vn 0.555231 -0.822759 0.121600
v -0.395322 0.081167 0.051681
vn 0.143696 -0.800100 -0.582401
v -0.390783 0.085638 0.047183
vn 0.127780 -0.615210 -0.777939
v -0.399526 0.084277 0.047391
vn 0.050106 -0.593876 -0.802995
v -0.386430 0.091248 0.045241
vn 0.057968 -0.329450 -0.942392
v -0.395355 0.089500 0.045560
vn 0.026703 -0.317735 -0.947803
v -0.391169 0.095211 0.043982
vn 0.026703 -0.272229 -0.961862
v -0.382463 0.085736 0.074838
vn 0.661678 -0.648056 0.377101
v -0.382568 0.083257 0.069840
vn 0.669708 -0.703900 0.236676
v -0.378134 0.088031 0.070148
vn 0.730653 -0.630308 0.262409
v -0.379388 0.089554 0.075411
vn 0.709225 -0.581697 0.398282
v -0.374888 0.093826 0.073073
vn 0.770454 -0.536691 0.344040
v -0.373476 0.092047 0.065599
vn 0.784246 -0.593212 0.181817
v -0.382906 0.088339 0.079126
vn 0.646159 -0.591835 0.481881
v -0.379284 0.092842 0.079374
vn 0.688899 -0.536641 0.487273
v -0.375268 0.096825 0.077850
vn 0.757374 -0.463654 0.459793
v -0.386230 0.084876 0.078895
vn 0.588630 -0.652424 0.477344
v -0.386517 0.082258 0.075353
vn 0.598315 -0.698785 0.392070
v -0.386357 0.087166 0.081841
vn 0.576268 -0.611059 0.542698
v -0.387216 0.079760 0.071362
vn 0.591875 -0.760858 0.266042
v -0.365864 0.104343 0.064780
vn 0.868858 -0.426021 0.252175
v -0.370068 0.098438 0.068374
vn 0.829043 -0.480871 0.285396
v -0.369025 0.097420 0.061553
vn 0.830585 -0.541180 0.131348
v -0.364786 0.103489 0.057961
vn 0.869739 -0.481816 0.106805
v -0.361729 0.110895 0.060561
vn 0.900026 -0.376837 0.218967
v -0.360475 0.111428 0.053835
vn 0.904503 -0.421234 0.066601
v -0.363636 0.111569 0.067074
vn 0.880346 -0.330586 0.340152
v -0.367684 0.105531 0.071258
vn 0.852148 -0.367800 0.372247
v -0.371728 0.100468 0.074738
vn 0.814342 -0.414102 0.406653
v -0.421679 0.147939 0.030235
vn 0.003750 -0.142466 -0.989793
v -0.414065 0.143419 0.030825
vn 0.003583 -0.149191 -0.988802
v -0.423739 0.140474 0.031455
vn -0.008574 -0.180981 -0.983449
v -0.416395 0.135854 0.032361
vn -0.013059 -0.203341 -0.979021
v -0.425170 0.133288 0.032950
vn 0.003325 -0.212196 -0.977221
v -0.406285 0.138394 0.031662
vn 0.021686 -0.167000 -0.985718
v -0.408923 0.130630 0.033286
vn -0.003668 -0.231434 -0.972844
v -0.418918 0.128309 0.034056
vn -0.010421 -0.241446 -0.970358
v -0.429849 0.144672 0.030843
vn 0.011427 -0.171546 -0.985110
v -0.428071 0.151788 0.029582
vn 0.017894 -0.151068 -0.988361
v -0.431600 0.138008 0.031975
vn 0.026853 -0.178562 -0.983562
v -0.419705 0.155674 0.029243
vn 0.044730 -0.092727 -0.994686
v -0.426994 0.159625 0.028493
vn 0.044594 -0.081661 -0.995662
v -0.411922 0.151354 0.029960
vn 0.042905 -0.083394 -0.995593
v -0.403902 0.146471 0.030694
vn 0.060608 -0.088751 -0.994208
v -0.429483 0.120981 0.036019
vn 0.030812 -0.261751 -0.964643
v -0.427426 0.126715 0.034503
vn 0.013117 -0.248231 -0.968612
v -0.421573 0.121220 0.035995
vn -0.000667 -0.272166 -0.962250
v -0.424081 0.115361 0.037699
vn 0.018017 -0.268218 -0.963190
v -0.414940 0.115575 0.037665
vn -0.006669 -0.287931 -0.957628
v -0.411803 0.123011 0.035424
vn -0.010250 -0.269772 -0.962870
v -0.431638 0.115617 0.037333
vn 0.031608 -0.268972 -0.962629
v -0.426724 0.109879 0.039056
vn 0.021578 -0.266763 -0.963520
v -0.417878 0.109583 0.039395
vn 0.016258 -0.265667 -0.963928
v -0.420972 0.104027 0.040803
vn 0.015613 -0.265089 -0.964097
v -0.436114 0.120729 0.035693
vn 0.033246 -0.265108 -0.963645
v -0.434364 0.125955 0.034455
vn 0.042028 -0.246883 -0.968134
v -0.432747 0.131584 0.033147
vn 0.040580 -0.219221 -0.974831
v -0.405840 0.098378 0.042578
vn 0.024713 -0.272942 -0.961713
v -0.411718 0.103888 0.041008
vn 0.015829 -0.260048 -0.965466
v -0.402157 0.104483 0.041020
vn 0.025389 -0.272106 -0.961932
v -0.408389 0.109961 0.039400
vn 0.005707 -0.290970 -0.956715
v -0.398557 0.110940 0.039178
vn 0.016566 -0.314454 -0.949128
v -0.405069 0.116634 0.037089
vn -0.003397 -0.293930 -0.955821
v -0.396570 0.099931 0.042501
vn 0.034040 -0.269737 -0.962332
v -0.400468 0.094048 0.044063
vn 0.028272 -0.286769 -0.957583
v -0.392409 0.105733 0.041046
vn 0.028781 -0.296811 -0.954502
v -0.409563 0.092887 0.044147
vn 0.019697 -0.296622 -0.954792
v -0.404466 0.088565 0.045661
vn 0.021334 -0.328271 -0.944343
v -0.415166 0.098290 0.042464
vn 0.013365 -0.272360 -0.962103
v -0.391432 0.127809 0.034195
vn 0.031411 -0.226546 -0.973494
v -0.394809 0.119106 0.036433
vn 0.020955 -0.286667 -0.957801
v -0.401576 0.125413 0.034708
vn 0.004529 -0.251217 -0.967920
v -0.398633 0.133412 0.032848
vn 0.027598 -0.187646 -0.981849
v -0.388524 0.136188 0.032717
vn 0.048177 -0.131711 -0.990117
v -0.395994 0.141711 0.031834
vn 0.060266 -0.103233 -0.992830
v -0.381532 0.131200 0.033958
vn 0.052906 -0.187706 -0.980799
v -0.384807 0.122137 0.035979
vn 0.040683 -0.261916 -0.964233
v -0.388756 0.112569 0.038748
vn 0.026787 -0.313339 -0.949264
v -0.323923 0.270544 0.123891
vn 0.985295 -0.076459 0.152797
v -0.394659 0.074448 0.065700
vn 0.320545 -0.915219 -0.244184
f 1//1 2//2 3//3
f 3//3 4//4 5//5
f 1//1 3//3 7//7
f 7//7 8//8 9//9
f 3//3 5//5 10//10
f 8//8 10//10 11//11
f 1//1 7//7 12//12
f 13//13 12//12 14//14
f 7//7 9//9 15//15
f 12//12 15//15 16//16
f 1//1 13//13 17//17
f 19//19 20//20 21//21
f 20//20 5//5 6//6
f 19//19 22//22 24//24
f 25//25 24//24 26//26
f 22//22 23//23 27//27
f 24//24 27//27 28//28
f 19//19 25//25 20//20
f 20//20 29//29 5//5
f 25//25 30//30 29//29
f 29//29 31//31 10//10
f 32//32 33//33 34//34
f 34//34 35//35 36//36
f 33//33 37//37 38//38
f 35//35 38//38 39//39
f 32//32 34//34 40//40
f 41//41 40//40 42//42
f 34//34 36//36 43//43
f 40//40 43//43 44//44
f 32//32 41//41 45//45
f 45//45 46//46 9//9
f 41//41 47//47 46//46
f 46//46 48//48 15//15
f 32//32 45//45 49//49
f 33//33 49//49 50//50
f 45//45 9//9 51//51
f 49//49 51//51 50//50
f 52//52 53//53 54//54
f 54//54 55//55 56//56
f 53//53 36//36 57//57
f 55//55 57//57 58//58
f 52//52 54//54 59//59
f 60//60 59//59 61//61
f 54//54 56//56 62//62
f 59//59 62//62 63//63
f 52//52 60//60 64//64
f 64//64 65//65 66//66
f 60//60 67//67 65//65
f 65//65 68//68 66//66
f 52//52 64//64 53//53
f 53//53 69//69 36//36
f 64//64 70//70 69//69
f 69//69 71//71 43//43
f 72//72 73//73 74//74
f 75//75 74//74 76//76
f 73//73 56//56 58//58
f 74//74 58//58 39//39
f 72//72 75//75 77//77
f 77//77 78//78 79//79
f 75//75 80//80 78//78
f 78//78 81//81 82//82
f 72//72 77//77 83//83
f 84//84 83//83 85//85
f 77//77 79//79 86//86
f 83//83 86//86 87//87
f 72//72 84//84 73//73
f 73//73 88//88 56//56
f 84//84 89//89 88//88
f 88//88 90//90 62//62
f 91//91 92//92 93//93
f 93//93 94//94 37//37
f 92//92 80//80 94//94
f 94//94 76//76 38//38
f 91//91 93//93 95//95
f 96//96 95//95 31//31
f 93//93 37//37 50//50
f 95//95 50//50 11//11
f 91//91 96//96 97//97
f 97//97 98//98 99//99
f 96//96 30//30 98//98
f 98//98 26//26 100//100
f 91//91 97//97 101//101
f 92//92 101//101 81//81
f 97//97 99//99 102//102
f 101//101 102//102 103//103
f 104//104 105//105 106//106
f 107//107 106//106 108//108
f 105//105 109//109 110//110
f 106//106 110//110 111//111
f 104//104 107//107 112//112
f 112//112 113//113 114//114
f 107//107 115//115 113//113
f 113//113 116//116 117//117
f 104//104 112//112 118//118
f 119//119 118//118 68//68
f 112//112 114//114 120//120
f 118//118 120//120 121//121
f 104//104 119//119 105//105
f 105//105 122//122 109//109
f 119//119 67//67 122//122
f 122//122 61//61 123//123
f 124//124 125//125 126//126
f 126//126 127//127 128//128
f 125//125 115//115 127//127
f 127//127 108//108 129//129
f 124//124 126//126 130//130
f 131//131 130//130 132//132
f 126//126 128//128 133//133
f 130//130 133//133 134//134
f 124//124 131//131 135//135
f 135//135 136//136 137//137
f 131//131 132//132 138//138
f 136//136 138//138 139//139
f 124//124 135//135 140//140
f 125//125 140//140 116//116
f 135//135 137//137 141//141
f 140//140 141//141 142//142
f 143//143 144//144 145//145
f 146//146 145//145 147//147
f 144//144 128//128 129//129
f 145//145 129//129 111//111
f 143//143 146//146 148//148
f 148//148 149//149 150//150
f 146//146 151//151 149//149
f 149//149 152//152 153//153
f 143//143 148//148 154//154
f 155//155 154//154 156//156
f 148//148 150//150 157//157
f 154//154 157//157 158//158
f 143//143 155//155 144//144
f 144//144 159//159 128//128
f 155//155 160//160 159//159
f 159//159 161//161 133//133
f 162//162 163//163 164//164
f 164//164 165//165 109//109
f 163//163 151//151 165//165
f 165//165 147//147 110//110
f 162//162 164//164 166//166
f 167//167 166//166 90//90
f 164//164 109//109 123//123
f 166//166 123//123 63//63
f 162//162 167//167 168//168
f 168//168 169//169 170//170
f 167//167 89//89 169//169
f 169//169 85//85 171//171
f 162//162 168//168 172//172
f 163//163 172//172 152//152
f 168//168 170//170 173//173
f 172//172 173//173 174//174
f 176//176 175//175 177//177
f 175//175 178//178 179//179
f 180//180 181//181 23//23
f 176//176 182//182 181//181
f 181//181 183//183 27//27
f 188//188 189//189 190//190
f 191//191 190//190 192//192
f 189//189 193//193 194//194
f 190//190 194//194 195//195
f 188//188 191//191 196//196
f 196//196 197//197 99//99
f 191//191 198//198 197//197
f 197//197 199//199 102//102
f 188//188 196//196 200//200
f 201//201 200//200 183//183
f 196//196 99//99 100//100
f 200//200 100//100 28//28
f 188//188 201//201 189//189
f 189//189 202//202 193//193
f 201//201 182//182 202//202
f 202//202 177//177 203//203
f 204//204 205//205 206//206
f 206//206 207//207 208//208
f 205//205 198//198 207//207
f 207//207 192//192 209//209
f 204//204 206//206 210//210
f 211//211 210//210 212//212
f 206//206 208//208 213//213
f 210//210 213//213 214//214
f 204//204 211//211 215//215
f 215//215 216//216 79//79
f 211//211 217//217 216//216
f 216//216 218//218 86//86
f 204//204 215//215 219//219
f 205//205 219//219 199//199
f 215//215 79//79 82//82
f 219//219 82//82 103//103
f 220//220 221//221 222//222
f 223//223 222//222 224//224
f 221//221 208//208 209//209
f 222//222 209//209 195//195
f 220//220 223//223 225//225
f 225//225 226//226 227//227
f 223//223 228//228 226//226
f 226//226 229//229 230//230
f 220//220 225//225 231//231
f 232//232 231//231 233//233
f 225//225 227//227 234//234
f 231//231 234//234 235//235
f 220//220 232//232 221//221
f 221//221 236//236 208//208
f 232//232 237//237 236//236
f 236//236 238//238 213//213
f 239//239 240//240 241//241
f 241//241 242//242 193//193
f 240//240 228//228 242//242
f 242//242 224//224 194//194
f 239//239 241//241 243//243
f 244//244 243//243 187//187
f 241//241 193//193 203//203
f 243//243 203//203 179//179
f 239//239 244//244 245//245
f 245//245 246//246 247//247
f 244//244 186//186 246//246
f 246//246 184//184 248//248
f 239//239 245//245 249//249
f 240//240 249//249 229//229
f 245//245 247//247 250//250
f 249//249 250//250 251//251
f 252//252 253//253 254//254
f 254//254 255//255 256//256
f 253//253 257//257 258//258
f 255//255 258//258 259//259
f 252//252 254//254 260//260
f 261//261 260//260 173//173
f 254//254 256//256 262//262
f 260//260 262//262 174//174
f 252//252 261//261 263//263
f 263//263 264//264 218//218
f 261//261 170//170 264//264
f 264//264 171//171 87//87
f 252//252 263//263 253//253
f 253//253 265//265 257//257
f 263//263 217//217 265//265
f 265//265 212//212 266//266
f 267//267 268//268 269//269
f 270//270 269//269 271//271
f 268//268 256//256 259//259
f 269//269 259//259 272//272
f 267//267 270//270 273//273
f 274//274 275//275 276//276
f 277//277 278//278 275//275
f 275//275 279//279 280//280
f 267//267 273//273 281//281
f 282//282 281//281 157//157
f 274//274 276//276 283//283
f 281//281 284//284 158//158
f 267//267 282//282 268//268
f 268//268 285//285 256//256
f 282//282 150//150 285//285
f 285//285 153//153 262//262
f 286//286 287//287 288//288
f 289//289 290//290 291//291
f 287//287 278//278 292//292
f 290//290 271//271 272//272
f 286//286 293//293 294//294
f 294//294 295//295 296//296
f 289//289 297//297 298//298
f 298//298 299//299 300//300
f 286//286 294//294 301//301
f 302//302 301//301 303//303
f 294//294 296//296 304//304
f 301//301 304//304 305//305
f 286//286 302//302 287//287
f 287//287 306//306 278//278
f 302//302 307//307 306//306
f 306//306 308//308 279//279
f 309//309 310//310 311//311
f 311//311 312//312 257//257
f 310//310 297//297 312//312
f 312//312 291//291 258//258
f 309//309 311//311 313//313
f 314//314 313//313 238//238
f 311//311 257//257 266//266
f 313//313 266//266 214//214
f 309//309 314//314 315//315
f 315//315 316//316 317//317
f 314//314 237//237 316//316
f 316//316 233//233 318//318
f 309//309 315//315 319//319
f 310//310 319//319 299//299
f 315//315 317//317 320//320
f 319//319 320//320 321//321
f 322//322 323//323 324//324
f 324//324 325//325 326//326
f 323//323 327//327 325//325
f 325//325 328//328 329//329
f 322//322 324//324 330//330
f 331//331 330//330 71//71
f 324//324 326//326 332//332
f 330//330 332//332 44//44
f 322//322 331//331 333//333
f 333//333 334//334 335//335
f 331//331 70//70 334//334
f 334//334 66//66 121//121
f 322//322 333//333 336//336
f 323//323 336//336 337//337
f 333//333 335//335 338//338
f 336//336 338//338 339//339
f 340//340 341//341 342//342
f 343//343 342//342 344//344
f 341//341 326//326 329//329
f 342//342 329//329 345//345
f 340//340 343//343 346//346
f 346//346 347//347 348//348
f 343//343 349//349 347//347
f 347//347 350//350 351//351
f 340//340 346//346 352//352
f 353//353 352//352 48//48
f 346//346 348//348 354//354
f 352//352 354//354 16//16
f 340//340 353//353 341//341
f 341//341 355//355 326//326
f 353//353 47//47 355//355
f 355//355 42//42 332//332
f 356//356 357//357 358//358
f 358//358 359//359 360//360
f 357//357 349//349 359//359
f 359//359 344//344 361//361
f 356//356 358//358 362//362
f 363//363 362//362 364//364
f 358//358 360//360 365//365
f 362//362 365//365 366//366
f 356//356 363//363 367//367
f 367//367 368//368 369//369
f 363//363 370//370 368//368
f 368//368 371//371 372//372
f 356//356 367//367 373//373
f 357//357 373//373 350//350
f 367//367 369//369 374//374
f 373//373 374//374 375//375
f 376//376 377//377 378//378
f 379//379 378//378 328//328
f 377//377 360//360 361//361
f 378//378 361//361 345//345
f 376//376 379//379 380//380
f 380//380 381//381 382//382
f 379//379 327//327 381//381
f 381//381 337//337 383//383
f 376//376 380//380 384//384
f 385//385 384//384 386//386
f 380//380 382//382 387//387
f 384//384 387//387 388//388
f 376//376 385//385 377//377
f 377//377 389//389 360//360
f 385//385 390//390 389//389
f 389//389 391//391 365//365
f 392//392 393//393 394//394
f 394//394 395//395 396//396
f 393//393 397//397 395//395
f 395//395 398//398 399//399
f 392//392 394//394 400//400
f 401//401 402//402 403//403
f 394//394 396//396 404//404
f 402//402 405//405 406//406
f 392//392 407//407 408//408
f 408//408 409//409 410//410
f 401//401 411//411 412//412
f 412//412 413//413 414//414
f 392//392 408//408 415//415
f 393//393 415//415 416//416
f 408//408 410//410 417//417
f 415//415 417//417 416//416
f 418//418 419//419 420//420
f 421//421 420//420 422//422
f 419//419 396//396 399//399
f 420//420 399//399 423//423
f 418//418 421//421 424//424
f 424//424 425//425 137//137
f 421//421 426//426 425//425
f 425//425 427//427 141//141
f 418//418 424//424 428//428
f 429//429 428//428 430//430
f 424//424 137//137 431//431
f 428//428 431//431 430//430
f 418//418 429//429 419//419
f 419//419 432//432 396//396
f 429//429 433//433 432//432
f 434//434 435//435 405//405
f 436//436 437//437 438//438
f 438//438 439//439 440//440
f 437//437 426//426 439//439
f 439//439 422//422 441//441
f 436//436 438//438 442//442
f 443//443 442//442 338//338
f 438//438 440//440 444//444
f 442//442 444//444 338//338
f 436//436 443//443 445//445
f 445//445 446//446 114//114
f 443//443 335//335 446//446
f 446//446 447//447 120//120
f 436//436 445//445 448//448
f 437//437 448//448 427//427
f 445//445 114//114 117//117
f 448//448 117//117 142//142
f 449//449 450//450 451//451
f 451//451 452//452 398//398
f 450//450 440//440 441//441
f 452//452 441//441 423//423
f 449//449 451//451 453//453
f 454//454 453//453 455//455
f 451//451 397//397 416//416
f 453//453 416//416 456//456
f 449//449 454//454 457//457
f 457//457 458//458 382//382
f 454//454 459//459 458//458
f 458//458 460//460 387//387
f 449//449 457//457 461//461
f 450//450 461//461 440//440
f 457//457 382//382 383//383
f 461//461 383//383 339//339
f 462//462 369//369 372//372
f 465//465 372//372 467//467
f 468//468 469//469 470//470
f 470//470 471//471 348//348
f 469//469 18//18 471//471
f 471//471 14//14 354//354
f 468//468 470//470 472//472
f 470//470 348//348 351//351
f 472//472 351//351 375//375
f 473//473 474//474 475//475
f 476//476 475//475 477//477
f 474//474 478//478 479//479
f 475//475 479//479 480//480
f 473//473 476//476 481//481
f 481//481 482//482 483//483
f 476//476 484//484 482//482
f 482//482 485//485 486//486
f 473//473 481//481 487//487
f 488//488 487//487 413//413
f 481//481 483//483 489//489
f 487//487 489//489 490//490
f 473//473 488//488 474//474
f 474//474 491//491 478//478
f 488//488 411//411 491//491
f 491//491 403//403 492//492
f 493//493 494//494 495//495
f 495//495 496//496 497//497
f 494//494 484//484 496//496
f 496//496 477//477 498//498
f 493//493 495//495 499//499
f 500//500 499//499 501//501
f 495//495 497//497 502//502
f 499//499 502//502 503//503
f 493//493 500//500 504//504
f 504//504 505//505 506//506
f 500//500 507//507 505//505
f 505//505 508//508 509//509
f 493//493 504//504 510//510
f 494//494 510//510 485//485
f 504//504 506//506 511//511
f 510//510 511//511 512//512
f 513//513 514//514 515//515
f 516//516 515//515 517//517
f 514//514 497//497 498//498
f 515//515 498//498 480//480
f 513//513 516//516 518//518
f 518//518 519//519 520//520
f 516//516 521//521 519//519
f 519//519 522//522 523//523
f 513//513 518//518 524//524
f 525//525 524//524 526//526
f 518//518 520//520 527//527
f 524//524 527//527 305//305
f 513//513 525//525 514//514
f 514//514 528//528 497//497
f 525//525 529//529 528//528
f 528//528 530//530 502//502
f 531//531 532//532 533//533
f 533//533 534//534 478//478
f 532//532 521//521 534//534
f 534//534 517//517 479//479
f 531//531 533//533 535//535
f 536//536 535//535 435//435
f 533//533 478//478 492//492
f 535//535 492//492 406//406
f 531//531 536//536 537//537
f 537//537 538//538 539//539
f 536//536 540//540 538//538
f 541//541 430//430 139//139
f 531//531 537//537 542//542
f 532//532 542//542 522//522
f 537//537 543//543 544//544
f 542//542 544//544 545//545
f 546//546 547//547 548//548
f 548//548 549//549 550//550
f 547//547 551//551 549//549
f 549//549 552//552 553//553
f 546//546 548//548 554//554
f 555//555 554//554 544//544
f 548//548 550//550 554//554
f 554//554 556//556 544//544
f 546//546 555//555 557//557
f 558//558 559//559 132//132
f 555//555 543//543 560//560
f 559//559 561//561 138//138
f 546//546 557//557 562//562
f 547//547 562//562 563//563
f 558//558 132//132 134//134
f 564//564 134//134 565//565
f 566//566 567//567 568//568
f 568//568 569//569 570//570
f 567//567 550//550 569//569
f 569//569 553//553 571//571
f 566//566 568//568 572//572
f 573//573 572//572 308//308
f 568//568 570//570 574//574
f 572//572 574//574 280//280
f 566//566 573//573 575//575
f 575//575 576//576 520//520
f 573//573 307//307 576//576
f 576//576 303//303 527//527
f 566//566 575//575 577//577
f 567//567 577//577 556//556
f 575//575 520//520 523//523
f 577//577 523//523 545//545
f 578//578 579//579 580//580
f 581//581 580//580 552//552
f 579//579 570//570 571//571
f 580//580 571//571 582//582
f 578//578 581//581 583//583
f 584//584 585//585 160//160
f 581//581 551//551 586//586
f 585//585 587//587 161//161
f 578//578 583//583 588//588
f 589//589 588//588 283//283
f 584//584 160//160 156//156
f 590//590 156//156 158//158
f 578//578 589//589 579//579
f 579//579 591//591 570//570
f 589//589 276//276 591//591
f 591//591 592//592 574//574
f 593//593 594//594 595//595
f 595//595 596//596 597//597
f 594//594 598//598 596//596
f 596//596 599//599 600//600
f 593//593 595//595 601//601
f 602//602 601//601 603//603
f 595//595 597//597 604//604
f 601//601 604//604 605//605
f 593//593 602//602 606//606
f 606//606 607//607 608//608
f 602//602 609//609 607//607
f 607//607 610//610 611//611
f 593//593 606//606 612//612
f 594//594 612//612 613//613
f 606//606 608//608 614//614
f 612//612 614//614 615//615
f 616//616 617//617 618//618
f 619//619 618//618 620//620
f 617//617 597//597 600//600
f 618//618 600//600 621//621
f 616//616 619//619 622//622
f 622//622 623//623 624//624
f 619//619 625//625 623//623
f 623//623 626//626 627//627
f 616//616 622//622 628//628
f 629//629 628//628 630//630
f 622//622 624//624 631//631
f 628//628 631//631 632//632
f 616//616 629//629 617//617
f 617//617 633//633 597//597
f 629//629 634//634 633//633
f 633//633 635//635 604//604
f 636//636 637//637 638//638
f 638//638 639//639 640//640
f 637//637 625//625 639//639
f 639//639 620//620 641//641
f 636//636 638//638 642//642
f 643//643 642//642 644//644
f 638//638 640//640 645//645
f 642//642 645//645 646//646
f 636//636 643//643 647//647
f 647//647 648//648 649//649
f 643//643 650//650 648//648
f 648//648 651//651 652//652
f 636//636 647//647 653//653
f 637//637 653//653 626//626
f 647//647 649//649 654//654
f 653//653 654//654 655//655
f 656//656 657//657 658//658
f 659//659 658//658 599//599
f 657//657 640//640 641//641
f 658//658 641//641 621//621
f 656//656 659//659 660//660
f 660//660 661//661 662//662
f 659//659 598//598 661//661
f 661//661 613//613 663//663
f 656//656 660//660 664//664
f 665//665 664//664 666//666
f 660//660 662//662 667//667
f 664//664 667//667 668//668
f 656//656 665//665 657//657
f 657//657 669//669 640//640
f 665//665 670//670 669//669
f 669//669 671//671 645//645
f 672//672 673//673 674//674
f 675//675 674//674 676//676
f 673//673 677//677 678//678
f 674//674 678//678 679//679
f 672//672 675//675 680//680
f 680//680 681//681 649//649
f 675//675 682//682 681//681
f 681//681 683//683 654//654
f 672//672 680//680 684//684
f 685//685 684//684 686//686
f 680//680 649//649 652//652
f 684//684 652//652 687//687
f 672//672 685//685 673//673
f 673//673 688//688 677//677
f 685//685 689//689 688//688
f 688//688 690//690 691//691
f 692//692 693//693 694//694
f 694//694 695//695 696//696
f 693//693 682//682 695//695
f 695//695 676//676 697//697
f 692//692 694//694 698//698
f 699//699 698//698 700//700
f 694//694 696//696 701//701
f 698//698 701//701 702//702
f 692//692 699//699 703//703
f 703//703 704//704 624//624
f 699//699 705//705 704//704
f 704//704 706//706 631//631
f 692//692 703//703 707//707
f 693//693 707//707 683//683
f 703//703 624//624 627//627
f 707//707 627//627 655//655
f 708//708 709//709 710//710
f 711//711 710//710 712//712
f 709//709 696//696 697//697
f 710//710 697//697 679//679
f 708//708 711//711 713//713
f 713//713 714//714 506//506
f 711//711 715//715 714//714
f 714//714 716//716 511//511
f 708//708 713//713 717//717
f 718//718 717//717 719//719
f 713//713 506//506 509//509
f 717//717 509//509 720//720
f 708//708 718//718 709//709
f 709//709 721//721 696//696
f 718//718 722//722 721//721
f 721//721 723//723 701//701
f 724//724 725//725 726//726
f 726//726 727//727 677//677
f 725//725 715//715 727//727
f 727//727 712//712 678//678
f 724//724 726//726 728//728
f 729//729 728//728 730//730
f 726//726 677//677 691//691
f 728//728 691//691 731//731
f 724//724 729//729 732//732
f 732//732 733//733 483//483
f 729//729 734//734 733//733
f 733//733 735//735 489//489
f 724//724 732//732 736//736
f 725//725 736//736 716//716
f 732//732 483//483 486//486
f 736//736 486//486 512//512
f 737//737 738//738 739//739
f 740//740 739//739 741//741
f 738//738 742//742 743//743
f 739//739 743//743 744//744
f 737//737 740//740 745//745
f 745//745 746//746 247//247
f 740//740 747//747 746//746
f 746//746 748//748 250//250
f 737//737 745//745 749//749
f 750//750 749//749 751//751
f 745//745 247//247 248//248
f 749//749 248//248 185//185
f 737//737 750//750 738//738
f 738//738 752//752 742//742
f 750//750 753//753 752//752
f 752//752 754//754 755//755
f 756//756 757//757 758//758
f 758//758 759//759 760//760
f 757//757 747//747 759//759
f 759//759 741//741 761//761
f 756//756 758//758 762//762
f 763//763 762//762 764//764
f 758//758 760//760 765//765
f 762//762 765//765 766//766
f 756//756 763//763 767//767
f 767//767 768//768 227//227
f 763//763 769//769 768//768
f 768//768 770//770 234//234
f 756//756 767//767 771//771
f 757//757 771//771 748//748
f 767//767 227//227 230//230
f 771//771 230//230 251//251
f 772//772 773//773 774//774
f 774//774 775//775 776//776
f 777//777 760//760 778//778
f 778//778 761//761 779//779
f 772//772 774//774 780//780
f 781//781 780//780 782//782
f 774//774 776//776 783//783
f 780//780 783//783 784//784
f 772//772 781//781 785//785
f 785//785 786//786 787//787
f 781//781 788//788 786//786
f 786//786 789//789 790//790
f 772//772 785//785 791//791
f 777//777 792//792 760//760
f 785//785 787//787 791//791
f 792//792 793//793 765//765
f 794//794 795//795 796//796
f 797//797 798//798 743//743
f 795//795 776//776 799//799
f 798//798 779//779 744//744
f 794//794 800//800 801//801
f 801//801 802//802 803//803
f 797//797 742//742 804//804
f 804//804 755//755 805//805
f 794//794 801//801 806//806
f 807//807 806//806 808//808
f 801//801 803//803 809//809
f 806//806 809//809 810//810
f 794//794 807//807 795//795
f 795//795 811//811 776//776
f 807//807 812//812 811//811
f 811//811 813//813 783//783
f 814//814 815//815 809//809
f 817//817 818//818 819//819
f 819//819 820//820 821//821
f 822//822 823//823 824//824
f 824//824 825//825 826//826
f 817//817 819//819 827//827
f 828//828 827//827 530//530
f 819//819 821//821 829//829
f 827//827 829//829 503//503
f 817//817 828//828 830//830
f 830//830 831//831 296//296
f 828//828 529//529 831//831
f 831//831 526//526 304//304
f 817//817 830//830 832//832
f 822//822 833//833 834//834
f 830//830 296//296 835//835
f 833//833 300//300 321//321
f 836//836 837//837 838//838
f 839//839 840//840 841//841
f 837//837 821//821 842//842
f 843//843 826//826 844//844
f 836//836 845//845 846//846
f 846//846 847//847 848//848
f 839//839 849//849 850//850
f 850//850 851//851 852//852
f 836//836 846//846 853//853
f 854//854 853//853 508//508
f 846//846 848//848 855//855
f 853//853 855//855 720//720
f 836//836 854//854 837//837
f 837//837 856//856 821//821
f 854//854 507//507 856//856
f 856//856 501//501 829//829
f 857//857 858//858 859//859
f 860//860 861//861 862//862
f 858//858 849//849 863//863
f 861//861 864//864 865//865
f 857//857 859//859 866//866
f 867//867 866//866 868//868
f 860//860 862//862 869//869
f 870//870 869//869 766//766
f 857//857 867//867 871//871
f 871//871 872//872 873//873
f 867//867 787//787 872//872
f 872//872 790//790 874//874
f 857//857 871//871 875//875
f 858//858 875//875 851//851
f 871//871 873//873 876//876
f 875//875 876//876 877//877
f 878//878 879//879 880//880
f 881//881 880//880 825//825
f 879//879 862//862 865//865
f 880//880 865//865 844//844
f 878//878 881//881 882//882
f 882//882 883//883 317//317
f 881//881 823//823 883//883
f 883//883 834//834 320//320
f 878//878 882//882 884//884
f 885//885 884//884 770//770
f 882//882 317//317 318//318
f 884//884 318//318 235//235
f 878//878 885//885 879//879
f 879//879 886//886 862//862
f 885//885 769//769 886//886
f 886//886 764//764 869//869
f 887//887 888//888 889//889
f 890//890 889//889 891//891
f 888//888 892//892 893//893
f 889//889 893//893 894//894
f 887//887 890//890 895//895
f 895//895 896//896 897//897
f 890//890 891//891 896//896
f 896//896 898//898 899//899
f 887//887 895//895 900//900
f 901//901 900//900 371//371
f 895//895 897//897 902//902
f 900//900 902//902 467//467
f 887//887 901//901 888//888
f 888//888 903//903 892//892
f 901//901 370//370 903//903
f 903//903 364//364 904//904
f 905//905 906//906 907//907
f 908//908 907//907 909//909
f 906//906 891//891 894//894
f 907//907 894//894 910//910
f 905//905 908//908 911//911
f 911//911 912//912 913//913
f 908//908 914//914 912//912
f 912//912 915//915 916//916
f 905//905 911//911 917//917
f 918//918 917//917 919//919
f 911//911 913//913 920//920
f 917//917 920//920 921//921
f 905//905 918//918 906//906
f 906//906 922//922 891//891
f 918//918 923//923 922//922
f 922//922 924//924 898//898
f 925//925 926//926 927//927
f 927//927 928//928 929//929
f 926//926 914//914 928//928
f 928//928 909//909 930//930
f 925//925 927//927 931//931
f 932//932 931//931 933//933
f 927//927 929//929 934//934
f 931//931 934//934 935//935
f 925//925 932//932 936//936
f 936//936 937//937 938//938
f 932//932 939//939 937//937
f 937//937 940//940 941//941
f 925//925 936//936 942//942
f 926//926 942//942 915//915
f 936//936 938//938 943//943
f 942//942 943//943 944//944
f 945//945 946//946 947//947
f 948//948 947//947 892//892
f 946//946 929//929 930//930
f 947//947 930//930 910//910
f 945//945 948//948 949//949
f 950//950 949//949 391//391
f 948//948 892//892 904//904
f 949//949 904//904 366//366
f 945//945 950//950 951//951
f 951//951 952//952 953//953
f 950//950 390//390 952//952
f 952//952 386//386 954//954
f 945//945 951//951 946//946
f 946//946 955//955 929//929
f 951//951 953//953 955//955
f 955//955 956//956 934//934
f 957//957 958//958 959//959
f 960//960 959//959 961//961
f 958//958 962//962 963//963
f 959//959 963//963 964//964
f 957//957 960//960 965//965
f 965//965 966//966 967//967
f 960//960 968//968 966//966
f 966//966 969//969 970//970
f 957//957 965//965 971//971
f 972//972 971//971 973//973
f 965//965 967//967 974//974
f 971//971 974//974 975//975
f 957//957 972//972 958//958
f 958//958 976//976 962//962
f 972//972 977//977 976//976
f 976//976 978//978 979//979
f 980//980 981//981 982//982
f 982//982 983//983 984//984
f 981//981 968//968 983//983
f 983//983 961//961 985//985
f 980//980 982//982 986//986
f 987//987 986//986 813//813
f 982//982 984//984 988//988
f 986//986 988//988 784//784
f 980//980 987//987 989//989
f 989//989 990//990 991//991
f 987//987 812//812 990//990
f 990//990 808//808 992//992
f 980//980 989//989 993//993
f 981//981 993//993 969//969
f 989//989 991//991 994//994
f 993//993 994//994 995//995
f 996//996 997//997 998//998
f 999//999 998//998 1000//1000
f 997//997 984//984 985//985
f 998//998 985//985 964//964
f 996//996 999//999 1001//1001
f 1001//1001 1002//1002 1003//1003
f 999//999 1004//1004 1002//1002
f 1002//1002 1005//1005 1006//1006
f 996//996 1001//1001 1007//1007
f 1008//1008 1007//1007 789//789
f 1001//1001 1003//1003 1009//1009
f 1007//1007 1009//1009 1010//1010
f 996//996 1008//1008 997//997
f 997//997 1011//1011 984//984
f 1008//1008 788//788 1011//1011
f 1011//1011 782//782 988//988
f 1012//1012 1013//1013 1014//1014
f 1014//1014 1015//1015 962//962
f 1013//1013 1004//1004 1015//1015
f 1015//1015 1000//1000 963//963
f 1012//1012 1014//1014 1016//1016
f 1017//1017 1016//1016 1018//1018
f 1014//1014 962//962 979//979
f 1016//1016 979//979 1019//1019
f 1012//1012 1017//1017 1020//1020
f 1020//1020 1021//1021 1022//1022
f 1017//1017 1023//1023 1021//1021
f 1021//1021 1024//1024 1025//1025
f 1012//1012 1020//1020 1026//1026
f 1013//1013 1026//1026 1005//1005
f 1020//1020 1022//1022 1027//1027
f 1026//1026 1027//1027 1028//1028
f 1029//1029 1030//1030 1031//1031
f 1031//1031 1032//1032 1033//1033
f 1034//1034 1035//1035 1036//1036
f 1036//1036 1037//1037 1038//1038
f 1029//1029 1031//1031 1039//1039
f 1040//1040 1039//1039 723//723
f 1031//1031 1033//1033 1041//1041
f 1039//1039 1041//1041 702//702
f 1029//1029 1040//1040 1042//1042
f 1042//1042 1043//1043 848//848
f 1040//1040 722//722 1043//1043
f 1043//1043 719//719 855//855
f 1029//1029 1042//1042 1044//1044
f 1034//1034 1045//1045 1046//1046
f 1042//1042 848//848 1047//1047
f 1045//1045 852//852 877//877
f 1048//1048 1049//1049 1050//1050
f 1051//1051 1052//1052 1053//1053
f 1049//1049 1033//1033 1054//1054
f 1052//1052 1038//1038 1055//1055
f 1048//1048 1056//1056 1057//1057
f 1057//1057 1058//1058 1059//1059
f 1051//1051 1060//1060 1061//1061
f 1061//1061 1062//1062 1063//1063
f 1048//1048 1057//1057 1064//1064
f 1065//1065 1064//1064 706//706
f 1057//1057 1059//1059 1066//1066
f 1064//1064 1066//1066 632//632
f 1048//1048 1065//1065 1049//1049
f 1049//1049 1067//1067 1033//1033
f 1065//1065 705//705 1067//1067
f 1067//1067 700//700 1041//1041
f 1068//1068 1069//1069 1070//1070
f 1070//1070 1071//1071 1072//1072
f 1069//1069 1060//1060 1071//1071
f 1071//1071 1053//1053 1073//1073
f 1068//1068 1070//1070 1074//1074
f 1075//1075 1074//1074 1027//1027
f 1070//1070 1072//1072 1076//1076
f 1074//1074 1076//1076 1028//1028
f 1068//1068 1075//1075 1077//1077
f 1077//1077 1078//1078 1079//1079
f 1075//1075 1022//1022 1078//1078
f 1078//1078 1025//1025 1080//1080
f 1068//1068 1077//1077 1081//1081
f 1069//1069 1081//1081 1062//1062
f 1077//1077 1079//1079 1082//1082
f 1081//1081 1082//1082 1083//1083
f 1084//1084 1085//1085 1086//1086
f 1087//1087 1086//1086 1037//1037
f 1085//1085 1072//1072 1073//1073
f 1086//1086 1073//1073 1055//1055
f 1084//1084 1087//1087 1088//1088
f 1088//1088 1089//1089 873//873
f 1087//1087 1035//1035 1089//1089
f 1089//1089 1046//1046 876//876
f 1084//1084 1088//1088 1090//1090
f 1091//1091 1090//1090 1003//1003
f 1088//1088 873//873 874//874
f 1090//1090 874//874 1009//1009
f 1084//1084 1091//1091 1085//1085
f 1085//1085 1092//1092 1072//1072
f 1091//1091 1003//1003 1006//1006
f 1092//1092 1006//1006 1076//1076
f 1093//1093 1094//1094 1095//1095
f 1095//1095 1096//1096 991//991
f 1094//1094 1097//1097 1096//1096
f 1096//1096 1098//1098 994//994
f 1093//1093 1095//1095 1099//1099
f 1095//1095 991//991 992//992
f 1099//1099 992//992 810//810
f 1100//1100 1102//1102 1103//1103
f 1103//1103 1104//1104 967//967
f 1102//1102 1105//1105 1104//1104
f 1104//1104 1106//1106 974//974
f 1100//1100 1103//1103 1107//1107
f 1101//1101 1107//1107 1098//1098
f 1103//1103 967//967 970//970
f 1107//1107 970//970 995//995
f 1108//1108 919//919 1109//1109
f 1112//1112 1113//1113 1114//1114
f 1114//1114 1115//1115 1116//1116
f 1113//1113 1117//1117 1115//1115
f 1115//1115 1118//1118 1119//1119
f 1112//1112 1114//1114 1120//1120
f 1121//1121 1122//1122 690//690
f 1114//1114 1116//1116 1123//1123
f 1122//1122 1124//1124 731//731
f 1112//1112 1125//1125 1126//1126
f 1126//1126 1127//1127 1128//1128
f 1121//1121 689//689 1129//1129
f 1129//1129 686//686 1130//1130
f 1112//1112 1126//1126 1131//1131
f 1113//1113 1131//1131 1132//1132
f 1126//1126 1128//1128 1133//1133
f 1131//1131 1133//1133 1134//1134
f 1135//1135 1136//1136 1137//1137
f 1138//1138 1137//1137 1139//1139
f 1136//1136 1116//1116 1119//1119
f 1137//1137 1119//1119 1140//1140
f 1135//1135 1138//1138 1141//1141
f 1142//1142 1141//1141 417//417
f 1138//1138 1139//1139 1143//1143
f 1141//1141 1143//1143 456//456
f 1135//1135 1142//1142 1144//1144
f 1145//1145 1146//1146 735//735
f 1142//1142 410//410 1147//1147
f 1146//1146 414//414 490//490
f 1135//1135 1148//1148 1136//1136
f 1136//1136 1149//1149 1116//1116
f 1145//1145 734//734 1150//1150
f 1150//1150 730//730 1124//1124
f 1151//1151 1152//1152 1153//1153
f 1154//1154 1153//1153 1155//1155
f 1152//1152 1139//1139 1140//1140
f 1153//1153 1140//1140 1156//1156
f 1151//1151 1154//1154 1157//1157
f 1157//1157 1158//1158 953//953
f 1154//1154 1159//1159 1158//1158
f 1158//1158 1160//1160 935//935
f 1151//1151 1157//1157 1161//1161
f 1162//1162 1161//1161 460//460
f 1157//1157 953//953 954//954
f 1161//1161 954//954 388//388
f 1151//1151 1162//1162 1152//1152
f 1152//1152 1163//1163 1139//1139
f 1162//1162 459//459 1163//1163
f 1163//1163 455//455 1143//1143
f 1164//1164 1165//1165 1166//1166
f 1167//1167 1166//1166 1118//1118
f 1165//1165 1159//1159 1155//1155
f 1166//1166 1155//1155 1118//1118
f 1164//1164 1167//1167 1168//1168
f 1168//1168 1169//1169 1170//1170
f 1167//1167 1117//1117 1169//1169
f 1169//1169 1132//1132 1170//1170
f 1164//1164 1168//1168 1171//1171
f 1172//1172 1171//1171 940//940
f 1168//1168 1173//1173 1171//1171
f 1171//1171 1174//1174 940//940
f 1164//1164 1172//1172 1165//1165
f 1165//1165 1175//1175 1159//1159
f 1172//1172 939//939 1175//1175
f 1175//1175 933//933 1160//1160
f 1176//1176 1177//1177 1178//1178
f 1178//1178 1179//1179 1180//1180
f 1177//1177 1181//1181 1179//1179
f 1179//1179 1182//1182 1183//1183
f 1176//1176 1178//1178 1184//1184
f 1185//1185 1184//1184 1186//1186
f 1178//1178 1180//1180 1187//1187
f 1184//1184 1187//1187 1188//1188
f 1176//1176 1185//1185 1189//1189
f 1189//1189 1190//1190 913//913
f 1185//1185 1191//1191 1190//1190
f 1190//1190 1192//1192 920//920
f 1176//1176 1189//1189 1193//1193
f 1177//1177 1193//1193 1194//1194
f 1189//1189 913//913 916//916
f 1193//1193 916//916 944//944
f 1195//1195 1196//1196 1197//1197
f 1198//1198 1197//1197 1199//1199
f 1196//1196 1180//1180 1183//1183
f 1197//1197 1183//1183 1200//1200
f 1195//1195 1198//1198 1201//1201
f 1201//1201 1202//1202 1203//1203
f 1198//1198 1204//1204 1202//1202
f 1202//1202 1205//1205 1206//1206
f 1195//1195 1201//1201 1207//1207
f 1208//1208 1207//1207 1209//1209
f 1201//1201 1203//1203 1210//1210
f 1207//1207 1210//1210 1211//1211
f 1195//1195 1208//1208 1196//1196
f 1196//1196 1212//1212 1180//1180
f 1208//1208 1213//1213 1212//1212
f 1212//1212 1214//1214 1187//1187
f 1215//1215 1216//1216 1217//1217
f 1217//1217 1218//1218 1219//1219
f 1216//1216 1204//1204 1218//1218
f 1218//1218 1199//1199 1220//1220
f 1215//1215 1217//1217 1221//1221
f 1222//1222 1221//1221 1223//1223
f 1217//1217 1219//1219 1224//1224
f 1221//1221 1224//1224 1225//1225
f 1215//1215 1222//1222 1226//1226
f 1226//1226 1227//1227 1228//1228
f 1222//1222 1229//1229 1227//1227
f 1227//1227 1230//1230 1231//1231
f 1215//1215 1226//1226 1232//1232
f 1216//1216 1232//1232 1205//1205
f 1226//1226 1228//1228 1233//1233
f 1232//1232 1233//1233 1234//1234
f 1235//1235 1236//1236 1237//1237
f 1238//1238 1237//1237 1182//1182
f 1236//1236 1219//1219 1220//1220
f 1237//1237 1220//1220 1200//1200
f 1235//1235 1238//1238 1239//1239
f 1239//1239 1240//1240 938//938
f 1238//1238 1181//1181 1240//1240
f 1240//1240 1194//1194 943//943
f 1235//1235 1239//1239 1241//1241
f 1242//1242 1241//1241 1243//1243
f 1239//1239 938//938 941//941
f 1241//1241 941//941 1244//1244
f 1235//1235 1242//1242 1236//1236
f 1236//1236 1245//1245 1219//1219
f 1242//1242 1246//1246 1245//1245
f 1245//1245 1247//1247 1224//1224
f 1248//1248 1249//1249 1250//1250
f 1250//1250 1251//1251 1252//1252
f 1249//1249 1253//1253 1251//1251
f 1251//1251 1254//1254 1255//1255
f 1248//1248 1250//1250 1256//1256
f 1257//1257 1256//1256 1258//1258
f 1250//1250 1252//1252 1259//1259
f 1256//1256 1259//1259 1260//1260
f 1248//1248 1257//1257 1261//1261
f 1261//1261 1262//1262 1203//1203
f 1257//1257 1263//1263 1262//1262
f 1262//1262 1264//1264 1210//1210
f 1248//1248 1261//1261 1265//1265
f 1249//1249 1265//1265 1266//1266
f 1261//1261 1203//1203 1206//1206
f 1265//1265 1206//1206 1234//1234
f 1267//1267 1268//1268 1269//1269
f 1270//1270 1269//1269 1271//1271
f 1268//1268 1252//1252 1255//1255
f 1269//1269 1255//1255 1272//1272
f 1267//1267 1270//1270 1273//1273
f 1273//1273 1274//1274 1275//1275
f 1270//1270 1276//1276 1274//1274
f 1274//1274 1277//1277 1275//1275
f 1267//1267 1273//1273 1278//1278
f 1279//1279 1278//1278 1280//1280
f 1273//1273 1281//1281 1278//1278
f 1278//1278 1282//1282 1280//1280
f 1267//1267 1279//1279 1268//1268
f 1268//1268 1283//1283 1252//1252
f 1279//1279 1284//1284 1283//1283
f 1283//1283 1285//1285 1259//1259
f 1286//1286 1287//1287 1288//1288
f 1288//1288 1289//1289 1290//1290
f 1287//1287 1276//1276 1289//1289
f 1289//1289 1271//1271 1291//1291
f 1286//1286 1288//1288 1292//1292
f 1293//1293 1292//1292 1294//1294
f 1288//1288 1290//1290 1295//1295
f 1292//1292 1295//1295 1296//1296
f 1286//1286 1293//1293 1297//1297
f 1297//1297 1298//1298 1299//1299
f 1293//1293 1300//1300 1298//1298
f 1298//1298 1301//1301 1302//1302
f 1286//1286 1297//1297 1303//1303
f 1287//1287 1303//1303 1277//1277
f 1297//1297 1299//1299 1304//1304
f 1303//1303 1304//1304 1305//1305
f 1306//1306 1307//1307 1308//1308
f 1309//1309 1308//1308 1254//1254
f 1307//1307 1290//1290 1291//1291
f 1308//1308 1291//1291 1272//1272
f 1306//1306 1309//1309 1310//1310
f 1310//1310 1311//1311 1228//1228
f 1309//1309 1253//1253 1311//1311
f 1311//1311 1266//1266 1233//1233
f 1306//1306 1310//1310 1312//1312
f 1313//1313 1312//1312 1314//1314
f 1310//1310 1228//1228 1231//1231
f 1312//1312 1231//1231 1315//1315
f 1306//1306 1313//1313 1307//1307
f 1307//1307 1316//1316 1290//1290
f 1313//1313 1317//1317 1316//1316
f 1316//1316 1318//1318 1295//1295
f 1319//1319 1320//1320 1321//1321
f 1322//1322 1321//1321 1323//1323
f 1320//1320 1324//1324 1325//1325
f 1321//1321 1325//1325 1326//1326
f 1319//1319 1322//1322 1327//1327
f 1327//1327 1328//1328 1329//1329
f 1322//1322 1330//1330 1328//1328
f 1328//1328 1331//1331 1332//1332
f 1319//1319 1327//1327 1333//1333
f 1334//1334 1333//1333 1282//1282
f 1327//1327 1329//1329 1335//1335
f 1333//1333 1335//1335 1336//1336
f 1319//1319 1334//1334 1320//1320
f 1320//1320 1337//1337 1324//1324
f 1334//1334 1281//1281 1337//1337
f 1337//1337 1275//1275 1338//1338
f 1339//1339 1340//1340 1341//1341
f 1341//1341 1342//1342 1343//1343
f 1340//1340 1330//1330 1342//1342
f 1342//1342 1323//1323 1344//1344
f 1339//1339 1341//1341 1345//1345
f 1346//1346 1345//1345 978//978
f 1341//1341 1343//1343 1347//1347
f 1345//1345 1347//1347 1019//1019
f 1339//1339 1346//1346 1348//1348
f 1348//1348 1349//1349 1350//1350
f 1346//1346 977//977 1349//1349
f 1349//1349 973//973 1351//1351
f 1339//1339 1348//1348 1352//1352
f 1340//1340 1352//1352 1331//1331
f 1348//1348 1350//1350 1353//1353
f 1352//1352 1353//1353 1354//1354
f 1355//1355 1356//1356 1357//1357
f 1358//1358 1357//1357 1359//1359
f 1356//1356 1343//1343 1344//1344
f 1357//1357 1344//1344 1326//1326
f 1355//1355 1358//1358 1360//1360
f 1360//1360 1361//1361 1362//1362
f 1358//1358 1363//1363 1361//1361
f 1361//1361 1364//1364 1365//1365
f 1355//1355 1360//1360 1366//1366
f 1367//1367 1366//1366 1024//1024
f 1360//1360 1362//1362 1368//1368
f 1366//1366 1368//1368 1369//1369
f 1355//1355 1367//1367 1356//1356
f 1356//1356 1370//1370 1343//1343
f 1367//1367 1023//1023 1370//1370
f 1370//1370 1018//1018 1347//1347
f 1371//1371 1372//1372 1373//1373
f 1373//1373 1374//1374 1324//1324
f 1372//1372 1363//1363 1374//1374
f 1374//1374 1359//1359 1325//1325
f 1371//1371 1373//1373 1375//1375
f 1376//1376 1375//1375 1304//1304
f 1373//1373 1324//1324 1338//1338
f 1375//1375 1338//1338 1305//1305
f 1371//1371 1376//1376 1377//1377
f 1377//1377 1378//1378 1379//1379
f 1376//1376 1299//1299 1378//1378
f 1378//1378 1302//1302 1380//1380
f 1371//1371 1377//1377 1381//1381
f 1372//1372 1381//1381 1364//1364
f 1377//1377 1379//1379 1382//1382
f 1381//1381 1382//1382 1383//1383
f 1384//1384 1385//1385 1387//1387
f 1388//1388 1387//1387 1214//1214
f 1385//1385 1386//1386 1389//1389
f 1387//1387 1389//1389 1188//1188
f 1384//1384 1388//1388 1390//1390
f 1390//1390 1391//1391 1392//1392
f 1388//1388 1213//1213 1391//1391
f 1391//1391 1209//1209 1393//1393
f 1396//1396 1395//1395 1192//1192
f 1395//1395 1109//1109 921//921
f 1394//1394 1397//1397 1386//1386
f 1396//1396 1191//1191 1397//1397
f 1397//1397 1186//1186 1389//1389
f 1398//1398 1399//1399 1400//1400
f 1400//1400 1401//1401 1284//1284
f 1401//1401 1402//1402 1260//1260
f 1398//1398 1400//1400 1403//1403
f 1404//1404 1403//1403 1405//1405
f 1400//1400 1284//1284 1280//1280
f 1403//1403 1280//1280 1336//1336
f 1409//1409 1408//1408 1264//1264
f 1407//1407 1392//1392 1393//1393
f 1408//1408 1393//1393 1211//1211
f 1409//1409 1263//1263 1410//1410
f 1410//1410 1258//1258 1402//1402
f 1411//1411 1412//1412 1413//1413
f 1413//1413 1414//1414 1350//1350
f 1412//1412 1415//1415 1414//1414
f 1414//1414 1416//1416 1353//1353
f 1411//1411 1413//1413 1417//1417
f 1418//1418 1417//1417 1106//1106
f 1413//1413 1350//1350 1351//1351
f 1417//1417 1351//1351 975//975
f 1419//1419 1421//1421 1422//1422
f 1422//1422 1423//1423 1329//1329
f 1421//1421 1406//1406 1423//1423
f 1423//1423 1405//1405 1335//1335
f 1419//1419 1422//1422 1424//1424
f 1420//1420 1424//1424 1416//1416
f 1422//1422 1329//1329 1332//1332
f 1424//1424 1332//1332 1354//1354
f 1425//1425 1426//1426 1427//1427
f 1428//1428 1427//1427 1429//1429
f 1426//1426 1430//1430 1431//1431
f 1427//1427 1431//1431 1432//1432
f 1433//1433 1434//1434 1435//1435
f 1435//1435 1436//1436 671//671
f 1428//1428 1437//1437 1438//1438
f 1436//1436 1439//1439 646//646
f 1433//1433 1435//1435 1440//1440
f 1441//1441 1440//1440 1442//1442
f 1435//1435 670//670 1440//1440
f 1440//1440 666//666 668//668
f 1425//1425 1443//1443 1426//1426
f 1426//1426 1444//1444 1430//1430
f 1443//1443 1445//1445 1444//1444
f 1444//1444 1446//1446 1447//1447
f 1448//1448 1449//1449 1450//1450
f 1451//1451 1450//1450 1452//1452
f 1449//1449 1437//1437 1429//1429
f 1450//1450 1429//1429 1453//1453
f 1448//1448 1451//1451 1454//1454
f 1454//1454 1455//1455 1128//1128
f 1451//1451 1452//1452 1455//1455
f 1455//1455 1456//1456 1133//1133
f 1448//1448 1454//1454 1457//1457
f 1458//1458 1459//1459 651//651
f 1454//1454 1128//1128 1460//1460
f 1459//1459 1130//1130 687//687
f 1448//1448 1461//1461 1449//1449
f 1449//1449 1462//1462 1437//1437
f 1458//1458 650//650 1463//1463
f 1463//1463 644//644 1439//1439
f 1464//1464 1465//1465 1466//1466
f 1467//1467 1466//1466 1468//1468
f 1465//1465 1452//1452 1453//1453
f 1466//1466 1453//1453 1432//1432
f 1464//1464 1467//1467 1469//1469
f 1469//1469 1470//1470 1471//1471
f 1467//1467 1472//1472 1470//1470
f 1470//1470 1473//1473 1474//1474
f 1464//1464 1469//1469 1475//1475
f 1476//1476 1475//1475 1174//1174
f 1469//1469 1471//1471 1477//1477
f 1475//1475 1477//1477 1244//1244
f 1464//1464 1476//1476 1465//1465
f 1465//1465 1478//1478 1452//1452
f 1476//1476 1173//1173 1478//1478
f 1478//1478 1170//1170 1134//1134
f 1479//1479 1480//1480 1481//1481
f 1481//1481 1482//1482 1430//1430
f 1480//1480 1472//1472 1482//1482
f 1482//1482 1468//1468 1431//1431
f 1479//1479 1481//1481 1483//1483
f 1484//1484 1483//1483 1485//1485
f 1481//1481 1430//1430 1447//1447
f 1483//1483 1447//1447 1486//1486
f 1479//1479 1484//1484 1487//1487
f 1487//1487 1488//1488 1489//1489
f 1484//1484 1490//1490 1488//1488
f 1488//1488 1491//1491 1492//1492
f 1479//1479 1487//1487 1493//1493
f 1480//1480 1493//1493 1473//1473
f 1487//1487 1489//1489 1494//1494
f 1493//1493 1494//1494 1495//1495
f 1496//1496 1497//1497 1498//1498
f 1498//1498 1499//1499 1500//1500
f 1497//1497 1501//1501 1499//1499
f 1499//1499 1502//1502 1503//1503
f 1496//1496 1498//1498 1504//1504
f 1505//1505 1504//1504 1446//1446
f 1498//1498 1500//1500 1506//1506
f 1504//1504 1506//1506 1486//1486
f 1507//1507 1508//1508 1509//1509
f 1509//1509 1510//1510 1511//1511
f 1508//1508 1512//1512 1510//1510
f 1510//1510 1442//1442 1513//1513
f 1507//1507 1509//1509 1514//1514
f 1515//1515 1514//1514 1516//1516
f 1509//1509 1511//1511 1517//1517
f 1514//1514 1517//1517 1518//1518
f 1519//1519 1520//1520 1521//1521
f 1522//1522 1521//1521 1523//1523
f 1520//1520 1500//1500 1503//1503
f 1521//1521 1503//1503 1524//1524
f 1519//1519 1522//1522 1525//1525
f 1525//1525 1526//1526 1527//1527
f 1522//1522 1528//1528 1526//1526
f 1526//1526 1529//1529 1530//1530
f 1519//1519 1525//1525 1531//1531
f 1532//1532 1531//1531 1491//1491
f 1525//1525 1527//1527 1533//1533
f 1531//1531 1533//1533 1534//1534
f 1519//1519 1532//1532 1520//1520
f 1520//1520 1535//1535 1500//1500
f 1532//1532 1490//1490 1535//1535
f 1535//1535 1485//1485 1506//1506
f 1536//1536 1537//1537 1538//1538
f 1538//1538 1539//1539 1540//1540
f 1537//1537 1528//1528 1539//1539
f 1539//1539 1523//1523 1541//1541
f 1536//1536 1538//1538 1542//1542
f 1543//1543 1542//1542 1544//1544
f 1538//1538 1540//1540 1545//1545
f 1542//1542 1545//1545 1546//1546
f 1536//1536 1543//1543 1547//1547
f 1547//1547 1548//1548 1549//1549
f 1543//1543 1550//1550 1548//1548
f 1548//1548 1551//1551 1552//1552
f 1536//1536 1547//1547 1553//1553
f 1537//1537 1553//1553 1529//1529
f 1547//1547 1549//1549 1554//1554
f 1553//1553 1554//1554 1555//1555
f 1556//1556 1557//1557 1558//1558
f 1559//1559 1558//1558 1502//1502
f 1557//1557 1540//1540 1541//1541
f 1558//1558 1541//1541 1524//1524
f 1560//1560 1561//1561 1562//1562
f 1562//1562 1563//1563 1564//1564
f 1561//1561 1565//1565 1563//1563
f 1563//1563 1516//1516 1566//1566
f 1560//1560 1562//1562 1567//1567
f 1568//1568 1567//1567 1569//1569
f 1562//1562 1564//1564 1570//1570
f 1567//1567 1570//1570 1571//1571
f 1556//1556 1572//1572 1557//1557
f 1557//1557 1573//1573 1540//1540
f 1572//1572 1574//1574 1573//1573
f 1573//1573 1575//1575 1545//1545
f 1576//1576 1577//1577 1578//1578
f 1578//1578 1579//1579 1580//1580
f 1577//1577 1581//1581 1579//1579
f 1579//1579 1582//1582 1583//1583
f 1576//1576 1578//1578 1584//1584
f 1585//1585 1584//1584 1247//1247
f 1578//1578 1580//1580 1586//1586
f 1584//1584 1586//1586 1225//1225
f 1576//1576 1585//1585 1587//1587
f 1587//1587 1588//1588 1471//1471
f 1585//1585 1246//1246 1588//1588
f 1588//1588 1243//1243 1477//1477
f 1576//1576 1587//1587 1589//1589
f 1577//1577 1589//1589 1590//1590
f 1587//1587 1471//1471 1474//1474
f 1589//1589 1474//1474 1495//1495
f 1591//1591 1592//1592 1593//1593
f 1594//1594 1593//1593 1595//1595
f 1592//1592 1580//1580 1583//1583
f 1593//1593 1583//1583 1596//1596
f 1591//1591 1594//1594 1597//1597
f 1597//1597 1598//1598 1599//1599
f 1594//1594 1595//1595 1600//1600
f 1598//1598 1600//1600 1601//1601
f 1591//1591 1597//1597 1602//1602
f 1603//1603 1602//1602 1230//1230
f 1597//1597 1604//1604 1602//1602
f 1602//1602 1605//1605 1230//1230
f 1591//1591 1603//1603 1592//1592
f 1592//1592 1606//1606 1580//1580
f 1603//1603 1229//1229 1606//1606
f 1606//1606 1223//1223 1586//1586
f 1607//1607 1608//1608 1609//1609
f 1610//1610 1609//1609 1582//1582
f 1608//1608 1595//1595 1611//1611
f 1609//1609 1611//1611 1596//1596
f 1607//1607 1610//1610 1612//1612
f 1612//1612 1613//1613 1489//1489
f 1610//1610 1581//1581 1613//1613
f 1613//1613 1590//1590 1494//1494
f 1607//1607 1612//1612 1614//1614
f 1615//1615 1614//1614 1616//1616
f 1612//1612 1489//1489 1492//1492
f 1614//1614 1492//1492 1534//1534
f 1607//1607 1615//1615 1608//1608
f 1608//1608 1617//1617 1595//1595
f 1615//1615 1618//1618 1617//1617
f 1617//1617 1619//1619 1600//1600
f 1620//1620 1621//1621 1622//1622
f 1622//1622 1623//1623 1624//1624
f 1621//1621 1625//1625 1623//1623
f 1623//1623 1626//1626 1627//1627
f 1620//1620 1622//1622 1628//1628
f 1629//1629 1628//1628 1318//1318
f 1622//1622 1624//1624 1630//1630
f 1628//1628 1630//1630 1296//1296
f 1620//1620 1629//1629 1631//1631
f 1631//1631 1632//1632 1633//1633
f 1629//1629 1317//1317 1632//1632
f 1632//1632 1314//1314 1634//1634
f 1620//1620 1631//1631 1635//1635
f 1621//1621 1635//1635 1636//1636
f 1631//1631 1633//1633 1637//1637
f 1635//1635 1637//1637 1638//1638
f 1639//1639 1640//1640 1641//1641
f 1642//1642 1641//1641 1643//1643
f 1640//1640 1624//1624 1627//1627
f 1641//1641 1627//1627 1644//1644
f 1639//1639 1642//1642 1645//1645
f 1645//1645 1646//1646 1647//1647
f 1642//1642 1648//1648 1649//1649
f 1646//1646 1649//1649 1650//1650
f 1639//1639 1645//1645 1651//1651
f 1652//1652 1651//1651 1301//1301
f 1645//1645 1653//1653 1651//1651
f 1651//1651 1654//1654 1301//1301
f 1639//1639 1652//1652 1640//1640
f 1640//1640 1655//1655 1624//1624
f 1652//1652 1300//1300 1655//1655
f 1655//1655 1294//1294 1630//1630
f 1656//1656 1657//1657 1658//1658
f 1659//1659 1658//1658 1660//1660
f 1657//1657 1648//1648 1658//1658
f 1658//1658 1643//1643 1661//1661
f 1656//1656 1659//1659 1662//1662
f 1662//1662 1663//1663 1664//1664
f 1659//1659 1660//1660 1665//1665
f 1663//1663 1665//1665 1666//1666
f 1656//1656 1662//1662 1667//1667
f 1668//1668 1667//1667 1669//1669
f 1662//1662 1664//1664 1670//1670
f 1667//1667 1670//1670 1671//1671
f 1656//1656 1668//1668 1657//1657
f 1657//1657 1672//1672 1648//1648
f 1668//1668 1673//1673 1672//1672
f 1672//1672 1674//1674 1649//1649
f 1675//1675 1676//1676 1677//1677
f 1678//1678 1677//1677 1626//1626
f 1676//1676 1660//1660 1661//1661
f 1677//1677 1661//1661 1644//1644
f 1675//1675 1678//1678 1679//1679
f 1679//1679 1680//1680 1681//1681
f 1678//1678 1625//1625 1680//1680
f 1680//1680 1636//1636 1682//1682
f 1675//1675 1679//1679 1683//1683
f 1684//1684 1683//1683 1685//1685
f 1679//1679 1681//1681 1686//1686
f 1683//1683 1686//1686 1687//1687
f 1675//1675 1684//1684 1676//1676
f 1676//1676 1688//1688 1660//1660
f 1684//1684 1689//1689 1688//1688
f 1688//1688 1690//1690 1665//1665
f 1691//1691 1692//1692 1693//1693
f 1694//1694 1693//1693 1695//1695
f 1692//1692 1696//1696 1697//1697
f 1693//1693 1697//1697 1698//1698
f 1691//1691 1694//1694 1699//1699
f 1699//1699 1700//1700 1633//1633
f 1694//1694 1701//1701 1700//1700
f 1700//1700 1702//1702 1637//1637
f 1691//1691 1699//1699 1703//1703
f 1704//1704 1703//1703 1605//1605
f 1699//1699 1633//1633 1634//1634
f 1703//1703 1634//1634 1605//1605
f 1691//1691 1704//1704 1692//1692
f 1692//1692 1705//1705 1696//1696
f 1704//1704 1604//1604 1705//1705
f 1705//1705 1599//1599 1706//1706
f 1707//1707 1708//1708 1709//1709
f 1709//1709 1710//1710 1711//1711
f 1708//1708 1701//1701 1710//1710
f 1710//1710 1695//1695 1712//1712
f 1707//1707 1709//1709 1713//1713
f 1714//1714 1713//1713 1715//1715
f 1709//1709 1711//1711 1716//1716
f 1713//1713 1716//1716 1717//1717
f 1707//1707 1714//1714 1718//1718
f 1718//1718 1719//1719 1681//1681
f 1714//1714 1720//1720 1719//1719
f 1719//1719 1721//1721 1686//1686
f 1707//1707 1718//1718 1722//1722
f 1708//1708 1722//1722 1702//1702
f 1718//1718 1681//1681 1682//1682
f 1722//1722 1682//1682 1638//1638
f 1723//1723 1724//1724 1725//1725
f 1726//1726 1725//1725 1727//1727
f 1724//1724 1711//1711 1712//1712
f 1725//1725 1712//1712 1698//1698
f 1723//1723 1726//1726 1728//1728
f 1728//1728 1729//1729 1549//1549
f 1726//1726 1730//1730 1729//1729
f 1729//1729 1731//1731 1554//1554
f 1723//1723 1728//1728 1732//1732
f 1733//1733 1732//1732 1734//1734
f 1728//1728 1549//1549 1552//1552
f 1732//1732 1552//1552 1735//1735
f 1723//1723 1733//1733 1724//1724
f 1724//1724 1736//1736 1711//1711
f 1733//1733 1737//1737 1736//1736
f 1736//1736 1738//1738 1716//1716
f 1739//1739 1740//1740 1741//1741
f 1741//1741 1742//1742 1696//1696
f 1740//1740 1730//1730 1742//1742
f 1742//1742 1727//1727 1697//1697
f 1739//1739 1741//1741 1743//1743
f 1744//1744 1743//1743 1619//1619
f 1741//1741 1696//1696 1706//1706
f 1743//1743 1706//1706 1601//1601
f 1739//1739 1744//1744 1745//1745
f 1745//1745 1746//1746 1527//1527
f 1744//1744 1618//1618 1746//1746
f 1746//1746 1616//1616 1533//1533
f 1739//1739 1745//1745 1747//1747
f 1740//1740 1747//1747 1731//1731
f 1745//1745 1527//1527 1530//1530
f 1747//1747 1530//1530 1555//1555
f 1748//1748 1749//1749 1750//1750
f 1751//1751 1752//1752 1753//1753
f 1749//1749 1754//1754 1755//1755
f 1752//1752 1756//1756 1757//1757
f 1748//1748 1758//1758 1759//1759
f 1759//1759 1760//1760 1761//1761
f 1751//1751 1762//1762 1763//1763
f 1763//1763 1764//1764 1765//1765
f 1748//1748 1759//1759 1766//1766
f 1767//1767 1766//1766 610//610
f 1759//1759 1761//1761 1768//1768
f 1766//1766 1768//1768 1769//1769
f 1748//1748 1767//1767 1749//1749
f 1749//1749 1770//1770 1754//1754
f 1767//1767 609//609 1770//1770
f 1770//1770 603//603 1771//1771
f 1772//1772 1773//1773 1774//1774
f 1774//1774 1775//1775 1776//1776
f 1773//1773 1762//1762 1775//1775
f 1775//1775 1753//1753 1777//1777
f 1772//1772 1774//1774 1778//1778
f 1779//1779 1778//1778 1780//1780
f 1774//1774 1776//1776 1781//1781
f 1778//1778 1781//1781 1782//1782
f 1772//1772 1779//1779 1783//1783
f 1783//1783 1784//1784 1785//1785
f 1779//1779 1786//1786 1784//1784
f 1784//1784 1787//1787 1788//1788
f 1772//1772 1783//1783 1789//1789
f 1773//1773 1789//1789 1764//1764
f 1783//1783 1785//1785 1790//1790
f 1789//1789 1790//1790 1791//1791
f 1792//1792 1793//1793 1794//1794
f 1795//1795 1794//1794 1796//1796
f 1793//1793 1776//1776 1777//1777
f 1794//1794 1777//1777 1757//1757
f 1792//1792 1795//1795 1797//1797
f 1797//1797 1798//1798 1079//1079
f 1795//1795 1799//1799 1798//1798
f 1798//1798 1800//1800 1082//1082
f 1792//1792 1797//1797 1801//1801
f 1802//1802 1801//1801 1803//1803
f 1797//1797 1079//1079 1080//1080
f 1801//1801 1080//1080 1369//1369
f 1792//1792 1802//1802 1793//1793
f 1793//1793 1804//1804 1776//1776
f 1802//1802 1805//1805 1804//1804
f 1804//1804 1806//1806 1781//1781
f 1807//1807 1808//1808 1809//1809
f 1809//1809 1810//1810 1754//1754
f 1811//1811 1799//1799 1812//1812
f 1812//1812 1796//1796 1756//1756
f 1807//1807 1809//1809 1813//1813
f 1814//1814 1813//1813 635//635
f 1809//1809 1754//1754 1771//1771
f 1813//1813 1771//1771 605//605
f 1807//1807 1814//1814 1815//1815
f 1815//1815 1816//1816 1059//1059
f 1814//1814 634//634 1816//1816
f 1816//1816 630//630 1066//1066
f 1807//1807 1815//1815 1817//1817
f 1811//1811 1818//1818 1800//1800
f 1815//1815 1059//1059 1819//1819
f 1818//1818 1063//1063 1083//1083
f 1820//1820 1821//1821 1822//1822
f 1822//1822 1823//1823 1824//1824
f 1821//1821 1825//1825 1823//1823
f 1823//1823 1826//1826 1827//1827
f 1820//1820 1822//1822 1828//1828
f 1829//1829 1828//1828 1806//1806
f 1822//1822 1824//1824 1830//1830
f 1828//1828 1830//1830 1782//1782
f 1820//1820 1829//1829 1831//1831
f 1831//1831 1832//1832 1362//1362
f 1829//1829 1805//1805 1832//1832
f 1832//1832 1803//1803 1368//1368
f 1820//1820 1831//1831 1833//1833
f 1821//1821 1833//1833 1834//1834
f 1831//1831 1362//1362 1365//1365
f 1833//1833 1365//1365 1383//1383
f 1835//1835 1836//1836 1837//1837
f 1838//1838 1837//1837 1839//1839
f 1836//1836 1824//1824 1827//1827
f 1837//1837 1827//1827 1840//1840
f 1835//1835 1838//1838 1841//1841
f 1841//1841 1842//1842 1843//1843
f 1838//1838 1844//1844 1842//1842
f 1842//1842 1845//1845 1846//1846
f 1835//1835 1841//1841 1847//1847
f 1848//1848 1847//1847 1787//1787
f 1841//1841 1843//1843 1849//1849
f 1847//1847 1849//1849 1850//1850
f 1835//1835 1848//1848 1836//1836
f 1836//1836 1851//1851 1824//1824
f 1848//1848 1786//1786 1851//1851
f 1851//1851 1780//1780 1830//1830
f 1852//1852 1853//1853 1854//1854
f 1855//1855 1854//1854 1826//1826
f 1853//1853 1844//1844 1854//1854
f 1854//1854 1839//1839 1840//1840
f 1852//1852 1855//1855 1856//1856
f 1856//1856 1857//1857 1379//1379
f 1855//1855 1825//1825 1857//1857
f 1857//1857 1834//1834 1382//1382
f 1852//1852 1856//1856 1858//1858
f 1859//1859 1858//1858 1860//1860
f 1856//1856 1379//1379 1380//1380
f 1858//1858 1380//1380 1861//1861
f 1852//1852 1859//1859 1853//1853
f 1853//1853 1862//1862 1845//1845
f 1859//1859 1863//1863 1862//1862
f 1862//1862 1864//1864 1865//1865
f 1866//1866 1867//1867 1868//1868
f 1869//1869 1868//1868 1870//1870
f 1867//1867 1871//1871 1872//1872
f 1868//1868 1872//1872 1873//1873
f 1866//1866 1869//1869 1874//1874
f 1874//1874 1875//1875 608//608
f 1869//1869 1876//1876 1875//1875
f 1875//1875 1877//1877 614//614
f 1866//1866 1874//1874 1878//1878
f 1879//1879 1878//1878 1880//1880
f 1874//1874 608//608 611//611
f 1878//1878 611//611 1769//1769
f 1866//1866 1879//1879 1867//1867
f 1867//1867 1881//1881 1871//1871
f 1879//1879 1882//1882 1881//1881
f 1881//1881 1883//1883 1884//1884
f 1885//1885 1886//1886 1887//1887
f 1887//1887 1888//1888 1889//1889
f 1886//1886 1876//1876 1888//1888
f 1888//1888 1870//1870 1890//1890
f 1885//1885 1887//1887 1891//1891
f 1892//1892 1891//1891 1511//1511
f 1887//1887 1889//1889 1893//1893
f 1891//1891 1893//1893 1517//1517
f 1885//1885 1892//1892 1894//1894
f 1894//1894 1895//1895 662//662
f 1892//1892 1511//1511 1513//1513
f 1895//1895 1513//1513 667//667
f 1885//1885 1894//1894 1896//1896
f 1886//1886 1896//1896 1877//1877
f 1894//1894 662//662 663//663
f 1896//1896 663//663 615//615
f 1897//1897 1898//1898 1899//1899
f 1900//1900 1899//1899 1901//1901
f 1898//1898 1889//1889 1890//1890
f 1899//1899 1890//1890 1873//1873
f 1897//1897 1900//1900 1902//1902
f 1902//1902 1903//1903 1904//1904
f 1900//1900 1905//1905 1903//1903
f 1903//1903 1906//1906 1907//1907
f 1897//1897 1902//1902 1908//1908
f 1909//1909 1908//1908 1564//1564
f 1902//1902 1904//1904 1910//1910
f 1908//1908 1910//1910 1571//1571
f 1897//1897 1909//1909 1898//1898
f 1898//1898 1911//1911 1889//1889
f 1909//1909 1564//1564 1566//1566
f 1911//1911 1566//1566 1518//1518
f 1912//1912 1913//1913 1914//1914
f 1914//1914 1915//1915 1871//1871
f 1913//1913 1905//1905 1915//1915
f 1915//1915 1901//1901 1872//1872
f 1912//1912 1914//1914 1916//1916
f 1917//1917 1916//1916 1918//1918
f 1914//1914 1871//1871 1884//1884
f 1916//1916 1884//1884 1919//1919
f 1912//1912 1917//1917 1920//1920
f 1920//1920 1921//1921 1922//1922
f 1917//1917 1923//1923 1921//1921
f 1921//1921 1924//1924 1925//1925
f 1912//1912 1920//1920 1926//1926
f 1913//1913 1926//1926 1906//1906
f 1920//1920 1922//1922 1927//1927
f 1926//1926 1927//1927 1928//1928
f 1929//1929 1930//1930 1931//1931
f 1931//1931 1932//1932 1933//1933
f 1934//1934 1935//1935 1936//1936
f 1936//1936 1937//1937 1938//1938
f 1929//1929 1931//1931 1939//1939
f 1940//1940 1939//1939 1883//1883
f 1931//1931 1933//1933 1941//1941
f 1939//1939 1941//1941 1919//1919
f 1929//1929 1940//1940 1942//1942
f 1942//1942 1943//1943 1761//1761
f 1940//1940 1882//1882 1943//1943
f 1943//1943 1880//1880 1768//1768
f 1929//1929 1942//1942 1944//1944
f 1934//1934 1945//1945 1946//1946
f 1942//1942 1761//1761 1947//1947
f 1945//1945 1765//1765 1791//1791
f 1948//1948 1949//1949 1950//1950
f 1951//1951 1952//1952 1953//1953
f 1949//1949 1933//1933 1954//1954
f 1952//1952 1938//1938 1955//1955
f 1948//1948 1956//1956 1957//1957
f 1957//1957 1958//1958 1959//1959
f 1951//1951 1960//1960 1961//1961
f 1961//1961 1962//1962 1963//1963
f 1948//1948 1957//1957 1964//1964
f 1965//1965 1964//1964 1924//1924
f 1957//1957 1959//1959 1966//1966
f 1964//1964 1966//1966 1967//1967
f 1948//1948 1965//1965 1949//1949
f 1949//1949 1968//1968 1933//1933
f 1965//1965 1923//1923 1968//1968
f 1968//1968 1918//1918 1941//1941
f 1969//1969 1970//1970 1971//1971
f 1971//1971 1972//1972 1973//1973
f 1970//1970 1960//1960 1972//1972
f 1972//1972 1953//1953 1974//1974
f 1969//1969 1971//1971 1975//1975
f 1976//1976 1975//1975 1977//1977
f 1971//1971 1973//1973 1978//1978
f 1975//1975 1978//1978 1979//1979
f 1969//1969 1976//1976 1980//1980
f 1980//1980 1981//1981 1982//1982
f 1976//1976 1983//1983 1981//1981
f 1981//1981 1984//1984 1985//1985
f 1969//1969 1980//1980 1986//1986
f 1970//1970 1986//1986 1962//1962
f 1980//1980 1982//1982 1987//1987
f 1986//1986 1987//1987 1988//1988
f 1989//1989 1990//1990 1991//1991
f 1992//1992 1991//1991 1937//1937
f 1990//1990 1973//1973 1974//1974
f 1991//1991 1974//1974 1955//1955
f 1989//1989 1992//1992 1993//1993
f 1993//1993 1994//1994 1785//1785
f 1992//1992 1935//1935 1994//1994
f 1994//1994 1946//1946 1790//1790
f 1989//1989 1993//1993 1995//1995
f 1996//1996 1995//1995 1997//1997
f 1993//1993 1785//1785 1788//1788
f 1995//1995 1788//1788 1850//1850
f 1989//1989 1996//1996 1990//1990
f 1990//1990 1998//1998 1973//1973
f 1996//1996 1999//1999 1998//1998
f 1998//1998 2000//2000 1978//1978
f 2001//2001 2002//2002 2003//2003
f 2004//2004 2003//2003 2005//2005
f 2002//2002 2006//2006 2007//2007
f 2003//2003 2007//2007 2008//2008
f 2001//2001 2004//2004 2009//2009
f 2009//2009 2010//2010 1863//1863
f 2004//2004 2011//2011 2010//2010
f 2010//2010 2012//2012 1864//1864
f 2001//2001 2009//2009 2013//2013
f 2013//2013 2014//2014 1653//1653
f 2009//2009 1863//1863 2014//2014
f 2014//2014 1860//1860 1654//1654
f 2001//2001 2013//2013 2002//2002
f 2002//2002 2015//2015 2006//2006
f 2013//2013 1653//1653 2015//2015
f 2015//2015 1647//1647 2016//2016
f 2017//2017 2018//2018 2019//2019
f 2019//2019 2020//2020 2021//2021
f 2018//2018 2011//2011 2020//2020
f 2020//2020 2005//2005 2022//2022
f 2017//2017 2019//2019 2023//2023
f 2024//2024 2023//2023 2000//2000
f 2019//2019 2021//2021 2025//2025
f 2023//2023 2025//2025 1979//1979
f 2017//2017 2024//2024 2026//2026
f 2026//2026 2027//2027 1843//1843
f 2024//2024 1999//1999 2027//2027
f 2027//2027 1997//1997 1849//1849
f 2017//2017 2026//2026 2028//2028
f 2018//2018 2028//2028 2012//2012
f 2026//2026 1843//1843 1846//1846
f 2028//2028 1846//1846 1865//1865
f 2029//2029 2030//2030 2031//2031
f 2032//2032 2031//2031 2033//2033
f 2030//2030 2021//2021 2022//2022
f 2031//2031 2022//2022 2008//2008
f 2029//2029 2032//2032 2034//2034
f 2034//2034 2035//2035 2036//2036
f 2032//2032 2037//2037 2035//2035
f 2035//2035 2038//2038 2039//2039
f 2029//2029 2034//2034 2040//2040
f 2041//2041 2040//2040 1984//1984
f 2034//2034 2036//2036 2042//2042
f 2040//2040 2042//2042 2043//2043
f 2029//2029 2041//2041 2030//2030
f 2030//2030 2044//2044 2021//2021
f 2041//2041 1983//1983 2044//2044
f 2044//2044 1977//1977 2025//2025
f 2045//2045 2046//2046 2047//2047
f 2047//2047 2048//2048 2006//2006
f 2046//2046 2037//2037 2048//2048
f 2048//2048 2033//2033 2007//2007
f 2045//2045 2047//2047 2049//2049
f 2050//2050 2049//2049 1674//1674
f 2047//2047 2006//2006 2016//2016
f 2049//2049 2016//2016 1650//1650
f 2045//2045 2050//2050 2051//2051
f 2051//2051 2052//2052 2053//2053
f 2050//2050 1673//1673 2052//2052
f 2052//2052 1669//1669 2054//2054
f 2045//2045 2051//2051 2055//2055
f 2046//2046 2055//2055 2038//2038
f 2051//2051 2053//2053 2056//2056
f 2055//2055 2056//2056 2057//2057
f 2058//2058 2059//2059 2060//2060
f 2060//2060 2061//2061 2062//2062
f 2063//2063 2064//2064 2065//2065
f 2065//2065 2066//2066 2067//2067
f 2058//2058 2060//2060 2068//2068
f 2068//2068 2069//2069 2070//2070
f 2060//2060 2071//2071 2069//2069
f 2069//2069 2072//2072 2073//2073
f 2058//2058 2068//2068 2074//2074
f 2074//2074 2075//2075 2076//2076
f 2068//2068 2070//2070 2077//2077
f 2075//2075 2077//2077 2078//2078
f 2058//2058 2074//2074 2079//2079
f 2063//2063 2080//2080 2081//2081
f 2074//2074 2076//2076 2082//2082
f 2080//2080 2083//2083 2084//2084
f 2085//2085 2086//2086 2087//2087
f 2088//2088 2089//2089 2090//2090
f 2086//2086 2071//2071 2091//2091
f 2089//2089 2067//2067 2092//2092
f 2085//2085 2087//2087 2093//2093
f 2094//2094 2093//2093 2095//2095
f 2088//2088 2090//2090 2096//2096
f 2097//2097 2096//2096 2098//2098
f 2085//2085 2094//2094 2099//2099
f 2099//2099 2100//2100 2101//2101
f 2094//2094 2102//2102 2100//2100
f 2100//2100 2103//2103 2104//2104
f 2085//2085 2099//2099 2105//2105
f 2086//2086 2105//2105 2072//2072
f 2099//2099 2101//2101 2106//2106
f 2105//2105 2106//2106 2107//2107
f 2108//2108 2109//2109 2110//2110
f 2110//2110 2111//2111 2112//2112
f 2109//2109 2090//2090 2092//2092
f 2111//2111 2092//2092 2113//2113
f 2108//2108 2110//2110 2114//2114
f 2115//2115 2114//2114 2116//2116
f 2110//2110 2112//2112 2117//2117
f 2114//2114 2117//2117 2118//2118
f 2108//2108 2115//2115 2119//2119
f 2120//2120 2119//2119 2121//2121
f 2115//2115 2122//2122 2119//2119
f 2119//2119 2123//2123 2121//2121
f 2108//2108 2120//2120 2109//2109
f 2109//2109 2124//2124 2090//2090
f 2120//2120 2125//2125 2124//2124
f 2124//2124 2126//2126 2096//2096
f 2127//2127 2128//2128 2129//2129
f 2130//2130 2129//2129 2066//2066
f 2128//2128 2112//2112 2113//2113
f 2129//2129 2113//2113 2131//2131
f 2127//2127 2130//2130 2132//2132
f 2132//2132 2133//2133 2134//2134
f 2130//2130 2064//2064 2133//2133
f 2133//2133 2081//2081 2135//2135
f 2127//2127 2132//2132 2136//2136
f 2137//2137 2136//2136 2138//2138
f 2132//2132 2134//2134 2139//2139
f 2136//2136 2139//2139 2140//2140
f 2127//2127 2137//2137 2128//2128
f 2128//2128 2141//2141 2112//2112
f 2137//2137 2142//2142 2141//2141
f 2141//2141 2143//2143 2117//2117
f 2144//2144 2145//2145 2146//2146
f 2146//2146 2147//2147 2148//2148
f 2145//2145 2149//2149 2150//2150
f 2147//2147 2150//2150 2151//2151
f 2144//2144 2146//2146 2152//2152
f 2153//2153 2152//2152 2126//2126
f 2146//2146 2148//2148 2154//2154
f 2152//2152 2154//2154 2098//2098
f 2144//2144 2153//2153 2155//2155
f 2155//2155 2156//2156 2157//2157
f 2153//2153 2125//2125 2156//2156
f 2156//2156 2121//2121 2158//2158
f 2144//2144 2155//2155 2159//2159
f 2145//2145 2159//2159 2149//2149
f 2155//2155 2160//2160 2159//2159
f 2159//2159 2161//2161 2162//2162
f 2163//2163 2164//2164 2165//2165
f 2166//2166 2167//2167 2168//2168
f 2169//2169 2148//2148 2170//2170
f 2167//2167 2170//2170 2151//2151
f 2163//2163 2171//2171 2172//2172
f 2172//2172 2173//2173 2174//2174
f 2166//2166 2175//2175 2176//2176
f 2176//2176 2177//2177 2178//2178
f 2163//2163 2172//2172 2179//2179
f 2180//2180 2179//2179 2103//2103
f 2172//2172 2174//2174 2181//2181
f 2179//2179 2181//2181 2182//2182
f 2163//2163 2180//2180 2164//2164
f 2169//2169 2183//2183 2148//2148
f 2180//2180 2102//2102 2184//2184
f 2183//2183 2185//2185 2154//2154
f 2186//2186 2187//2187 2188//2188
f 2188//2188 2189//2189 2150//2150
f 2187//2187 2175//2175 2189//2189
f 2189//2189 2168//2168 2151//2151
f 2186//2186 2188//2188 2190//2190
f 2191//2191 2190//2190 2192//2192
f 2188//2188 2149//2149 2162//2162
f 2190//2190 2162//2162 2193//2193
f 2186//2186 2191//2191 2194//2194
f 2194//2194 2195//2195 2196//2196
f 2191//2191 2197//2197 2195//2195
f 2195//2195 2198//2198 2199//2199
f 2186//2186 2194//2194 2200//2200
f 2187//2187 2200//2200 2177//2177
f 2194//2194 2196//2196 2201//2201
f 2200//2200 2201//2201 2202//2202
f 2203//2203 2204//2204 2205//2205
f 2205//2205 2206//2206 2207//2207
f 2204//2204 2208//2208 2209//2209
f 2206//2206 2209//2209 2210//2210
f 2203//2203 2205//2205 2211//2211
f 2212//2212 2211//2211 2213//2213
f 2205//2205 2207//2207 2214//2214
f 2211//2211 2214//2214 2215//2215
f 2203//2203 2212//2212 2216//2216
f 2216//2216 2217//2217 2218//2218
f 2212//2212 2219//2219 2217//2217
f 2217//2217 2220//2220 2221//2221
f 2203//2203 2216//2216 2222//2222
f 2204//2204 2222//2222 2208//2208
f 2216//2216 2218//2218 2223//2223
f 2222//2222 2223//2223 2224//2224
f 2225//2225 2226//2226 2227//2227
f 2228//2228 2229//2229 2230//2230
f 2231//2231 2207//2207 2232//2232
f 2229//2229 2232//2232 2210//2210
f 2225//2225 2233//2233 2234//2234
f 2234//2234 2235//2235 2076//2076
f 2228//2228 2236//2236 2237//2237
f 2237//2237 2238//2238 2083//2083
f 2225//2225 2234//2234 2239//2239
f 2240//2240 2239//2239 2241//2241
f 2234//2234 2076//2076 2242//2242
f 2239//2239 2242//2242 2243//2243
f 2225//2225 2240//2240 2226//2226
f 2231//2231 2244//2244 2207//2207
f 2240//2240 2241//2241 2245//2245
f 2244//2244 2246//2246 2214//2214
f 2247//2247 2248//2248 2249//2249
f 2249//2249 2250//2250 2208//2208
f 2248//2248 2236//2236 2250//2250
f 2250//2250 2230//2230 2210//2210
f 2247//2247 2249//2249 2251//2251
f 2252//2252 2251//2251 2253//2253
f 2249//2249 2208//2208 2224//2224
f 2251//2251 2224//2224 2254//2254
f 2247//2247 2252//2252 2255//2255
f 2255//2255 2256//2256 2134//2134
f 2252//2252 2257//2257 2256//2256
f 2256//2256 2258//2258 2139//2139
f 2247//2247 2255//2255 2259//2259
f 2248//2248 2259//2259 2238//2238
f 2255//2255 2134//2134 2135//2135
f 2259//2259 2135//2135 2084//2084
f 2260//2260 2261//2261 2262//2262
f 2262//2262 2263//2263 2264//2264
f 2261//2261 2265//2265 2263//2263
f 2263//2263 2266//2266 2267//2267
f 2260//2260 2262//2262 2268//2268
f 2269//2269 2268//2268 2270//2270
f 2262//2262 2264//2264 2271//2271
f 2268//2268 2271//2271 2272//2272
f 2260//2260 2269//2269 2273//2273
f 2274//2274 2273//2273 1551//1551
f 2269//2269 2270//2270 2275//2275
f 2273//2273 2275//2275 1735//1735
f 2260//2260 2274//2274 2276//2276
f 2261//2261 2276//2276 2277//2277
f 2274//2274 1550//1550 2276//2276
f 2276//2276 1544//1544 1546//1546
f 2278//2278 2279//2279 2280//2280
f 2281//2281 2280//2280 2282//2282
f 2279//2279 2264//2264 2267//2267
f 2280//2280 2267//2267 2283//2283
f 2278//2278 2281//2281 2284//2284
f 2284//2284 2285//2285 2196//2196
f 2281//2281 2286//2286 2285//2285
f 2285//2285 2287//2287 2201//2201
f 2278//2278 2284//2284 2288//2288
f 2289//2289 2288//2288 2290//2290
f 2284//2284 2196//2196 2291//2291
f 2288//2288 2291//2291 2199//2199
f 2278//2278 2289//2289 2279//2279
f 2279//2279 2292//2292 2264//2264
f 2289//2289 2293//2293 2292//2292
f 2292//2292 2294//2294 2271//2271
f 2295//2295 2296//2296 2297//2297
f 2297//2297 2298//2298 2299//2299
f 2300//2300 2286//2286 2301//2301
f 2301//2301 2282//2282 2302//2302
f 2295//2295 2297//2297 2303//2303
f 2304//2304 2303//2303 2305//2305
f 2297//2297 2299//2299 2306//2306
f 2303//2303 2306//2306 2307//2307
f 2295//2295 2304//2304 2308//2308
f 2308//2308 2309//2309 2174//2174
f 2304//2304 2310//2310 2309//2309
f 2309//2309 2311//2311 2181//2181
f 2295//2295 2308//2308 2312//2312
f 2300//2300 2313//2313 2287//2287
f 2308//2308 2174//2174 2314//2314
f 2313//2313 2178//2178 2202//2202
f 2315//2315 2316//2316 2317//2317
f 2318//2318 2319//2319 2266//2266
f 2316//2316 2299//2299 2320//2320
f 2319//2319 2302//2302 2283//2283
f 2315//2315 2321//2321 2322//2322
f 2322//2322 2323//2323 2324//2324
f 2318//2318 2265//2265 2325//2325
f 2325//2325 2277//2277 1575//1575
f 2315//2315 2322//2322 2326//2326
f 2327//2327 2326//2326 2328//2328
f 2322//2322 2324//2324 1569//1569
f 2326//2326 1569//1569 1571//1571
f 2315//2315 2327//2327 2316//2316
f 2316//2316 2329//2329 2299//2299
f 2327//2327 2330//2330 2329//2329
f 2329//2329 2331//2331 2306//2306
f 2332//2332 2333//2333 2334//2334
f 2334//2334 2335//2335 2336//2336
f 2333//2333 2337//2337 2335//2335
f 2335//2335 2338//2338 2339//2339
f 2332//2332 2334//2334 2340//2340
f 2341//2341 2340//2340 1738//1738
f 2334//2334 2336//2336 2342//2342
f 2340//2340 2342//2342 1717//1717
f 2332//2332 2341//2341 2343//2343
f 2343//2343 2344//2344 2270//2270
f 2341//2341 1737//1737 2344//2344
f 2344//2344 1734//1734 2275//2275
f 2332//2332 2343//2343 2345//2345
f 2333//2333 2345//2345 2346//2346
f 2343//2343 2270//2270 2272//2272
f 2345//2345 2272//2272 2347//2347
f 2348//2348 2349//2349 2350//2350
f 2351//2351 2350//2350 2352//2352
f 2349//2349 2336//2336 2339//2339
f 2350//2350 2339//2339 2353//2353
f 2348//2348 2351//2351 2354//2354
f 2354//2354 2355//2355 2356//2356
f 2351//2351 2357//2357 2355//2355
f 2355//2355 2358//2358 2359//2359
f 2348//2348 2354//2354 2360//2360
f 2361//2361 2360//2360 1721//1721
f 2354//2354 2356//2356 2362//2362
f 2360//2360 2362//2362 1687//1687
f 2348//2348 2361//2361 2349//2349
f 2349//2349 2363//2363 2336//2336
f 2361//2361 1720//1720 2363//2363
f 2363//2363 1715//1715 2342//2342
f 2364//2364 2365//2365 2366//2366
f 2366//2366 2367//2367 2368//2368
f 2365//2365 2357//2357 2367//2367
f 2367//2367 2352//2352 2369//2369
f 2364//2364 2366//2366 2370//2370
f 2371//2371 2370//2370 2161//2161
f 2366//2366 2368//2368 2372//2372
f 2370//2370 2372//2372 2193//2193
f 2364//2364 2371//2371 2373//2373
f 2373//2373 2374//2374 2375//2375
f 2371//2371 2160//2160 2374//2374
f 2374//2374 2157//2157 2376//2376
f 2364//2364 2373//2373 2377//2377
f 2365//2365 2377//2377 2358//2358
f 2373//2373 2375//2375 2378//2378
f 2377//2377 2378//2378 2379//2379
f 2380//2380 2381//2381 2382//2382
f 2383//2383 2382//2382 2338//2338
f 2381//2381 2368//2368 2369//2369
f 2382//2382 2369//2369 2353//2353
f 2380//2380 2383//2383 2384//2384
f 2384//2384 2385//2385 2293//2293
f 2383//2383 2337//2337 2385//2385
f 2385//2385 2346//2346 2294//2294
f 2380//2380 2384//2384 2386//2386
f 2387//2387 2386//2386 2198//2198
f 2384//2384 2293//2293 2290//2290
f 2386//2386 2290//2290 2198//2198
f 2380//2380 2387//2387 2381//2381
f 2381//2381 2388//2388 2368//2368
f 2387//2387 2197//2197 2388//2388
f 2388//2388 2192//2192 2372//2372
f 2389//2389 2390//2390 2391//2391
f 2391//2391 2392//2392 2393//2393
f 2390//2390 2394//2394 2392//2392
f 2392//2392 2395//2395 2396//2396
f 2389//2389 2391//2391 2397//2397
f 2398//2398 2397//2397 1690//1690
f 2391//2391 2393//2393 2399//2399
f 2397//2397 2399//2399 1666//1666
f 2389//2389 2398//2398 2400//2400
f 2400//2400 2401//2401 2356//2356
f 2398//2398 1689//1689 2401//2401
f 2401//2401 1685//1685 2362//2362
f 2389//2389 2400//2400 2402//2402
f 2390//2390 2402//2402 2403//2403
f 2400//2400 2356//2356 2359//2359
f 2402//2402 2359//2359 2379//2379
f 2404//2404 2405//2405 2406//2406
f 2407//2407 2406//2406 2408//2408
f 2405//2405 2393//2393 2396//2396
f 2406//2406 2396//2396 2409//2409
f 2404//2404 2407//2407 2410//2410
f 2411//2411 2410//2410 2412//2412
f 2407//2407 2413//2413 2410//2410
f 2410//2410 2414//2414 2415//2415
f 2404//2404 2411//2411 2416//2416
f 2416//2416 2417//2417 1664//1664
f 2411//2411 2418//2418 2417//2417
f 2417//2417 2419//2419 1670//1670
f 2404//2404 2416//2416 2420//2420
f 2405//2405 2420//2420 2393//2393
f 2416//2416 1664//1664 2421//2421
f 2420//2420 2421//2421 2399//2399
f 2422//2422 2423//2423 2424//2424
f 2424//2424 2425//2425 2426//2426
f 2423//2423 2413//2413 2425//2425
f 2425//2425 2408//2408 2427//2427
f 2422//2422 2424//2424 2428//2428
f 2429//2429 2428//2428 2143//2143
f 2424//2424 2426//2426 2430//2430
f 2428//2428 2430//2430 2118//2118
f 2422//2422 2429//2429 2431//2431
f 2431//2431 2432//2432 2433//2433
f 2429//2429 2142//2142 2432//2432
f 2432//2432 2138//2138 2434//2434
f 2422//2422 2431//2431 2435//2435
f 2423//2423 2435//2435 2414//2414
f 2431//2431 2433//2433 2436//2436
f 2435//2435 2436//2436 2415//2415
f 2437//2437 2438//2438 2439//2439
f 2440//2440 2439//2439 2395//2395
f 2438//2438 2426//2426 2427//2427
f 2439//2439 2427//2427 2409//2409
f 2437//2437 2440//2440 2441//2441
f 2441//2441 2442//2442 2375//2375
f 2440//2440 2394//2394 2442//2442
f 2442//2442 2403//2403 2378//2378
f 2437//2437 2441//2441 2443//2443
f 2444//2444 2443//2443 2123//2123
f 2441//2441 2375//2375 2376//2376
f 2443//2443 2376//2376 2158//2158
f 2437//2437 2444//2444 2438//2438
f 2438//2438 2445//2445 2426//2426
f 2444//2444 2122//2122 2445//2445
f 2445//2445 2116//2116 2430//2430
f 2446//2446 2447//2447 2448//2448
f 2449//2449 2448//2448 2450//2450
f 2447//2447 2451//2451 2452//2452
f 2448//2448 2452//2452 2453//2453
f 2446//2446 2449//2449 2454//2454
f 2454//2454 2455//2455 2053//2053
f 2449//2449 2456//2456 2455//2455
f 2455//2455 2457//2457 2056//2056
f 2446//2446 2454//2454 2458//2458
f 2459//2459 2458//2458 2419//2419
f 2454//2454 2053//2053 2054//2054
f 2458//2458 2054//2054 1671//1671
f 2446//2446 2459//2459 2447//2447
f 2447//2447 2460//2460 2451//2451
f 2459//2459 2418//2418 2460//2460
f 2460//2460 2412//2412 2461//2461
f 2462//2462 2463//2463 2464//2464
f 2464//2464 2465//2465 2466//2466
f 2463//2463 2456//2456 2465//2465
f 2465//2465 2450//2450 2467//2467
f 2462//2462 2464//2464 2468//2468
f 2469//2469 2468//2468 2470//2470
f 2464//2464 2466//2466 2471//2471
f 2468//2468 2471//2471 2472//2472
f 2462//2462 2469//2469 2473//2473
f 2473//2473 2474//2474 2036//2036
f 2469//2469 2475//2475 2474//2474
f 2474//2474 2476//2476 2042//2042
f 2462//2462 2473//2473 2477//2477
f 2463//2463 2477//2477 2457//2457
f 2473//2473 2036//2036 2039//2039
f 2477//2477 2039//2039 2057//2057
f 2478//2478 2479//2479 2480//2480
f 2481//2481 2480//2480 2482//2482
f 2479//2479 2466//2466 2467//2467
f 2480//2480 2467//2467 2453//2453
f 2478//2478 2481//2481 2483//2483
f 2483//2483 2484//2484 2218//2218
f 2481//2481 2485//2485 2484//2484
f 2484//2484 2486//2486 2223//2223
f 2478//2478 2483//2483 2487//2487
f 2488//2488 2487//2487 2489//2489
f 2483//2483 2218//2218 2221//2221
f 2487//2487 2221//2221 2490//2490
f 2478//2478 2488//2488 2479//2479
f 2479//2479 2491//2491 2466//2466
f 2488//2488 2489//2489 2491//2491
f 2491//2491 2492//2492 2471//2471
f 2493//2493 2494//2494 2495//2495
f 2495//2495 2496//2496 2451//2451
f 2494//2494 2485//2485 2496//2496
f 2496//2496 2482//2482 2452//2452
f 2493//2493 2495//2495 2497//2497
f 2497//2497 2498//2498 2433//2433
f 2495//2495 2451//2451 2461//2461
f 2498//2498 2461//2461 2436//2436
f 2493//2493 2497//2497 2499//2499
f 2500//2500 2499//2499 2258//2258
f 2497//2497 2433//2433 2434//2434
f 2499//2499 2434//2434 2140//2140
f 2493//2493 2500//2500 2494//2494
f 2494//2494 2501//2501 2486//2486
f 2500//2500 2257//2257 2501//2501
f 2501//2501 2253//2253 2486//2486
f 2502//2502 2503//2503 2504//2504
f 2504//2504 2505//2505 2506//2506
f 2507//2507 2508//2508 2509//2509
f 2509//2509 2510//2510 2511//2511
f 2502//2502 2504//2504 2512//2512
f 2513//2513 2512//2512 2514//2514
f 2504//2504 2506//2506 2515//2515
f 2512//2512 2515//2515 2516//2516
f 2502//2502 2513//2513 2517//2517
f 2517//2517 2518//2518 1959//1959
f 2513//2513 2519//2519 2518//2518
f 2518//2518 2520//2520 1966//1966
f 2502//2502 2517//2517 2521//2521
f 2507//2507 2522//2522 2523//2523
f 2517//2517 1959//1959 2524//2524
f 2522//2522 1963//1963 1988//1988
f 2525//2525 2526//2526 2527//2527
f 2528//2528 2529//2529 2530//2530
f 2526//2526 2506//2506 2531//2531
f 2529//2529 2511//2511 2532//2532
f 2525//2525 2533//2533 2534//2534
f 2534//2534 2535//2535 2241//2241
f 2528//2528 2536//2536 2537//2537
f 2537//2537 2538//2538 2215//2215
f 2525//2525 2534//2534 2539//2539
f 2540//2540 2539//2539 2541//2541
f 2534//2534 2241//2241 2243//2243
f 2539//2539 2243//2243 2078//2078
f 2525//2525 2540//2540 2526//2526
f 2526//2526 2542//2542 2506//2506
f 2540//2540 2543//2543 2542//2542
f 2542//2542 2544//2544 2515//2515
f 2545//2545 2546//2546 2547//2547
f 2548//2548 2547//2547 2549//2549
f 2546//2546 2536//2536 2530//2530
f 2547//2547 2530//2530 2550//2550
f 2545//2545 2548//2548 2551//2551
f 2551//2551 2552//2552 2489//2489
f 2548//2548 2549//2549 2552//2552
f 2552//2552 2553//2553 2472//2472
f 2545//2545 2551//2551 2554//2554
f 2555//2555 2554//2554 2220//2220
f 2551//2551 2489//2489 2556//2556
f 2554//2554 2556//2556 2490//2490
f 2545//2545 2555//2555 2546//2546
f 2546//2546 2557//2557 2536//2536
f 2555//2555 2219//2219 2557//2557
f 2557//2557 2213//2213 2538//2538
f 2558//2558 2559//2559 2560//2560
f 2561//2561 2560//2560 2510//2510
f 2559//2559 2549//2549 2550//2550
f 2560//2560 2550//2550 2532//2532
f 2558//2558 2561//2561 2562//2562
f 2562//2562 2563//2563 1982//1982
f 2561//2561 2508//2508 2563//2563
f 2563//2563 2523//2523 1987//1987
f 2558//2558 2562//2562 2564//2564
f 2565//2565 2564//2564 2476//2476
f 2562//2562 1982//1982 1985//1985
f 2564//2564 1985//1985 2043//2043
f 2558//2558 2565//2565 2559//2559
f 2559//2559 2566//2566 2549//2549
f 2565//2565 2475//2475 2566//2566
f 2566//2566 2470//2470 2553//2553
f 2567//2567 2568//2568 2569//2569
f 2569//2569 2570//2570 2571//2571
f 2568//2568 2572//2572 2570//2570
f 2570//2570 2573//2573 2574//2574
f 2567//2567 2569//2569 2575//2575
f 2576//2576 2575//2575 2331//2331
f 2569//2569 2571//2571 2577//2577
f 2575//2575 2577//2577 2307//2307
f 2567//2567 2576//2576 2578//2578
f 2578//2578 2579//2579 1904//1904
f 2576//2576 2330//2330 2579//2579
f 2579//2579 2328//2328 1910//1910
f 2567//2567 2578//2578 2580//2580
f 2568//2568 2580//2580 2581//2581
f 2578//2578 1904//1904 1907//1907
f 2580//2580 1907//1907 1928//1928
f 2582//2582 2583//2583 2584//2584
f 2585//2585 2584//2584 2586//2586
f 2583//2583 2571//2571 2574//2574
f 2584//2584 2574//2574 2587//2587
f 2582//2582 2585//2585 2588//2588
f 2588//2588 2589//2589 2101//2101
f 2585//2585 2590//2590 2589//2589
f 2589//2589 2591//2591 2106//2106
f 2582//2582 2588//2588 2592//2592
f 2593//2593 2592//2592 2311//2311
f 2588//2588 2101//2101 2104//2104
f 2592//2592 2104//2104 2182//2182
f 2582//2582 2593//2593 2583//2583
f 2583//2583 2594//2594 2571//2571
f 2593//2593 2310//2310 2594//2594
f 2594//2594 2305//2305 2577//2577
f 2595//2595 2596//2596 2597//2597
f 2597//2597 2598//2598 2599//2599
f 2596//2596 2590//2590 2598//2598
f 2598//2598 2586//2586 2600//2600
f 2595//2595 2597//2597 2601//2601
f 2602//2602 2601//2601 2544//2544
f 2597//2597 2599//2599 2603//2603
f 2601//2601 2603//2603 2516//2516
f 2595//2595 2602//2602 2604//2604
f 2604//2604 2605//2605 2070//2070
f 2602//2602 2543//2543 2605//2605
f 2605//2605 2541//2541 2077//2077
f 2595//2595 2604//2604 2606//2606
f 2596//2596 2606//2606 2591//2591
f 2604//2604 2070//2070 2073//2073
f 2606//2606 2073//2073 2107//2107
f 2607//2607 2608//2608 2609//2609
f 2610//2610 2609//2609 2573//2573
f 2608//2608 2599//2599 2600//2600
f 2609//2609 2600//2600 2587//2587
f 2607//2607 2610//2610 2611//2611
f 2611//2611 2612//2612 1922//1922
f 2610//2610 2572//2572 2612//2612
f 2612//2612 2581//2581 1927//1927
f 2607//2607 2611//2611 2613//2613
f 2614//2614 2613//2613 2520//2520
f 2611//2611 1922//1922 1925//1925
f 2613//2613 1925//1925 1967//1967
f 2607//2607 2614//2614 2608//2608
f 2608//2608 2615//2615 2599//2599
f 2614//2614 2519//2519 2615//2615
f 2615//2615 2514//2514 2603//2603
f 2//2 4//4 3//3
f 4//4 6//6 5//5
f 3//3 8//8 7//7
f 8//8 51//51 9//9
f 8//8 3//3 10//10
f 51//51 8//8 11//11
f 13//13 1//1 12//12
f 18//18 13//13 14//14
f 12//12 7//7 15//15
f 14//14 12//12 16//16
f 2//2 1//1 17//17
f 21//21 20//20 6//6
f 25//25 19//19 24//24
f 30//30 25//25 26//26
f 24//24 22//22 27//27
f 26//26 24//24 28//28
f 25//25 29//29 20//20
f 29//29 10//10 5//5
f 30//30 31//31 29//29
f 31//31 11//11 10//10
f 33//33 35//35 34//34
f 35//35 57//57 36//36
f 35//35 33//33 38//38
f 57//57 35//35 39//39
f 41//41 32//32 40//40
f 47//47 41//41 42//42
f 40//40 34//34 43//43
f 42//42 40//40 44//44
f 41//41 46//46 45//45
f 46//46 15//15 9//9
f 47//47 48//48 46//46
f 48//48 16//16 15//15
f 33//33 32//32 49//49
f 37//37 33//33 50//50
f 49//49 45//45 51//51
f 51//51 11//11 50//50
f 53//53 55//55 54//54
f 55//55 58//58 56//56
f 55//55 53//53 57//57
f 57//57 39//39 58//58
f 60//60 52//52 59//59
f 67//67 60//60 61//61
f 59//59 54//54 62//62
f 61//61 59//59 63//63
f 60//60 65//65 64//64
f 70//70 64//64 66//66
f 67//67 68//68 65//65
f 68//68 121//121 66//66
f 64//64 69//69 53//53
f 69//69 43//43 36//36
f 70//70 71//71 69//69
f 71//71 44//44 43//43
f 75//75 72//72 74//74
f 80//80 75//75 76//76
f 74//74 73//73 58//58
f 76//76 74//74 39//39
f 75//75 78//78 77//77
f 78//78 82//82 79//79
f 80//80 81//81 78//78
f 81//81 103//103 82//82
f 84//84 72//72 83//83
f 89//89 84//84 85//85
f 83//83 77//77 86//86
f 85//85 83//83 87//87
f 84//84 88//88 73//73
f 88//88 62//62 56//56
f 89//89 90//90 88//88
f 90//90 63//63 62//62
f 92//92 94//94 93//93
f 94//94 38//38 37//37
f 80//80 76//76 94//94
f 76//76 39//39 38//38
f 96//96 91//91 95//95
f 30//30 96//96 31//31
f 95//95 93//93 50//50
f 31//31 95//95 11//11
f 96//96 98//98 97//97
f 98//98 100//100 99//99
f 30//30 26//26 98//98
f 26//26 28//28 100//100
f 92//92 91//91 101//101
f 80//80 92//92 81//81
f 101//101 97//97 102//102
f 81//81 101//101 103//103
f 107//107 104//104 106//106
f 115//115 107//107 108//108
f 106//106 105//105 110//110
f 108//108 106//106 111//111
f 107//107 113//113 112//112
f 113//113 117//117 114//114
f 115//115 116//116 113//113
f 116//116 142//142 117//117
f 119//119 104//104 118//118
f 67//67 119//119 68//68
f 118//118 112//112 120//120
f 68//68 118//118 121//121
f 119//119 122//122 105//105
f 122//122 123//123 109//109
f 67//67 61//61 122//122
f 61//61 63//63 123//123
f 125//125 127//127 126//126
f 127//127 129//129 128//128
f 115//115 108//108 127//127
f 108//108 111//111 129//129
f 131//131 124//124 130//130
f 130//130 134//134 132//132
f 130//130 126//126 133//133
f 133//133 565//565 134//134
f 131//131 136//136 135//135
f 136//136 431//431 137//137
f 136//136 131//131 138//138
f 431//431 136//136 139//139
f 125//125 124//124 140//140
f 115//115 125//125 116//116
f 140//140 135//135 141//141
f 116//116 140//140 142//142
f 146//146 143//143 145//145
f 151//151 146//146 147//147
f 145//145 144//144 129//129
f 147//147 145//145 111//111
f 146//146 149//149 148//148
f 149//149 153//153 150//150
f 151//151 152//152 149//149
f 152//152 174//174 153//153
f 155//155 143//143 154//154
f 160//160 155//155 156//156
f 154//154 148//148 157//157
f 156//156 154//154 158//158
f 155//155 159//159 144//144
f 159//159 133//133 128//128
f 160//160 161//161 159//159
f 161//161 565//565 133//133
f 163//163 165//165 164//164
f 165//165 110//110 109//109
f 151//151 147//147 165//165
f 147//147 111//111 110//110
f 167//167 162//162 166//166
f 89//89 167//167 90//90
f 166//166 164//164 123//123
f 90//90 166//166 63//63
f 167//167 169//169 168//168
f 169//169 171//171 170//170
f 89//89 85//85 169//169
f 85//85 87//87 171//171
f 163//163 162//162 172//172
f 151//151 163//163 152//152
f 172//172 168//168 173//173
f 152//152 172//172 174//174
f 182//182 176//176 177//177
f 177//177 175//175 179//179
f 176//176 181//181 180//180
f 181//181 27//27 23//23
f 182//182 183//183 181//181
f 183//183 28//28 27//27
f 187//187 179//179 178//178
f 191//191 188//188 190//190
f 198//198 191//191 192//192
f 190//190 189//189 194//194
f 192//192 190//190 195//195
f 191//191 197//197 196//196
f 197//197 102//102 99//99
f 198//198 199//199 197//197
f 199//199 103//103 102//102
f 201//201 188//188 200//200
f 182//182 201//201 183//183
f 200//200 196//196 100//100
f 183//183 200//200 28//28
f 201//201 202//202 189//189
f 202//202 203//203 193//193
f 182//182 177//177 202//202
f 177//177 179//179 203//203
f 205//205 207//207 206//206
f 207//207 209//209 208//208
f 198//198 192//192 207//207
f 192//192 195//195 209//209
f 211//211 204//204 210//210
f 217//217 211//211 212//212
f 210//210 206//206 213//213
f 212//212 210//210 214//214
f 211//211 216//216 215//215
f 216//216 86//86 79//79
f 217//217 218//218 216//216
f 218//218 87//87 86//86
f 205//205 204//204 219//219
f 198//198 205//205 199//199
f 219//219 215//215 82//82
f 199//199 219//219 103//103
f 223//223 220//220 222//222
f 228//228 223//223 224//224
f 222//222 221//221 209//209
f 224//224 222//222 195//195
f 223//223 226//226 225//225
f 226//226 230//230 227//227
f 228//228 229//229 226//226
f 229//229 251//251 230//230
f 232//232 220//220 231//231
f 237//237 232//232 233//233
f 231//231 225//225 234//234
f 233//233 231//231 235//235
f 232//232 236//236 221//221
f 236//236 213//213 208//208
f 237//237 238//238 236//236
f 238//238 214//214 213//213
f 240//240 242//242 241//241
f 242//242 194//194 193//193
f 228//228 224//224 242//242
f 224//224 195//195 194//194
f 244//244 239//239 243//243
f 186//186 244//244 187//187
f 243//243 241//241 203//203
f 187//187 243//243 179//179
f 244//244 246//246 245//245
f 246//246 248//248 247//247
f 186//186 184//184 246//246
f 184//184 185//185 248//248
f 240//240 239//239 249//249
f 228//228 240//240 229//229
f 249//249 245//245 250//250
f 229//229 249//249 251//251
f 253//253 255//255 254//254
f 255//255 259//259 256//256
f 255//255 253//253 258//258
f 258//258 272//272 259//259
f 261//261 252//252 260//260
f 170//170 261//261 173//173
f 260//260 254//254 262//262
f 173//173 260//260 174//174
f 261//261 264//264 263//263
f 217//217 263//263 218//218
f 170//170 171//171 264//264
f 218//218 264//264 87//87
f 263//263 265//265 253//253
f 265//265 266//266 257//257
f 217//217 212//212 265//265
f 212//212 214//214 266//266
f 270//270 267//267 269//269
f 278//278 277//277 292//292
f 269//269 268//268 259//259
f 271//271 269//269 272//272
f 277//277 275//275 274//274
f 275//275 592//592 276//276
f 278//278 279//279 275//275
f 592//592 275//275 280//280
f 282//282 267//267 281//281
f 150//150 282//282 157//157
f 281//281 273//273 284//284
f 157//157 281//281 158//158
f 282//282 285//285 268//268
f 285//285 262//262 256//256
f 150//150 153//153 285//285
f 153//153 174//174 262//262
f 293//293 286//286 288//288
f 297//297 289//289 291//291
f 288//288 287//287 292//292
f 291//291 290//290 272//272
f 293//293 295//295 294//294
f 295//295 835//835 296//296
f 297//297 299//299 298//298
f 299//299 321//321 300//300
f 302//302 286//286 301//301
f 307//307 302//302 303//303
f 301//301 294//294 304//304
f 303//303 301//301 305//305
f 302//302 306//306 287//287
f 306//306 279//279 278//278
f 307//307 308//308 306//306
f 308//308 280//280 279//279
f 310//310 312//312 311//311
f 312//312 258//258 257//257
f 297//297 291//291 312//312
f 291//291 272//272 258//258
f 314//314 309//309 313//313
f 237//237 314//314 238//238
f 313//313 311//311 266//266
f 238//238 313//313 214//214
f 314//314 316//316 315//315
f 316//316 318//318 317//317
f 237//237 233//233 316//316
f 233//233 235//235 318//318
f 310//310 309//309 319//319
f 297//297 310//310 299//299
f 319//319 315//315 320//320
f 299//299 319//319 321//321
f 323//323 325//325 324//324
f 325//325 329//329 326//326
f 327//327 328//328 325//325
f 328//328 345//345 329//329
f 331//331 322//322 330//330
f 70//70 331//331 71//71
f 330//330 324//324 332//332
f 71//71 330//330 44//44
f 331//331 334//334 333//333
f 334//334 447//447 335//335
f 70//70 66//66 334//334
f 447//447 334//334 121//121
f 323//323 322//322 336//336
f 327//327 323//323 337//337
f 336//336 333//333 338//338
f 337//337 336//336 339//339
f 343//343 340//340 342//342
f 349//349 343//343 344//344
f 342//342 341//341 329//329
f 344//344 342//342 345//345
f 343//343 347//347 346//346
f 347//347 351//351 348//348
f 349//349 350//350 347//347
f 350//350 375//375 351//351
f 353//353 340//340 352//352
f 47//47 353//353 48//48
f 352//352 346//346 354//354
f 48//48 352//352 16//16
f 353//353 355//355 341//341
f 355//355 332//332 326//326
f 47//47 42//42 355//355
f 42//42 44//44 332//332
f 357//357 359//359 358//358
f 359//359 361//361 360//360
f 349//349 344//344 359//359
f 344//344 345//345 361//361
f 363//363 356//356 362//362
f 370//370 363//363 364//364
f 362//362 358//358 365//365
f 364//364 362//362 366//366
f 363//363 368//368 367//367
f 368//368 372//372 369//369
f 370//370 371//371 368//368
f 371//371 467//467 372//372
f 357//357 356//356 373//373
f 349//349 357//357 350//350
f 373//373 367//367 374//374
f 350//350 373//373 375//375
f 379//379 376//376 378//378
f 327//327 379//379 328//328
f 378//378 377//377 361//361
f 328//328 378//378 345//345
f 379//379 381//381 380//380
f 381//381 383//383 382//382
f 327//327 337//337 381//381
f 337//337 339//339 383//383
f 385//385 376//376 384//384
f 390//390 385//385 386//386
f 384//384 380//380 387//387
f 386//386 384//384 388//388
f 385//385 389//389 377//377
f 389//389 365//365 360//360
f 390//390 391//391 389//389
f 391//391 366//366 365//365
f 393//393 395//395 394//394
f 395//395 399//399 396//396
f 397//397 398//398 395//395
f 398//398 423//423 399//399
f 407//407 392//392 400//400
f 411//411 401//401 403//403
f 400//400 394//394 404//404
f 403//403 402//402 406//406
f 407//407 409//409 408//408
f 409//409 1147//1147 410//410
f 411//411 413//413 412//412
f 413//413 490//490 414//414
f 393//393 392//392 415//415
f 397//397 393//393 416//416
f 415//415 408//408 417//417
f 417//417 456//456 416//416
f 421//421 418//418 420//420
f 426//426 421//421 422//422
f 420//420 419//419 399//399
f 422//422 420//420 423//423
f 421//421 425//425 424//424
f 425//425 141//141 137//137
f 426//426 427//427 425//425
f 427//427 142//142 141//141
f 429//429 418//418 428//428
f 433//433 429//429 430//430
f 428//428 424//424 431//431
f 431//431 139//139 430//430
f 429//429 432//432 419//419
f 432//432 404//404 396//396
f 540//540 435//435 434//434
f 435//435 406//406 405//405
f 437//437 439//439 438//438
f 439//439 441//441 440//440
f 426//426 422//422 439//439
f 422//422 423//423 441//441
f 443//443 436//436 442//442
f 335//335 443//443 338//338
f 442//442 438//438 444//444
f 444//444 339//339 338//338
f 443//443 446//446 445//445
f 446//446 120//120 114//114
f 335//335 447//447 446//446
f 447//447 121//121 120//120
f 437//437 436//436 448//448
f 426//426 437//437 427//427
f 448//448 445//445 117//117
f 427//427 448//448 142//142
f 450//450 452//452 451//451
f 397//397 451//451 398//398
f 452//452 450//450 441//441
f 398//398 452//452 423//423
f 454//454 449//449 453//453
f 459//459 454//454 455//455
f 453//453 451//451 416//416
f 455//455 453//453 456//456
f 454//454 458//458 457//457
f 458//458 387//387 382//382
f 459//459 460//460 458//458
f 460//460 388//388 387//387
f 450//450 449//449 461//461
f 461//461 444//444 440//440
f 461//461 457//457 383//383
f 444//444 461//461 339//339
f 463//463 374//374 369//369
f 464//464 375//375 374//374
f 469//469 471//471 470//470
f 471//471 354//354 348//348
f 18//18 14//14 471//471
f 14//14 16//16 354//354
f 472//472 470//470 351//351
f 464//464 472//472 375//375
f 476//476 473//473 475//475
f 484//484 476//476 477//477
f 475//475 474//474 479//479
f 477//477 475//475 480//480
f 476//476 482//482 481//481
f 482//482 486//486 483//483
f 484//484 485//485 482//482
f 485//485 512//512 486//486
f 488//488 473//473 487//487
f 411//411 488//488 413//413
f 487//487 481//481 489//489
f 413//413 487//487 490//490
f 488//488 491//491 474//474
f 491//491 492//492 478//478
f 411//411 403//403 491//491
f 403//403 406//406 492//492
f 494//494 496//496 495//495
f 496//496 498//498 497//497
f 484//484 477//477 496//496
f 477//477 480//480 498//498
f 500//500 493//493 499//499
f 507//507 500//500 501//501
f 499//499 495//495 502//502
f 501//501 499//499 503//503
f 500//500 505//505 504//504
f 505//505 509//509 506//506
f 507//507 508//508 505//505
f 508//508 720//720 509//509
f 494//494 493//493 510//510
f 484//484 494//494 485//485
f 510//510 504//504 511//511
f 485//485 510//510 512//512
f 516//516 513//513 515//515
f 521//521 516//516 517//517
f 515//515 514//514 498//498
f 517//517 515//515 480//480
f 516//516 519//519 518//518
f 519//519 523//523 520//520
f 521//521 522//522 519//519
f 522//522 545//545 523//523
f 525//525 513//513 524//524
f 529//529 525//525 526//526
f 524//524 518//518 527//527
f 526//526 524//524 305//305
f 525//525 528//528 514//514
f 528//528 502//502 497//497
f 529//529 530//530 528//528
f 530//530 503//503 502//502
f 532//532 534//534 533//533
f 534//534 479//479 478//478
f 521//521 517//517 534//534
f 517//517 480//480 479//479
f 536//536 531//531 535//535
f 540//540 536//536 435//435
f 535//535 533//533 492//492
f 435//435 535//535 406//406
f 536//536 538//538 537//537
f 543//543 537//537 539//539
f 433//433 430//430 541//541
f 561//561 541//541 139//139
f 532//532 531//531 542//542
f 521//521 532//532 522//522
f 542//542 537//537 544//544
f 522//522 542//542 545//545
f 547//547 549//549 548//548
f 549//549 553//553 550//550
f 551//551 552//552 549//549
f 552//552 582//582 553//553
f 555//555 546//546 554//554
f 543//543 555//555 544//544
f 550//550 556//556 554//554
f 556//556 545//545 544//544
f 555//555 560//560 557//557
f 559//559 138//138 132//132
f 543//543 539//539 560//560
f 561//561 139//139 138//138
f 547//547 546//546 562//562
f 551//551 547//547 563//563
f 564//564 558//558 134//134
f 587//587 564//564 565//565
f 567//567 569//569 568//568
f 569//569 571//571 570//570
f 550//550 553//553 569//569
f 553//553 582//582 571//571
f 573//573 566//566 572//572
f 307//307 573//573 308//308
f 572//572 568//568 574//574
f 308//308 572//572 280//280
f 573//573 576//576 575//575
f 576//576 527//527 520//520
f 307//307 303//303 576//576
f 303//303 305//305 527//527
f 567//567 566//566 577//577
f 550//550 567//567 556//556
f 577//577 575//575 523//523
f 556//556 577//577 545//545
f 581//581 578//578 580//580
f 551//551 581//581 552//552
f 580//580 579//579 571//571
f 552//552 580//580 582//582
f 581//581 586//586 583//583
f 585//585 161//161 160//160
f 551//551 563//563 586//586
f 587//587 565//565 161//161
f 589//589 578//578 588//588
f 276//276 589//589 283//283
f 590//590 584//584 156//156
f 284//284 590//590 158//158
f 589//589 591//591 579//579
f 591//591 574//574 570//570
f 276//276 592//592 591//591
f 592//592 280//280 574//574
f 594//594 596//596 595//595
f 596//596 600//600 597//597
f 598//598 599//599 596//596
f 599//599 621//621 600//600
f 602//602 593//593 601//601
f 609//609 602//602 603//603
f 601//601 595//595 604//604
f 603//603 601//601 605//605
f 602//602 607//607 606//606
f 607//607 611//611 608//608
f 609//609 610//610 607//607
f 610//610 1769//1769 611//611
f 594//594 593//593 612//612
f 598//598 594//594 613//613
f 612//612 606//606 614//614
f 613//613 612//612 615//615
f 619//619 616//616 618//618
f 625//625 619//619 620//620
f 618//618 617//617 600//600
f 620//620 618//618 621//621
f 619//619 623//623 622//622
f 623//623 627//627 624//624
f 625//625 626//626 623//623
f 626//626 655//655 627//627
f 629//629 616//616 628//628
f 634//634 629//629 630//630
f 628//628 622//622 631//631
f 630//630 628//628 632//632
f 629//629 633//633 617//617
f 633//633 604//604 597//597
f 634//634 635//635 633//633
f 635//635 605//605 604//604
f 637//637 639//639 638//638
f 639//639 641//641 640//640
f 625//625 620//620 639//639
f 620//620 621//621 641//641
f 643//643 636//636 642//642
f 650//650 643//643 644//644
f 642//642 638//638 645//645
f 644//644 642//642 646//646
f 643//643 648//648 647//647
f 648//648 652//652 649//649
f 650//650 651//651 648//648
f 651//651 687//687 652//652
f 637//637 636//636 653//653
f 625//625 637//637 626//626
f 653//653 647//647 654//654
f 626//626 653//653 655//655
f 659//659 656//656 658//658
f 598//598 659//659 599//599
f 658//658 657//657 641//641
f 599//599 658//658 621//621
f 659//659 661//661 660//660
f 661//661 663//663 662//662
f 598//598 613//613 661//661
f 613//613 615//615 663//663
f 665//665 656//656 664//664
f 670//670 665//665 666//666
f 664//664 660//660 667//667
f 666//666 664//664 668//668
f 665//665 669//669 657//657
f 669//669 645//645 640//640
f 670//670 671//671 669//669
f 671//671 646//646 645//645
f 675//675 672//672 674//674
f 682//682 675//675 676//676
f 674//674 673//673 678//678
f 676//676 674//674 679//679
f 675//675 681//681 680//680
f 681//681 654//654 649//649
f 682//682 683//683 681//681
f 683//683 655//655 654//654
f 685//685 672//672 684//684
f 689//689 685//685 686//686
f 684//684 680//680 652//652
f 686//686 684//684 687//687
f 685//685 688//688 673//673
f 688//688 691//691 677//677
f 689//689 690//690 688//688
f 690//690 731//731 691//691
f 693//693 695//695 694//694
f 695//695 697//697 696//696
f 682//682 676//676 695//695
f 676//676 679//679 697//697
f 699//699 692//692 698//698
f 705//705 699//699 700//700
f 698//698 694//694 701//701
f 700//700 698//698 702//702
f 699//699 704//704 703//703
f 704//704 631//631 624//624
f 705//705 706//706 704//704
f 706//706 632//632 631//631
f 693//693 692//692 707//707
f 682//682 693//693 683//683
f 707//707 703//703 627//627
f 683//683 707//707 655//655
f 711//711 708//708 710//710
f 715//715 711//711 712//712
f 710//710 709//709 697//697
f 712//712 710//710 679//679
f 711//711 714//714 713//713
f 714//714 511//511 506//506
f 715//715 716//716 714//714
f 716//716 512//512 511//511
f 718//718 708//708 717//717
f 722//722 718//718 719//719
f 717//717 713//713 509//509
f 719//719 717//717 720//720
f 718//718 721//721 709//709
f 721//721 701//701 696//696
f 722//722 723//723 721//721
f 723//723 702//702 701//701
f 725//725 727//727 726//726
f 727//727 678//678 677//677
f 715//715 712//712 727//727
f 712//712 679//679 678//678
f 729//729 724//724 728//728
f 734//734 729//729 730//730
f 728//728 726//726 691//691
f 730//730 728//728 731//731
f 729//729 733//733 732//732
f 733//733 489//489 483//483
f 734//734 735//735 733//733
f 735//735 490//490 489//489
f 725//725 724//724 736//736
f 715//715 725//725 716//716
f 736//736 732//732 486//486
f 716//716 736//736 512//512
f 740//740 737//737 739//739
f 747//747 740//740 741//741
f 739//739 738//738 743//743
f 741//741 739//739 744//744
f 740//740 746//746 745//745
f 746//746 250//250 247//247
f 747//747 748//748 746//746
f 748//748 251//251 250//250
f 750//750 737//737 749//749
f 753//753 750//750 751//751
f 749//749 745//745 248//248
f 751//751 749//749 185//185
f 750//750 752//752 738//738
f 752//752 755//755 742//742
f 753//753 754//754 752//752
f 754//754 805//805 755//755
f 757//757 759//759 758//758
f 759//759 761//761 760//760
f 747//747 741//741 759//759
f 741//741 744//744 761//761
f 763//763 756//756 762//762
f 769//769 763//763 764//764
f 762//762 758//758 765//765
f 764//764 762//762 766//766
f 763//763 768//768 767//767
f 768//768 234//234 227//227
f 769//769 770//770 768//768
f 770//770 235//235 234//234
f 757//757 756//756 771//771
f 747//747 757//757 748//748
f 771//771 767//767 230//230
f 748//748 771//771 251//251
f 773//773 775//775 774//774
f 775//775 799//799 776//776
f 760//760 761//761 778//778
f 761//761 744//744 779//779
f 781//781 772//772 780//780
f 788//788 781//781 782//782
f 780//780 774//774 783//783
f 782//782 780//780 784//784
f 781//781 786//786 785//785
f 786//786 790//790 787//787
f 788//788 789//789 786//786
f 789//789 1010//1010 790//790
f 773//773 772//772 791//791
f 792//792 765//765 760//760
f 787//787 868//868 791//791
f 793//793 766//766 765//765
f 800//800 794//794 796//796
f 742//742 797//797 743//743
f 796//796 795//795 799//799
f 743//743 798//798 744//744
f 800//800 802//802 801//801
f 802//802 2616//2616 803//803
f 742//742 755//755 804//804
f 816//816 804//804 805//805
f 807//807 794//794 806//806
f 812//812 807//807 808//808
f 806//806 801//801 809//809
f 808//808 806//806 810//810
f 807//807 811//811 795//795
f 811//811 783//783 776//776
f 812//812 813//813 811//811
f 813//813 784//784 783//783
f 814//814 809//809 803//803
f 815//815 810//810 809//809
f 818//818 820//820 819//819
f 820//820 842//842 821//821
f 823//823 825//825 824//824
f 825//825 844//844 826//826
f 828//828 817//817 827//827
f 529//529 828//828 530//530
f 827//827 819//819 829//829
f 530//530 827//827 503//503
f 828//828 831//831 830//830
f 831//831 304//304 296//296
f 529//529 526//526 831//831
f 526//526 305//305 304//304
f 818//818 817//817 832//832
f 823//823 822//822 834//834
f 832//832 830//830 835//835
f 834//834 833//833 321//321
f 845//845 836//836 838//838
f 849//849 839//839 841//841
f 838//838 837//837 842//842
f 864//864 843//843 844//844
f 845//845 847//847 846//846
f 847//847 1047//1047 848//848
f 849//849 851//851 850//850
f 851//851 877//877 852//852
f 854//854 836//836 853//853
f 507//507 854//854 508//508
f 853//853 846//846 855//855
f 508//508 853//853 720//720
f 854//854 856//856 837//837
f 856//856 829//829 821//821
f 507//507 501//501 856//856
f 501//501 503//503 829//829
f 858//858 863//863 859//859
f 861//861 865//865 862//862
f 849//849 841//841 863//863
f 864//864 844//844 865//865
f 867//867 857//857 866//866
f 787//787 867//867 868//868
f 870//870 860//860 869//869
f 793//793 870//870 766//766
f 867//867 872//872 871//871
f 872//872 874//874 873//873
f 787//787 790//790 872//872
f 790//790 1010//1010 874//874
f 858//858 857//857 875//875
f 849//849 858//858 851//851
f 875//875 871//871 876//876
f 851//851 875//875 877//877
f 881//881 878//878 880//880
f 823//823 881//881 825//825
f 880//880 879//879 865//865
f 825//825 880//880 844//844
f 881//881 883//883 882//882
f 883//883 320//320 317//317
f 823//823 834//834 883//883
f 834//834 321//321 320//320
f 885//885 878//878 884//884
f 769//769 885//885 770//770
f 884//884 882//882 318//318
f 770//770 884//884 235//235
f 885//885 886//886 879//879
f 886//886 869//869 862//862
f 769//769 764//764 886//886
f 764//764 766//766 869//869
f 890//890 887//887 889//889
f 889//889 894//894 891//891
f 889//889 888//888 893//893
f 893//893 910//910 894//894
f 890//890 896//896 895//895
f 896//896 899//899 897//897
f 891//891 898//898 896//896
f 898//898 1111//1111 899//899
f 901//901 887//887 900//900
f 370//370 901//901 371//371
f 900//900 895//895 902//902
f 371//371 900//900 467//467
f 901//901 903//903 888//888
f 903//903 904//904 892//892
f 370//370 364//364 903//903
f 364//364 366//366 904//904
f 908//908 905//905 907//907
f 914//914 908//908 909//909
f 907//907 906//906 894//894
f 909//909 907//907 910//910
f 908//908 912//912 911//911
f 912//912 916//916 913//913
f 914//914 915//915 912//912
f 915//915 944//944 916//916
f 918//918 905//905 917//917
f 923//923 918//918 919//919
f 917//917 911//911 920//920
f 919//919 917//917 921//921
f 918//918 922//922 906//906
f 922//922 898//898 891//891
f 923//923 924//924 922//922
f 924//924 1111//1111 898//898
f 926//926 928//928 927//927
f 928//928 930//930 929//929
f 914//914 909//909 928//928
f 909//909 910//910 930//930
f 932//932 925//925 931//931
f 939//939 932//932 933//933
f 931//931 927//927 934//934
f 933//933 931//931 935//935
f 932//932 937//937 936//936
f 937//937 941//941 938//938
f 939//939 940//940 937//937
f 940//940 1244//1244 941//941
f 926//926 925//925 942//942
f 914//914 926//926 915//915
f 942//942 936//936 943//943
f 915//915 942//942 944//944
f 948//948 945//945 947//947
f 947//947 893//893 892//892
f 947//947 946//946 930//930
f 893//893 947//947 910//910
f 950//950 945//945 949//949
f 390//390 950//950 391//391
f 949//949 948//948 904//904
f 391//391 949//949 366//366
f 950//950 952//952 951//951
f 952//952 954//954 953//953
f 390//390 386//386 952//952
f 386//386 388//388 954//954
f 951//951 955//955 946//946
f 955//955 934//934 929//929
f 953//953 956//956 955//955
f 956//956 935//935 934//934
f 960//960 957//957 959//959
f 968//968 960//960 961//961
f 959//959 958//958 963//963
f 961//961 959//959 964//964
f 960//960 966//966 965//965
f 966//966 970//970 967//967
f 968//968 969//969 966//966
f 969//969 995//995 970//970
f 972//972 957//957 971//971
f 977//977 972//972 973//973
f 971//971 965//965 974//974
f 973//973 971//971 975//975
f 972//972 976//976 958//958
f 976//976 979//979 962//962
f 977//977 978//978 976//976
f 978//978 1019//1019 979//979
f 981//981 983//983 982//982
f 983//983 985//985 984//984
f 968//968 961//961 983//983
f 961//961 964//964 985//985
f 987//987 980//980 986//986
f 812//812 987//987 813//813
f 986//986 982//982 988//988
f 813//813 986//986 784//784
f 987//987 990//990 989//989
f 990//990 992//992 991//991
f 812//812 808//808 990//990
f 808//808 810//810 992//992
f 981//981 980//980 993//993
f 968//968 981//981 969//969
f 993//993 989//989 994//994
f 969//969 993//993 995//995
f 999//999 996//996 998//998
f 1004//1004 999//999 1000//1000
f 998//998 997//997 985//985
f 1000//1000 998//998 964//964
f 999//999 1002//1002 1001//1001
f 1002//1002 1006//1006 1003//1003
f 1004//1004 1005//1005 1002//1002
f 1005//1005 1028//1028 1006//1006
f 1008//1008 996//996 1007//1007
f 788//788 1008//1008 789//789
f 1007//1007 1001//1001 1009//1009
f 789//789 1007//1007 1010//1010
f 1008//1008 1011//1011 997//997
f 1011//1011 988//988 984//984
f 788//788 782//782 1011//1011
f 782//782 784//784 988//988
f 1013//1013 1015//1015 1014//1014
f 1015//1015 963//963 962//962
f 1004//1004 1000//1000 1015//1015
f 1000//1000 964//964 963//963
f 1017//1017 1012//1012 1016//1016
f 1023//1023 1017//1017 1018//1018
f 1016//1016 1014//1014 979//979
f 1018//1018 1016//1016 1019//1019
f 1017//1017 1021//1021 1020//1020
f 1021//1021 1025//1025 1022//1022
f 1023//1023 1024//1024 1021//1021
f 1024//1024 1369//1369 1025//1025
f 1013//1013 1012//1012 1026//1026
f 1004//1004 1013//1013 1005//1005
f 1026//1026 1020//1020 1027//1027
f 1005//1005 1026//1026 1028//1028
f 1030//1030 1032//1032 1031//1031
f 1032//1032 1054//1054 1033//1033
f 1035//1035 1037//1037 1036//1036
f 1037//1037 1055//1055 1038//1038
f 1040//1040 1029//1029 1039//1039
f 722//722 1040//1040 723//723
f 1039//1039 1031//1031 1041//1041
f 723//723 1039//1039 702//702
f 1040//1040 1043//1043 1042//1042
f 1043//1043 855//855 848//848
f 722//722 719//719 1043//1043
f 719//719 720//720 855//855
f 1030//1030 1029//1029 1044//1044
f 1035//1035 1034//1034 1046//1046
f 1044//1044 1042//1042 1047//1047
f 1046//1046 1045//1045 877//877
f 1056//1056 1048//1048 1050//1050
f 1060//1060 1051//1051 1053//1053
f 1050//1050 1049//1049 1054//1054
f 1053//1053 1052//1052 1055//1055
f 1056//1056 1058//1058 1057//1057
f 1058//1058 1819//1819 1059//1059
f 1060//1060 1062//1062 1061//1061
f 1062//1062 1083//1083 1063//1063
f 1065//1065 1048//1048 1064//1064
f 705//705 1065//1065 706//706
f 1064//1064 1057//1057 1066//1066
f 706//706 1064//1064 632//632
f 1065//1065 1067//1067 1049//1049
f 1067//1067 1041//1041 1033//1033
f 705//705 700//700 1067//1067
f 700//700 702//702 1041//1041
f 1069//1069 1071//1071 1070//1070
f 1071//1071 1073//1073 1072//1072
f 1060//1060 1053//1053 1071//1071
f 1053//1053 1055//1055 1073//1073
f 1075//1075 1068//1068 1074//1074
f 1022//1022 1075//1075 1027//1027
f 1074//1074 1070//1070 1076//1076
f 1027//1027 1074//1074 1028//1028
f 1075//1075 1078//1078 1077//1077
f 1078//1078 1080//1080 1079//1079
f 1022//1022 1025//1025 1078//1078
f 1025//1025 1369//1369 1080//1080
f 1069//1069 1068//1068 1081//1081
f 1060//1060 1069//1069 1062//1062
f 1081//1081 1077//1077 1082//1082
f 1062//1062 1081//1081 1083//1083
f 1087//1087 1084//1084 1086//1086
f 1035//1035 1087//1087 1037//1037
f 1086//1086 1085//1085 1073//1073
f 1037//1037 1086//1086 1055//1055
f 1087//1087 1089//1089 1088//1088
f 1089//1089 876//876 873//873
f 1035//1035 1046//1046 1089//1089
f 1046//1046 877//877 876//876
f 1091//1091 1084//1084 1090//1090
f 1090//1090 1009//1009 1003//1003
f 1090//1090 1088//1088 874//874
f 874//874 1010//1010 1009//1009
f 1091//1091 1092//1092 1085//1085
f 1092//1092 1076//1076 1072//1072
f 1092//1092 1091//1091 1006//1006
f 1006//1006 1028//1028 1076//1076
f 1094//1094 1096//1096 1095//1095
f 1096//1096 994//994 991//991
f 1097//1097 1098//1098 1096//1096
f 1098//1098 995//995 994//994
f 1099//1099 1095//1095 992//992
f 815//815 1099//1099 810//810
f 1102//1102 1104//1104 1103//1103
f 1104//1104 974//974 967//967
f 1105//1105 1106//1106 1104//1104
f 1106//1106 975//975 974//974
f 1101//1101 1100//1100 1107//1107
f 1097//1097 1101//1101 1098//1098
f 1107//1107 1103//1103 970//970
f 1098//1098 1107//1107 995//995
f 923//923 919//919 1108//1108
f 919//919 921//921 1109//1109
f 1110//1110 902//902 897//897
f 466//466 467//467 902//902
f 1113//1113 1115//1115 1114//1114
f 1115//1115 1119//1119 1116//1116
f 1117//1117 1118//1118 1115//1115
f 1118//1118 1156//1156 1119//1119
f 1125//1125 1112//1112 1120//1120
f 689//689 1121//1121 690//690
f 1120//1120 1114//1114 1123//1123
f 690//690 1122//1122 731//731
f 1125//1125 1127//1127 1126//1126
f 1127//1127 1460//1460 1128//1128
f 689//689 686//686 1129//1129
f 686//686 687//687 1130//1130
f 1113//1113 1112//1112 1131//1131
f 1117//1117 1113//1113 1132//1132
f 1131//1131 1126//1126 1133//1133
f 1132//1132 1131//1131 1134//1134
f 1138//1138 1135//1135 1137//1137
f 1137//1137 1140//1140 1139//1139
f 1137//1137 1136//1136 1119//1119
f 1119//1119 1156//1156 1140//1140
f 1142//1142 1135//1135 1141//1141
f 410//410 1142//1142 417//417
f 1141//1141 1138//1138 1143//1143
f 417//417 1141//1141 456//456
f 1148//1148 1135//1135 1144//1144
f 734//734 1145//1145 735//735
f 1144//1144 1142//1142 1147//1147
f 735//735 1146//1146 490//490
f 1148//1148 1149//1149 1136//1136
f 1149//1149 1123//1123 1116//1116
f 734//734 730//730 1150//1150
f 730//730 731//731 1124//1124
f 1154//1154 1151//1151 1153//1153
f 1159//1159 1154//1154 1155//1155
f 1153//1153 1152//1152 1140//1140
f 1155//1155 1153//1153 1156//1156
f 1154//1154 1158//1158 1157//1157
f 1158//1158 956//956 953//953
f 1159//1159 1160//1160 1158//1158
f 956//956 1158//1158 935//935
f 1162//1162 1151//1151 1161//1161
f 459//459 1162//1162 460//460
f 1161//1161 1157//1157 954//954
f 460//460 1161//1161 388//388
f 1162//1162 1163//1163 1152//1152
f 1163//1163 1143//1143 1139//1139
f 459//459 455//455 1163//1163
f 455//455 456//456 1143//1143
f 1167//1167 1164//1164 1166//1166
f 1117//1117 1167//1167 1118//1118
f 1166//1166 1165//1165 1155//1155
f 1155//1155 1156//1156 1118//1118
f 1167//1167 1169//1169 1168//1168
f 1173//1173 1168//1168 1170//1170
f 1117//1117 1132//1132 1169//1169
f 1132//1132 1134//1134 1170//1170
f 1172//1172 1164//1164 1171//1171
f 939//939 1172//1172 940//940
f 1173//1173 1174//1174 1171//1171
f 1174//1174 1244//1244 940//940
f 1172//1172 1175//1175 1165//1165
f 1175//1175 1160//1160 1159//1159
f 939//939 933//933 1175//1175
f 933//933 935//935 1160//1160
f 1177//1177 1179//1179 1178//1178
f 1179//1179 1183//1183 1180//1180
f 1181//1181 1182//1182 1179//1179
f 1182//1182 1200//1200 1183//1183
f 1185//1185 1176//1176 1184//1184
f 1191//1191 1185//1185 1186//1186
f 1184//1184 1178//1178 1187//1187
f 1186//1186 1184//1184 1188//1188
f 1185//1185 1190//1190 1189//1189
f 1190//1190 920//920 913//913
f 1191//1191 1192//1192 1190//1190
f 1192//1192 921//921 920//920
f 1177//1177 1176//1176 1193//1193
f 1181//1181 1177//1177 1194//1194
f 1193//1193 1189//1189 916//916
f 1194//1194 1193//1193 944//944
f 1198//1198 1195//1195 1197//1197
f 1204//1204 1198//1198 1199//1199
f 1197//1197 1196//1196 1183//1183
f 1199//1199 1197//1197 1200//1200
f 1198//1198 1202//1202 1201//1201
f 1202//1202 1206//1206 1203//1203
f 1204//1204 1205//1205 1202//1202
f 1205//1205 1234//1234 1206//1206
f 1208//1208 1195//1195 1207//1207
f 1213//1213 1208//1208 1209//1209
f 1207//1207 1201//1201 1210//1210
f 1209//1209 1207//1207 1211//1211
f 1208//1208 1212//1212 1196//1196
f 1212//1212 1187//1187 1180//1180
f 1213//1213 1214//1214 1212//1212
f 1214//1214 1188//1188 1187//1187
f 1216//1216 1218//1218 1217//1217
f 1218//1218 1220//1220 1219//1219
f 1204//1204 1199//1199 1218//1218
f 1199//1199 1200//1200 1220//1220
f 1222//1222 1215//1215 1221//1221
f 1229//1229 1222//1222 1223//1223
f 1221//1221 1217//1217 1224//1224
f 1223//1223 1221//1221 1225//1225
f 1222//1222 1227//1227 1226//1226
f 1227//1227 1231//1231 1228//1228
f 1229//1229 1230//1230 1227//1227
f 1230//1230 1315//1315 1231//1231
f 1216//1216 1215//1215 1232//1232
f 1204//1204 1216//1216 1205//1205
f 1232//1232 1226//1226 1233//1233
f 1205//1205 1232//1232 1234//1234
f 1238//1238 1235//1235 1237//1237
f 1181//1181 1238//1238 1182//1182
f 1237//1237 1236//1236 1220//1220
f 1182//1182 1237//1237 1200//1200
f 1238//1238 1240//1240 1239//1239
f 1240//1240 943//943 938//938
f 1181//1181 1194//1194 1240//1240
f 1194//1194 944//944 943//943
f 1242//1242 1235//1235 1241//1241
f 1246//1246 1242//1242 1243//1243
f 1241//1241 1239//1239 941//941
f 1243//1243 1241//1241 1244//1244
f 1242//1242 1245//1245 1236//1236
f 1245//1245 1224//1224 1219//1219
f 1246//1246 1247//1247 1245//1245
f 1247//1247 1225//1225 1224//1224
f 1249//1249 1251//1251 1250//1250
f 1251//1251 1255//1255 1252//1252
f 1253//1253 1254//1254 1251//1251
f 1254//1254 1272//1272 1255//1255
f 1257//1257 1248//1248 1256//1256
f 1263//1263 1257//1257 1258//1258
f 1256//1256 1250//1250 1259//1259
f 1258//1258 1256//1256 1260//1260
f 1257//1257 1262//1262 1261//1261
f 1262//1262 1210//1210 1203//1203
f 1263//1263 1264//1264 1262//1262
f 1264//1264 1211//1211 1210//1210
f 1249//1249 1248//1248 1265//1265
f 1253//1253 1249//1249 1266//1266
f 1265//1265 1261//1261 1206//1206
f 1266//1266 1265//1265 1234//1234
f 1270//1270 1267//1267 1269//1269
f 1276//1276 1270//1270 1271//1271
f 1269//1269 1268//1268 1255//1255
f 1271//1271 1269//1269 1272//1272
f 1270//1270 1274//1274 1273//1273
f 1281//1281 1273//1273 1275//1275
f 1276//1276 1277//1277 1274//1274
f 1277//1277 1305//1305 1275//1275
f 1279//1279 1267//1267 1278//1278
f 1284//1284 1279//1279 1280//1280
f 1281//1281 1282//1282 1278//1278
f 1282//1282 1336//1336 1280//1280
f 1279//1279 1283//1283 1268//1268
f 1283//1283 1259//1259 1252//1252
f 1284//1284 1285//1285 1283//1283
f 1285//1285 1260//1260 1259//1259
f 1287//1287 1289//1289 1288//1288
f 1289//1289 1291//1291 1290//1290
f 1276//1276 1271//1271 1289//1289
f 1271//1271 1272//1272 1291//1291
f 1293//1293 1286//1286 1292//1292
f 1300//1300 1293//1293 1294//1294
f 1292//1292 1288//1288 1295//1295
f 1294//1294 1292//1292 1296//1296
f 1293//1293 1298//1298 1297//1297
f 1298//1298 1302//1302 1299//1299
f 1300//1300 1301//1301 1298//1298
f 1301//1301 1861//1861 1302//1302
f 1287//1287 1286//1286 1303//1303
f 1276//1276 1287//1287 1277//1277
f 1303//1303 1297//1297 1304//1304
f 1277//1277 1303//1303 1305//1305
f 1309//1309 1306//1306 1308//1308
f 1253//1253 1309//1309 1254//1254
f 1308//1308 1307//1307 1291//1291
f 1254//1254 1308//1308 1272//1272
f 1309//1309 1311//1311 1310//1310
f 1311//1311 1233//1233 1228//1228
f 1253//1253 1266//1266 1311//1311
f 1266//1266 1234//1234 1233//1233
f 1313//1313 1306//1306 1312//1312
f 1317//1317 1313//1313 1314//1314
f 1312//1312 1310//1310 1231//1231
f 1314//1314 1312//1312 1315//1315
f 1313//1313 1316//1316 1307//1307
f 1316//1316 1295//1295 1290//1290
f 1317//1317 1318//1318 1316//1316
f 1318//1318 1296//1296 1295//1295
f 1322//1322 1319//1319 1321//1321
f 1330//1330 1322//1322 1323//1323
f 1321//1321 1320//1320 1325//1325
f 1323//1323 1321//1321 1326//1326
f 1322//1322 1328//1328 1327//1327
f 1328//1328 1332//1332 1329//1329
f 1330//1330 1331//1331 1328//1328
f 1331//1331 1354//1354 1332//1332
f 1334//1334 1319//1319 1333//1333
f 1281//1281 1334//1334 1282//1282
f 1333//1333 1327//1327 1335//1335
f 1282//1282 1333//1333 1336//1336
f 1334//1334 1337//1337 1320//1320
f 1337//1337 1338//1338 1324//1324
f 1281//1281 1275//1275 1337//1337
f 1275//1275 1305//1305 1338//1338
f 1340//1340 1342//1342 1341//1341
f 1342//1342 1344//1344 1343//1343
f 1330//1330 1323//1323 1342//1342
f 1323//1323 1326//1326 1344//1344
f 1346//1346 1339//1339 1345//1345
f 977//977 1346//1346 978//978
f 1345//1345 1341//1341 1347//1347
f 978//978 1345//1345 1019//1019
f 1346//1346 1349//1349 1348//1348
f 1349//1349 1351//1351 1350//1350
f 977//977 973//973 1349//1349
f 973//973 975//975 1351//1351
f 1340//1340 1339//1339 1352//1352
f 1330//1330 1340//1340 1331//1331
f 1352//1352 1348//1348 1353//1353
f 1331//1331 1352//1352 1354//1354
f 1358//1358 1355//1355 1357//1357
f 1363//1363 1358//1358 1359//1359
f 1357//1357 1356//1356 1344//1344
f 1359//1359 1357//1357 1326//1326
f 1358//1358 1361//1361 1360//1360
f 1361//1361 1365//1365 1362//1362
f 1363//1363 1364//1364 1361//1361
f 1364//1364 1383//1383 1365//1365
f 1367//1367 1355//1355 1366//1366
f 1023//1023 1367//1367 1024//1024
f 1366//1366 1360//1360 1368//1368
f 1024//1024 1366//1366 1369//1369
f 1367//1367 1370//1370 1356//1356
f 1370//1370 1347//1347 1343//1343
f 1023//1023 1018//1018 1370//1370
f 1018//1018 1019//1019 1347//1347
f 1372//1372 1374//1374 1373//1373
f 1374//1374 1325//1325 1324//1324
f 1363//1363 1359//1359 1374//1374
f 1359//1359 1326//1326 1325//1325
f 1376//1376 1371//1371 1375//1375
f 1299//1299 1376//1376 1304//1304
f 1375//1375 1373//1373 1338//1338
f 1304//1304 1375//1375 1305//1305
f 1376//1376 1378//1378 1377//1377
f 1378//1378 1380//1380 1379//1379
f 1299//1299 1302//1302 1378//1378
f 1302//1302 1861//1861 1380//1380
f 1372//1372 1371//1371 1381//1381
f 1363//1363 1372//1372 1364//1364
f 1381//1381 1377//1377 1382//1382
f 1364//1364 1381//1381 1383//1383
f 1388//1388 1384//1384 1387//1387
f 1213//1213 1388//1388 1214//1214
f 1387//1387 1385//1385 1389//1389
f 1214//1214 1387//1387 1188//1188
f 1388//1388 1391//1391 1390//1390
f 1391//1391 1393//1393 1392//1392
f 1213//1213 1209//1209 1391//1391
f 1209//1209 1211//1211 1393//1393
f 1191//1191 1396//1396 1192//1192
f 1192//1192 1395//1395 921//921
f 1396//1396 1397//1397 1394//1394
f 1397//1397 1389//1389 1386//1386
f 1191//1191 1186//1186 1397//1397
f 1186//1186 1188//1188 1389//1389
f 1399//1399 1401//1401 1400//1400
f 1401//1401 1285//1285 1284//1284
f 1285//1285 1401//1401 1260//1260
f 1404//1404 1398//1398 1403//1403
f 1406//1406 1404//1404 1405//1405
f 1403//1403 1400//1400 1280//1280
f 1405//1405 1403//1403 1336//1336
f 1263//1263 1409//1409 1264//1264
f 1408//1408 1407//1407 1393//1393
f 1264//1264 1408//1408 1211//1211
f 1263//1263 1258//1258 1410//1410
f 1258//1258 1260//1260 1402//1402
f 1412//1412 1414//1414 1413//1413
f 1414//1414 1353//1353 1350//1350
f 1415//1415 1416//1416 1414//1414
f 1416//1416 1354//1354 1353//1353
f 1418//1418 1411//1411 1417//1417
f 1105//1105 1418//1418 1106//1106
f 1417//1417 1413//1413 1351//1351
f 1106//1106 1417//1417 975//975
f 1421//1421 1423//1423 1422//1422
f 1423//1423 1335//1335 1329//1329
f 1406//1406 1405//1405 1423//1423
f 1405//1405 1336//1336 1335//1335
f 1420//1420 1419//1419 1424//1424
f 1415//1415 1420//1420 1416//1416
f 1424//1424 1422//1422 1332//1332
f 1416//1416 1424//1424 1354//1354
f 1428//1428 1425//1425 1427//1427
f 1437//1437 1428//1428 1429//1429
f 1427//1427 1426//1426 1431//1431
f 1429//1429 1427//1427 1432//1432
f 1434//1434 1436//1436 1435//1435
f 670//670 1435//1435 671//671
f 1436//1436 1434//1434 1439//1439
f 671//671 1436//1436 646//646
f 1441//1441 1433//1433 1440//1440
f 1512//1512 1441//1441 1442//1442
f 670//670 666//666 1440//1440
f 1442//1442 1440//1440 668//668
f 1443//1443 1444//1444 1426//1426
f 1444//1444 1447//1447 1430//1430
f 1445//1445 1446//1446 1444//1444
f 1446//1446 1486//1486 1447//1447
f 1451//1451 1448//1448 1450//1450
f 1450//1450 1453//1453 1452//1452
f 1450//1450 1449//1449 1429//1429
f 1429//1429 1432//1432 1453//1453
f 1451//1451 1455//1455 1454//1454
f 1455//1455 1133//1133 1128//1128
f 1452//1452 1456//1456 1455//1455
f 1456//1456 1134//1134 1133//1133
f 1461//1461 1448//1448 1457//1457
f 650//650 1458//1458 651//651
f 1457//1457 1454//1454 1460//1460
f 651//651 1459//1459 687//687
f 1461//1461 1462//1462 1449//1449
f 1462//1462 1438//1438 1437//1437
f 650//650 644//644 1463//1463
f 644//644 646//646 1439//1439
f 1467//1467 1464//1464 1466//1466
f 1472//1472 1467//1467 1468//1468
f 1466//1466 1465//1465 1453//1453
f 1468//1468 1466//1466 1432//1432
f 1467//1467 1470//1470 1469//1469
f 1470//1470 1474//1474 1471//1471
f 1472//1472 1473//1473 1470//1470
f 1473//1473 1495//1495 1474//1474
f 1476//1476 1464//1464 1475//1475
f 1173//1173 1476//1476 1174//1174
f 1475//1475 1469//1469 1477//1477
f 1174//1174 1475//1475 1244//1244
f 1476//1476 1478//1478 1465//1465
f 1478//1478 1456//1456 1452//1452
f 1173//1173 1170//1170 1478//1478
f 1456//1456 1478//1478 1134//1134
f 1480//1480 1482//1482 1481//1481
f 1482//1482 1431//1431 1430//1430
f 1472//1472 1468//1468 1482//1482
f 1468//1468 1432//1432 1431//1431
f 1484//1484 1479//1479 1483//1483
f 1490//1490 1484//1484 1485//1485
f 1483//1483 1481//1481 1447//1447
f 1485//1485 1483//1483 1486//1486
f 1484//1484 1488//1488 1487//1487
f 1488//1488 1492//1492 1489//1489
f 1490//1490 1491//1491 1488//1488
f 1491//1491 1534//1534 1492//1492
f 1480//1480 1479//1479 1493//1493
f 1472//1472 1480//1480 1473//1473
f 1493//1493 1487//1487 1494//1494
f 1473//1473 1493//1493 1495//1495
f 1497//1497 1499//1499 1498//1498
f 1499//1499 1503//1503 1500//1500
f 1501//1501 1502//1502 1499//1499
f 1502//1502 1524//1524 1503//1503
f 1505//1505 1496//1496 1504//1504
f 1445//1445 1505//1505 1446//1446
f 1504//1504 1498//1498 1506//1506
f 1446//1446 1504//1504 1486//1486
f 1508//1508 1510//1510 1509//1509
f 1510//1510 1513//1513 1511//1511
f 1512//1512 1442//1442 1510//1510
f 1442//1442 668//668 1513//1513
f 1515//1515 1507//1507 1514//1514
f 1565//1565 1515//1515 1516//1516
f 1514//1514 1509//1509 1517//1517
f 1516//1516 1514//1514 1518//1518
f 1522//1522 1519//1519 1521//1521
f 1528//1528 1522//1522 1523//1523
f 1521//1521 1520//1520 1503//1503
f 1523//1523 1521//1521 1524//1524
f 1522//1522 1526//1526 1525//1525
f 1526//1526 1530//1530 1527//1527
f 1528//1528 1529//1529 1526//1526
f 1529//1529 1555//1555 1530//1530
f 1532//1532 1519//1519 1531//1531
f 1490//1490 1532//1532 1491//1491
f 1531//1531 1525//1525 1533//1533
f 1491//1491 1531//1531 1534//1534
f 1532//1532 1535//1535 1520//1520
f 1535//1535 1506//1506 1500//1500
f 1490//1490 1485//1485 1535//1535
f 1485//1485 1486//1486 1506//1506
f 1537//1537 1539//1539 1538//1538
f 1539//1539 1541//1541 1540//1540
f 1528//1528 1523//1523 1539//1539
f 1523//1523 1524//1524 1541//1541
f 1543//1543 1536//1536 1542//1542
f 1550//1550 1543//1543 1544//1544
f 1542//1542 1538//1538 1545//1545
f 1544//1544 1542//1542 1546//1546
f 1543//1543 1548//1548 1547//1547
f 1548//1548 1552//1552 1549//1549
f 1550//1550 1551//1551 1548//1548
f 1551//1551 1735//1735 1552//1552
f 1537//1537 1536//1536 1553//1553
f 1528//1528 1537//1537 1529//1529
f 1553//1553 1547//1547 1554//1554
f 1529//1529 1553//1553 1555//1555
f 1559//1559 1556//1556 1558//1558
f 1501//1501 1559//1559 1502//1502
f 1558//1558 1557//1557 1541//1541
f 1502//1502 1558//1558 1524//1524
f 1561//1561 1563//1563 1562//1562
f 1563//1563 1566//1566 1564//1564
f 1565//1565 1516//1516 1563//1563
f 1516//1516 1518//1518 1566//1566
f 1568//1568 1560//1560 1567//1567
f 2324//2324 1568//1568 1569//1569
f 1567//1567 1562//1562 1570//1570
f 1569//1569 1567//1567 1571//1571
f 1572//1572 1573//1573 1557//1557
f 1573//1573 1545//1545 1540//1540
f 1574//1574 1575//1575 1573//1573
f 1575//1575 1546//1546 1545//1545
f 1577//1577 1579//1579 1578//1578
f 1579//1579 1583//1583 1580//1580
f 1581//1581 1582//1582 1579//1579
f 1582//1582 1596//1596 1583//1583
f 1585//1585 1576//1576 1584//1584
f 1246//1246 1585//1585 1247//1247
f 1584//1584 1578//1578 1586//1586
f 1247//1247 1584//1584 1225//1225
f 1585//1585 1588//1588 1587//1587
f 1588//1588 1477//1477 1471//1471
f 1246//1246 1243//1243 1588//1588
f 1243//1243 1244//1244 1477//1477
f 1577//1577 1576//1576 1589//1589
f 1581//1581 1577//1577 1590//1590
f 1589//1589 1587//1587 1474//1474
f 1590//1590 1589//1589 1495//1495
f 1594//1594 1591//1591 1593//1593
f 1593//1593 1611//1611 1595//1595
f 1593//1593 1592//1592 1583//1583
f 1611//1611 1593//1593 1596//1596
f 1594//1594 1598//1598 1597//1597
f 1604//1604 1597//1597 1599//1599
f 1598//1598 1594//1594 1600//1600
f 1599//1599 1598//1598 1601//1601
f 1603//1603 1591//1591 1602//1602
f 1229//1229 1603//1603 1230//1230
f 1604//1604 1605//1605 1602//1602
f 1605//1605 1315//1315 1230//1230
f 1603//1603 1606//1606 1592//1592
f 1606//1606 1586//1586 1580//1580
f 1229//1229 1223//1223 1606//1606
f 1223//1223 1225//1225 1586//1586
f 1610//1610 1607//1607 1609//1609
f 1581//1581 1610//1610 1582//1582
f 1609//1609 1608//1608 1611//1611
f 1582//1582 1609//1609 1596//1596
f 1610//1610 1613//1613 1612//1612
f 1613//1613 1494//1494 1489//1489
f 1581//1581 1590//1590 1613//1613
f 1590//1590 1495//1495 1494//1494
f 1615//1615 1607//1607 1614//1614
f 1618//1618 1615//1615 1616//1616
f 1614//1614 1612//1612 1492//1492
f 1616//1616 1614//1614 1534//1534
f 1615//1615 1617//1617 1608//1608
f 1617//1617 1600//1600 1595//1595
f 1618//1618 1619//1619 1617//1617
f 1619//1619 1601//1601 1600//1600
f 1621//1621 1623//1623 1622//1622
f 1623//1623 1627//1627 1624//1624
f 1625//1625 1626//1626 1623//1623
f 1626//1626 1644//1644 1627//1627
f 1629//1629 1620//1620 1628//1628
f 1317//1317 1629//1629 1318//1318
f 1628//1628 1622//1622 1630//1630
f 1318//1318 1628//1628 1296//1296
f 1629//1629 1632//1632 1631//1631
f 1632//1632 1634//1634 1633//1633
f 1317//1317 1314//1314 1632//1632
f 1314//1314 1315//1315 1634//1634
f 1621//1621 1620//1620 1635//1635
f 1625//1625 1621//1621 1636//1636
f 1635//1635 1631//1631 1637//1637
f 1636//1636 1635//1635 1638//1638
f 1642//1642 1639//1639 1641//1641
f 1648//1648 1642//1642 1643//1643
f 1641//1641 1640//1640 1627//1627
f 1643//1643 1641//1641 1644//1644
f 1642//1642 1646//1646 1645//1645
f 1653//1653 1645//1645 1647//1647
f 1646//1646 1642//1642 1649//1649
f 1647//1647 1646//1646 1650//1650
f 1652//1652 1639//1639 1651//1651
f 1300//1300 1652//1652 1301//1301
f 1653//1653 1654//1654 1651//1651
f 1654//1654 1861//1861 1301//1301
f 1652//1652 1655//1655 1640//1640
f 1655//1655 1630//1630 1624//1624
f 1300//1300 1294//1294 1655//1655
f 1294//1294 1296//1296 1630//1630
f 1659//1659 1656//1656 1658//1658
f 1658//1658 1661//1661 1660//1660
f 1648//1648 1643//1643 1658//1658
f 1643//1643 1644//1644 1661//1661
f 1659//1659 1663//1663 1662//1662
f 1663//1663 2421//2421 1664//1664
f 1663//1663 1659//1659 1665//1665
f 2421//2421 1663//1663 1666//1666
f 1668//1668 1656//1656 1667//1667
f 1673//1673 1668//1668 1669//1669
f 1667//1667 1662//1662 1670//1670
f 1669//1669 1667//1667 1671//1671
f 1668//1668 1672//1672 1657//1657
f 1672//1672 1649//1649 1648//1648
f 1673//1673 1674//1674 1672//1672
f 1674//1674 1650//1650 1649//1649
f 1678//1678 1675//1675 1677//1677
f 1625//1625 1678//1678 1626//1626
f 1677//1677 1676//1676 1661//1661
f 1626//1626 1677//1677 1644//1644
f 1678//1678 1680//1680 1679//1679
f 1680//1680 1682//1682 1681//1681
f 1625//1625 1636//1636 1680//1680
f 1636//1636 1638//1638 1682//1682
f 1684//1684 1675//1675 1683//1683
f 1689//1689 1684//1684 1685//1685
f 1683//1683 1679//1679 1686//1686
f 1685//1685 1683//1683 1687//1687
f 1684//1684 1688//1688 1676//1676
f 1688//1688 1665//1665 1660//1660
f 1689//1689 1690//1690 1688//1688
f 1690//1690 1666//1666 1665//1665
f 1694//1694 1691//1691 1693//1693
f 1701//1701 1694//1694 1695//1695
f 1693//1693 1692//1692 1697//1697
f 1695//1695 1693//1693 1698//1698
f 1694//1694 1700//1700 1699//1699
f 1700//1700 1637//1637 1633//1633
f 1701//1701 1702//1702 1700//1700
f 1702//1702 1638//1638 1637//1637
f 1704//1704 1691//1691 1703//1703
f 1604//1604 1704//1704 1605//1605
f 1703//1703 1699//1699 1634//1634
f 1634//1634 1315//1315 1605//1605
f 1704//1704 1705//1705 1692//1692
f 1705//1705 1706//1706 1696//1696
f 1604//1604 1599//1599 1705//1705
f 1599//1599 1601//1601 1706//1706
f 1708//1708 1710//1710 1709//1709
f 1710//1710 1712//1712 1711//1711
f 1701//1701 1695//1695 1710//1710
f 1695//1695 1698//1698 1712//1712
f 1714//1714 1707//1707 1713//1713
f 1720//1720 1714//1714 1715//1715
f 1713//1713 1709//1709 1716//1716
f 1715//1715 1713//1713 1717//1717
f 1714//1714 1719//1719 1718//1718
f 1719//1719 1686//1686 1681//1681
f 1720//1720 1721//1721 1719//1719
f 1721//1721 1687//1687 1686//1686
f 1708//1708 1707//1707 1722//1722
f 1701//1701 1708//1708 1702//1702
f 1722//1722 1718//1718 1682//1682
f 1702//1702 1722//1722 1638//1638
f 1726//1726 1723//1723 1725//1725
f 1730//1730 1726//1726 1727//1727
f 1725//1725 1724//1724 1712//1712
f 1727//1727 1725//1725 1698//1698
f 1726//1726 1729//1729 1728//1728
f 1729//1729 1554//1554 1549//1549
f 1730//1730 1731//1731 1729//1729
f 1731//1731 1555//1555 1554//1554
f 1733//1733 1723//1723 1732//1732
f 1737//1737 1733//1733 1734//1734
f 1732//1732 1728//1728 1552//1552
f 1734//1734 1732//1732 1735//1735
f 1733//1733 1736//1736 1724//1724
f 1736//1736 1716//1716 1711//1711
f 1737//1737 1738//1738 1736//1736
f 1738//1738 1717//1717 1716//1716
f 1740//1740 1742//1742 1741//1741
f 1742//1742 1697//1697 1696//1696
f 1730//1730 1727//1727 1742//1742
f 1727//1727 1698//1698 1697//1697
f 1744//1744 1739//1739 1743//1743
f 1618//1618 1744//1744 1619//1619
f 1743//1743 1741//1741 1706//1706
f 1619//1619 1743//1743 1601//1601
f 1744//1744 1746//1746 1745//1745
f 1746//1746 1533//1533 1527//1527
f 1618//1618 1616//1616 1746//1746
f 1616//1616 1534//1534 1533//1533
f 1740//1740 1739//1739 1747//1747
f 1730//1730 1740//1740 1731//1731
f 1747//1747 1745//1745 1530//1530
f 1731//1731 1747//1747 1555//1555
f 1758//1758 1748//1748 1750//1750
f 1762//1762 1751//1751 1753//1753
f 1750//1750 1749//1749 1755//1755
f 1753//1753 1752//1752 1757//1757
f 1758//1758 1760//1760 1759//1759
f 1760//1760 1947//1947 1761//1761
f 1762//1762 1764//1764 1763//1763
f 1764//1764 1791//1791 1765//1765
f 1767//1767 1748//1748 1766//1766
f 609//609 1767//1767 610//610
f 1766//1766 1759//1759 1768//1768
f 610//610 1766//1766 1769//1769
f 1767//1767 1770//1770 1749//1749
f 1770//1770 1771//1771 1754//1754
f 609//609 603//603 1770//1770
f 603//603 605//605 1771//1771
f 1773//1773 1775//1775 1774//1774
f 1775//1775 1777//1777 1776//1776
f 1762//1762 1753//1753 1775//1775
f 1753//1753 1757//1757 1777//1777
f 1779//1779 1772//1772 1778//1778
f 1786//1786 1779//1779 1780//1780
f 1778//1778 1774//1774 1781//1781
f 1780//1780 1778//1778 1782//1782
f 1779//1779 1784//1784 1783//1783
f 1784//1784 1788//1788 1785//1785
f 1786//1786 1787//1787 1784//1784
f 1787//1787 1850//1850 1788//1788
f 1773//1773 1772//1772 1789//1789
f 1762//1762 1773//1773 1764//1764
f 1789//1789 1783//1783 1790//1790
f 1764//1764 1789//1789 1791//1791
f 1795//1795 1792//1792 1794//1794
f 1799//1799 1795//1795 1796//1796
f 1794//1794 1793//1793 1777//1777
f 1796//1796 1794//1794 1757//1757
f 1795//1795 1798//1798 1797//1797
f 1798//1798 1082//1082 1079//1079
f 1799//1799 1800//1800 1798//1798
f 1800//1800 1083//1083 1082//1082
f 1802//1802 1792//1792 1801//1801
f 1805//1805 1802//1802 1803//1803
f 1801//1801 1797//1797 1080//1080
f 1803//1803 1801//1801 1369//1369
f 1802//1802 1804//1804 1793//1793
f 1804//1804 1781//1781 1776//1776
f 1805//1805 1806//1806 1804//1804
f 1806//1806 1782//1782 1781//1781
f 1808//1808 1810//1810 1809//1809
f 1810//1810 1755//1755 1754//1754
f 1799//1799 1796//1796 1812//1812
f 1796//1796 1757//1757 1756//1756
f 1814//1814 1807//1807 1813//1813
f 634//634 1814//1814 635//635
f 1813//1813 1809//1809 1771//1771
f 635//635 1813//1813 605//605
f 1814//1814 1816//1816 1815//1815
f 1816//1816 1066//1066 1059//1059
f 634//634 630//630 1816//1816
f 630//630 632//632 1066//1066
f 1808//1808 1807//1807 1817//1817
f 1799//1799 1811//1811 1800//1800
f 1817//1817 1815//1815 1819//1819
f 1800//1800 1818//1818 1083//1083
f 1821//1821 1823//1823 1822//1822
f 1823//1823 1827//1827 1824//1824
f 1825//1825 1826//1826 1823//1823
f 1826//1826 1840//1840 1827//1827
f 1829//1829 1820//1820 1828//1828
f 1805//1805 1829//1829 1806//1806
f 1828//1828 1822//1822 1830//1830
f 1806//1806 1828//1828 1782//1782
f 1829//1829 1832//1832 1831//1831
f 1832//1832 1368//1368 1362//1362
f 1805//1805 1803//1803 1832//1832
f 1803//1803 1369//1369 1368//1368
f 1821//1821 1820//1820 1833//1833
f 1825//1825 1821//1821 1834//1834
f 1833//1833 1831//1831 1365//1365
f 1834//1834 1833//1833 1383//1383
f 1838//1838 1835//1835 1837//1837
f 1844//1844 1838//1838 1839//1839
f 1837//1837 1836//1836 1827//1827
f 1839//1839 1837//1837 1840//1840
f 1838//1838 1842//1842 1841//1841
f 1842//1842 1846//1846 1843//1843
f 1844//1844 1845//1845 1842//1842
f 1845//1845 1865//1865 1846//1846
f 1848//1848 1835//1835 1847//1847
f 1786//1786 1848//1848 1787//1787
f 1847//1847 1841//1841 1849//1849
f 1787//1787 1847//1847 1850//1850
f 1848//1848 1851//1851 1836//1836
f 1851//1851 1830//1830 1824//1824
f 1786//1786 1780//1780 1851//1851
f 1780//1780 1782//1782 1830//1830
f 1855//1855 1852//1852 1854//1854
f 1825//1825 1855//1855 1826//1826
f 1844//1844 1839//1839 1854//1854
f 1826//1826 1854//1854 1840//1840
f 1855//1855 1857//1857 1856//1856
f 1857//1857 1382//1382 1379//1379
f 1825//1825 1834//1834 1857//1857
f 1834//1834 1383//1383 1382//1382
f 1859//1859 1852//1852 1858//1858
f 1863//1863 1859//1859 1860//1860
f 1858//1858 1856//1856 1380//1380
f 1860//1860 1858//1858 1861//1861
f 1859//1859 1862//1862 1853//1853
f 1844//1844 1853//1853 1845//1845
f 1863//1863 1864//1864 1862//1862
f 1845//1845 1862//1862 1865//1865
f 1869//1869 1866//1866 1868//1868
f 1876//1876 1869//1869 1870//1870
f 1868//1868 1867//1867 1872//1872
f 1870//1870 1868//1868 1873//1873
f 1869//1869 1875//1875 1874//1874
f 1875//1875 614//614 608//608
f 1876//1876 1877//1877 1875//1875
f 1877//1877 615//615 614//614
f 1879//1879 1866//1866 1878//1878
f 1882//1882 1879//1879 1880//1880
f 1878//1878 1874//1874 611//611
f 1880//1880 1878//1878 1769//1769
f 1879//1879 1881//1881 1867//1867
f 1881//1881 1884//1884 1871//1871
f 1882//1882 1883//1883 1881//1881
f 1883//1883 1919//1919 1884//1884
f 1886//1886 1888//1888 1887//1887
f 1888//1888 1890//1890 1889//1889
f 1876//1876 1870//1870 1888//1888
f 1870//1870 1873//1873 1890//1890
f 1892//1892 1885//1885 1891//1891
f 1891//1891 1517//1517 1511//1511
f 1891//1891 1887//1887 1893//1893
f 1893//1893 1518//1518 1517//1517
f 1892//1892 1895//1895 1894//1894
f 1895//1895 667//667 662//662
f 1895//1895 1892//1892 1513//1513
f 1513//1513 668//668 667//667
f 1886//1886 1885//1885 1896//1896
f 1876//1876 1886//1886 1877//1877
f 1896//1896 1894//1894 663//663
f 1877//1877 1896//1896 615//615
f 1900//1900 1897//1897 1899//1899
f 1905//1905 1900//1900 1901//1901
f 1899//1899 1898//1898 1890//1890
f 1901//1901 1899//1899 1873//1873
f 1900//1900 1903//1903 1902//1902
f 1903//1903 1907//1907 1904//1904
f 1905//1905 1906//1906 1903//1903
f 1906//1906 1928//1928 1907//1907
f 1909//1909 1897//1897 1908//1908
f 1908//1908 1570//1570 1564//1564
f 1908//1908 1902//1902 1910//1910
f 1570//1570 1908//1908 1571//1571
f 1909//1909 1911//1911 1898//1898
f 1911//1911 1893//1893 1889//1889
f 1911//1911 1909//1909 1566//1566
f 1893//1893 1911//1911 1518//1518
f 1913//1913 1915//1915 1914//1914
f 1915//1915 1872//1872 1871//1871
f 1905//1905 1901//1901 1915//1915
f 1901//1901 1873//1873 1872//1872
f 1917//1917 1912//1912 1916//1916
f 1923//1923 1917//1917 1918//1918
f 1916//1916 1914//1914 1884//1884
f 1918//1918 1916//1916 1919//1919
f 1917//1917 1921//1921 1920//1920
f 1921//1921 1925//1925 1922//1922
f 1923//1923 1924//1924 1921//1921
f 1924//1924 1967//1967 1925//1925
f 1913//1913 1912//1912 1926//1926
f 1905//1905 1913//1913 1906//1906
f 1926//1926 1920//1920 1927//1927
f 1906//1906 1926//1926 1928//1928
f 1930//1930 1932//1932 1931//1931
f 1932//1932 1954//1954 1933//1933
f 1935//1935 1937//1937 1936//1936
f 1937//1937 1955//1955 1938//1938
f 1940//1940 1929//1929 1939//1939
f 1882//1882 1940//1940 1883//1883
f 1939//1939 1931//1931 1941//1941
f 1883//1883 1939//1939 1919//1919
f 1940//1940 1943//1943 1942//1942
f 1943//1943 1768//1768 1761//1761
f 1882//1882 1880//1880 1943//1943
f 1880//1880 1769//1769 1768//1768
f 1930//1930 1929//1929 1944//1944
f 1935//1935 1934//1934 1946//1946
f 1944//1944 1942//1942 1947//1947
f 1946//1946 1945//1945 1791//1791
f 1956//1956 1948//1948 1950//1950
f 1960//1960 1951//1951 1953//1953
f 1950//1950 1949//1949 1954//1954
f 1953//1953 1952//1952 1955//1955
f 1956//1956 1958//1958 1957//1957
f 1958//1958 2524//2524 1959//1959
f 1960//1960 1962//1962 1961//1961
f 1962//1962 1988//1988 1963//1963
f 1965//1965 1948//1948 1964//1964
f 1923//1923 1965//1965 1924//1924
f 1964//1964 1957//1957 1966//1966
f 1924//1924 1964//1964 1967//1967
f 1965//1965 1968//1968 1949//1949
f 1968//1968 1941//1941 1933//1933
f 1923//1923 1918//1918 1968//1968
f 1918//1918 1919//1919 1941//1941
f 1970//1970 1972//1972 1971//1971
f 1972//1972 1974//1974 1973//1973
f 1960//1960 1953//1953 1972//1972
f 1953//1953 1955//1955 1974//1974
f 1976//1976 1969//1969 1975//1975
f 1983//1983 1976//1976 1977//1977
f 1975//1975 1971//1971 1978//1978
f 1977//1977 1975//1975 1979//1979
f 1976//1976 1981//1981 1980//1980
f 1981//1981 1985//1985 1982//1982
f 1983//1983 1984//1984 1981//1981
f 1984//1984 2043//2043 1985//1985
f 1970//1970 1969//1969 1986//1986
f 1960//1960 1970//1970 1962//1962
f 1986//1986 1980//1980 1987//1987
f 1962//1962 1986//1986 1988//1988
f 1992//1992 1989//1989 1991//1991
f 1935//1935 1992//1992 1937//1937
f 1991//1991 1990//1990 1974//1974
f 1937//1937 1991//1991 1955//1955
f 1992//1992 1994//1994 1993//1993
f 1994//1994 1790//1790 1785//1785
f 1935//1935 1946//1946 1994//1994
f 1946//1946 1791//1791 1790//1790
f 1996//1996 1989//1989 1995//1995
f 1999//1999 1996//1996 1997//1997
f 1995//1995 1993//1993 1788//1788
f 1997//1997 1995//1995 1850//1850
f 1996//1996 1998//1998 1990//1990
f 1998//1998 1978//1978 1973//1973
f 1999//1999 2000//2000 1998//1998
f 2000//2000 1979//1979 1978//1978
f 2004//2004 2001//2001 2003//2003
f 2011//2011 2004//2004 2005//2005
f 2003//2003 2002//2002 2007//2007
f 2005//2005 2003//2003 2008//2008
f 2004//2004 2010//2010 2009//2009
f 2010//2010 1864//1864 1863//1863
f 2011//2011 2012//2012 2010//2010
f 2012//2012 1865//1865 1864//1864
f 2009//2009 2014//2014 2013//2013
f 2014//2014 1654//1654 1653//1653
f 1863//1863 1860//1860 2014//2014
f 1860//1860 1861//1861 1654//1654
f 2013//2013 2015//2015 2002//2002
f 2015//2015 2016//2016 2006//2006
f 1653//1653 1647//1647 2015//2015
f 1647//1647 1650//1650 2016//2016
f 2018//2018 2020//2020 2019//2019
f 2020//2020 2022//2022 2021//2021
f 2011//2011 2005//2005 2020//2020
f 2005//2005 2008//2008 2022//2022
f 2024//2024 2017//2017 2023//2023
f 1999//1999 2024//2024 2000//2000
f 2023//2023 2019//2019 2025//2025
f 2000//2000 2023//2023 1979//1979
f 2024//2024 2027//2027 2026//2026
f 2027//2027 1849//1849 1843//1843
f 1999//1999 1997//1997 2027//2027
f 1997//1997 1850//1850 1849//1849
f 2018//2018 2017//2017 2028//2028
f 2011//2011 2018//2018 2012//2012
f 2028//2028 2026//2026 1846//1846
f 2012//2012 2028//2028 1865//1865
f 2032//2032 2029//2029 2031//2031
f 2037//2037 2032//2032 2033//2033
f 2031//2031 2030//2030 2022//2022
f 2033//2033 2031//2031 2008//2008
f 2032//2032 2035//2035 2034//2034
f 2035//2035 2039//2039 2036//2036
f 2037//2037 2038//2038 2035//2035
f 2038//2038 2057//2057 2039//2039
f 2041//2041 2029//2029 2040//2040
f 1983//1983 2041//2041 1984//1984
f 2040//2040 2034//2034 2042//2042
f 1984//1984 2040//2040 2043//2043
f 2041//2041 2044//2044 2030//2030
f 2044//2044 2025//2025 2021//2021
f 1983//1983 1977//1977 2044//2044
f 1977//1977 1979//1979 2025//2025
f 2046//2046 2048//2048 2047//2047
f 2048//2048 2007//2007 2006//2006
f 2037//2037 2033//2033 2048//2048
f 2033//2033 2008//2008 2007//2007
f 2050//2050 2045//2045 2049//2049
f 1673//1673 2050//2050 1674//1674
f 2049//2049 2047//2047 2016//2016
f 1674//1674 2049//2049 1650//1650
f 2050//2050 2052//2052 2051//2051
f 2052//2052 2054//2054 2053//2053
f 1673//1673 1669//1669 2052//2052
f 1669//1669 1671//1671 2054//2054
f 2046//2046 2045//2045 2055//2055
f 2037//2037 2046//2046 2038//2038
f 2055//2055 2051//2051 2056//2056
f 2038//2038 2055//2055 2057//2057
f 2059//2059 2061//2061 2060//2060
f 2071//2071 2060//2060 2062//2062
f 2064//2064 2066//2066 2065//2065
f 2066//2066 2131//2131 2067//2067
f 2060//2060 2069//2069 2068//2068
f 2069//2069 2073//2073 2070//2070
f 2071//2071 2072//2072 2069//2069
f 2072//2072 2107//2107 2073//2073
f 2068//2068 2075//2075 2074//2074
f 2075//2075 2242//2242 2076//2076
f 2075//2075 2068//2068 2077//2077
f 2242//2242 2075//2075 2078//2078
f 2059//2059 2058//2058 2079//2079
f 2064//2064 2063//2063 2081//2081
f 2079//2079 2074//2074 2082//2082
f 2081//2081 2080//2080 2084//2084
f 2086//2086 2091//2091 2087//2087
f 2089//2089 2092//2092 2090//2090
f 2071//2071 2062//2062 2091//2091
f 2067//2067 2131//2131 2092//2092
f 2094//2094 2085//2085 2093//2093
f 2102//2102 2094//2094 2095//2095
f 2097//2097 2088//2088 2096//2096
f 2185//2185 2097//2097 2098//2098
f 2094//2094 2100//2100 2099//2099
f 2100//2100 2104//2104 2101//2101
f 2102//2102 2103//2103 2100//2100
f 2103//2103 2182//2182 2104//2104
f 2086//2086 2085//2085 2105//2105
f 2071//2071 2086//2086 2072//2072
f 2105//2105 2099//2099 2106//2106
f 2072//2072 2105//2105 2107//2107
f 2109//2109 2111//2111 2110//2110
f 2111//2111 2113//2113 2112//2112
f 2111//2111 2109//2109 2092//2092
f 2092//2092 2131//2131 2113//2113
f 2115//2115 2108//2108 2114//2114
f 2122//2122 2115//2115 2116//2116
f 2114//2114 2110//2110 2117//2117
f 2116//2116 2114//2114 2118//2118
f 2120//2120 2108//2108 2119//2119
f 2125//2125 2120//2120 2121//2121
f 2122//2122 2123//2123 2119//2119
f 2123//2123 2158//2158 2121//2121
f 2120//2120 2124//2124 2109//2109
f 2124//2124 2096//2096 2090//2090
f 2125//2125 2126//2126 2124//2124
f 2126//2126 2098//2098 2096//2096
f 2130//2130 2127//2127 2129//2129
f 2064//2064 2130//2130 2066//2066
f 2129//2129 2128//2128 2113//2113
f 2066//2066 2129//2129 2131//2131
f 2130//2130 2133//2133 2132//2132
f 2133//2133 2135//2135 2134//2134
f 2064//2064 2081//2081 2133//2133
f 2081//2081 2084//2084 2135//2135
f 2137//2137 2127//2127 2136//2136
f 2142//2142 2137//2137 2138//2138
f 2136//2136 2132//2132 2139//2139
f 2138//2138 2136//2136 2140//2140
f 2137//2137 2141//2141 2128//2128
f 2141//2141 2117//2117 2112//2112
f 2142//2142 2143//2143 2141//2141
f 2143//2143 2118//2118 2117//2117
f 2145//2145 2147//2147 2146//2146
f 2147//2147 2170//2170 2148//2148
f 2147//2147 2145//2145 2150//2150
f 2170//2170 2147//2147 2151//2151
f 2153//2153 2144//2144 2152//2152
f 2125//2125 2153//2153 2126//2126
f 2152//2152 2146//2146 2154//2154
f 2126//2126 2152//2152 2098//2098
f 2153//2153 2156//2156 2155//2155
f 2160//2160 2155//2155 2157//2157
f 2125//2125 2121//2121 2156//2156
f 2157//2157 2156//2156 2158//2158
f 2145//2145 2144//2144 2159//2159
f 2159//2159 2162//2162 2149//2149
f 2160//2160 2161//2161 2159//2159
f 2161//2161 2193//2193 2162//2162
f 2171//2171 2163//2163 2165//2165
f 2175//2175 2166//2166 2168//2168
f 2167//2167 2169//2169 2170//2170
f 2168//2168 2167//2167 2151//2151
f 2171//2171 2173//2173 2172//2172
f 2173//2173 2314//2314 2174//2174
f 2175//2175 2177//2177 2176//2176
f 2177//2177 2202//2202 2178//2178
f 2180//2180 2163//2163 2179//2179
f 2102//2102 2180//2180 2103//2103
f 2179//2179 2172//2172 2181//2181
f 2103//2103 2179//2179 2182//2182
f 2180//2180 2184//2184 2164//2164
f 2183//2183 2154//2154 2148//2148
f 2102//2102 2095//2095 2184//2184
f 2185//2185 2098//2098 2154//2154
f 2187//2187 2189//2189 2188//2188
f 2149//2149 2188//2188 2150//2150
f 2175//2175 2168//2168 2189//2189
f 2150//2150 2189//2189 2151//2151
f 2191//2191 2186//2186 2190//2190
f 2197//2197 2191//2191 2192//2192
f 2190//2190 2188//2188 2162//2162
f 2192//2192 2190//2190 2193//2193
f 2191//2191 2195//2195 2194//2194
f 2195//2195 2291//2291 2196//2196
f 2197//2197 2198//2198 2195//2195
f 2291//2291 2195//2195 2199//2199
f 2187//2187 2186//2186 2200//2200
f 2175//2175 2187//2187 2177//2177
f 2200//2200 2194//2194 2201//2201
f 2177//2177 2200//2200 2202//2202
f 2204//2204 2206//2206 2205//2205
f 2206//2206 2232//2232 2207//2207
f 2206//2206 2204//2204 2209//2209
f 2232//2232 2206//2206 2210//2210
f 2212//2212 2203//2203 2211//2211
f 2219//2219 2212//2212 2213//2213
f 2211//2211 2205//2205 2214//2214
f 2213//2213 2211//2211 2215//2215
f 2212//2212 2217//2217 2216//2216
f 2217//2217 2221//2221 2218//2218
f 2219//2219 2220//2220 2217//2217
f 2220//2220 2490//2490 2221//2221
f 2204//2204 2203//2203 2222//2222
f 2222//2222 2224//2224 2208//2208
f 2222//2222 2216//2216 2223//2223
f 2223//2223 2254//2254 2224//2224
f 2233//2233 2225//2225 2227//2227
f 2236//2236 2228//2228 2230//2230
f 2229//2229 2231//2231 2232//2232
f 2230//2230 2229//2229 2210//2210
f 2233//2233 2235//2235 2234//2234
f 2235//2235 2082//2082 2076//2076
f 2236//2236 2238//2238 2237//2237
f 2238//2238 2084//2084 2083//2083
f 2240//2240 2225//2225 2239//2239
f 2239//2239 2243//2243 2241//2241
f 2239//2239 2234//2234 2242//2242
f 2242//2242 2078//2078 2243//2243
f 2240//2240 2245//2245 2226//2226
f 2244//2244 2214//2214 2207//2207
f 2241//2241 2617//2617 2245//2245
f 2246//2246 2215//2215 2214//2214
f 2248//2248 2250//2250 2249//2249
f 2250//2250 2209//2209 2208//2208
f 2236//2236 2230//2230 2250//2250
f 2209//2209 2250//2250 2210//2210
f 2252//2252 2247//2247 2251//2251
f 2257//2257 2252//2252 2253//2253
f 2251//2251 2249//2249 2224//2224
f 2253//2253 2251//2251 2254//2254
f 2252//2252 2256//2256 2255//2255
f 2256//2256 2139//2139 2134//2134
f 2257//2257 2258//2258 2256//2256
f 2258//2258 2140//2140 2139//2139
f 2248//2248 2247//2247 2259//2259
f 2236//2236 2248//2248 2238//2238
f 2259//2259 2255//2255 2135//2135
f 2238//2238 2259//2259 2084//2084
f 2261//2261 2263//2263 2262//2262
f 2263//2263 2267//2267 2264//2264
f 2265//2265 2266//2266 2263//2263
f 2266//2266 2283//2283 2267//2267
f 2269//2269 2260//2260 2268//2268
f 2268//2268 2272//2272 2270//2270
f 2268//2268 2262//2262 2271//2271
f 2271//2271 2347//2347 2272//2272
f 2274//2274 2260//2260 2273//2273
f 1550//1550 2274//2274 1551//1551
f 2273//2273 2269//2269 2275//2275
f 1551//1551 2273//2273 1735//1735
f 2261//2261 2260//2260 2276//2276
f 2265//2265 2261//2261 2277//2277
f 1550//1550 1544//1544 2276//2276
f 2277//2277 2276//2276 1546//1546
f 2281//2281 2278//2278 2280//2280
f 2286//2286 2281//2281 2282//2282
f 2280//2280 2279//2279 2267//2267
f 2282//2282 2280//2280 2283//2283
f 2281//2281 2285//2285 2284//2284
f 2285//2285 2201//2201 2196//2196
f 2286//2286 2287//2287 2285//2285
f 2287//2287 2202//2202 2201//2201
f 2289//2289 2278//2278 2288//2288
f 2293//2293 2289//2289 2290//2290
f 2288//2288 2284//2284 2291//2291
f 2290//2290 2288//2288 2199//2199
f 2289//2289 2292//2292 2279//2279
f 2292//2292 2271//2271 2264//2264
f 2293//2293 2294//2294 2292//2292
f 2294//2294 2347//2347 2271//2271
f 2296//2296 2298//2298 2297//2297
f 2298//2298 2320//2320 2299//2299
f 2286//2286 2282//2282 2301//2301
f 2282//2282 2283//2283 2302//2302
f 2304//2304 2295//2295 2303//2303
f 2310//2310 2304//2304 2305//2305
f 2303//2303 2297//2297 2306//2306
f 2305//2305 2303//2303 2307//2307
f 2304//2304 2309//2309 2308//2308
f 2309//2309 2181//2181 2174//2174
f 2310//2310 2311//2311 2309//2309
f 2311//2311 2182//2182 2181//2181
f 2296//2296 2295//2295 2312//2312
f 2286//2286 2300//2300 2287//2287
f 2312//2312 2308//2308 2314//2314
f 2287//2287 2313//2313 2202//2202
f 2321//2321 2315//2315 2317//2317
f 2265//2265 2318//2318 2266//2266
f 2317//2317 2316//2316 2320//2320
f 2266//2266 2319//2319 2283//2283
f 2321//2321 2323//2323 2322//2322
f 2325//2325 1575//1575 1574//1574
f 2265//2265 2277//2277 2325//2325
f 2277//2277 1546//1546 1575//1575
f 2327//2327 2315//2315 2326//2326
f 2330//2330 2327//2327 2328//2328
f 2326//2326 2322//2322 1569//1569
f 2328//2328 2326//2326 1571//1571
f 2327//2327 2329//2329 2316//2316
f 2329//2329 2306//2306 2299//2299
f 2330//2330 2331//2331 2329//2329
f 2331//2331 2307//2307 2306//2306
f 2333//2333 2335//2335 2334//2334
f 2335//2335 2339//2339 2336//2336
f 2337//2337 2338//2338 2335//2335
f 2338//2338 2353//2353 2339//2339
f 2341//2341 2332//2332 2340//2340
f 1737//1737 2341//2341 1738//1738
f 2340//2340 2334//2334 2342//2342
f 1738//1738 2340//2340 1717//1717
f 2341//2341 2344//2344 2343//2343
f 2344//2344 2275//2275 2270//2270
f 1737//1737 1734//1734 2344//2344
f 1734//1734 1735//1735 2275//2275
f 2333//2333 2332//2332 2345//2345
f 2337//2337 2333//2333 2346//2346
f 2345//2345 2343//2343 2272//2272
f 2346//2346 2345//2345 2347//2347
f 2351//2351 2348//2348 2350//2350
f 2357//2357 2351//2351 2352//2352
f 2350//2350 2349//2349 2339//2339
f 2352//2352 2350//2350 2353//2353
f 2351//2351 2355//2355 2354//2354
f 2355//2355 2359//2359 2356//2356
f 2357//2357 2358//2358 2355//2355
f 2358//2358 2379//2379 2359//2359
f 2361//2361 2348//2348 2360//2360
f 1720//1720 2361//2361 1721//1721
f 2360//2360 2354//2354 2362//2362
f 1721//1721 2360//2360 1687//1687
f 2361//2361 2363//2363 2349//2349
f 2363//2363 2342//2342 2336//2336
f 1720//1720 1715//1715 2363//2363
f 1715//1715 1717//1717 2342//2342
f 2365//2365 2367//2367 2366//2366
f 2367//2367 2369//2369 2368//2368
f 2357//2357 2352//2352 2367//2367
f 2352//2352 2353//2353 2369//2369
f 2371//2371 2364//2364 2370//2370
f 2160//2160 2371//2371 2161//2161
f 2370//2370 2366//2366 2372//2372
f 2161//2161 2370//2370 2193//2193
f 2371//2371 2374//2374 2373//2373
f 2374//2374 2376//2376 2375//2375
f 2160//2160 2157//2157 2374//2374
f 2157//2157 2158//2158 2376//2376
f 2365//2365 2364//2364 2377//2377
f 2357//2357 2365//2365 2358//2358
f 2377//2377 2373//2373 2378//2378
f 2358//2358 2377//2377 2379//2379
f 2383//2383 2380//2380 2382//2382
f 2337//2337 2383//2383 2338//2338
f 2382//2382 2381//2381 2369//2369
f 2338//2338 2382//2382 2353//2353
f 2383//2383 2385//2385 2384//2384
f 2385//2385 2294//2294 2293//2293
f 2337//2337 2346//2346 2385//2385
f 2346//2346 2347//2347 2294//2294
f 2387//2387 2380//2380 2386//2386
f 2197//2197 2387//2387 2198//2198
f 2386//2386 2384//2384 2290//2290
f 2290//2290 2199//2199 2198//2198
f 2387//2387 2388//2388 2381//2381
f 2388//2388 2372//2372 2368//2368
f 2197//2197 2192//2192 2388//2388
f 2192//2192 2193//2193 2372//2372
f 2390//2390 2392//2392 2391//2391
f 2392//2392 2396//2396 2393//2393
f 2394//2394 2395//2395 2392//2392
f 2395//2395 2409//2409 2396//2396
f 2398//2398 2389//2389 2397//2397
f 1689//1689 2398//2398 1690//1690
f 2397//2397 2391//2391 2399//2399
f 1690//1690 2397//2397 1666//1666
f 2398//2398 2401//2401 2400//2400
f 2401//2401 2362//2362 2356//2356
f 1689//1689 1685//1685 2401//2401
f 1685//1685 1687//1687 2362//2362
f 2390//2390 2389//2389 2402//2402
f 2394//2394 2390//2390 2403//2403
f 2402//2402 2400//2400 2359//2359
f 2403//2403 2402//2402 2379//2379
f 2407//2407 2404//2404 2406//2406
f 2413//2413 2407//2407 2408//2408
f 2406//2406 2405//2405 2396//2396
f 2408//2408 2406//2406 2409//2409
f 2411//2411 2404//2404 2410//2410
f 2418//2418 2411//2411 2412//2412
f 2413//2413 2414//2414 2410//2410
f 2412//2412 2410//2410 2415//2415
f 2411//2411 2417//2417 2416//2416
f 2417//2417 1670//1670 1664//1664
f 2418//2418 2419//2419 2417//2417
f 2419//2419 1671//1671 1670//1670
f 2405//2405 2404//2404 2420//2420
f 2420//2420 2399//2399 2393//2393
f 2420//2420 2416//2416 2421//2421
f 2421//2421 1666//1666 2399//2399
f 2423//2423 2425//2425 2424//2424
f 2425//2425 2427//2427 2426//2426
f 2413//2413 2408//2408 2425//2425
f 2408//2408 2409//2409 2427//2427
f 2429//2429 2422//2422 2428//2428
f 2142//2142 2429//2429 2143//2143
f 2428//2428 2424//2424 2430//2430
f 2143//2143 2428//2428 2118//2118
f 2429//2429 2432//2432 2431//2431
f 2432//2432 2434//2434 2433//2433
f 2142//2142 2138//2138 2432//2432
f 2138//2138 2140//2140 2434//2434
f 2423//2423 2422//2422 2435//2435
f 2413//2413 2423//2423 2414//2414
f 2435//2435 2431//2431 2436//2436
f 2414//2414 2435//2435 2415//2415
f 2440//2440 2437//2437 2439//2439
f 2394//2394 2440//2440 2395//2395
f 2439//2439 2438//2438 2427//2427
f 2395//2395 2439//2439 2409//2409
f 2440//2440 2442//2442 2441//2441
f 2442//2442 2378//2378 2375//2375
f 2394//2394 2403//2403 2442//2442
f 2403//2403 2379//2379 2378//2378
f 2444//2444 2437//2437 2443//2443
f 2122//2122 2444//2444 2123//2123
f 2443//2443 2441//2441 2376//2376
f 2123//2123 2443//2443 2158//2158
f 2444//2444 2445//2445 2438//2438
f 2445//2445 2430//2430 2426//2426
f 2122//2122 2116//2116 2445//2445
f 2116//2116 2118//2118 2430//2430
f 2449//2449 2446//2446 2448//2448
f 2456//2456 2449//2449 2450//2450
f 2448//2448 2447//2447 2452//2452
f 2450//2450 2448//2448 2453//2453
f 2449//2449 2455//2455 2454//2454
f 2455//2455 2056//2056 2053//2053
f 2456//2456 2457//2457 2455//2455
f 2457//2457 2057//2057 2056//2056
f 2459//2459 2446//2446 2458//2458
f 2418//2418 2459//2459 2419//2419
f 2458//2458 2454//2454 2054//2054
f 2419//2419 2458//2458 1671//1671
f 2459//2459 2460//2460 2447//2447
f 2460//2460 2461//2461 2451//2451
f 2418//2418 2412//2412 2460//2460
f 2412//2412 2415//2415 2461//2461
f 2463//2463 2465//2465 2464//2464
f 2465//2465 2467//2467 2466//2466
f 2456//2456 2450//2450 2465//2465
f 2450//2450 2453//2453 2467//2467
f 2469//2469 2462//2462 2468//2468
f 2475//2475 2469//2469 2470//2470
f 2468//2468 2464//2464 2471//2471
f 2470//2470 2468//2468 2472//2472
f 2469//2469 2474//2474 2473//2473
f 2474//2474 2042//2042 2036//2036
f 2475//2475 2476//2476 2474//2474
f 2476//2476 2043//2043 2042//2042
f 2463//2463 2462//2462 2477//2477
f 2456//2456 2463//2463 2457//2457
f 2477//2477 2473//2473 2039//2039
f 2457//2457 2477//2477 2057//2057
f 2481//2481 2478//2478 2480//2480
f 2485//2485 2481//2481 2482//2482
f 2480//2480 2479//2479 2467//2467
f 2482//2482 2480//2480 2453//2453
f 2481//2481 2484//2484 2483//2483
f 2484//2484 2223//2223 2218//2218
f 2485//2485 2486//2486 2484//2484
f 2486//2486 2254//2254 2223//2223
f 2488//2488 2478//2478 2487//2487
f 2487//2487 2556//2556 2489//2489
f 2487//2487 2483//2483 2221//2221
f 2556//2556 2487//2487 2490//2490
f 2488//2488 2491//2491 2479//2479
f 2491//2491 2471//2471 2466//2466
f 2489//2489 2492//2492 2491//2491
f 2492//2492 2472//2472 2471//2471
f 2494//2494 2496//2496 2495//2495
f 2496//2496 2452//2452 2451//2451
f 2485//2485 2482//2482 2496//2496
f 2482//2482 2453//2453 2452//2452
f 2495//2495 2498//2498 2497//2497
f 2498//2498 2436//2436 2433//2433
f 2498//2498 2495//2495 2461//2461
f 2461//2461 2415//2415 2436//2436
f 2500//2500 2493//2493 2499//2499
f 2257//2257 2500//2500 2258//2258
f 2499//2499 2497//2497 2434//2434
f 2258//2258 2499//2499 2140//2140
f 2500//2500 2501//2501 2494//2494
f 2485//2485 2494//2494 2486//2486
f 2257//2257 2253//2253 2501//2501
f 2253//2253 2254//2254 2486//2486
f 2503//2503 2505//2505 2504//2504
f 2505//2505 2531//2531 2506//2506
f 2508//2508 2510//2510 2509//2509
f 2510//2510 2532//2532 2511//2511
f 2513//2513 2502//2502 2512//2512
f 2519//2519 2513//2513 2514//2514
f 2512//2512 2504//2504 2515//2515
f 2514//2514 2512//2512 2516//2516
f 2513//2513 2518//2518 2517//2517
f 2518//2518 1966//1966 1959//1959
f 2519//2519 2520//2520 2518//2518
f 2520//2520 1967//1967 1966//1966
f 2503//2503 2502//2502 2521//2521
f 2508//2508 2507//2507 2523//2523
f 2521//2521 2517//2517 2524//2524
f 2523//2523 2522//2522 1988//1988
f 2533//2533 2525//2525 2527//2527
f 2536//2536 2528//2528 2530//2530
f 2527//2527 2526//2526 2531//2531
f 2530//2530 2529//2529 2532//2532
f 2533//2533 2535//2535 2534//2534
f 2535//2535 2617//2617 2241//2241
f 2536//2536 2538//2538 2537//2537
f 2246//2246 2537//2537 2215//2215
f 2540//2540 2525//2525 2539//2539
f 2543//2543 2540//2540 2541//2541
f 2539//2539 2534//2534 2243//2243
f 2541//2541 2539//2539 2078//2078
f 2540//2540 2542//2542 2526//2526
f 2542//2542 2515//2515 2506//2506
f 2543//2543 2544//2544 2542//2542
f 2544//2544 2516//2516 2515//2515
f 2548//2548 2545//2545 2547//2547
f 2547//2547 2550//2550 2549//2549
f 2547//2547 2546//2546 2530//2530
f 2530//2530 2532//2532 2550//2550
f 2548//2548 2552//2552 2551//2551
f 2552//2552 2492//2492 2489//2489
f 2549//2549 2553//2553 2552//2552
f 2492//2492 2552//2552 2472//2472
f 2555//2555 2545//2545 2554//2554
f 2219//2219 2555//2555 2220//2220
f 2554//2554 2551//2551 2556//2556
f 2220//2220 2554//2554 2490//2490
f 2555//2555 2557//2557 2546//2546
f 2557//2557 2538//2538 2536//2536
f 2219//2219 2213//2213 2557//2557
f 2213//2213 2215//2215 2538//2538
f 2561//2561 2558//2558 2560//2560
f 2508//2508 2561//2561 2510//2510
f 2560//2560 2559//2559 2550//2550
f 2510//2510 2560//2560 2532//2532
f 2561//2561 2563//2563 2562//2562
f 2563//2563 1987//1987 1982//1982
f 2508//2508 2523//2523 2563//2563
f 2523//2523 1988//1988 1987//1987
f 2565//2565 2558//2558 2564//2564
f 2475//2475 2565//2565 2476//2476
f 2564//2564 2562//2562 1985//1985
f 2476//2476 2564//2564 2043//2043
f 2565//2565 2566//2566 2559//2559
f 2566//2566 2553//2553 2549//2549
f 2475//2475 2470//2470 2566//2566
f 2470//2470 2472//2472 2553//2553
f 2568//2568 2570//2570 2569//2569
f 2570//2570 2574//2574 2571//2571
f 2572//2572 2573//2573 2570//2570
f 2573//2573 2587//2587 2574//2574
f 2576//2576 2567//2567 2575//2575
f 2330//2330 2576//2576 2331//2331
f 2575//2575 2569//2569 2577//2577
f 2331//2331 2575//2575 2307//2307
f 2576//2576 2579//2579 2578//2578
f 2579//2579 1910//1910 1904//1904
f 2330//2330 2328//2328 2579//2579
f 2328//2328 1571//1571 1910//1910
f 2568//2568 2567//2567 2580//2580
f 2572//2572 2568//2568 2581//2581
f 2580//2580 2578//2578 1907//1907
f 2581//2581 2580//2580 1928//1928
f 2585//2585 2582//2582 2584//2584
f 2590//2590 2585//2585 2586//2586
f 2584//2584 2583//2583 2574//2574
f 2586//2586 2584//2584 2587//2587
f 2585//2585 2589//2589 2588//2588
f 2589//2589 2106//2106 2101//2101
f 2590//2590 2591//2591 2589//2589
f 2591//2591 2107//2107 2106//2106
f 2593//2593 2582//2582 2592//2592
f 2310//2310 2593//2593 2311//2311
f 2592//2592 2588//2588 2104//2104
f 2311//2311 2592//2592 2182//2182
f 2593//2593 2594//2594 2583//2583
f 2594//2594 2577//2577 2571//2571
f 2310//2310 2305//2305 2594//2594
f 2305//2305 2307//2307 2577//2577
f 2596//2596 2598//2598 2597//2597
f 2598//2598 2600//2600 2599//2599
f 2590//2590 2586//2586 2598//2598
f 2586//2586 2587//2587 2600//2600
f 2602//2602 2595//2595 2601//2601
f 2543//2543 2602//2602 2544//2544
f 2601//2601 2597//2597 2603//2603
f 2544//2544 2601//2601 2516//2516
f 2602//2602 2605//2605 2604//2604
f 2605//2605 2077//2077 2070//2070
f 2543//2543 2541//2541 2605//2605
f 2541//2541 2078//2078 2077//2077
f 2596//2596 2595//2595 2606//2606
f 2590//2590 2596//2596 2591//2591
f 2606//2606 2604//2604 2073//2073
f 2591//2591 2606//2606 2107//2107
f 2610//2610 2607//2607 2609//2609
f 2572//2572 2610//2610 2573//2573
f 2609//2609 2608//2608 2600//2600
f 2573//2573 2609//2609 2587//2587
f 2610//2610 2612//2612 2611//2611
f 2612//2612 1927//1927 1922//1922
f 2572//2572 2581//2581 2612//2612
f 2581//2581 1928//1928 1927//1927
f 2614//2614 2607//2607 2613//2613
f 2519//2519 2614//2614 2520//2520
f 2613//2613 2611//2611 1925//1925
f 2520//2520 2613//2613 1967//1967
f 2614//2614 2615//2615 2608//2608
f 2615//2615 2603//2603 2599//2599
f 2519//2519 2514//2514 2615//2615
f 2514//2514 2516//2516 2603//2603
