# Created by Open3D 
# object name: right_feet
# number of vertices: 2617
# number of triangles: 4894
v -0.002078 0.094494 -0.108339
vn -0.599226 -0.00484171 -0.800566
v -0.001958 0.100191 -0.108925
vn -0.576126 -0.0595399 -0.815189
v 0.004307 0.094606 -0.112668
vn -0.501744 0.0354604 -0.864289
v 0.004046 0.101031 -0.11281
vn -0.452987 -0.0229436 -0.891222
v 0.010748 0.096485 -0.115702
vn -0.320642 0.0723607 -0.944433
v 0.010049 0.102121 -0.11531
vn -0.260887 0.0288755 -0.964937
v 0.001115 0.089159 -0.111028
vn -0.575125 0.0969656 -0.812299
v 0.006867 0.087988 -0.115007
vn -0.48621 0.154907 -0.860002
v 0.003078 0.0841 -0.11325
vn -0.56326 0.166338 -0.809364
v 0.011888 0.090925 -0.116876
vn -0.336695 0.181401 -0.923975
v 0.013367 0.085578 -0.118716
vn -0.321968 0.238438 -0.916234
v -0.003869 0.089043 -0.107234
vn -0.637648 0.0690619 -0.767226
v -0.006151 0.093274 -0.105094
vn -0.646722 0.0128392 -0.762618
v -0.00827 0.088888 -0.103304
vn -0.693662 0.0392726 -0.719229
v -0.001757 0.084298 -0.10963
vn -0.625179 0.131879 -0.769259
v -0.006434 0.084208 -0.105511
vn -0.684286 0.0989861 -0.722464
v -0.007599 0.099103 -0.104197
vn -0.626313 -0.0511734 -0.77789
v -0.010281 0.094024 -0.101274
vn -0.702126 0.00120498 -0.712052
v 0.024787 0.098294 -0.116561
vn 0.151753 0.170954 -0.973522
v 0.017348 0.097403 -0.116964
vn -0.0776657 0.119237 -0.989824
v 0.016826 0.103165 -0.116703
vn -0.0746185 0.038376 -0.996473
v 0.031942 0.098973 -0.114432
vn 0.418896 0.208551 -0.88376
v 0.038087 0.099847 -0.110697
vn 0.607278 0.194087 -0.770418
v 0.032642 0.093673 -0.11541
vn 0.3667 0.294925 -0.882355
v 0.025667 0.093081 -0.117592
vn 0.144884 0.280037 -0.948993
v 0.03351 0.088848 -0.117078
vn 0.343761 0.360368 -0.867158
v 0.038445 0.094157 -0.111785
vn 0.562814 0.284419 -0.776109
v 0.039376 0.089362 -0.113597
vn 0.536692 0.381178 -0.752772
v 0.018332 0.092206 -0.118116
vn -0.0898844 0.243258 -0.965788
v 0.026556 0.088159 -0.119223
vn 0.138165 0.340276 -0.93012
v 0.019646 0.087357 -0.119721
vn -0.100557 0.293336 -0.950706
v 0.00567 0.074811 -0.117337
vn -0.538458 0.224639 -0.812158
v 0.011575 0.074496 -0.120982
vn -0.406695 0.24591 -0.879845
v 0.006917 0.069929 -0.119614
vn -0.515551 0.25286 -0.8187
v 0.012284 0.068808 -0.122919
vn -0.36362 0.255532 -0.895815
v 0.00801 0.06509 -0.121898
vn -0.47944 0.241843 -0.843593
v 0.017433 0.075651 -0.122734
vn -0.221554 0.255856 -0.940984
v 0.017463 0.071398 -0.123794
vn -0.209019 0.240636 -0.947842
v 0.018059 0.066755 -0.125069
vn -0.166675 0.245347 -0.955
v 0.001907 0.07067 -0.115857
vn -0.594687 0.228022 -0.770943
v 0.000817 0.07516 -0.113734
vn -0.604516 0.201457 -0.770698
v -0.002748 0.070527 -0.112009
vn -0.653978 0.197779 -0.730202
v 0.002918 0.065684 -0.118187
vn -0.589817 0.237175 -0.771922
v -0.001737 0.065925 -0.114213
vn -0.656039 0.202108 -0.727163
v 0.00436 0.079368 -0.115286
vn -0.556169 0.200231 -0.806588
v -0.000365 0.079778 -0.111685
vn -0.61585 0.176079 -0.767936
v -0.003808 0.075036 -0.109863
vn -0.660893 0.182083 -0.728056
v -0.005019 0.079596 -0.107656
vn -0.674263 0.15227 -0.722623
v 0.008845 0.078414 -0.118385
vn -0.474682 0.229041 -0.849833
v 0.014367 0.080114 -0.12054
vn -0.308507 0.258922 -0.915305
v 0.008395 0.082811 -0.117027
vn -0.474107 0.206678 -0.855866
v 0.01066 0.05539 -0.125543
vn -0.404725 0.158275 -0.900637
v 0.010065 0.059991 -0.124223
vn -0.426136 0.207742 -0.880483
v 0.014629 0.056512 -0.126779
vn -0.270011 0.190361 -0.943852
v 0.015219 0.060162 -0.1261
vn -0.257836 0.218298 -0.941205
v 0.019282 0.057669 -0.127432
vn -0.11331 0.210519 -0.971001
v 0.013499 0.064056 -0.124673
vn -0.311373 0.237082 -0.920238
v 0.01898 0.062189 -0.126363
vn -0.127291 0.232429 -0.964248
v 0.014347 0.052376 -0.127319
vn -0.291079 0.104513 -0.950973
v 0.009879 0.051555 -0.125657
vn -0.413709 0.0869271 -0.90625
v 0.013992 0.047898 -0.127526
vn -0.317865 0.0501706 -0.946808
v 0.019091 0.053123 -0.128323
vn -0.142123 0.154462 -0.977723
v 0.018828 0.048497 -0.128798
vn -0.183964 0.0784787 -0.979795
v 0.005877 0.055269 -0.122965
vn -0.532684 0.160983 -0.830862
v 0.006243 0.050512 -0.123932
vn -0.505468 0.0703491 -0.859972
v 0.002367 0.0506 -0.121246
vn -0.626754 0.0790419 -0.775198
v 0.009483 0.047123 -0.125673
vn -0.426867 0.0302423 -0.903809
v 0.005193 0.046453 -0.12335
vn -0.546122 0.000384525 -0.837705
v 0.004078 0.060813 -0.120557
vn -0.566185 0.196821 -0.800435
v 0.000477 0.055767 -0.118716
vn -0.650336 0.138779 -0.746863
v -0.000867 0.061064 -0.116369
vn -0.660436 0.180935 -0.728757
v 0.030033 0.060276 -0.126843
vn 0.0966253 0.221202 -0.970429
v 0.024376 0.059099 -0.127378
vn -0.0019233 0.218463 -0.975843
v 0.024039 0.063951 -0.126304
vn -0.012187 0.23116 -0.972839
v 0.029899 0.065159 -0.125721
vn 0.109399 0.240718 -0.96441
v 0.023632 0.068715 -0.125134
vn -0.0270284 0.234814 -0.971664
v 0.03623 0.060859 -0.125775
vn 0.225434 0.243392 -0.943366
v 0.036269 0.065868 -0.12435
vn 0.255195 0.263798 -0.930208
v 0.042382 0.06128 -0.123614
vn 0.383832 0.272367 -0.88232
v 0.029729 0.069867 -0.124571
vn 0.118656 0.241439 -0.963134
v 0.036015 0.070616 -0.123121
vn 0.280905 0.273646 -0.919897
v 0.042411 0.066302 -0.121917
vn 0.415232 0.294948 -0.860574
v 0.035872 0.055974 -0.126975
vn 0.20023 0.218 -0.955188
v 0.029752 0.055401 -0.127948
vn 0.0896411 0.210783 -0.973414
v 0.035501 0.050907 -0.128177
vn 0.175151 0.208811 -0.962143
v 0.042207 0.056175 -0.125139
vn 0.35675 0.231532 -0.905054
v 0.04183 0.05128 -0.126449
vn 0.330653 0.211003 -0.919862
v 0.024258 0.054285 -0.12845
vn -0.00836433 0.194562 -0.980855
v 0.029508 0.050259 -0.129019
vn 0.066247 0.173091 -0.982675
v 0.023881 0.049558 -0.129243
vn -0.0385106 0.129409 -0.990843
v 0.028362 0.079057 -0.122189
vn 0.131994 0.311735 -0.940956
v 0.029173 0.074475 -0.123488
vn 0.127619 0.272507 -0.953653
v 0.02209 0.077774 -0.122842
vn -0.0663006 0.28207 -0.9571
v 0.023172 0.073293 -0.124075
vn -0.0343555 0.238395 -0.97056
v 0.020736 0.08262 -0.121304
vn -0.09917 0.286593 -0.952906
v 0.027528 0.083587 -0.120793
vn 0.135962 0.334267 -0.93262
v 0.034911 0.079819 -0.120236
vn 0.326703 0.352241 -0.877035
v 0.034214 0.084251 -0.11869
vn 0.338207 0.362729 -0.868357
v 0.041001 0.080334 -0.116942
vn 0.504876 0.376894 -0.776564
v 0.040143 0.084852 -0.115274
vn 0.520622 0.376516 -0.766282
v 0.035615 0.075251 -0.121773
vn 0.306183 0.32139 -0.896081
v 0.04154 0.075798 -0.118742
vn 0.483465 0.364581 -0.795828
v 0.04207 0.071125 -0.120415
vn 0.452462 0.322124 -0.831574
v 0.009013 0.036657 -0.125426
vn -0.478572 -0.0608072 -0.87594
v 0.013392 0.037417 -0.127448
vn -0.347704 -0.0503846 -0.93625
v 0.013381 0.031682 -0.126973
vn -0.351409 -0.115002 -0.929132
v 0.009102 0.030953 -0.124882
vn -0.498813 -0.142338 -0.854942
v 0.01359 0.026113 -0.126087
vn -0.377509 -0.175577 -0.909208
v 0.018232 0.038009 -0.128972
vn -0.228916 -0.0434904 -0.972474
v 0.01811 0.032343 -0.128418
vn -0.227251 -0.107268 -0.96791
v 0.01804 0.026807 -0.127661
vn -0.241457 -0.139834 -0.960284
v 0.004897 0.035846 -0.122673
vn -0.593386 -0.092602 -0.799574
v 0.005108 0.030258 -0.121873
vn -0.611096 -0.173915 -0.772215
v 0.000971 0.035209 -0.1193
vn -0.679925 -0.121701 -0.723112
v 0.009552 0.02542 -0.123906
vn -0.520531 -0.205094 -0.828845
v 0.005797 0.024821 -0.120878
vn -0.62294 -0.223009 -0.749809
v 0.001326 0.029755 -0.11848
vn -0.688496 -0.19808 -0.697666
v 0.004949 0.041419 -0.123062
vn -0.571811 -0.0333009 -0.81971
v 0.00914 0.04217 -0.12566
vn -0.457585 -0.00601157 -0.889146
v 0.001122 0.040309 -0.120029
vn -0.656472 -0.0600644 -0.751955
v 0.001218 0.045666 -0.120313
vn -0.642868 -0.00769315 -0.765938
v 0.013706 0.04292 -0.127649
vn -0.334239 0.0154643 -0.942362
v 0.018652 0.04354 -0.128982
vn -0.211819 0.0310296 -0.976816
v 0.010058 0.01517 -0.121646
vn -0.564271 -0.180303 -0.80566
v 0.010058 0.020064 -0.122796
vn -0.541308 -0.202706 -0.816024
v 0.013886 0.015729 -0.124067
vn -0.460565 -0.176545 -0.869892
v 0.013906 0.020703 -0.125047
vn -0.420267 -0.180145 -0.889339
v 0.017977 0.016444 -0.126128
vn -0.339268 -0.146561 -0.929202
v 0.01801 0.021668 -0.126819
vn -0.289162 -0.140284 -0.946945
v 0.013262 0.011008 -0.122748
vn -0.476668 -0.232716 -0.847721
v 0.009461 0.010497 -0.120261
vn -0.576399 -0.227106 -0.784976
v 0.012689 0.006782 -0.120872
vn -0.452117 -0.419535 -0.787135
v 0.018104 0.011098 -0.125212
vn -0.368831 -0.225822 -0.901647
v 0.016379 0.007224 -0.123087
vn -0.407234 -0.398691 -0.821709
v 0.006599 0.014786 -0.118743
vn -0.658458 -0.176234 -0.731693
v 0.006046 0.010255 -0.117205
vn -0.676093 -0.219697 -0.7033
v 0.003378 0.014531 -0.115552
vn -0.732593 -0.181657 -0.655979
v 0.009037 0.006121 -0.118312
vn -0.550042 -0.431105 -0.715264
v 0.00569 0.006007 -0.115184
vn -0.645982 -0.402474 -0.64863
v 0.006538 0.019547 -0.11995
vn -0.639642 -0.208823 -0.739764
v 0.003243 0.01919 -0.116677
vn -0.708448 -0.215913 -0.671925
v 0.002295 0.024387 -0.117506
vn -0.693283 -0.238863 -0.679929
v 0.027252 0.018264 -0.128224
vn -0.0604296 -0.0959094 -0.993554
v 0.022463 0.017423 -0.127487
vn -0.196009 -0.112215 -0.97416
v 0.022682 0.022465 -0.127995
vn -0.160312 -0.105934 -0.981365
v 0.027752 0.023563 -0.128642
vn -0.0518909 -0.103227 -0.993303
v 0.022979 0.027681 -0.128646
vn -0.139774 -0.125597 -0.982186
v 0.032631 0.019391 -0.128307
vn 0.0632037 -0.0950749 -0.993462
v 0.033387 0.024602 -0.128759
vn 0.0843353 -0.105346 -0.990853
v 0.038615 0.020972 -0.127633
vn 0.1781 -0.0808391 -0.980686
v 0.028245 0.028519 -0.129346
vn -0.0330538 -0.119325 -0.992305
v 0.03408 0.030139 -0.129283
vn 0.109353 -0.0990646 -0.989054
v 0.039493 0.026354 -0.127986
vn 0.2174 -0.0905298 -0.971875
v 0.031854 0.014436 -0.127769
vn 0.0442226 -0.141556 -0.988942
v 0.026932 0.013437 -0.127639
vn -0.0714575 -0.158523 -0.984766
v 0.031153 0.01006 -0.126966
vn 0.023411 -0.249954 -0.967975
v 0.03742 0.015585 -0.127398
vn 0.132545 -0.100335 -0.986086
v 0.036072 0.010893 -0.126855
vn 0.0912801 -0.209055 -0.973634
v 0.022388 0.012578 -0.126827
vn -0.216643 -0.183246 -0.958899
v 0.026668 0.009232 -0.126702
vn -0.0816541 -0.292738 -0.9527
v 0.02252 0.008277 -0.125755
vn -0.207606 -0.327673 -0.921699
v 0.028977 0.039588 -0.13013
vn 0.018393 0.0175634 -0.999677
v 0.028647 0.034052 -0.129962
vn -0.00647505 -0.0767979 -0.997026
v 0.023455 0.038377 -0.129922
vn -0.111079 -0.0235518 -0.993532
v 0.023186 0.032853 -0.129367
vn -0.132381 -0.1068 -0.985428
v 0.023864 0.044102 -0.129793
vn -0.0776356 0.061966 -0.995054
v 0.029348 0.045108 -0.12974
vn 0.0357984 0.100088 -0.994334
v 0.034894 0.041143 -0.129677
vn 0.137364 0.0457198 -0.989465
v 0.035159 0.046123 -0.129198
vn 0.144654 0.136608 -0.980007
v 0.040656 0.042979 -0.128316
vn 0.296446 0.0837061 -0.951374
v 0.040096 0.047321 -0.127898
vn 0.285554 0.173247 -0.942573
v 0.034517 0.035694 -0.129731
vn 0.128022 -0.0417384 -0.990893
v 0.04059 0.037847 -0.128543
vn 0.278756 0.00270659 -0.960358
v 0.040167 0.032194 -0.128411
vn 0.250183 -0.0720259 -0.965516
v 0.050485 0.094215 -0.097092
vn 0.841855 0.27864 -0.462212
v 0.047191 0.094422 -0.102407
vn 0.790818 0.268962 -0.549788
v 0.051166 0.0896 -0.09866
vn 0.829215 0.317063 -0.460297
v 0.053419 0.093918 -0.091687
vn 0.872093 0.262165 -0.413186
v 0.054118 0.08938 -0.093091
vn 0.8653 0.29487 -0.405349
v 0.043173 0.100052 -0.105856
vn 0.720895 0.192318 -0.665826
v 0.043298 0.094373 -0.107361
vn 0.705443 0.259128 -0.659699
v 0.048005 0.089614 -0.103989
vn 0.777742 0.339458 -0.529042
v 0.044113 0.089662 -0.109074
vn 0.68344 0.372062 -0.628077
v 0.059383 0.089123 -0.076193
vn 0.967673 0.226001 -0.111951
v 0.059915 0.089256 -0.070395
vn 0.981965 0.174183 -0.0735207
v 0.058416 0.089177 -0.081895
vn 0.947409 0.233935 -0.218381
v 0.056565 0.089276 -0.087393
vn 0.902804 0.272288 -0.332873
v 0.04974 0.080731 -0.107526
vn 0.760137 0.382276 -0.525411
v 0.053164 0.080742 -0.102153
vn 0.805839 0.371393 -0.461185
v 0.054114 0.076444 -0.103993
vn 0.803028 0.381982 -0.457423
v 0.050823 0.076305 -0.109504
vn 0.74909 0.399668 -0.528327
v 0.05515 0.071808 -0.106102
vn 0.801768 0.390279 -0.452604
v 0.056061 0.080845 -0.096484
vn 0.847231 0.361296 -0.389442
v 0.057089 0.076526 -0.0983
vn 0.848645 0.357825 -0.389568
v 0.05805 0.071972 -0.100288
vn 0.844498 0.370494 -0.386726
v 0.045889 0.08064 -0.112684
vn 0.663249 0.389494 -0.639058
v 0.046746 0.076203 -0.114471
vn 0.639461 0.390081 -0.662515
v 0.051771 0.07174 -0.111594
vn 0.7361 0.397329 -0.547985
v 0.047485 0.071602 -0.116476
vn 0.60896 0.373363 -0.699834
v 0.045008 0.085122 -0.110937
vn 0.677967 0.37844 -0.630194
v 0.048893 0.085156 -0.105776
vn 0.768612 0.366283 -0.524474
v 0.052126 0.08514 -0.100366
vn 0.815354 0.362675 -0.451292
v 0.055003 0.085118 -0.094748
vn 0.850958 0.350707 -0.390991
v 0.053435 0.061824 -0.115906
vn 0.68992 0.318888 -0.649862
v 0.052693 0.066942 -0.113834
vn 0.715226 0.37405 -0.590372
v 0.057478 0.061901 -0.110461
vn 0.798954 0.33983 -0.496173
v 0.056333 0.067091 -0.108124
vn 0.796946 0.388175 -0.462815
v 0.060692 0.062101 -0.104243
vn 0.854763 0.335419 -0.396072
v 0.059401 0.067193 -0.102151
vn 0.842968 0.377248 -0.383523
v 0.058205 0.056293 -0.112702
vn 0.79207 0.279083 -0.542898
v 0.053839 0.05623 -0.117851
vn 0.666179 0.263427 -0.697719
v 0.058827 0.050315 -0.114535
vn 0.778664 0.210708 -0.591003
v 0.061524 0.05635 -0.106693
vn 0.86496 0.279725 -0.416651
v 0.062412 0.050279 -0.108651
vn 0.866792 0.22306 -0.446
v 0.048346 0.061605 -0.120297
vn 0.539158 0.294446 -0.789057
v 0.048393 0.056185 -0.122067
vn 0.513517 0.24569 -0.822154
v 0.054086 0.050341 -0.119627
vn 0.641073 0.196366 -0.741934
v 0.048137 0.050899 -0.12358
vn 0.486566 0.19722 -0.851092
v 0.04802 0.066684 -0.118387
vn 0.570931 0.334521 -0.749755
v 0.064871 0.062251 -0.091196
vn 0.941349 0.275863 -0.194323
v 0.063139 0.062212 -0.097946
vn 0.903971 0.31296 -0.291365
v 0.061825 0.067386 -0.095842
vn 0.889434 0.348701 -0.29549
v 0.063663 0.067264 -0.089317
vn 0.928077 0.316297 -0.196542
v 0.060561 0.072067 -0.094016
vn 0.890215 0.345905 -0.296422
v 0.065888 0.06228 -0.084396
vn 0.961922 0.247175 -0.116661
v 0.064722 0.067204 -0.082733
vn 0.951183 0.284892 -0.118692
v 0.066547 0.062202 -0.077526
vn 0.970798 0.236039 -0.042847
v 0.062268 0.071893 -0.087739
vn 0.926113 0.31663 -0.205085
v 0.063515 0.071798 -0.081348
vn 0.950744 0.284045 -0.124114
v 0.065244 0.067196 -0.076111
vn 0.964286 0.26249 -0.0353673
v 0.066993 0.056732 -0.086162
vn 0.973596 0.197301 -0.114816
v 0.065903 0.056664 -0.093298
vn 0.954685 0.228836 -0.190288
v 0.067858 0.050614 -0.088078
vn 0.984788 0.144577 -0.0963888
v 0.067612 0.056783 -0.079017
vn 0.982936 0.175384 -0.0554715
v 0.068373 0.050715 -0.081034
vn 0.995697 0.0836086 -0.0399592
v 0.064216 0.056505 -0.100154
vn 0.916865 0.26184 -0.301328
v 0.066907 0.050555 -0.09518
vn 0.964161 0.191225 -0.183918
v 0.065167 0.050389 -0.102178
vn 0.924063 0.218123 -0.313897
v 0.060118 0.080677 -0.084638
vn 0.928442 0.306216 -0.210302
v 0.061248 0.076308 -0.086071
vn 0.92985 0.301828 -0.210425
v 0.058512 0.080738 -0.090639
vn 0.892407 0.336234 -0.300928
v 0.059516 0.076451 -0.092215
vn 0.895845 0.328845 -0.298869
v 0.057413 0.084965 -0.08897
vn 0.895162 0.319646 -0.310664
v 0.059113 0.084866 -0.083247
vn 0.93557 0.267213 -0.230882
v 0.061245 0.080562 -0.078657
vn 0.954288 0.272559 -0.122665
v 0.060265 0.084895 -0.077328
vn 0.96301 0.237306 -0.127664
v 0.06168 0.080607 -0.07255
vn 0.967882 0.246067 -0.0515294
v 0.060716 0.085112 -0.071363
vn 0.974812 0.215556 -0.0572549
v 0.06237 0.076304 -0.079844
vn 0.951352 0.284023 -0.119417
v 0.062826 0.076252 -0.073605
vn 0.964147 0.261482 -0.0452456
v 0.063999 0.071784 -0.074917
vn 0.963416 0.265243 -0.0384265
v 0.051177 0.037578 -0.123823
vn 0.54755 0.0274169 -0.836324
v 0.05704 0.036219 -0.119228
vn 0.704067 0.0339104 -0.709323
v 0.051436 0.031738 -0.123416
vn 0.547665 -0.0424306 -0.835621
v 0.055845 0.029076 -0.119885
vn 0.642193 -0.0249978 -0.766135
v 0.050705 0.025446 -0.12355
vn 0.513993 -0.0236818 -0.857468
v 0.062107 0.036712 -0.112546
vn 0.837116 0.0531307 -0.544439
v 0.060967 0.028283 -0.114933
vn 0.771973 0.0516263 -0.633555
v 0.055909 0.022815 -0.119874
vn 0.621715 0.0370558 -0.782366
v 0.04617 0.034534 -0.126496
vn 0.405422 -0.0272473 -0.913723
v 0.046371 0.040498 -0.126209
vn 0.430362 0.0719212 -0.899787
v 0.045555 0.028593 -0.126333
vn 0.383078 -0.0643742 -0.92147
v 0.05259 0.04373 -0.122238
vn 0.591337 0.125165 -0.796652
v 0.045733 0.045943 -0.125877
vn 0.433654 0.146703 -0.889057
v 0.05869 0.043954 -0.116416
vn 0.752343 0.114835 -0.648686
v 0.062696 0.043804 -0.110678
vn 0.859239 0.121804 -0.496862
v 0.04793 0.013335 -0.124914
vn 0.375082 -0.0850091 -0.923086
v 0.04975 0.019286 -0.12412
vn 0.455891 0.00873493 -0.889993
v 0.054842 0.015818 -0.1213
vn 0.566434 0.0122646 -0.824016
v 0.052575 0.009449 -0.122183
vn 0.471214 -0.110981 -0.875009
v 0.059054 0.0113 -0.118031
vn 0.667182 0.00552644 -0.744874
v 0.060608 0.019162 -0.116008
vn 0.717174 0.0467868 -0.695322
v 0.045715 0.008255 -0.124521
vn 0.280471 -0.22947 -0.93203
v 0.045715 0.008255 -0.124521
vn 0.295633 -0.4487 -0.843368
v 0.048392 0.004154 -0.121171
vn 0.360642 -0.597696 -0.716029
v 0.042474 0.004146 -0.123293
vn 0.220335 -0.522974 -0.823378
v 0.052575 0.009449 -0.122183
vn 0.46479 -0.441193 -0.767671
v 0.054978 0.005349 -0.118073
vn 0.53067 -0.579506 -0.618516
v 0.050411 0.001779 -0.117098
vn 0.301203 -0.874314 -0.380594
v 0.045812 0.001353 -0.117965
vn 0.170936 -0.965024 -0.198772
v 0.041877 0.011984 -0.126402
vn 0.192042 -0.161906 -0.967939
v 0.043437 0.017211 -0.126411
vn 0.260003 -0.0464264 -0.964491
v 0.039873 0.007611 -0.125512
vn 0.159029 -0.426664 -0.890319
v 0.039873 0.007611 -0.125512
vn 0.139129 -0.270574 -0.952593
v 0.044622 0.022747 -0.126329
vn 0.331031 -0.0476046 -0.942418
v 0.062471 0.005941 -0.107469
vn 0.694276 -0.682164 -0.22942
v 0.059922 0.005827 -0.113299
vn 0.661471 -0.622624 -0.418084
v 0.064034 0.012632 -0.112255
vn 0.787069 -0.430057 -0.442237
v 0.067333 0.012851 -0.106163
vn 0.948284 0.0159135 -0.317023
v 0.064034 0.012632 -0.112255
vn 0.807058 0.0148354 -0.590285
v 0.065258 0.021547 -0.110235
vn 0.861897 0.0733586 -0.501748
v 0.059054 0.0113 -0.118031
vn 0.66347 -0.397301 -0.634002
v 0.067333 0.012851 -0.106163
vn 0.83467 -0.509825 -0.208336
v 0.063902 0.006121 -0.10086
vn 0.719252 -0.692604 -0.0545454
v 0.06816 0.013452 -0.099212
vn 0.866034 -0.499001 -0.0313596
v 0.064303 0.006637 -0.093868
vn 0.73011 -0.683279 0.00831607
v 0.067643 0.021813 -0.103715
vn 0.964481 0.0529253 -0.258796
v 0.06816 0.013452 -0.099212
vn 0.992451 -0.0373832 -0.116806
v 0.068914 0.022004 -0.096825
vn 0.989663 -0.0287222 -0.14051
v 0.068608 0.013901 -0.091731
vn 0.994111 -0.101555 -0.0378068
v 0.05736 0.002379 -0.102245
vn 0.324476 -0.945524 -0.026463
v 0.055935 0.002149 -0.108153
vn 0.330238 -0.939847 -0.087352
v 0.050087 0.001553 -0.103765
vn 0.0973325 -0.995208 0.00937292
v 0.058032 0.00262 -0.09587
vn 0.334459 -0.942266 0.0165027
v 0.050655 0.00168 -0.097989
vn 0.102927 -0.994559 0.0160952
v 0.053765 0.002008 -0.113429
vn 0.335801 -0.920488 -0.19985
v 0.048985 0.001417 -0.109056
vn 0.0941883 -0.995541 -0.00515257
v 0.04747 0.00134 -0.113788
vn 0.0940598 -0.995284 -0.0237033
v 0.06808 0.037076 -0.099194
vn 0.965028 0.0682572 -0.253106
v 0.067645 0.029752 -0.101323
vn 0.955041 0.0442897 -0.293147
v 0.065558 0.036917 -0.106152
vn 0.911853 0.0517151 -0.407246
v 0.064922 0.029567 -0.108056
vn 0.895512 0.0867911 -0.436492
v 0.065817 0.043817 -0.104175
vn 0.92579 0.137857 -0.352005
v 0.06771 0.044053 -0.097137
vn 0.9696 0.146904 -0.19569
v 0.06924 0.037332 -0.092094
vn 0.995094 0.0766547 -0.0625487
v 0.068545 0.044154 -0.090139
vn 0.991695 0.114151 -0.0592587
v 0.068958 0.03723 -0.084974
vn 0.995949 0.0211285 0.0874028
v 0.068641 0.044223 -0.083115
vn 0.999177 0.0360786 0.0185364
v 0.069378 0.029912 -0.094276
vn 0.991648 0.0205518 -0.127329
v 0.06942 0.030103 -0.087212
vn 0.994227 0.0157977 0.106124
v 0.069667 0.022375 -0.08944
vn 0.998231 -0.0514238 0.0298315
v -0.008656 0.056017 -0.109221
vn -0.765516 0.0956854 -0.636262
v -0.012655 0.056219 -0.104019
vn -0.809435 0.0581062 -0.584328
v -0.009481 0.061298 -0.10732
vn -0.758246 0.116387 -0.641496
v -0.013632 0.061565 -0.10208
vn -0.799909 0.0764141 -0.595237
v -0.010496 0.066241 -0.105153
vn -0.752265 0.131267 -0.645652
v -0.016444 0.056648 -0.098391
vn -0.84201 0.0202184 -0.539082
v -0.017537 0.062002 -0.096426
vn -0.839231 0.0441147 -0.541983
v -0.014758 0.066527 -0.09987
vn -0.795623 0.102203 -0.597109
v -0.005235 0.061115 -0.11203
vn -0.713525 0.151226 -0.684114
v -0.004197 0.055641 -0.114258
vn -0.713377 0.117509 -0.690858
v -0.006206 0.065952 -0.109913
vn -0.706289 0.164523 -0.68854
v -0.007329 0.049927 -0.111626
vn -0.763671 0.0302183 -0.644898
v -0.002365 0.04957 -0.116927
vn -0.704253 0.0529824 -0.70797
v -0.00528 0.044476 -0.113815
vn -0.754584 -0.0462135 -0.654574
v -0.011666 0.050281 -0.105921
vn -0.814755 0.00837665 -0.579745
v -0.015607 0.051064 -0.099858
vn -0.850985 -0.0111315 -0.525071
v -0.009623 0.043767 -0.108337
vn -0.803625 -0.073003 -0.590641
v -0.014144 0.04481 -0.10183
vn -0.847853 -0.0908963 -0.522382
v -0.012608 0.075403 -0.100606
vn -0.757698 0.140154 -0.637377
v -0.011573 0.070825 -0.102914
vn -0.753419 0.145342 -0.641277
v -0.015607 0.071224 -0.097747
vn -0.795649 0.122682 -0.593205
v -0.016531 0.075728 -0.09559
vn -0.795366 0.103381 -0.597247
v -0.01928 0.071805 -0.092382
vn -0.836574 0.0865652 -0.540972
v -0.018465 0.06713 -0.094452
vn -0.839643 0.0749423 -0.537943
v -0.013642 0.079823 -0.098479
vn -0.757923 0.0973918 -0.645033
v -0.01755 0.080239 -0.093635
vn -0.78977 0.0514025 -0.611245
v -0.0149 0.084434 -0.096527
vn -0.75353 0.04043 -0.656169
v -0.0201 0.076281 -0.09045
vn -0.830663 0.0511656 -0.55442
v -0.021185 0.080759 -0.088685
vn -0.821346 -0.00191395 -0.570427
v -0.018856 0.084797 -0.091793
vn -0.782182 0.000926739 -0.623049
v -0.009522 0.079679 -0.103127
vn -0.721691 0.130057 -0.679888
v -0.008396 0.075198 -0.105377
vn -0.712242 0.16475 -0.682326
v -0.010764 0.084202 -0.101118
vn -0.726928 0.072151 -0.682913
v -0.007269 0.070695 -0.107665
vn -0.705359 0.169123 -0.688379
v -0.026451 0.078146 -0.07965
vn -0.891402 -0.0568892 -0.449628
v -0.02344 0.077119 -0.085134
vn -0.862716 -0.00992424 -0.505591
v -0.025508 0.073733 -0.081159
vn -0.895626 -0.0153031 -0.444545
v -0.022516 0.072643 -0.086866
vn -0.871048 0.034984 -0.48995
v -0.024709 0.068888 -0.082825
vn -0.901393 0.00912447 -0.432907
v -0.021795 0.067968 -0.088666
vn -0.877671 0.0436307 -0.477273
v -0.028228 0.0748 -0.075437
vn -0.914524 -0.0520414 -0.401171
v -0.029148 0.079308 -0.074084
vn -0.915303 -0.0736672 -0.395971
v -0.030551 0.075942 -0.070012
vn -0.929383 -0.0643941 -0.363458
v -0.027412 0.070144 -0.076896
vn -0.919252 -0.0246799 -0.392896
v -0.029735 0.071357 -0.071227
vn -0.927369 -0.0510335 -0.370651
v -0.027516 0.082544 -0.078316
vn -0.89338 -0.078667 -0.442362
v -0.03004 0.083712 -0.072847
vn -0.922519 -0.0808318 -0.377392
v -0.028641 0.08718 -0.076857
vn -0.902339 -0.0854302 -0.422476
v -0.031352 0.080452 -0.068814
vn -0.937022 -0.0688723 -0.342413
v -0.032046 0.084887 -0.067709
vn -0.941536 -0.0759471 -0.32824
v -0.03096 0.088234 -0.071601
vn -0.930814 -0.0892251 -0.354435
v -0.024545 0.081573 -0.083587
vn -0.856748 -0.0508633 -0.513221
v -0.025801 0.086234 -0.082076
vn -0.861974 -0.0692709 -0.502197
v -0.022467 0.085354 -0.087059
vn -0.815622 -0.0371543 -0.577391
v -0.023163 0.058403 -0.086376
vn -0.903445 -0.0120452 -0.428535
v -0.023991 0.063713 -0.084469
vn -0.905026 0.00989827 -0.425241
v -0.020965 0.062808 -0.0906
vn -0.877529 0.0276586 -0.478725
v -0.019987 0.057361 -0.092558
vn -0.873867 -0.00540087 -0.486135
v -0.022085 0.052601 -0.088118
vn -0.898638 -0.0565546 -0.435031
v -0.018958 0.051709 -0.09411
vn -0.876327 -0.0401503 -0.48004
v -0.020909 0.046541 -0.089483
vn -0.896304 -0.0988603 -0.43228
v -0.017679 0.045294 -0.095694
vn -0.875034 -0.101968 -0.473199
v -0.025049 0.053687 -0.081787
vn -0.917806 -0.0513068 -0.3937
v -0.02589 0.059482 -0.080124
vn -0.922259 -0.0155714 -0.386258
v -0.027578 0.054956 -0.07561
vn -0.929116 -0.0379892 -0.367832
v -0.023872 0.047524 -0.083263
vn -0.910144 -0.0973697 -0.402688
v -0.026607 0.048742 -0.077096
vn -0.921902 -0.0844425 -0.378109
v -0.026637 0.064863 -0.078513
vn -0.921886 -0.0107132 -0.387313
v -0.028271 0.060639 -0.074219
vn -0.933136 -0.0163608 -0.359152
v -0.028945 0.066167 -0.072659
vn -0.932338 -0.0294236 -0.360388
v -0.01012 0.011593 -0.091015
vn -0.904811 -0.247151 -0.346746
v -0.011147 0.016017 -0.091743
vn -0.886326 -0.27093 -0.375531
v -0.00846 0.01168 -0.09539
vn -0.889513 -0.235647 -0.391456
v -0.009461 0.016461 -0.095926
vn -0.880402 -0.247093 -0.404768
v -0.006324 0.012041 -0.100035
vn -0.86749 -0.225665 -0.443324
v -0.012086 0.020383 -0.092487
vn -0.866701 -0.301565 -0.397352
v -0.01069 0.021247 -0.09652
vn -0.861062 -0.284053 -0.421765
v -0.007562 0.017148 -0.100151
vn -0.858633 -0.234411 -0.455852
v -0.007372 0.007145 -0.09516
vn -0.898179 -0.232086 -0.373377
v -0.009347 0.007234 -0.090182
vn -0.865186 -0.39603 -0.307593
v -0.007372 0.007145 -0.09516
vn -0.844162 -0.378605 -0.379537
v -0.005828 0.002937 -0.094427
vn -0.745997 -0.594932 -0.299239
v -0.005216 0.007355 -0.09988
vn -0.871172 -0.223847 -0.436979
v -0.005216 0.007355 -0.09988
vn -0.830176 -0.357389 -0.427881
v -0.00357 0.003163 -0.099287
vn -0.736089 -0.563885 -0.374442
v -0.009347 0.007234 -0.090182
vn -0.911253 -0.238386 -0.335843
v -0.011734 0.011556 -0.086707
vn -0.902709 -0.268957 -0.335826
v -0.010928 0.007468 -0.085634
vn -0.910175 -0.263352 -0.319731
v -0.013087 0.011465 -0.082892
vn -0.895971 -0.289599 -0.336701
v -0.007748 0.003177 -0.089272
vn -0.749508 -0.619363 -0.233726
v -0.010928 0.007468 -0.085634
vn -0.865022 -0.418932 -0.276102
v -0.009527 0.003663 -0.084142
vn -0.755698 -0.622163 -0.204533
v -0.012886 0.00812 -0.080747
vn -0.854349 -0.450248 -0.259545
v -0.012376 0.015326 -0.087977
vn -0.885924 -0.304046 -0.350278
v -0.014574 0.020771 -0.087777
vn -0.854321 -0.338595 -0.394321
v -0.01483 0.016458 -0.082918
vn -0.871007 -0.345514 -0.349238
v -0.001865 0.013796 -0.108331
vn -0.812273 -0.185216 -0.553089
v -0.004118 0.012675 -0.104521
vn -0.844579 -0.209454 -0.492763
v -0.005161 0.017748 -0.104671
vn -0.833116 -0.226088 -0.504779
v -0.002534 0.018388 -0.108985
vn -0.803455 -0.237897 -0.54577
v -0.006544 0.023068 -0.105158
vn -0.826603 -0.266525 -0.495674
v -0.008715 0.022198 -0.100792
vn -0.845628 -0.261938 -0.465083
v 0.000689 0.014314 -0.112033
vn -0.787985 -0.189634 -0.585763
v 0.000242 0.018807 -0.113033
vn -0.768549 -0.233509 -0.595656
v -0.003851 0.023534 -0.109652
vn -0.796023 -0.265276 -0.544037
v -0.000915 0.023915 -0.113775
vn -0.750668 -0.25057 -0.61132
v 0.000615 0.010887 -0.110913
vn -0.792409 -0.184998 -0.581261
v -0.000879 0.009225 -0.108317
vn -0.813944 -0.223239 -0.53634
v 0.002225 0.00702 -0.111744
vn -0.738674 -0.313112 -0.596927
v 0.003045 0.010361 -0.113996
vn -0.747855 -0.210127 -0.62973
v -0.002877 0.008041 -0.104384
vn -0.843 -0.240885 -0.480963
v 0.000686 0.004623 -0.108438
vn -0.764258 -0.319248 -0.560348
v -0.002877 0.008041 -0.104384
vn -0.8265 -0.306602 -0.472116
v -0.001369 0.003457 -0.104047
vn -0.743284 -0.523008 -0.417122
v -0.005816 0.034061 -0.111317
vn -0.780751 -0.17486 -0.599877
v -0.005141 0.028902 -0.110317
vn -0.791278 -0.243276 -0.560978
v -0.008914 0.033707 -0.106865
vn -0.818789 -0.217547 -0.53128
v -0.008006 0.02856 -0.105695
vn -0.825023 -0.266604 -0.498257
v -0.011688 0.033132 -0.101866
vn -0.844683 -0.245814 -0.475484
v -0.010198 0.027501 -0.101139
vn -0.841064 -0.275272 -0.465658
v -0.008748 0.038139 -0.108442
vn -0.80258 -0.138261 -0.5803
v -0.006136 0.039433 -0.112055
vn -0.770624 -0.109592 -0.627797
v -0.01174 0.038665 -0.104165
vn -0.839508 -0.160071 -0.519233
v -0.002665 0.034789 -0.115335
vn -0.744726 -0.142933 -0.651884
v -0.002549 0.039778 -0.116314
vn -0.731496 -0.0927852 -0.675503
v -0.001885 0.044166 -0.117471
vn -0.705196 -0.0296376 -0.708393
v -0.002032 0.029355 -0.114595
vn -0.748548 -0.217951 -0.626237
v -0.017241 0.033114 -0.09143
vn -0.859444 -0.256573 -0.442184
v -0.013725 0.030931 -0.096834
vn -0.850124 -0.266738 -0.454026
v -0.0143 0.025818 -0.092479
vn -0.85147 -0.305963 -0.425893
v -0.011644 0.02565 -0.097388
vn -0.846573 -0.277159 -0.45442
v -0.018051 0.027861 -0.086393
vn -0.855941 -0.307329 -0.415829
v -0.020535 0.034446 -0.085665
vn -0.879957 -0.234312 -0.413247
v -0.021235 0.029418 -0.080833
vn -0.874024 -0.296828 -0.384675
v -0.018167 0.022923 -0.082051
vn -0.854911 -0.367624 -0.366033
v -0.019293 0.039775 -0.090868
vn -0.881124 -0.175911 -0.438948
v -0.022529 0.041212 -0.084421
vn -0.901508 -0.154367 -0.404295
v -0.023516 0.035757 -0.079597
vn -0.897441 -0.210295 -0.387782
v -0.025312 0.042299 -0.078375
vn -0.911903 -0.140929 -0.385451
v -0.015383 0.038189 -0.097592
vn -0.860732 -0.195651 -0.469959
v -0.029699 0.091955 -0.075527
vn -0.91765 -0.0959091 -0.385643
v -0.027027 0.09113 -0.080683
vn -0.88157 -0.0888458 -0.463616
v -0.023761 0.090311 -0.085653
vn -0.814631 -0.048732 -0.577929
v -0.031855 0.092823 -0.070408
vn -0.941946 -0.100416 -0.320396
v -0.033502 0.094046 -0.065556
vn -0.951019 -0.0804138 -0.298489
v -0.032766 0.089228 -0.066603
vn -0.9463 -0.0780703 -0.313722
v -0.018362 0.094498 -0.09295
vn -0.746098 -0.0540298 -0.66364
v -0.01442 0.094122 -0.097118
vn -0.723492 -0.0296142 -0.689697
v -0.016398 0.089216 -0.094728
vn -0.748114 -0.0209503 -0.66324
v -0.012285 0.088972 -0.099161
vn -0.725536 0.0101331 -0.688109
v -0.020212 0.089696 -0.090246
vn -0.778861 -0.0351649 -0.62621
v 0.001393 -0.001865 -0.084395
vn -0.0946555 -0.995501 -0.00419153
v 0.003153 -0.001944 -0.089841
vn -0.0812356 -0.996561 -0.0163204
v 0.009746 -0.00138 -0.086217
vn 0.070025 -0.997116 0.0292456
v 0.008122 -0.001315 -0.0806
vn 0.0634367 -0.99742 0.0336063
v 0.017074 -0.000739 -0.082221
vn 0.0717144 -0.997071 0.0265753
v 0.004999 -0.001997 -0.095171
vn -0.0755495 -0.996862 -0.0236349
v 0.011426 -0.001407 -0.091733
vn 0.0754952 -0.996794 0.0264835
v 0.018608 -0.000764 -0.087924
vn 0.0750118 -0.996915 0.0231001
v -0.000214 -0.001712 -0.078861
vn -0.115775 -0.993271 0.00305447
v 0.00659 -0.001212 -0.074968
vn 0.0560233 -0.997746 0.0369439
v -0.001692 -0.001521 -0.073359
vn -0.129015 -0.991642 -0.000732814
v 0.015545 -0.000686 -0.076471
vn 0.0680302 -0.9972 0.0310387
v 0.014057 -0.000595 -0.070745
vn 0.0644168 -0.997388 0.0326829
v 0.005142 -0.001082 -0.069408
vn 0.0492986 -0.998136 0.0359822
v -0.00599 0.000186 -0.082104
vn -0.459844 -0.884123 -0.0828848
v -0.004229 -0.000162 -0.087494
vn -0.436656 -0.892782 -0.11078
v -0.007516 0.000604 -0.076659
vn -0.47336 -0.876862 -0.0839303
v -0.011351 0.004286 -0.078907
vn -0.753226 -0.630925 -0.18597
v -0.002279 -0.000292 -0.092719
vn -0.421457 -0.896603 -0.135927
v -0.000348 -0.000387 -0.097875
vn -0.430726 -0.87873 -0.20569
v 0.03057 0.000682 -0.068168
vn 0.0812506 -0.99613 0.0335154
v 0.023061 -3e-05 -0.072298
vn 0.0740682 -0.99679 0.0303977
v 0.031989 0.000635 -0.074137
vn 0.0805927 -0.996262 0.0310972
v 0.024528 -9.5e-05 -0.07816
vn 0.0753868 -0.996749 0.0284336
v 0.033346 0.00054 -0.080127
vn 0.0806673 -0.996372 0.0271206
v 0.02594 -0.000131 -0.08401
vn 0.0761635 -0.996839 0.0226127
v 0.03937 0.001361 -0.070191
vn 0.0876467 -0.995516 0.0355893
v 0.037909 0.001465 -0.064107
vn 0.0886837 -0.995229 0.0406853
v 0.046523 0.002182 -0.066355
vn 0.104914 -0.993552 0.0429902
v 0.040724 0.001265 -0.07635
vn 0.0866078 -0.99574 0.0316373
v 0.048003 0.002065 -0.072664
vn 0.101612 -0.993982 0.0409324
v 0.029136 0.000792 -0.062307
vn 0.0815314 -0.995841 0.0406519
v 0.036447 0.001599 -0.058155
vn 0.088108 -0.995062 0.0457118
v 0.027723 0.000921 -0.056635
vn 0.0833666 -0.99566 0.0413563
v 0.045019 0.002291 -0.060138
vn 0.104065 -0.993493 0.046285
v 0.043539 0.002446 -0.054058
vn 0.102488 -0.992874 0.0608033
v 0.035006 0.001745 -0.052416
vn 0.0946412 -0.994332 0.0484468
v 0.021622 4.6e-05 -0.066503
vn 0.0724215 -0.996796 0.0339434
v 0.020231 0.000149 -0.060871
vn 0.0730903 -0.996625 0.0373716
v 0.012648 -0.000512 -0.065145
vn 0.0616887 -0.997536 0.0334219
v 0.035543 0.000483 -0.092017
vn 0.0817512 -0.996511 0.0168165
v 0.034539 0.000506 -0.086115
vn 0.0812646 -0.996482 0.0204856
v 0.027245 -0.000151 -0.089817
vn 0.0780786 -0.996765 0.0190742
v 0.028434 -0.000154 -0.095476
vn 0.0791421 -0.996769 0.0137116
v 0.020103 -0.000768 -0.093524
vn 0.0781092 -0.996769 0.0187042
v 0.036302 0.000455 -0.097712
vn 0.0815406 -0.996593 0.01239
v 0.029455 -0.000122 -0.100871
vn 0.0794276 -0.996809 0.00790188
v 0.036794 0.000445 -0.103058
vn 0.0805641 -0.996738 0.00471369
v 0.021518 -0.000731 -0.098924
vn 0.0809706 -0.99664 0.0123427
v 0.022858 -0.000675 -0.104019
vn 0.0821427 -0.996611 0.00431173
v 0.030332 -7.6e-05 -0.105866
vn 0.0799748 -0.996797 -0.000784248
v 0.043372 0.00109 -0.094676
vn 0.0853255 -0.996232 0.0155223
v 0.042803 0.00114 -0.088664
vn 0.0856906 -0.99613 0.0195663
v 0.050662 0.00178 -0.091841
vn 0.104642 -0.994348 0.0179605
v 0.043568 0.001026 -0.100393
vn 0.0845106 -0.996363 0.0109148
v 0.041895 0.001202 -0.082522
vn 0.0867914 -0.995914 0.0249322
v 0.05021 0.001873 -0.085464
vn 0.101663 -0.994541 0.0235214
v 0.049297 0.001971 -0.079038
vn 0.0991537 -0.994594 0.0308535
v 0.00892 -0.00186 -0.105249
vn -0.105734 -0.991183 -0.0798485
v 0.014845 -0.00134 -0.102245
vn 0.0841312 -0.996407 0.00976415
v 0.006961 -0.001978 -0.100324
vn -0.0840146 -0.994692 -0.0594112
v 0.013138 -0.001404 -0.097101
vn 0.0810897 -0.996502 0.0202054
v 0.001982 -2.7e-05 -0.102745
vn -0.455566 -0.853847 -0.251803
v 0.00396 0.00026 -0.107495
vn -0.507591 -0.785463 -0.354118
v 0.010647 -0.001559 -0.11088
vn -0.197557 -0.9343 -0.29674
v 0.00522 0.002455 -0.111902
vn -0.510564 -0.696528 -0.504156
v 0.00941 0.002115 -0.114952
vn -0.38966 -0.738997 -0.54959
v 0.000686 0.004623 -0.108438
vn -0.715243 -0.510805 -0.476975
v 0.00522 0.002455 -0.111902
vn -0.632134 -0.466876 -0.618412
v 0.016542 -0.00121 -0.107076
vn 0.0806318 -0.996688 -0.0105614
v 0.013206 0.000212 -0.114788
vn -0.208484 -0.843714 -0.494653
v 0.018108 -0.000996 -0.11265
vn 0.0137056 -0.991322 -0.130738
v 0.024166 -0.000556 -0.108691
vn 0.08067 -0.996719 -0.00663878
v 0.01955 0.001199 -0.11964
vn -0.310588 -0.780153 -0.543043
v 0.022445 0.00165 -0.121589
vn -0.247887 -0.689153 -0.680897
v 0.023233 -0.000443 -0.119182
vn -0.146874 -0.935822 -0.320415
v 0.025848 -0.000165 -0.120445
vn -0.085908 -0.910701 -0.404034
v 0.026862 -0.000259 -0.117343
vn 0.0721549 -0.997082 -0.0249314
v 0.025714 0.002124 -0.122911
vn -0.159117 -0.616568 -0.771055
v 0.028578 0.000101 -0.121691
vn -0.0861441 -0.802578 -0.590295
v 0.029127 -4e-05 -0.11969
vn 0.0650613 -0.997033 -0.0411438
v 0.021488 -0.000648 -0.116513
vn -0.077447 -0.98275 -0.167943
v 0.016573 0.000713 -0.11718
vn -0.241843 -0.854446 -0.459819
v 0.02543 -0.000427 -0.113473
vn 0.0767768 -0.996982 -0.0114743
v 0.016066 0.003626 -0.120427
vn -0.324733 -0.712234 -0.62231
v 0.016066 0.003626 -0.120427
vn -0.398218 -0.530063 -0.748635
v 0.012471 0.002999 -0.117975
vn -0.434009 -0.557709 -0.707529
v 0.012471 0.002999 -0.117975
vn -0.313809 -0.743193 -0.590921
v 0.00941 0.002115 -0.114952
vn -0.519136 -0.564529 -0.64172
v 0.019371 0.004083 -0.122473
vn -0.307508 -0.651142 -0.693868
v 0.022521 0.004675 -0.124024
vn -0.200409 -0.579051 -0.790276
v 0.019371 0.004083 -0.122473
vn -0.353838 -0.503341 -0.788319
v 0.01965 0.007103 -0.124412
vn -0.315312 -0.396652 -0.862117
v 0.036543 0.000417 -0.112415
vn 0.0783323 -0.996912 -0.00543778
v 0.031321 4.9e-05 -0.114632
vn 0.0771003 -0.99696 -0.0112501
v 0.036304 0.000461 -0.116162
vn 0.0806248 -0.996478 -0.0230655
v 0.031823 0.00014 -0.117972
vn 0.0807092 -0.996502 -0.0216911
v 0.035805 0.000519 -0.119268
vn 0.0884855 -0.99436 -0.0584643
v 0.03217 0.000236 -0.120307
vn 0.0947242 -0.993351 -0.0654337
v 0.041833 0.000879 -0.11466
vn 0.0846563 -0.996186 -0.0211188
v 0.042702 0.00092 -0.110472
vn 0.0807129 -0.996732 -0.00322008
v 0.040732 0.000895 -0.118289
vn 0.0878403 -0.994857 -0.050432
v 0.037006 0.000471 -0.107925
vn 0.079305 -0.99685 -0.000384288
v 0.043313 0.000969 -0.105689
vn 0.0813927 -0.996676 0.00362393
v 0.031074 9e-06 -0.11032
vn 0.078297 -0.996922 -0.00390306
v 0.032928 0.003147 -0.124049
vn 0.0442998 -0.512597 -0.857485
v 0.034863 0.000679 -0.12197
vn 0.110463 -0.821471 -0.559449
v 0.031387 0.000376 -0.122198
vn 0.0412629 -0.752047 -0.657816
v 0.02911 0.002583 -0.123683
vn -0.0544748 -0.531994 -0.844994
v 0.030243 7e-05 -0.12089
vn 0.0747674 -0.992448 -0.0972425
v 0.030402 0.006124 -0.1256
vn -0.00381326 -0.457752 -0.889072
v 0.030402 0.006124 -0.1256
vn -0.0110326 -0.349888 -0.936727
v 0.026278 0.005368 -0.125032
vn -0.110147 -0.400339 -0.909723
v 0.026278 0.005368 -0.125032
vn -0.092283 -0.505851 -0.85767
v 0.022521 0.004675 -0.124024
vn -0.228449 -0.446575 -0.865091
v 0.034773 0.006902 -0.125804
vn 0.0711577 -0.432472 -0.898835
v 0.03718 0.003686 -0.124032
vn 0.122101 -0.521551 -0.844438
v 0.034773 0.006902 -0.125804
vn 0.0609328 -0.294658 -0.953658
v 0.039312 0.001024 -0.12148
vn 0.140762 -0.845429 -0.515204
v 0.043576 0.001322 -0.120665
vn 0.25176 -0.834182 -0.490671
v 0.015004 0.002367 0.011919
vn 0.0851147 -0.996359 0.00486812
v 0.007886 0.001739 0.007496
vn 0.0834472 -0.996401 0.0148546
v 0.015554 0.002123 0.006595
vn 0.078369 -0.996289 0.0355879
v 0.008568 0.001397 0.002233
vn 0.0721791 -0.996293 0.0468087
v 0.016069 0.00208 0.001369
vn 0.0984089 -0.99499 0.0175998
v 0.000638 0.001052 0.003168
vn 0.0800278 -0.996541 0.0224
v 0.001432 0.00069 -0.002044
vn 0.0670094 -0.996505 0.0498742
v 0.009202 0.001352 -0.002948
vn 0.0905565 -0.995645 0.0221527
v 0.022353 0.002794 0.010947
vn 0.0940823 -0.995411 0.0174699
v 0.021972 0.002953 0.016309
vn 0.0939766 -0.995545 -0.00768699
v 0.028975 0.003543 0.015161
vn 0.342159 -0.939592 -0.00971069
v 0.022712 0.00284 0.005695
vn 0.11513 -0.99332 0.00774113
v 0.029087 0.003666 0.009931
vn 0.376392 -0.926431 -0.00741656
v 0.014486 0.002127 0.017889
vn 0.0872725 -0.996143 -0.00912752
v 0.02161 0.002667 0.0223
vn 0.09466 -0.995406 -0.0143662
v 0.013856 0.002142 0.02401
vn 0.0675082 -0.997648 0.0118657
v 0.02886 0.003589 0.020578
vn 0.309122 -0.950784 -0.0213013
v 0.028612 0.003379 0.026454
vn 0.289454 -0.957188 -0.00254639
v 0.021103 0.002664 0.02837
vn 0.0781684 -0.996896 0.00941002
v 0.007249 0.001481 0.013453
vn 0.0898641 -0.995951 -0.00224723
v -0.000116 0.000824 0.009056
vn 0.0901612 -0.995927 0.000505643
v 0.006475 0.001574 0.019537
vn 0.0709361 -0.997286 0.0197208
v -0.001045 0.000918 0.015084
vn 0.0740441 -0.996921 0.0258235
v 0.017214 0.001963 -0.008545
vn 0.0985479 -0.994582 0.0330795
v 0.016614 0.002045 -0.003651
vn 0.0993888 -0.99477 0.0235376
v 0.009833 0.001276 -0.007946
vn 0.0903567 -0.995469 0.0296322
v 0.010469 0.00117 -0.012823
vn 0.0886094 -0.99552 0.0329922
v 0.00282 0.000542 -0.012171
vn 0.0797444 -0.99643 0.0277076
v 0.002143 0.000632 -0.007194
vn 0.0825904 -0.99627 0.0249976
v 0.017907 0.001852 -0.013342
vn 0.0969216 -0.994551 0.0384093
v 0.011149 0.001067 -0.01761
vn 0.0852932 -0.995748 0.0348113
v 0.01869 0.001733 -0.018042
vn 0.0942664 -0.994661 0.0419997
v 0.003459 0.000463 -0.017028
vn 0.0767672 -0.996668 0.0275663
v 0.004111 0.000376 -0.021773
vn 0.0733381 -0.996829 0.0308937
v 0.011873 0.000959 -0.022283
vn 0.0818669 -0.995928 0.0377507
v 0.024288 0.00267 -0.009075
vn 0.116135 -0.992481 0.0386635
v 0.023616 0.002758 -0.004276
vn 0.117883 -0.992618 0.0285221
v 0.030121 0.003615 -0.004885
vn 0.409015 -0.909473 0.0746065
v 0.025089 0.002565 -0.013784
vn 0.113892 -0.992472 0.045022
v 0.03093 0.003524 -0.009587
vn 0.396201 -0.9128 0.0990992
v 0.02311 0.002809 0.000636
vn 0.118206 -0.992832 0.0176453
v 0.029549 0.003671 -0.000106
vn 0.409418 -0.911643 0.0358247
v 0.029273 0.003693 0.004846
vn 0.393829 -0.919128 0.0101257
v -0.01056 -0.000633 -0.024776
vn 0.0457335 -0.998756 0.0198853
v -0.00362 -0.000143 -0.021046
vn 0.0652931 -0.997591 0.0234214
v -0.01119 -0.000587 -0.019937
vn 0.0495218 -0.998658 0.0151912
v -0.004257 -8.1e-05 -0.016204
vn 0.0681076 -0.997439 0.0218277
v -0.011908 -0.00054 -0.014973
vn 0.0549386 -0.99839 0.0140785
v -0.004949 -2.1e-05 -0.011239
vn 0.0710519 -0.997248 0.0211455
v -0.017824 -0.000852 -0.023278
vn -0.0811506 -0.996472 -0.0214005
v -0.017139 -0.000909 -0.028102
vn -0.1133 -0.993413 -0.0171503
v -0.024169 0.000732 -0.026143
vn -0.394276 -0.909165 -0.134035
v -0.018589 -0.000856 -0.018318
vn -0.0458746 -0.998728 -0.0209358
v -0.024953 0.000305 -0.021179
vn -0.318258 -0.939837 -0.124172
v -0.009967 -0.000716 -0.029496
vn 0.042875 -0.998862 0.0209088
v -0.016486 -0.000955 -0.032799
vn -0.15255 -0.983101 -0.101194
v -0.00938 -0.000777 -0.03414
vn 0.0149452 -0.999755 -0.0163192
v -0.023388 0.001033 -0.030879
vn -0.46282 -0.86826 -0.178668
v -0.022563 0.001854 -0.035459
vn -0.505137 -0.821686 -0.263949
v -0.015918 -0.000156 -0.037409
vn -0.217029 -0.963744 -0.155228
v -0.003014 -0.000228 -0.025776
vn 0.0618579 -0.997698 0.0278075
v -0.002408 -0.000325 -0.030416
vn 0.0586565 -0.997879 0.0282122
v 0.004777 0.000269 -0.026419
vn 0.0703542 -0.996938 0.0341193
v -0.013666 -0.000219 -0.004712
vn 0.0714089 -0.997251 0.0197983
v -0.012718 -0.000512 -0.00987
vn 0.0527693 -0.998003 0.0347334
v -0.005701 2.5e-05 -0.006117
vn 0.0600239 -0.997075 0.0473088
v -0.006587 0.000389 -0.000937
vn 0.0765738 -0.996797 0.0230801
v -0.014628 -0.000492 0.001094
vn 0.0810461 -0.996709 0.00178006
v -0.007444 0.000162 0.0049
vn 0.0879665 -0.99612 0.0026556
v -0.01511 -0.000313 0.006944
vn 0.0659656 -0.997416 0.028442
v -0.008495 0.000245 0.010862
vn 0.0728038 -0.997025 0.0253136
v -0.020907 -0.000947 -0.002581
vn 0.040751 -0.999056 -0.0150602
v -0.01993 -0.000753 -0.007987
vn 0.0377514 -0.999007 0.023672
v -0.025884 -0.000697 -0.006488
vn -0.135073 -0.990466 -0.0270545
v -0.021904 -0.000848 0.003206
vn 0.0324451 -0.999124 0.02642
v -0.028176 -0.000983 -0.001656
vn -0.154803 -0.985842 -0.0644399
v -0.019494 -0.000896 -0.013208
vn 0.00618431 -0.999753 -0.0213321
v -0.026421 -0.001059 -0.011091
vn -0.206987 -0.975592 -0.073322
v -0.025401 -0.00012 -0.016331
vn -0.240954 -0.957406 -0.159106
v -0.008066 -0.00084 -0.043377
vn -0.0688616 -0.997618 -0.00409084
v -0.007333 -0.000918 -0.048066
vn -0.0853093 -0.996332 -0.00672287
v -0.000295 -0.000619 -0.044273
vn 0.044246 -0.998679 0.0261236
v -0.001062 -0.000521 -0.039622
vn 0.0474185 -0.998493 0.0276337
v 0.007118 -6.9e-05 -0.040186
vn 0.0626184 -0.997441 0.0344987
v -0.006445 -0.00099 -0.052846
vn -0.0998721 -0.994924 -0.0123196
v 0.00057 -0.00069 -0.049002
vn 0.0435432 -0.998781 0.0232332
v 0.008038 -0.000168 -0.044869
vn 0.0612262 -0.997642 0.0310071
v -0.008749 -0.000798 -0.038748
vn -0.0373996 -0.999204 -0.0138505
v -0.001765 -0.00042 -0.035019
vn 0.0534419 -0.998203 0.027104
v 0.006272 4.3e-05 -0.035567
vn 0.06435 -0.997286 0.0357852
v 0.005491 0.000156 -0.030993
vn 0.0672058 -0.997103 0.035634
v -0.015228 0.000326 -0.041986
vn -0.287517 -0.951147 -0.112488
v -0.014589 0.000511 -0.046639
vn -0.334575 -0.938388 -0.0865362
v -0.020671 0.003491 -0.044456
vn -0.598681 -0.772958 -0.21004
v -0.02168 0.002828 -0.039928
vn -0.546179 -0.797578 -0.256045
v -0.013747 0.00066 -0.051319
vn -0.369946 -0.922979 -0.106067
v -0.01981 0.003872 -0.049016
vn -0.643714 -0.73729 -0.205026
v -0.018678 0.004307 -0.053685
vn -0.675158 -0.703455 -0.222063
v -0.012698 0.00081 -0.056145
vn -0.403885 -0.907757 -0.113378
v 0.020481 0.001474 -0.027209
vn 0.0855934 -0.99518 0.0478544
v 0.01353 0.000714 -0.031422
vn 0.0759141 -0.996231 0.0419716
v 0.021551 0.00135 -0.031789
vn 0.0819526 -0.99549 0.0477878
v 0.014475 0.000593 -0.036015
vn 0.0739372 -0.996421 0.0409713
v 0.022693 0.001223 -0.036431
vn 0.0793279 -0.995811 0.0454597
v 0.015493 0.000483 -0.040666
vn 0.0721598 -0.996642 0.0387064
v 0.028194 0.002139 -0.027542
vn 0.0958051 -0.993564 0.0604302
v 0.027005 0.002287 -0.022978
vn 0.10424 -0.992784 0.0592773
v 0.034114 0.003085 -0.023409
vn 0.360489 -0.920172 0.152745
v 0.029516 0.001985 -0.032161
vn 0.0897658 -0.99439 0.0559525
v 0.035663 0.002876 -0.027988
vn 0.324221 -0.931231 0.166402
v 0.019535 0.001608 -0.02265
vn 0.0897984 -0.994886 0.0462435
v 0.025987 0.002445 -0.018409
vn 0.110582 -0.992508 0.0519587
v 0.032873 0.003285 -0.018787
vn 0.378547 -0.917197 0.124309
v 0.031868 0.003414 -0.014184
vn 0.386058 -0.916092 0.108324
v 0.012653 0.000843 -0.026862
vn 0.078537 -0.996065 0.0410632
v 0.025122 0.001059 -0.046116
vn 0.0857983 -0.995881 0.0293207
v 0.023894 0.001104 -0.041191
vn 0.0810553 -0.996019 0.0370971
v 0.016574 0.000382 -0.045435
vn 0.0730945 -0.996788 0.0327364
v 0.017716 0.000312 -0.050372
vn 0.0748634 -0.996745 0.0299171
v 0.009054 -0.000246 -0.049662
vn 0.0603072 -0.997796 0.0276671
v 0.026389 0.001013 -0.051247
vn 0.0864204 -0.995674 0.0341382
v 0.018932 0.000252 -0.055501
vn 0.0744343 -0.996645 0.0340206
v 0.010153 -0.000314 -0.054617
vn 0.0605249 -0.997731 0.0294915
v 0.011341 -0.000408 -0.059777
vn 0.0607861 -0.997587 0.0335524
v 0.03361 0.001814 -0.046977
vn 0.100788 -0.994512 0.0280827
v 0.032245 0.001804 -0.041826
vn 0.0944853 -0.995077 0.0298969
v 0.04057 0.002646 -0.042755
vn 0.234168 -0.96874 0.0818972
v 0.042033 0.002752 -0.048216
vn 0.151787 -0.983025 0.10307
v 0.030882 0.001863 -0.036902
vn 0.0896504 -0.994937 0.0454311
v 0.038885 0.002615 -0.037587
vn 0.268873 -0.956787 0.110752
v 0.037269 0.002711 -0.032679
vn 0.294833 -0.945233 0.140025
v -0.004307 -0.001176 -0.062796
vn -0.124484 -0.992182 -0.00882908
v 0.002616 -0.000852 -0.058859
vn 0.0430357 -0.99864 0.0294363
v -0.005438 -0.001072 -0.057761
vn -0.114118 -0.993388 -0.0125359
v 0.001535 -0.000756 -0.053853
vn 0.0431801 -0.998753 0.0250705
v -0.011545 0.000904 -0.061068
vn -0.433531 -0.893676 -0.115729
v -0.010301 0.000891 -0.066092
vn -0.458512 -0.881811 -0.110349
v -0.01603 0.004826 -0.063288
vn -0.724307 -0.65173 -0.225003
v -0.017435 0.004594 -0.058478
vn -0.701078 -0.675492 -0.228475
v -0.00305 -0.001332 -0.067989
vn -0.129991 -0.991503 -0.00491105
v -0.008916 0.000805 -0.071301
vn -0.471752 -0.875939 -0.100903
v -0.014543 0.004845 -0.06833
vn -0.742373 -0.636285 -0.209821
v -0.012957 0.004636 -0.073581
vn -0.749972 -0.633322 -0.190904
v 0.003821 -0.000959 -0.064037
vn 0.0444453 -0.998456 0.0333315
v 0.062036 0.081707 -0.060555
vn 0.976445 0.199891 -0.0812383
v 0.062279 0.083137 -0.054949
vn 0.981431 0.173178 -0.0824831
v 0.063144 0.078358 -0.055342
vn 0.979597 0.191448 -0.0611277
v 0.062998 0.076942 -0.061329
vn 0.973156 0.22316 -0.0562794
v 0.064166 0.073612 -0.055754
vn 0.984241 0.174157 -0.0306509
v 0.062246 0.085659 -0.049798
vn 0.984323 0.174496 -0.0256868
v 0.063076 0.08078 -0.049602
vn 0.988293 0.152335 -0.008398
v 0.063779 0.075863 -0.049746
vn 0.988987 0.144252 0.0331173
v 0.061778 0.080952 -0.066469
vn 0.972224 0.230174 -0.0424378
v 0.062949 0.076472 -0.067446
vn 0.969301 0.244571 -0.0253071
v 0.06405 0.072205 -0.062094
vn 0.978085 0.20646 -0.026891
v 0.064024 0.071938 -0.068547
vn 0.970479 0.240997 -0.00957737
v 0.060858 0.085268 -0.065541
vn 0.981995 0.176091 -0.0683923
v 0.061259 0.08612 -0.059876
vn 0.98475 0.14652 -0.0938055
v 0.060433 0.089608 -0.064668
vn 0.989258 0.114503 -0.0908671
v 0.06156 0.087673 -0.054782
vn 0.985343 0.152834 -0.0757689
v 0.060809 0.090532 -0.059289
vn 0.98862 0.12501 -0.0836834
v 0.060927 0.091874 -0.054551
vn 0.987044 0.151722 -0.0521913
v 0.061454 0.089479 -0.050817
vn 0.985252 0.16859 -0.0292515
v 0.066001 0.062421 -0.06376
vn 0.985051 0.160483 0.0626116
v 0.065097 0.067433 -0.062825
vn 0.981842 0.189063 0.0155588
v 0.065593 0.062768 -0.056744
vn 0.993562 0.0927714 0.0650208
v 0.064828 0.068561 -0.05591
vn 0.991465 0.129506 0.0150172
v 0.064931 0.064316 -0.048891
vn 0.992999 0.0510467 0.10652
v 0.064491 0.070793 -0.049563
vn 0.992024 0.104433 0.0705842
v 0.066129 0.057111 -0.058146
vn 0.990624 0.0528369 0.125986
v 0.067067 0.056763 -0.065132
vn 0.984632 0.128462 0.118314
v 0.066544 0.050902 -0.059531
vn 0.982163 0.00470456 0.187974
v 0.065231 0.057479 -0.05114
vn 0.99193 -0.0082015 0.126518
v 0.065241 0.051116 -0.052703
vn 0.983988 -0.0511828 0.17073
v 0.066466 0.062275 -0.070785
vn 0.975134 0.217854 0.0406596
v 0.067758 0.056784 -0.072105
vn 0.9855 0.164254 0.0425433
v 0.067949 0.050794 -0.066725
vn 0.989921 0.0376441 0.136524
v 0.068558 0.050818 -0.073941
vn 0.998749 0.0437314 0.0242365
v 0.065251 0.067219 -0.069358
vn 0.972386 0.232966 0.0138481
v 0.062974 0.063038 -0.037432
vn 0.977994 0.00994564 0.208398
v 0.06384 0.064231 -0.042443
vn 0.984693 0.033146 0.171117
v 0.062912 0.068085 -0.037726
vn 0.981882 0.0371855 0.185807
v 0.063801 0.068792 -0.043436
vn 0.98608 0.0618851 0.154327
v 0.062721 0.072665 -0.038239
vn 0.983352 0.0774675 0.164369
v 0.06384 0.064231 -0.042443
vn 0.985134 0.0394251 0.167203
v 0.063801 0.068792 -0.043436
vn 0.986705 0.0702646 0.14655
v 0.063444 0.0739 -0.043875
vn 0.988489 0.103942 0.10993
v 0.06175 0.067267 -0.032469
vn 0.966871 0.0116661 0.254998
v 0.061682 0.06238 -0.031991
vn 0.968597 0.00959923 0.248449
v 0.060134 0.066987 -0.02727
vn 0.95929 0.0267578 0.281154
v 0.061769 0.072291 -0.03289
vn 0.972819 0.0549508 0.224952
v 0.06038 0.071956 -0.027848
vn 0.954869 0.0294183 0.295568
v 0.062745 0.058289 -0.036744
vn 0.975086 -0.0379552 0.218558
v 0.061536 0.057044 -0.031576
vn 0.970419 -0.0538372 0.235348
v 0.062562 0.052196 -0.037815
vn 0.968429 -0.107999 0.22468
v 0.060317 0.061878 -0.026718
vn 0.965334 0.0285615 0.259449
v 0.060106 0.05686 -0.025899
vn 0.965874 -0.0460107 0.254894
v 0.060646 0.051557 -0.030376
vn 0.96023 -0.142443 0.240141
v 0.064144 0.058563 -0.043045
vn 0.978091 -0.0405217 0.204197
v 0.064144 0.058563 -0.043045
vn 0.989483 -0.0100983 0.144297
v 0.064168 0.051427 -0.045763
vn 0.986519 -0.0665578 0.149502
v 0.062 0.082669 -0.039051
vn 0.984277 0.106531 0.14089
v 0.062346 0.077503 -0.038565
vn 0.983551 0.0840557 0.159881
v 0.063026 0.078756 -0.044065
vn 0.986776 0.097285 0.129649
v 0.062412 0.08406 -0.044428
vn 0.987752 0.152789 0.0316334
v 0.063026 0.078756 -0.044065
vn 0.991106 0.115481 0.0661292
v 0.063444 0.0739 -0.043875
vn 0.985836 0.0858799 0.144054
v 0.062412 0.08406 -0.044428
vn 0.985073 0.145199 0.09246
v 0.061382 0.087969 -0.039728
vn 0.984789 0.142211 0.0998327
v 0.06149 0.089421 -0.045571
vn 0.986297 0.156678 0.0516847
v 0.060613 0.093965 -0.040828
vn 0.986795 0.141387 0.0790305
v 0.06149 0.089421 -0.045571
vn 0.985671 0.168602 0.00518355
v 0.060986 0.092787 -0.049888
vn 0.988929 0.147813 -0.0130329
v 0.060791 0.087009 -0.034672
vn 0.979799 0.109613 0.167271
v 0.06116 0.081786 -0.033948
vn 0.977364 0.0844734 0.193967
v 0.059912 0.086242 -0.029916
vn 0.966261 0.084957 0.243151
v 0.06027 0.092062 -0.035386
vn 0.982261 0.130654 0.13451
v 0.059615 0.091254 -0.030743
vn 0.972554 0.107697 0.206254
v 0.061438 0.077076 -0.033423
vn 0.975349 0.0830248 0.204454
v 0.060108 0.081493 -0.029208
vn 0.961752 0.0777549 0.262654
v 0.060288 0.076737 -0.02857
vn 0.957974 0.0711307 0.277898
v 0.059589 0.097713 -0.036067
vn 0.983259 0.133445 0.124077
v 0.059134 0.096183 -0.031493
vn 0.977277 0.127703 0.169178
v 0.060772 0.094139 -0.045897
vn 0.988595 0.150585 0.00199634
v 0.063812 0.006753 -0.079371
vn 0.736779 -0.658636 0.152826
v 0.066667 0.014533 -0.077137
vn 0.881759 -0.386954 0.269753
v 0.061981 0.007252 -0.072609
vn 0.749771 -0.608489 0.25997
v 0.064452 0.015054 -0.070334
vn 0.878259 -0.36385 0.310282
v 0.059967 0.007853 -0.065985
vn 0.774737 -0.575296 0.262332
v 0.066667 0.014533 -0.077137
vn 0.960313 -0.0436564 0.275487
v 0.066372 0.022895 -0.075223
vn 0.959115 -0.0422944 0.279838
v 0.064452 0.015054 -0.070334
vn 0.950478 -0.0486223 0.306964
v 0.06427 0.023299 -0.068304
vn 0.960744 -0.106617 0.256131
v 0.06218 0.015583 -0.063424
vn 0.952467 -0.10455 0.286139
v 0.056209 0.002824 -0.075726
vn 0.331591 -0.938125 0.0998448
v 0.057316 0.002744 -0.082417
vn 0.327081 -0.944078 0.0416401
v 0.054642 0.003008 -0.069217
vn 0.365836 -0.922111 0.125994
v 0.064287 0.006788 -0.086678
vn 0.725903 -0.686848 0.0361275
v 0.057813 0.002694 -0.089238
vn 0.339251 -0.94037 0.0247599
v 0.068369 0.014219 -0.084264
vn 0.879613 -0.462657 0.110584
v 0.068369 0.014219 -0.084264
vn 0.985628 -0.081683 0.147871
v 0.06841 0.022689 -0.082196
vn 0.973733 -0.0263528 0.226164
v 0.068608 0.013901 -0.091731
vn 0.863805 -0.503643 0.0135991
v 0.056544 0.009014 -0.052882
vn 0.816708 -0.472764 0.330881
v 0.058126 0.008181 -0.059389
vn 0.801036 -0.540779 0.256709
v 0.060051 0.016326 -0.056749
vn 0.902875 -0.279484 0.326658
v 0.057522 0.017393 -0.050451
vn 0.904407 -0.147505 0.400363
v 0.060051 0.016326 -0.056749
vn 0.910198 -0.141095 0.3894
v 0.060406 0.024409 -0.05465
vn 0.905531 -0.173052 0.387383
v 0.06218 0.015583 -0.063424
vn 0.890795 -0.339304 0.302252
v 0.060051 0.016326 -0.056749
vn 0.936704 -0.133493 0.323675
v 0.062698 0.023642 -0.061392
vn 0.947383 -0.158696 0.277994
v 0.057522 0.017393 -0.050451
vn 0.885233 -0.216002 0.411954
v 0.054068 0.010297 -0.046832
vn 0.809735 -0.407442 0.42228
v 0.054834 0.018415 -0.044507
vn 0.889242 -0.217032 0.402674
v 0.051637 0.011562 -0.04105
vn 0.835562 -0.398436 0.378266
v 0.057884 0.025296 -0.048319
vn 0.897397 -0.215904 0.384791
v 0.054834 0.018415 -0.044507
vn 0.904577 -0.173368 0.389467
v 0.055463 0.02621 -0.042217
vn 0.908568 -0.278091 0.311721
v 0.05278 0.01948 -0.03857
vn 0.9277 -0.230424 0.29373
v 0.050068 0.003457 -0.050138
vn 0.455532 -0.850244 0.263772
v 0.05151 0.003245 -0.056354
vn 0.421701 -0.896237 0.137577
v 0.048294 0.00519 -0.044251
vn 0.527187 -0.789988 0.313039
v 0.053032 0.003124 -0.062757
vn 0.394825 -0.910732 0.121158
v 0.061076 0.038949 -0.043356
vn 0.920109 -0.313698 0.234505
v 0.059248 0.032483 -0.045896
vn 0.897785 -0.323195 0.29921
v 0.062556 0.03851 -0.050036
vn 0.921124 -0.290792 0.258785
v 0.062556 0.03851 -0.050036
vn 0.936401 -0.233849 0.261665
v 0.061328 0.031786 -0.052281
vn 0.919657 -0.238658 0.311886
v 0.064441 0.038037 -0.056546
vn 0.942713 -0.208352 0.26054
v 0.061328 0.031786 -0.052281
vn 0.900188 -0.263279 0.346908
v 0.060406 0.024409 -0.05465
vn 0.925464 -0.18415 0.331066
v 0.063519 0.031186 -0.058916
vn 0.938236 -0.207505 0.276867
v 0.063706 0.04498 -0.047673
vn 0.954099 -0.21645 0.206988
v 0.062344 0.045184 -0.040858
vn 0.952056 -0.20145 0.230233
v 0.064168 0.051427 -0.045763
vn 0.973222 -0.106232 0.203846
v 0.065111 0.044538 -0.05444
vn 0.965002 -0.130852 0.227263
v 0.063706 0.04498 -0.047673
vn 0.970288 -0.146161 0.192818
v 0.059399 0.039372 -0.036653
vn 0.910409 -0.320754 0.26129
v 0.060457 0.04571 -0.033662
vn 0.938975 -0.223971 0.261079
v 0.057567 0.039725 -0.030393
vn 0.908907 -0.315748 0.272381
v 0.058622 0.04641 -0.026502
vn 0.92959 -0.250238 0.270636
v 0.057573 0.033021 -0.03942
vn 0.896046 -0.368324 0.247868
v 0.055973 0.033329 -0.033031
vn 0.895913 -0.359776 0.260578
v 0.053984 0.026589 -0.035866
vn 0.912327 -0.319296 0.256338
v 0.067027 0.037598 -0.070879
vn 0.979892 -0.147049 0.134863
v 0.066024 0.037774 -0.06366
vn 0.965101 -0.184888 0.185461
v 0.065114 0.030769 -0.065935
vn 0.965409 -0.173556 0.194588
v 0.066368 0.030523 -0.073252
vn 0.9723 -0.114616 0.203707
v 0.068127 0.037475 -0.07797
vn 0.988367 -0.0709076 0.134548
v 0.067872 0.030375 -0.080197
vn 0.976733 -0.0368035 0.211279
v 0.06832 0.044315 -0.07588
vn 0.997088 -0.0553427 0.0524673
v 0.067991 0.044362 -0.068628
vn 0.988563 -0.105274 0.107987
v 0.066795 0.044498 -0.061437
vn 0.973884 -0.104453 0.201594
v -0.034478 0.083154 -0.059401
vn -0.962259 -0.0643219 -0.264425
v -0.034007 0.078611 -0.060177
vn -0.959762 -0.0544712 -0.27548
v -0.035425 0.081033 -0.055383
vn -0.969477 -0.0530584 -0.239372
v -0.035597 0.084905 -0.055545
vn -0.970642 -0.0589462 -0.233193
v -0.036665 0.0852 -0.05076
vn -0.983237 -0.0352929 -0.178884
v -0.033432 0.074017 -0.061294
vn -0.958156 -0.052567 -0.281377
v -0.034926 0.07612 -0.056176
vn -0.967688 -0.0555505 -0.245956
v -0.036401 0.079848 -0.05096
vn -0.980315 -0.0547586 -0.189694
v -0.034987 0.087219 -0.058535
vn -0.965784 -0.0734001 -0.248745
v -0.036172 0.088603 -0.054075
vn -0.977921 -0.0640431 -0.198921
v -0.03564 0.091678 -0.057545
vn -0.966778 -0.0872136 -0.240277
v -0.037011 0.090596 -0.049477
vn -0.991077 -0.0302462 -0.129817
v -0.036693 0.093012 -0.053115
vn -0.985711 -0.0632641 -0.156115
v -0.033716 0.086068 -0.063039
vn -0.954575 -0.0741462 -0.288597
v -0.03303 0.081425 -0.063898
vn -0.951469 -0.0679339 -0.300153
v -0.034323 0.090363 -0.061948
vn -0.95786 -0.0795261 -0.276008
v -0.032417 0.077043 -0.064993
vn -0.947792 -0.053994 -0.314284
v -0.031773 0.07275 -0.066331
vn -0.941035 -0.0543146 -0.33392
v -0.037835 0.083144 -0.040848
vn -0.99794 -0.0541558 -0.0343888
v -0.037443 0.08394 -0.0457
vn -0.991385 -0.0374289 -0.125522
v -0.037056 0.078686 -0.046054
vn -0.990468 -0.0699494 -0.118664
v -0.037473 0.078641 -0.041229
vn -0.996087 -0.0786819 -0.0402353
v -0.036626 0.073954 -0.046627
vn -0.989947 -0.0751594 -0.119814
v -0.035938 0.074502 -0.051627
vn -0.979237 -0.0685895 -0.190763
v -0.037746 0.083201 -0.036085
vn -0.998232 -0.0419518 0.0420988
v -0.037483 0.078795 -0.036363
vn -0.998253 -0.0575388 0.0134606
v -0.037448 0.083438 -0.03113
vn -0.996108 -0.00865296 0.0877131
v -0.037033 0.073878 -0.041666
vn -0.996107 -0.0658753 -0.0585717
v -0.037234 0.074092 -0.036647
vn -0.999141 -0.034658 -0.0226979
v -0.037347 0.079085 -0.031257
vn -0.999294 -0.0107766 0.0359901
v -0.037846 0.087577 -0.035817
vn -0.997713 0.0213147 0.0641382
v -0.038023 0.087814 -0.040524
vn -0.999493 0.0179473 -0.0262956
v -0.037523 0.09209 -0.035552
vn -0.992193 0.0875715 0.0887943
v -0.037411 0.087752 -0.031019
vn -0.992427 0.0434478 0.1149
v -0.037007 0.09193 -0.030944
vn -0.984878 0.115064 0.129521
v -0.037553 0.088994 -0.045156
vn -0.994498 0.00369838 -0.10469
v -0.03771 0.092953 -0.04013
vn -0.998537 0.0539853 -0.00300104
v -0.037565 0.094725 -0.044824
vn -0.996812 -0.00672432 -0.0795021
v -0.036636 0.063051 -0.042817
vn -0.989242 0.0333406 -0.142442
v -0.036735 0.068835 -0.042303
vn -0.995317 -0.0286011 -0.0923406
v -0.035848 0.063245 -0.048032
vn -0.986684 -0.0144172 -0.162009
v -0.0362 0.068784 -0.047324
vn -0.989351 -0.0520123 -0.135937
v -0.03493 0.063322 -0.053117
vn -0.978725 -0.0348905 -0.202188
v -0.035352 0.068839 -0.052278
vn -0.979409 -0.059467 -0.192928
v -0.035786 0.057466 -0.048767
vn -0.97768 0.0341026 -0.207313
v -0.036989 0.057151 -0.043429
vn -0.97752 0.079106 -0.19544
v -0.035916 0.052112 -0.049193
vn -0.968602 0.0358737 -0.246015
v -0.034737 0.058116 -0.053542
vn -0.975472 0.00117056 -0.220121
v -0.034705 0.052891 -0.053903
vn -0.967766 0.000315617 -0.251849
v -0.037352 0.063072 -0.037418
vn -0.989128 0.0826705 -0.121617
v -0.038068 0.056911 -0.037767
vn -0.979615 0.116067 -0.163961
v -0.03793 0.063567 -0.03168
vn -0.983869 0.117433 -0.134952
v -0.037292 0.051113 -0.044143
vn -0.970252 0.0554279 -0.235668
v -0.038892 0.049661 -0.037917
vn -0.972825 0.080608 -0.217056
v -0.03886 0.057574 -0.031538
vn -0.974464 0.150751 -0.166417
v -0.037127 0.069005 -0.037019
vn -0.997364 0.0153168 -0.0709307
v -0.037469 0.069404 -0.031491
vn -0.993514 0.0657137 -0.0927966
v -0.037274 0.074485 -0.031343
vn -0.999302 0.0205858 -0.0311747
v -0.032407 0.065248 -0.063009
vn -0.951622 -0.0448272 -0.303984
v -0.033808 0.064085 -0.058175
vn -0.966307 -0.0404005 -0.254203
v -0.034179 0.070017 -0.0578
vn -0.966393 -0.0548814 -0.251144
v -0.032705 0.069734 -0.062854
vn -0.953238 -0.0577669 -0.296647
v -0.031085 0.068001 -0.067369
vn -0.937943 -0.0518669 -0.34289
v -0.030424 0.062557 -0.068391
vn -0.941364 -0.0260554 -0.336385
v -0.03196 0.059513 -0.063718
vn -0.951899 -0.0240313 -0.305468
v -0.029993 0.056705 -0.069505
vn -0.940677 -0.0239951 -0.338454
v -0.031693 0.052705 -0.064165
vn -0.948127 -0.0412643 -0.315203
v -0.029132 0.049999 -0.071052
vn -0.934437 -0.0664292 -0.349877
v -0.033475 0.058522 -0.058641
vn -0.963226 -0.0160874 -0.26821
v -0.033623 0.053759 -0.058258
vn -0.961785 -0.0203108 -0.273053
v 0.048767 0.081971 -0.004454
vn 0.84871 0.187312 0.494576
v 0.048616 0.077499 -0.002512
vn 0.857184 0.201664 0.473885
v 0.050912 0.076914 -0.006489
vn 0.870806 0.180103 0.45745
v 0.050991 0.081355 -0.008278
vn 0.871431 0.170538 0.459918
v 0.053079 0.076447 -0.010584
vn 0.894674 0.161471 0.416516
v 0.048658 0.073 -0.00055
vn 0.870492 0.21257 0.443912
v 0.05102 0.072312 -0.004773
vn 0.874063 0.190223 0.447022
v 0.053256 0.071774 -0.009001
vn 0.897868 0.166258 0.407666
v 0.048925 0.086308 -0.00638
vn 0.847477 0.194401 0.493954
v 0.051114 0.085755 -0.010134
vn 0.863813 0.166869 0.475375
v 0.049053 0.090597 -0.008343
vn 0.837429 0.196041 0.510178
v 0.053095 0.080986 -0.012299
vn 0.88733 0.144943 0.437763
v 0.053181 0.085523 -0.013846
vn 0.876511 0.137602 0.461296
v 0.051259 0.090185 -0.011844
vn 0.850356 0.161916 0.500678
v 0.046507 0.087098 -0.002772
vn 0.823717 0.215457 0.524469
v 0.046225 0.082794 -0.000655
vn 0.837621 0.21564 0.501887
v 0.04391 0.088081 0.000824
vn 0.814422 0.245363 0.525845
v 0.046772 0.091228 -0.004914
vn 0.818229 0.223944 0.529481
v 0.044193 0.092253 -0.001554
vn 0.798075 0.248305 0.549019
v 0.046185 0.078418 0.001516
vn 0.855982 0.235267 0.460373
v 0.043721 0.083836 0.003133
vn 0.827525 0.252191 0.501599
v 0.043679 0.079567 0.005567
vn 0.842834 0.278097 0.460753
v 0.046215 0.074092 0.003844
vn 0.871561 0.240916 0.427014
v 0.057042 0.080995 -0.020553
vn 0.913252 0.0941286 0.396372
v 0.055099 0.08089 -0.016385
vn 0.896166 0.11467 0.428645
v 0.057022 0.076294 -0.019403
vn 0.918225 0.0908755 0.385492
v 0.055024 0.076286 -0.014983
vn 0.907596 0.126186 0.400433
v 0.056984 0.071537 -0.018195
vn 0.929159 0.0924704 0.357928
v 0.055154 0.071559 -0.013516
vn 0.920824 0.136084 0.365463
v 0.058766 0.07644 -0.023926
vn 0.937996 0.0710526 0.339285
v 0.058717 0.081216 -0.024757
vn 0.937611 0.0804979 0.338239
v 0.058773 0.071712 -0.02298
vn 0.944377 0.049849 0.325065
v 0.056974 0.085639 -0.021537
vn 0.910566 0.0964711 0.401948
v 0.058554 0.085955 -0.025552
vn 0.93845 0.0810453 0.335772
v 0.056964 0.090245 -0.02255
vn 0.907504 0.0828834 0.411784
v 0.058511 0.090534 -0.026383
vn 0.945641 0.0814331 0.314851
v 0.055147 0.085485 -0.017696
vn 0.889612 0.114826 0.442047
v 0.055191 0.090043 -0.018909
vn 0.883251 0.109511 0.455932
v 0.053285 0.089991 -0.015357
vn 0.867659 0.133505 0.4789
v 0.05712 0.061609 -0.01623
vn 0.948368 0.0361174 0.315108
v 0.057065 0.066647 -0.017078
vn 0.941685 0.083561 0.325956
v 0.055385 0.066741 -0.012246
vn 0.931637 0.108428 0.346836
v 0.055484 0.06176 -0.011317
vn 0.939311 0.041476 0.34055
v 0.053451 0.067122 -0.007568
vn 0.906932 0.139434 0.397533
v 0.057013 0.05631 -0.015796
vn 0.944059 -0.0690677 0.322463
v 0.055191 0.056346 -0.010703
vn 0.928557 -0.0851122 0.361301
v 0.055953 0.050831 -0.015194
vn 0.926509 -0.187014 0.326507
v 0.0536 0.062085 -0.006344
vn 0.91541 0.0439989 0.40011
v 0.053014 0.056764 -0.005663
vn 0.920212 -0.0624288 0.38641
v 0.05382 0.050125 -0.009549
vn 0.926974 -0.162179 0.338257
v 0.058625 0.056655 -0.020765
vn 0.953829 -0.0484056 0.296424
v 0.058799 0.061726 -0.021331
vn 0.95543 0.0301523 0.293672
v 0.057942 0.051247 -0.020606
vn 0.935438 -0.177916 0.305453
v 0.059471 0.052281 -0.025025
vn 0.95454 -0.142432 0.261851
v 0.058735 0.066729 -0.022097
vn 0.953222 0.0598543 0.296287
v 0.048851 0.063629 0.003369
vn 0.906908 0.129802 0.400835
v 0.051287 0.062703 -0.001591
vn 0.904365 0.0803892 0.419119
v 0.048726 0.068521 0.001515
vn 0.885669 0.193452 0.422099
v 0.0512 0.06759 -0.003077
vn 0.884761 0.169264 0.43422
v 0.046343 0.069601 0.006151
vn 0.891061 0.225142 0.394108
v 0.046564 0.064828 0.008309
vn 0.910789 0.173289 0.374746
v 0.044074 0.070854 0.010721
vn 0.879397 0.258479 0.399812
v 0.043782 0.075298 0.008112
vn 0.864658 0.284577 0.413984
v 0.048741 0.058554 0.004797
vn 0.930672 0.0537687 0.361883
v 0.046683 0.059707 0.010186
vn 0.938429 0.125566 0.321846
v 0.048007 0.053313 0.007137
vn 0.958194 0.00277242 0.286107
v 0.044225 0.066141 0.013141
vn 0.894362 0.232381 0.382251
v 0.044651 0.061163 0.015512
vn 0.913282 0.199152 0.355324
v 0.046501 0.054261 0.012781
vn 0.958168 0.0731478 0.276701
v 0.050968 0.057536 -0.000455
vn 0.924487 -0.00270338 0.381205
v 0.049853 0.052368 0.001758
vn 0.937296 -0.0670911 0.342017
v 0.051762 0.051541 -0.003591
vn 0.930586 -0.108697 0.349563
v 0.047591 0.012667 -0.030238
vn 0.821413 -0.437959 0.365338
v 0.049296 0.020217 -0.027289
vn 0.872522 -0.358113 0.332355
v 0.045482 0.013251 -0.025429
vn 0.810792 -0.475149 0.341835
v 0.047757 0.020484 -0.022147
vn 0.869899 -0.409411 0.275061
v 0.0439 0.013477 -0.020466
vn 0.817977 -0.507741 0.270393
v 0.049296 0.020217 -0.027289
vn 0.907741 -0.307922 0.284938
v 0.050906 0.027292 -0.024474
vn 0.902323 -0.347781 0.254679
v 0.047757 0.020484 -0.022147
vn 0.905447 -0.337676 0.257177
v 0.049573 0.027391 -0.019061
vn 0.902521 -0.356437 0.241681
v 0.046386 0.020664 -0.017046
vn 0.901338 -0.351389 0.25321
v 0.042394 0.006741 -0.028697
vn 0.629732 -0.702948 0.330608
v 0.044441 0.006302 -0.033567
vn 0.617616 -0.729495 0.293917
v 0.040401 0.007318 -0.024112
vn 0.657331 -0.694726 0.292013
v 0.049589 0.012182 -0.035469
vn 0.844043 -0.412393 0.342817
v 0.046363 0.005824 -0.038743
vn 0.596439 -0.753528 0.276507
v 0.050998 0.019849 -0.032693
vn 0.899607 -0.296499 0.320618
v 0.050998 0.019849 -0.032693
vn 0.915251 -0.280231 0.289457
v 0.052399 0.02703 -0.029977
vn 0.90227 -0.334948 0.271512
v 0.05278 0.01948 -0.03857
vn 0.907107 -0.25309 0.336306
v 0.041251 0.013735 -0.010955
vn 0.829329 -0.515004 0.216757
v 0.04249 0.013695 -0.015606
vn 0.82354 -0.514774 0.238307
v 0.044993 0.020674 -0.012068
vn 0.870271 -0.434019 0.232928
v 0.043826 0.02066 -0.007435
vn 0.90761 -0.353479 0.226489
v 0.044993 0.020674 -0.012068
vn 0.903967 -0.354522 0.239076
v 0.046834 0.027441 -0.008871
vn 0.904882 -0.352542 0.238542
v 0.046386 0.020664 -0.017046
vn 0.867726 -0.427207 0.254057
v 0.048093 0.027353 -0.013822
vn 0.899778 -0.360267 0.246184
v 0.043826 0.02066 -0.007435
vn 0.873246 -0.435658 0.218275
v 0.040186 0.013892 -0.006377
vn 0.828931 -0.515436 0.217254
v 0.04276 0.020811 -0.002865
vn 0.869326 -0.446221 0.212508
v 0.038999 0.014078 -0.001804
vn 0.847574 -0.505038 0.162959
v 0.045716 0.027599 -0.004186
vn 0.916411 -0.343983 0.204613
v 0.04276 0.020811 -0.002865
vn 0.911627 -0.364811 0.189339
v 0.04491 0.02771 0.000588
vn 0.925195 -0.349946 0.146807
v 0.041885 0.020969 0.001829
vn 0.91616 -0.379341 0.129424
v 0.03655 0.007861 -0.010162
vn 0.702151 -0.688715 0.18071
v 0.037707 0.007786 -0.014703
vn 0.694491 -0.694215 0.189072
v 0.035553 0.008029 -0.005569
vn 0.720196 -0.675217 0.159372
v 0.038854 0.007627 -0.019371
vn 0.679086 -0.698181 0.226683
v 0.048227 0.040678 0.001901
vn 0.962835 -0.168394 0.211166
v 0.047368 0.034186 -0.000937
vn 0.94312 -0.275989 0.18535
v 0.04948 0.040272 -0.003149
vn 0.932913 -0.228043 0.278693
v 0.048429 0.033955 -0.005748
vn 0.916267 -0.309346 0.254478
v 0.0509 0.039351 -0.008131
vn 0.919223 -0.260049 0.295643
v 0.049858 0.033666 -0.010815
vn 0.904587 -0.336262 0.262012
v 0.049967 0.046251 -0.000823
vn 0.938031 -0.151518 0.311675
v 0.048412 0.046951 0.004361
vn 0.963513 -0.089771 0.25216
v 0.05165 0.045432 -0.005965
vn 0.927574 -0.190549 0.321398
v 0.0474 0.040965 0.006994
vn 0.974998 -0.125249 0.183555
v 0.047406 0.047694 0.009463
vn 0.976066 -0.0338878 0.214817
v 0.046481 0.04118 0.011675
vn 0.977721 -0.103729 0.182487
v 0.046258 0.048065 0.014702
vn 0.974186 0.0126861 0.225391
v 0.046761 0.034355 0.00397
vn 0.956961 -0.250081 0.147261
v 0.045942 0.034384 0.008623
vn 0.960677 -0.229267 0.156643
v 0.044306 0.027723 0.005265
vn 0.931247 -0.34448 0.118795
v 0.053966 0.039475 -0.018364
vn 0.917703 -0.296143 0.264802
v 0.052415 0.039143 -0.013095
vn 0.922087 -0.27525 0.272018
v 0.051294 0.033647 -0.016009
vn 0.905835 -0.345265 0.245468
v 0.052717 0.033694 -0.021422
vn 0.903809 -0.349275 0.247258
v 0.055812 0.039761 -0.024419
vn 0.910615 -0.314009 0.268663
v 0.054273 0.033516 -0.027044
vn 0.897092 -0.355011 0.263045
v 0.056381 0.045512 -0.020222
vn 0.918714 -0.258777 0.298328
v 0.054369 0.044941 -0.014824
vn 0.92436 -0.23327 0.301901
v 0.052788 0.043987 -0.010574
vn 0.930305 -0.216032 0.296418
v 0.05667 0.099409 -0.024318
vn 0.914643 0.143611 0.377894
v 0.05514 0.099133 -0.021004
vn 0.875595 0.131382 0.464836
v 0.056991 0.094799 -0.023343
vn 0.910319 0.106684 0.399921
v 0.055227 0.09448 -0.019996
vn 0.872955 0.110508 0.475119
v 0.053368 0.098961 -0.017901
vn 0.854572 0.132164 0.502234
v 0.05339 0.094403 -0.016707
vn 0.857492 0.132549 0.49713
v 0.058313 0.095389 -0.027261
vn 0.952853 0.111268 0.282294
v 0.04946 0.099167 -0.01194
vn 0.818361 0.174265 0.547647
v 0.051499 0.098956 -0.014908
vn 0.835678 0.153029 0.527469
v 0.047295 0.099549 -0.008918
vn 0.80705 0.190562 0.558888
v 0.049266 0.094803 -0.010225
vn 0.82266 0.183512 0.538102
v 0.046968 0.095395 -0.007006
vn 0.811567 0.209373 0.545456
v 0.044891 0.100349 -0.005852
vn 0.793974 0.212732 0.569517
v 0.044516 0.09628 -0.003764
vn 0.792164 0.2317 0.564616
v 0.05144 0.094491 -0.013476
vn 0.838733 0.157513 0.521265
v -0.037002 0.097019 -0.035284
vn -0.989282 0.0987182 0.107592
v -0.036365 0.096349 -0.030879
vn -0.98139 0.124511 0.146189
v -0.035103 0.095088 -0.060951
vn -0.96095 -0.104573 -0.256202
v -0.037155 0.094917 -0.049366
vn -0.994687 -0.0306231 -0.0982886
v -0.025847 0.014579 -0.050788
vn -0.844686 -0.438914 -0.306365
v -0.028795 0.020224 -0.051098
vn -0.852486 -0.44692 -0.271166
v -0.02442 0.015029 -0.055454
vn -0.840801 -0.465826 -0.275788
v -0.027678 0.020756 -0.055991
vn -0.861004 -0.423024 -0.282352
v -0.022986 0.015101 -0.060333
vn -0.833738 -0.465934 -0.296288
v -0.031465 0.025815 -0.051257
vn -0.888631 -0.347553 -0.299234
v -0.0307 0.028499 -0.056027
vn -0.904499 -0.299178 -0.303932
v -0.026235 0.021904 -0.061812
vn -0.856786 -0.405831 -0.318148
v -0.021786 0.009458 -0.054842
vn -0.848246 -0.435019 -0.302057
v -0.023199 0.009015 -0.050182
vn -0.780449 -0.561624 -0.274734
v -0.021786 0.009458 -0.054842
vn -0.802501 -0.528623 -0.276676
v -0.020232 0.009749 -0.059561
vn -0.842508 -0.45901 -0.281938
v -0.020232 0.009749 -0.059561
vn -0.819827 -0.498685 -0.281421
v -0.023199 0.009015 -0.050182
vn -0.841459 -0.444009 -0.307901
v -0.027294 0.013954 -0.046285
vn -0.838417 -0.437193 -0.325453
v -0.024435 0.008416 -0.045741
vn -0.831426 -0.460563 -0.310825
v -0.028698 0.013424 -0.041888
vn -0.825278 -0.446449 -0.345831
v -0.024435 0.008416 -0.045741
vn -0.74692 -0.609854 -0.264933
v -0.025753 0.007756 -0.041338
vn -0.701273 -0.647698 -0.297831
v -0.030033 0.019654 -0.046417
vn -0.850983 -0.417979 -0.317997
v -0.032507 0.024881 -0.04666
vn -0.875922 -0.383846 -0.292272
v -0.031338 0.018646 -0.042181
vn -0.84056 -0.408827 -0.355414
v -0.033876 0.024277 -0.042084
vn -0.868984 -0.355901 -0.343803
v -0.018524 0.01546 -0.07236
vn -0.861181 -0.391673 -0.323974
v -0.020922 0.015381 -0.06584
vn -0.839897 -0.438597 -0.319696
v -0.02306 0.02092 -0.068177
vn -0.839746 -0.421186 -0.342678
v -0.021234 0.021064 -0.072775
vn -0.83585 -0.402907 -0.372854
v -0.024084 0.025776 -0.071076
vn -0.860547 -0.345947 -0.373872
v -0.026626 0.026827 -0.066066
vn -0.877916 -0.324768 -0.351837
v -0.018058 0.019041 -0.077361
vn -0.855296 -0.384337 -0.347496
v -0.015465 0.013291 -0.0784
vn -0.886107 -0.321665 -0.333687
v -0.021319 0.024845 -0.076265
vn -0.855356 -0.363901 -0.368703
v -0.014985 0.00912 -0.075478
vn -0.892284 -0.340745 -0.296178
v -0.016874 0.009787 -0.069981
vn -0.842893 -0.480116 -0.242939
v -0.014985 0.00912 -0.075478
vn -0.848334 -0.474232 -0.235444
v -0.012886 0.00812 -0.080747
vn -0.899935 -0.290031 -0.325576
v -0.016874 0.009787 -0.069981
vn -0.873512 -0.393652 -0.286381
v -0.0186 0.009831 -0.064486
vn -0.846228 -0.442396 -0.296957
v -0.0186 0.009831 -0.064486
vn -0.832942 -0.486941 -0.262861
v -0.02873 0.038135 -0.068308
vn -0.92364 -0.164909 -0.345968
v -0.026748 0.031603 -0.06964
vn -0.897761 -0.250258 -0.362485
v -0.029122 0.033407 -0.064313
vn -0.916989 -0.212556 -0.337567
v -0.031113 0.040211 -0.062476
vn -0.935775 -0.136868 -0.324951
v -0.0317 0.035126 -0.058357
vn -0.929628 -0.186511 -0.317812
v -0.029157 0.028826 -0.061315
vn -0.904595 -0.283542 -0.318294
v -0.030404 0.045287 -0.066316
vn -0.938901 -0.0973217 -0.330141
v -0.032874 0.047792 -0.059633
vn -0.948956 -0.0687242 -0.307829
v -0.033524 0.042848 -0.056393
vn -0.943644 -0.106716 -0.313285
v -0.034653 0.048121 -0.054153
vn -0.957505 -0.0258082 -0.287258
v -0.027901 0.043475 -0.072483
vn -0.923145 -0.122201 -0.364513
v -0.026214 0.036943 -0.073899
vn -0.905224 -0.190406 -0.379888
v -0.024108 0.030693 -0.075052
vn -0.881157 -0.278544 -0.382067
v -0.035727 0.038224 -0.047823
vn -0.941845 -0.133818 -0.308256
v -0.034621 0.040307 -0.052128
vn -0.944771 -0.119387 -0.305213
v -0.033374 0.034863 -0.053139
vn -0.928844 -0.200472 -0.311543
v -0.033799 0.03203 -0.049945
vn -0.919186 -0.229566 -0.319994
v -0.036242 0.034598 -0.044598
vn -0.934852 -0.176086 -0.308294
v -0.034157 0.029401 -0.046969
vn -0.908546 -0.28158 -0.308636
v -0.035747 0.029671 -0.042486
vn -0.91149 -0.267385 -0.312557
v -0.038059 0.041248 -0.041637
vn -0.957201 -0.054908 -0.284167
v -0.037054 0.044615 -0.045534
vn -0.961896 -0.0310856 -0.271643
v -0.038248 0.035815 -0.038935
vn -0.941126 -0.143541 -0.306067
v -0.039965 0.043072 -0.035248
vn -0.966972 0.019281 -0.254151
v -0.035713 0.046316 -0.050386
vn -0.95975 -0.0316966 -0.279063
v -0.036514 0.084692 -0.020978
vn -0.985147 0.160646 0.060647
v -0.037141 0.080517 -0.020453
vn -0.986707 0.162503 -0.00131186
v -0.035917 0.085558 -0.015698
vn -0.970489 0.227783 0.0791551
v -0.036861 0.081548 -0.014944
vn -0.972635 0.229551 0.0358914
v -0.035112 0.086616 -0.010322
vn -0.950756 0.28484 0.122182
v -0.037938 0.076134 -0.019879
vn -0.986157 0.158456 -0.0488529
v -0.03779 0.077343 -0.014007
vn -0.978147 0.207526 0.0127176
v -0.036212 0.082654 -0.009229
vn -0.955825 0.277851 0.0959042
v -0.035056 0.089446 -0.016379
vn -0.969996 0.208148 0.125625
v -0.035826 0.088677 -0.021377
vn -0.981436 0.141095 0.129903
v -0.034416 0.093301 -0.016947
vn -0.971937 0.156061 0.176023
v -0.034138 0.090459 -0.01138
vn -0.952174 0.260731 0.159323
v -0.033346 0.094175 -0.012194
vn -0.954859 0.209097 0.211004
v -0.036872 0.083957 -0.026097
vn -0.994149 0.0678545 0.0840468
v -0.036658 0.08807 -0.026203
vn -0.985942 0.0715277 0.151005
v -0.035354 0.092681 -0.021625
vn -0.976461 0.128816 0.173001
v -0.036254 0.092252 -0.026253
vn -0.97918 0.124762 0.160129
v -0.037181 0.079757 -0.025859
vn -0.997054 0.0766698 0.00226538
v -0.037605 0.075143 -0.025748
vn -0.992454 0.0991323 -0.0721697
v -0.032032 0.088899 -8e-05
vn -0.860443 0.422872 0.284283
v -0.033878 0.087742 -0.005107
vn -0.91593 0.347046 0.201574
v -0.035041 0.083858 -0.003611
vn -0.927712 0.328577 0.177164
v -0.033234 0.08513 0.001832
vn -0.88021 0.394463 0.263872
v -0.036042 0.079879 -0.001987
vn -0.936244 0.31428 0.157086
v -0.037207 0.078614 -0.008022
vn -0.96281 0.257711 0.0811261
v -0.029496 0.090038 0.004757
vn -0.78977 0.492242 0.366007
v -0.030762 0.086256 0.006963
vn -0.812569 0.466706 0.349166
v -0.026404 0.091071 0.009143
vn -0.705571 0.557025 0.438055
v -0.034364 0.081083 0.003895
vn -0.891233 0.388276 0.234406
v -0.031979 0.082295 0.009385
vn -0.822748 0.478905 0.306163
v -0.027627 0.087381 0.011762
vn -0.735727 0.540345 0.40833
v -0.028125 0.093659 0.002716
vn -0.769025 0.498444 0.400193
v -0.030736 0.092662 -0.001752
vn -0.846251 0.409537 0.340792
v -0.026877 0.097267 0.000809
vn -0.75077 0.452427 0.481304
v -0.02502 0.0947 0.006676
vn -0.678259 0.56956 0.464292
v -0.023654 0.098177 0.004462
vn -0.66078 0.537329 0.524068
v -0.032779 0.091583 -0.006389
vn -0.912898 0.321986 0.250884
v -0.029673 0.096421 -0.003167
vn -0.834698 0.358189 0.418305
v -0.031896 0.095347 -0.00754
vn -0.912472 0.279916 0.298398
v -0.037018 0.073616 0.008393
vn -0.867699 0.488454 0.0922578
v -0.035603 0.077142 0.006073
vn -0.891168 0.41806 0.176196
v -0.038292 0.071942 0.001612
vn -0.92324 0.379766 0.0583609
v -0.037186 0.075759 -0.000194
vn -0.939179 0.320217 0.124113
v -0.039184 0.070343 -0.005183
vn -0.960409 0.277919 0.0193675
v -0.038257 0.074343 -0.006639
vn -0.966264 0.250858 0.0583506
v -0.039785 0.068812 0.003618
vn -0.896158 0.443735 -0.000172498
v -0.038674 0.070582 0.011178
vn -0.844287 0.535354 0.024007
v -0.041064 0.066206 0.00588
vn -0.886691 0.461163 -0.0332739
v -0.040302 0.067127 -0.003167
vn -0.929534 0.365762 -0.0467358
v -0.041665 0.064322 -0.000826
vn -0.913206 0.401763 -0.0681311
v -0.035023 0.075302 0.015352
vn -0.790624 0.600147 0.121402
v -0.037001 0.07262 0.018391
vn -0.794048 0.59382 0.129866
v -0.032293 0.077081 0.021766
vn -0.721899 0.660473 0.206489
v -0.040416 0.067966 0.013296
vn -0.866197 0.498039 0.0407364
v -0.038902 0.068686 0.021802
vn -0.805486 0.572649 0.152533
v -0.034187 0.073526 0.025501
vn -0.732947 0.623523 0.272043
v -0.033366 0.078628 0.012064
vn -0.81511 0.538294 0.214092
v -0.030468 0.080196 0.017906
vn -0.73534 0.637674 0.22945
v -0.028882 0.08354 0.01458
vn -0.748155 0.57529 0.330613
v -0.039379 0.066911 -0.018684
vn -0.981632 0.163101 -0.0989761
v -0.03952 0.068698 -0.011921
vn -0.977618 0.206975 -0.0377338
v -0.03868 0.073017 -0.012981
vn -0.980939 0.193936 -0.0121361
v -0.038656 0.071552 -0.01933
vn -0.986238 0.147256 -0.0751698
v -0.03878 0.064996 -0.025419
vn -0.979817 0.138301 -0.144335
v -0.038142 0.070144 -0.025613
vn -0.986896 0.110225 -0.11784
v -0.039767 0.059842 -0.024246
vn -0.969015 0.179848 -0.169307
v -0.040345 0.062729 -0.016957
vn -0.965239 0.225081 -0.132861
v -0.041252 0.05601 -0.021135
vn -0.950022 0.231441 -0.209505
v -0.040323 0.051386 -0.029555
vn -0.964668 0.152765 -0.214661
v -0.040481 0.064971 -0.010102
vn -0.954103 0.28705 -0.0853842
v -0.041741 0.059412 -0.014329
vn -0.940446 0.293723 -0.171136
v -0.041842 0.062051 -0.007678
vn -0.925825 0.356908 -0.124361
v -0.018723 0.093051 0.016559
vn -0.528946 0.687357 0.497751
v -0.020023 0.089665 0.019981
vn -0.554094 0.701059 0.448883
v -0.014349 0.09376 0.019562
vn -0.413194 0.744104 0.524958
v -0.015435 0.090611 0.023338
vn -0.421629 0.753936 0.503795
v -0.009348 0.094337 0.021974
vn -0.280875 0.780726 0.55819
v -0.021372 0.086429 0.023711
vn -0.550095 0.725039 0.414384
v -0.01626 0.087457 0.027357
vn -0.412486 0.758196 0.504969
v -0.010112 0.091167 0.026031
vn -0.273619 0.781147 0.561197
v -0.013194 0.096992 0.01601
vn -0.398299 0.71983 0.568509
v -0.017559 0.096329 0.013353
vn -0.507788 0.676718 0.533109
v -0.012567 0.099966 0.012887
vn -0.408674 0.670921 0.61875
v -0.009104 0.097125 0.018139
vn -0.289156 0.756143 0.587058
v -0.008684 0.100019 0.014887
vn -0.308761 0.689398 0.655284
v -0.02272 0.092095 0.013044
vn -0.623776 0.62337 0.471502
v -0.021425 0.095543 0.010184
vn -0.592353 0.627783 0.504982
v -0.016291 0.099676 0.010348
vn -0.50349 0.642498 0.577662
v -0.020086 0.098947 0.007584
vn -0.573889 0.597749 0.559775
v -0.024019 0.088522 0.016133
vn -0.657643 0.622081 0.424878
v -0.02539 0.085047 0.019399
vn -0.667147 0.663436 0.338772
v 0.001434 0.093848 0.025353
vn -0.0597481 0.771095 0.63391
v -0.003881 0.094554 0.023574
vn -0.158726 0.786081 0.597397
v -0.004365 0.091207 0.027897
vn -0.138945 0.787357 0.600635
v 0.001266 0.090495 0.029485
vn -0.0383722 0.78486 0.618485
v -0.004461 0.087835 0.032278
vn -0.130645 0.791086 0.597591
v -0.010685 0.087875 0.030323
vn -0.263069 0.777266 0.571535
v 0.007122 0.092094 0.027531
vn 0.0345029 0.760207 0.648764
v 0.006018 0.089075 0.031257
vn 0.0369447 0.787077 0.615748
v 0.012334 0.088706 0.030945
vn 0.159942 0.765001 0.623853
v 0.001424 0.087219 0.033763
vn -0.0307546 0.805245 0.592144
v 0.007737 0.086333 0.034796
vn 0.0665905 0.809132 0.583842
v 0.007025 0.095918 0.023281
vn 0.00185076 0.731547 0.681788
v 0.001381 0.09731 0.021156
vn -0.112374 0.746065 0.656322
v 0.00649 0.100772 0.018348
vn -0.0520885 0.676882 0.734246
v 0.012748 0.093185 0.025651
vn 0.130856 0.731536 0.669128
v 0.012453 0.097327 0.021442
vn 0.0973345 0.695539 0.711864
v -0.004147 0.097365 0.019734
vn -0.194984 0.763854 0.61523
v -0.000242 0.100579 0.017286
vn -0.174932 0.681395 0.710703
v -0.005019 0.099823 0.016577
vn -0.23936 0.703047 0.66965
v 0.003088 0.080356 0.04322
vn -0.0303377 0.816021 0.577226
v 0.002428 0.084028 0.038372
vn -0.0318709 0.804209 0.593492
v -0.004148 0.080938 0.041366
vn -0.147153 0.791126 0.593688
v -0.004325 0.084513 0.036821
vn -0.139921 0.786854 0.601068
v -0.011135 0.081051 0.038882
vn -0.258894 0.759834 0.596344
v -0.010965 0.084558 0.034589
vn -0.258698 0.765313 0.589382
v -0.003994 0.077692 0.0461
vn -0.149648 0.833485 0.531891
v 0.003213 0.077127 0.048288
vn -0.0165807 0.842755 0.538042
v -0.00427 0.07457 0.051214
vn -0.124746 0.86555 0.485038
v -0.011107 0.077685 0.043285
vn -0.235007 0.813229 0.532382
v -0.01126 0.07466 0.048166
vn -0.226264 0.844466 0.485471
v 0.009674 0.079014 0.044663
vn 0.129391 0.817729 0.560872
v 0.01009 0.075466 0.050106
vn 0.159633 0.819615 0.550226
v 0.015987 0.07662 0.045711
vn 0.314785 0.777752 0.54407
v 0.003226 0.073602 0.0537
vn 0.0193444 0.859952 0.510008
v 0.010695 0.071093 0.056262
vn 0.227406 0.809976 0.540579
v 0.016862 0.072632 0.050878
vn 0.374599 0.751459 0.543125
v 0.008814 0.082781 0.03979
vn 0.1005 0.800799 0.590441
v 0.015031 0.080599 0.040572
vn 0.275485 0.772924 0.571573
v 0.01391 0.084442 0.03613
vn 0.233395 0.777327 0.5842
v -0.023503 0.080173 0.031838
vn -0.507536 0.703953 0.496847
v -0.017524 0.080813 0.035724
vn -0.383164 0.729189 0.566982
v -0.017123 0.084151 0.031587
vn -0.392241 0.752115 0.529593
v -0.022518 0.08329 0.027721
vn -0.521008 0.740638 0.42427
v -0.028554 0.078888 0.027305
vn -0.639766 0.684662 0.349196
v -0.026943 0.081923 0.02326
vn -0.646534 0.703435 0.295249
v -0.029623 0.075281 0.031264
vn -0.616728 0.666011 0.419613
v -0.023863 0.07659 0.035929
vn -0.494362 0.708457 0.503681
v -0.030064 0.072043 0.035861
vn -0.572184 0.71784 0.396625
v -0.034979 0.070623 0.030132
vn -0.693357 0.658705 0.292171
v -0.017784 0.077413 0.039981
vn -0.37371 0.778364 0.504469
v -0.024114 0.073477 0.040541
vn -0.479616 0.769609 0.42151
v -0.018082 0.074886 0.04484
vn -0.350463 0.809468 0.471103
v 0.022856 0.092511 0.022301
vn 0.434108 0.621434 0.652204
v 0.023124 0.088639 0.026018
vn 0.46808 0.627213 0.622499
v 0.027436 0.087224 0.023393
vn 0.596861 0.550946 0.58328
v 0.027225 0.091143 0.020021
vn 0.567787 0.541742 0.619785
v 0.031315 0.085657 0.020374
vn 0.674488 0.484936 0.556689
v 0.023413 0.084516 0.029908
vn 0.505088 0.633287 0.586373
v 0.027708 0.083226 0.026914
vn 0.624948 0.546451 0.557522
v 0.031625 0.081663 0.02364
vn 0.694026 0.481714 0.535051
v 0.022773 0.096359 0.018895
vn 0.409333 0.602857 0.684843
v 0.027255 0.095028 0.0167
vn 0.546471 0.532388 0.646477
v 0.023013 0.099989 0.015541
vn 0.395591 0.568463 0.721358
v 0.031218 0.089682 0.017165
vn 0.658007 0.478951 0.581062
v 0.031277 0.093542 0.013955
vn 0.644788 0.46075 0.609883
v 0.027534 0.09884 0.013515
vn 0.525385 0.494058 0.692732
v 0.017771 0.097298 0.02026
vn 0.243995 0.656233 0.71402
v 0.017905 0.093513 0.02395
vn 0.268722 0.688709 0.673401
v 0.018086 0.100952 0.016954
vn 0.245909 0.619143 0.745782
v 0.012788 0.101549 0.017597
vn 0.0850643 0.644847 0.759564
v 0.01822 0.089271 0.028309
vn 0.299758 0.699454 0.648776
v 0.018732 0.085084 0.032635
vn 0.361287 0.719525 0.59309
v 0.037931 0.086546 0.010487
vn 0.774121 0.364026 0.5179
v 0.03475 0.088113 0.013972
vn 0.729782 0.422806 0.537265
v 0.038081 0.082475 0.013443
vn 0.789944 0.385806 0.476593
v 0.034889 0.084101 0.017079
vn 0.736797 0.431095 0.520852
v 0.038373 0.078358 0.016398
vn 0.801534 0.369156 0.470391
v 0.035118 0.080013 0.020152
vn 0.751908 0.425566 0.503516
v 0.040947 0.08101 0.009576
vn 0.823507 0.333819 0.458695
v 0.040879 0.085113 0.006904
vn 0.799678 0.302224 0.518821
v 0.041275 0.076729 0.012333
vn 0.83984 0.327537 0.432883
v 0.038072 0.090614 0.00777
vn 0.746241 0.319782 0.583836
v 0.041182 0.089359 0.004376
vn 0.786795 0.276532 0.5518
v 0.038535 0.094705 0.005196
vn 0.738356 0.310902 0.598474
v 0.041395 0.09343 0.0019
vn 0.784676 0.27885 0.553648
v 0.034835 0.092033 0.010957
vn 0.706552 0.388599 0.591418
v 0.035226 0.09603 0.008214
vn 0.677009 0.357693 0.643207
v 0.031558 0.097381 0.010994
vn 0.618034 0.422084 0.663234
v 0.038714 0.07002 0.021974
vn 0.83456 0.329071 0.441839
v 0.038591 0.074148 0.01919
vn 0.819924 0.343982 0.457604
v 0.03537 0.075999 0.023242
vn 0.771386 0.401641 0.493607
v 0.035467 0.071871 0.026276
vn 0.795357 0.396104 0.458813
v 0.031782 0.077585 0.026989
vn 0.724173 0.469613 0.505012
v 0.038795 0.066019 0.02491
vn 0.848494 0.343734 0.402374
v 0.0356 0.068066 0.029572
vn 0.817264 0.408608 0.406348
v 0.038872 0.062573 0.027969
vn 0.858807 0.374531 0.349537
v 0.03205 0.073539 0.03063
vn 0.760435 0.469295 0.448888
v 0.032461 0.06966 0.03408
vn 0.786174 0.469512 0.401857
v 0.035898 0.064557 0.032718
vn 0.826959 0.431545 0.360427
v 0.041883 0.063472 0.020187
vn 0.881174 0.267834 0.389612
v 0.041621 0.067945 0.017643
vn 0.864231 0.285169 0.414468
v 0.041728 0.059589 0.023623
vn 0.902136 0.28824 0.321044
v 0.044564 0.055348 0.018436
vn 0.940646 0.158642 0.300031
v 0.04147 0.0724 0.014953
vn 0.851661 0.29392 0.433919
v 0.024811 0.076167 0.038638
vn 0.589768 0.639058 0.493739
v 0.028541 0.074939 0.034872
vn 0.700447 0.549761 0.455124
v 0.024067 0.080234 0.034294
vn 0.548399 0.646912 0.529872
v 0.028066 0.079018 0.030871
vn 0.662781 0.553545 0.504291
v 0.019735 0.080875 0.037295
vn 0.416347 0.722062 0.552522
v 0.020599 0.077088 0.041765
vn 0.45636 0.714167 0.530755
v 0.025609 0.072474 0.042339
vn 0.628545 0.607576 0.485575
v 0.021557 0.072965 0.046315
vn 0.512519 0.680213 0.524055
v 0.026604 0.068624 0.045718
vn 0.661897 0.582218 0.472138
v 0.0228 0.068841 0.050112
vn 0.570455 0.646499 0.506577
v 0.029208 0.071394 0.038323
vn 0.728247 0.532758 0.431075
v 0.029907 0.067709 0.041362
vn 0.74169 0.519692 0.424047
v 0.033011 0.066167 0.037241
vn 0.795316 0.474432 0.377343
v -0.028453 0.103714 -0.005739
vn -0.833531 0.254147 0.490545
v -0.030807 0.102829 -0.009453
vn -0.910262 0.179728 0.372989
v -0.032359 0.102046 -0.013585
vn -0.957182 0.159301 0.241716
v -0.031273 0.098915 -0.00867
vn -0.906086 0.22356 0.359207
v -0.029073 0.099918 -0.004611
vn -0.826664 0.302504 0.474465
v -0.032873 0.097975 -0.01298
vn -0.95276 0.162351 0.256692
v -0.025555 0.104547 -0.002263
vn -0.74154 0.314674 0.592535
v -0.026094 0.100851 -0.000927
vn -0.734442 0.369749 0.569105
v -0.022175 0.105327 0.000805
vn -0.653138 0.369988 0.660696
v -0.022715 0.101638 0.002437
vn -0.648984 0.44579 0.616516
v -0.033371 0.101323 -0.017919
vn -0.970085 0.157893 0.184402
v -0.035616 0.096275 -0.026424
vn -0.97557 0.153622 0.157044
v -0.034803 0.096698 -0.021863
vn -0.973909 0.15142 0.169035
v -0.033941 0.09723 -0.017413
vn -0.97063 0.148885 0.188971
v 0.004393 0.108929 0.012137
vn -0.108403 0.532267 0.839608
v -0.001267 0.108115 0.011407
vn -0.197375 0.531704 0.82361
v 0.002449 0.10466 0.014528
vn -0.154605 0.586081 0.795366
v -0.003864 0.10337 0.013747
vn -0.238065 0.617702 0.749513
v -0.008548 0.1029 0.012254
vn -0.334654 0.646145 0.685932
v 0.008359 0.105246 0.014737
vn -0.027092 0.587003 0.809131
v 0.009628 0.109089 0.012361
vn 0.00103167 0.524644 0.851321
v 0.013736 0.105109 0.014637
vn 0.10077 0.56567 0.818451
v 0.014732 0.108972 0.012276
vn 0.128502 0.494536 0.859605
v -0.018793 0.105876 0.003219
vn -0.591648 0.420624 0.687771
v -0.019044 0.102391 0.005294
vn -0.584073 0.525397 0.618722
v -0.0155 0.102859 0.007794
vn -0.510259 0.601172 0.615002
v -0.011687 0.103293 0.010182
vn -0.438161 0.631288 0.639914
v 0.039561 0.102592 0.000178
vn 0.748011 0.25419 0.61308
v 0.03646 0.103928 0.003089
vn 0.686934 0.291045 0.665894
v 0.038899 0.098657 0.002631
vn 0.740973 0.284825 0.60814
v 0.035708 0.100029 0.005542
vn 0.66995 0.328481 0.665783
v 0.03283 0.105196 0.005763
vn 0.609181 0.334291 0.71913
v 0.031993 0.101333 0.008264
vn 0.60004 0.372536 0.707933
v 0.041737 0.097474 -0.000524
vn 0.773515 0.252304 0.581393
v 0.042319 0.101448 -0.002848
vn 0.773137 0.232101 0.590245
v 0.024516 0.107596 0.010147
vn 0.411258 0.420841 0.808554
v 0.028825 0.106499 0.00818
vn 0.531394 0.375394 0.759407
v 0.019802 0.108433 0.011508
vn 0.269273 0.46008 0.846061
v 0.0236 0.103705 0.012607
vn 0.382715 0.479712 0.78956
v 0.018778 0.104555 0.013914
vn 0.247663 0.528945 0.811715
v 0.02795 0.102614 0.010709
vn 0.514695 0.424103 0.745134
v -0.038191 0.008234 -0.013668
vn -0.858312 -0.378894 -0.346034
v -0.042202 0.016043 -0.012193
vn -0.871812 -0.343423 -0.349291
v -0.039714 0.015905 -0.018012
vn -0.868366 -0.347499 -0.353814
v -0.03541 0.007991 -0.01985
vn -0.821161 -0.428792 -0.376607
v -0.0371 0.015504 -0.024178
vn -0.861343 -0.37662 -0.340949
v -0.045062 0.022917 -0.010595
vn -0.902029 -0.24671 -0.354228
v -0.04288 0.022732 -0.015932
vn -0.898797 -0.262104 -0.351376
v -0.040682 0.022632 -0.021678
vn -0.899473 -0.278755 -0.336516
v -0.038191 0.008234 -0.013668
vn -0.710843 -0.660929 -0.240571
v -0.03541 0.007991 -0.01985
vn -0.676245 -0.67207 -0.301686
v -0.032292 0.002252 -0.014791
vn -0.564189 -0.784163 -0.258417
v -0.030072 0.002643 -0.0191
vn -0.538503 -0.801399 -0.260336
v -0.033392 0.008852 -0.02465
vn -0.788454 -0.511258 -0.341987
v -0.029954 0.003844 -0.023325
vn -0.737107 -0.592169 -0.325592
v -0.029954 0.003844 -0.023325
vn -0.566304 -0.7943 -0.219971
v -0.033683 0.001684 -0.008272
vn -0.525908 -0.829755 -0.186887
v -0.040625 0.008781 -0.007571
vn -0.702907 -0.654207 -0.279168
v -0.036507 0.001442 -0.001502
vn -0.508574 -0.840246 -0.187984
v -0.040625 0.008781 -0.007571
vn -0.856231 -0.402279 -0.324098
v -0.044376 0.015676 -0.006498
vn -0.872247 -0.354906 -0.336493
v -0.042505 0.008005 -0.001437
vn -0.852135 -0.416797 -0.316461
v -0.046394 0.015341 -0.000653
vn -0.875463 -0.362177 -0.319988
v -0.047147 0.022365 -0.004897
vn -0.905571 -0.249314 -0.343197
v -0.031421 0.011578 -0.03342
vn -0.816713 -0.463186 -0.344148
v -0.032861 0.010673 -0.028934
vn -0.819315 -0.471896 -0.325633
v -0.035201 0.016487 -0.030317
vn -0.862567 -0.38404 -0.32938
v -0.033296 0.01614 -0.034582
vn -0.845666 -0.407579 -0.34457
v -0.036289 0.02203 -0.033685
vn -0.888368 -0.338686 -0.309989
v -0.038575 0.022616 -0.027451
vn -0.90216 -0.301078 -0.308964
v -0.030012 0.012274 -0.037765
vn -0.816843 -0.454628 -0.355079
v -0.032509 0.017531 -0.03813
vn -0.840956 -0.413231 -0.349332
v -0.034635 0.022288 -0.038556
vn -0.866586 -0.359557 -0.346045
v -0.027026 0.006879 -0.036995
vn -0.802292 -0.493087 -0.336441
v -0.028255 0.005838 -0.032525
vn -0.636048 -0.713924 -0.292841
v -0.027026 0.006879 -0.036995
vn -0.66722 -0.67404 -0.316997
v -0.025753 0.007756 -0.041338
vn -0.812706 -0.469697 -0.344809
v -0.028255 0.005838 -0.032525
vn -0.796286 -0.507092 -0.329828
v -0.029407 0.004941 -0.027893
vn -0.783717 -0.550709 -0.28724
v -0.029407 0.004941 -0.027893
vn -0.589072 -0.773538 -0.233739
v -0.041607 0.036144 -0.027696
vn -0.958148 -0.109251 -0.264607
v -0.039473 0.029046 -0.030739
vn -0.931473 -0.237383 -0.275696
v -0.041294 0.029381 -0.024755
vn -0.931467 -0.202254 -0.302427
v -0.043125 0.03566 -0.022241
vn -0.94631 -0.104298 -0.305972
v -0.043194 0.029151 -0.019291
vn -0.924117 -0.183236 -0.335308
v -0.043099 0.042063 -0.023642
vn -0.958949 0.029693 -0.282019
v -0.044679 0.04113 -0.018551
vn -0.957007 0.0243645 -0.289039
v -0.043971 0.047159 -0.01862
vn -0.951532 0.16158 -0.261684
v -0.044932 0.035196 -0.016857
vn -0.945454 -0.0859174 -0.314222
v -0.046227 0.040313 -0.01319
vn -0.961247 0.0355637 -0.273385
v -0.045506 0.045774 -0.01383
vn -0.957105 0.150199 -0.247773
v -0.041461 0.043177 -0.029142
vn -0.965385 0.0478137 -0.256409
v -0.040225 0.035885 -0.033303
vn -0.953431 -0.120295 -0.276584
v -0.042315 0.04906 -0.023531
vn -0.952881 0.167781 -0.252719
v -0.037334 0.028387 -0.037128
vn -0.913444 -0.257782 -0.31491
v -0.04839 0.034197 -0.005735
vn -0.951288 -0.00710404 -0.308221
v -0.046651 0.03486 -0.011409
vn -0.950524 -0.0524117 -0.306197
v -0.047231 0.029346 -0.008501
vn -0.928927 -0.134999 -0.344774
v -0.045112 0.028858 -0.013935
vn -0.925838 -0.162638 -0.341134
v -0.049263 0.0282 -0.002807
vn -0.93256 -0.1271 -0.337901
v -0.050303 0.033389 -0.000271
vn -0.955882 0.0272357 -0.292485
v -0.051153 0.027462 0.002945
vn -0.945828 -0.119601 -0.301837
v -0.049147 0.021879 0.000987
vn -0.908365 -0.262162 -0.325797
v -0.049181 0.038658 -0.002487
vn -0.961905 0.0812727 -0.261022
v -0.050782 0.037687 0.00311
vn -0.963008 0.113983 -0.24418
v -0.049707 0.04272 0.001303
vn -0.962562 0.176562 -0.20567
v -0.051884 0.032472 0.005484
vn -0.963521 0.0375531 -0.264986
v -0.052339 0.036742 0.008671
vn -0.962688 0.14224 -0.230217
v -0.050935 0.041677 0.006516
vn -0.958349 0.212713 -0.190581
v -0.047733 0.039918 -0.007908
vn -0.963081 0.0527809 -0.263987
v -0.048279 0.044221 -0.003812
vn -0.957745 0.170732 -0.231461
v -0.046851 0.044781 -0.008929
vn -0.958342 0.160741 -0.2361
v -0.046638 0.006692 0.011417
vn -0.837703 -0.429433 -0.337403
v -0.048835 0.005685 0.018046
vn -0.834482 -0.445308 -0.324563
v -0.050548 0.013659 0.011976
vn -0.860179 -0.373182 -0.347603
v -0.052675 0.012639 0.018337
vn -0.865827 -0.379098 -0.326541
v -0.053029 0.019937 0.01319
vn -0.915413 -0.231651 -0.329174
v -0.050678 0.004879 0.024801
vn -0.833432 -0.475427 -0.281711
v -0.054701 0.011764 0.024748
vn -0.875761 -0.389953 -0.284569
v -0.055053 0.019081 0.019421
vn -0.928699 -0.208991 -0.306334
v -0.048395 0.014722 0.005651
vn -0.869345 -0.367824 -0.330068
v -0.044585 0.007477 0.00484
vn -0.853399 -0.41524 -0.315098
v -0.051068 0.020971 0.007081
vn -0.909659 -0.25406 -0.328593
v -0.046638 0.006692 0.011417
vn -0.662723 -0.691611 -0.287179
v -0.044585 0.007477 0.00484
vn -0.674253 -0.67882 -0.290836
v -0.041314 0.001184 0.011795
vn -0.45812 -0.864334 -0.207493
v -0.038596 0.001536 0.004889
vn -0.469095 -0.861316 -0.195152
v -0.032989 -0.000933 0.012592
vn -0.106586 -0.992462 -0.0604907
v -0.042505 0.008005 -0.001437
vn -0.701338 -0.660554 -0.267942
v -0.029273 -0.000859 0.005595
vn -0.117486 -0.992586 -0.0311584
v -0.043271 0.000569 0.018712
vn -0.41763 -0.888462 -0.190316
v -0.048835 0.005685 0.018046
vn -0.62654 -0.732711 -0.265675
v -0.045181 9e-05 0.025703
vn -0.395243 -0.908107 -0.138294
v -0.035161 -0.001005 0.019417
vn -0.0779831 -0.995654 -0.0509118
v -0.037042 -0.001195 0.026488
vn -0.0513022 -0.997863 -0.0404701
v -0.055298 0.030621 0.017266
vn -0.965559 0.0633773 -0.252347
v -0.054597 0.025527 0.015011
vn -0.952811 -0.0849354 -0.291439
v -0.056342 0.024764 0.021245
vn -0.96487 -0.0581329 -0.256216
v -0.056822 0.029774 0.023557
vn -0.971384 0.0541615 -0.231257
v -0.057831 0.024123 0.027631
vn -0.970853 -0.0482503 -0.234769
v -0.056887 0.018479 0.025871
vn -0.948567 -0.185492 -0.25654
v -0.055351 0.035258 0.020067
vn -0.957032 0.170764 -0.23437
v -0.057 0.034324 0.026034
vn -0.961321 0.168296 -0.218034
v -0.054985 0.039427 0.022839
vn -0.936365 0.297708 -0.185985
v -0.058324 0.02912 0.029797
vn -0.974852 0.0478503 -0.217657
v -0.058425 0.033616 0.032066
vn -0.968648 0.167751 -0.18325
v -0.05643 0.038388 0.028735
vn -0.928205 0.333071 -0.16583
v -0.053669 0.036113 0.014181
vn -0.957541 0.16844 -0.233973
v -0.053598 0.031414 0.011355
vn -0.962748 0.0488928 -0.265943
v -0.053413 0.040492 0.017067
vn -0.942442 0.261564 -0.208297
v -0.052087 0.040972 0.011712
vn -0.951452 0.238408 -0.19468
v -0.052797 0.026419 0.008894
vn -0.950086 -0.102117 -0.294802
v -0.060938 0.027297 0.041816
vn -0.978313 0.0895446 -0.186776
v -0.059537 0.028349 0.03573
vn -0.977844 0.066416 -0.198522
v -0.06076 0.022458 0.040069
vn -0.972367 -0.0387589 -0.230218
v -0.059365 0.023358 0.033887
vn -0.972313 -0.0494322 -0.228396
v -0.059781 0.01664 0.039055
vn -0.947918 -0.197725 -0.249713
v -0.058332 0.017607 0.032446
vn -0.954361 -0.183739 -0.235449
v -0.062089 0.021549 0.046062
vn -0.985527 -0.0163665 -0.168728
v -0.061941 0.02641 0.047502
vn -0.983332 0.108633 -0.145798
v -0.062636 0.022192 0.050641
vn -0.9926 -0.00302486 -0.121393
v -0.061429 0.015799 0.045404
vn -0.961176 -0.187166 -0.202754
v -0.06239 0.017173 0.051337
vn -0.98536 -0.129215 -0.111214
v -0.06064 0.031658 0.04378
vn -0.969224 0.212245 -0.124726
v -0.061456 0.030764 0.049049
vn -0.959737 0.264704 -0.0940091
v -0.059585 0.035319 0.045871
vn -0.917188 0.398049 -0.0179634
v -0.062704 0.026064 0.052183
vn -0.986454 0.10492 -0.126097
v -0.062064 0.030238 0.05361
vn -0.941617 0.322284 -0.0974164
v -0.060067 0.034211 0.05096
vn -0.889532 0.456869 -0.00183168
v -0.059516 0.032645 0.03802
vn -0.971448 0.174184 -0.161084
v -0.058894 0.036557 0.040328
vn -0.934789 0.345293 -0.0833156
v -0.057814 0.03758 0.034601
vn -0.931055 0.335601 -0.143205
v -0.053823 0.003972 0.039179
vn -0.820937 -0.534677 -0.200459
v -0.057902 0.010334 0.038537
vn -0.87712 -0.421026 -0.23108
v -0.056416 0.010864 0.031725
vn -0.886375 -0.398355 -0.235907
v -0.052382 0.004338 0.031864
vn -0.829978 -0.507248 -0.232027
v -0.053823 0.003972 0.039179
vn -0.543614 -0.825177 -0.153516
v -0.052382 0.004338 0.031864
vn -0.567109 -0.809058 -0.154316
v -0.048125 -1e-05 0.040354
vn -0.397084 -0.911033 -0.111101
v -0.046716 3.6e-05 0.032972
vn -0.388119 -0.915768 -0.103602
v -0.040899 -0.001512 0.041059
vn -0.0483054 -0.998003 -0.0406994
v -0.050678 0.004879 0.024801
vn -0.606744 -0.769977 -0.197476
v -0.038889 -0.001278 0.033682
vn -0.0478638 -0.998421 -0.0294096
v -0.049844 -0.000114 0.046955
vn -0.384095 -0.916795 -0.109349
v -0.055197 0.003519 0.046268
vn -0.556254 -0.816878 -0.152617
v -0.052221 -0.000131 0.054848
vn -0.433771 -0.893858 -0.113405
v -0.043682 -0.001682 0.047268
vn -0.0965916 -0.994214 -0.0469985
v -0.04436 -0.001887 0.055868
vn -0.055302 -0.997918 -0.0331923
v -0.055197 0.003519 0.046268
vn -0.788852 -0.572112 -0.224499
v -0.059496 0.009537 0.045431
vn -0.87493 -0.429919 -0.22286
v -0.057907 0.004303 0.053269
vn -0.841158 -0.512394 -0.172931
v -0.061152 0.0107 0.052079
vn -0.936159 -0.328886 -0.124259
v -0.044633 0.054921 -0.007179
vn -0.934959 0.313013 -0.166955
v -0.045716 0.053345 -0.003542
vn -0.940124 0.304959 -0.152209
v -0.044505 0.05766 -0.001425
vn -0.921644 0.370035 -0.116818
v -0.045583 0.055911 0.001634
vn -0.92018 0.371493 -0.123537
v -0.044117 0.059745 0.004025
vn -0.899891 0.425816 -0.0942156
v -0.046844 0.051904 0.000369
vn -0.926586 0.332526 -0.175685
v -0.046623 0.05443 0.004729
vn -0.919186 0.371929 -0.129484
v -0.045363 0.057693 0.006627
vn -0.899552 0.428642 -0.0840938
v -0.043255 0.059638 -0.004765
vn -0.918845 0.373659 -0.126896
v -0.043276 0.056833 -0.010832
vn -0.930453 0.317542 -0.182821
v -0.042899 0.061927 0.001485
vn -0.905059 0.418811 -0.0739281
v -0.044466 0.051461 -0.013107
vn -0.941767 0.249877 -0.225025
v -0.042927 0.053347 -0.017088
vn -0.94055 0.251895 -0.22785
v -0.04587 0.049864 -0.008713
vn -0.951267 0.23873 -0.195188
v -0.046966 0.048676 -0.004325
vn -0.944534 0.263025 -0.196654
v -0.043982 0.061005 0.015728
vn -0.88805 0.459736 0.00320914
v -0.043998 0.061469 0.010069
vn -0.896853 0.441769 -0.0222432
v -0.045386 0.057658 0.01144
vn -0.909532 0.415629 -0.00205549
v -0.045624 0.057758 0.016596
vn -0.893333 0.447455 -0.0417058
v -0.046885 0.054884 0.013972
vn -0.898736 0.433815 -0.0638585
v -0.046534 0.056286 0.008314
vn -0.921312 0.38798 -0.0255978
v -0.044579 0.06011 0.020908
vn -0.87247 0.488192 0.0215798
v -0.046112 0.057069 0.020566
vn -0.883385 0.468567 -0.00867576
v -0.045795 0.057453 0.025015
vn -0.866572 0.494899 0.0642582
v -0.047245 0.054757 0.018098
vn -0.887067 0.458756 -0.0515354
v -0.047704 0.054256 0.02294
vn -0.871861 0.489715 0.00620828
v -0.042199 0.064011 0.021413
vn -0.831957 0.550656 0.0680116
v -0.042061 0.06445 0.015244
vn -0.863748 0.502432 0.0387504
v -0.043323 0.061495 0.026267
vn -0.830983 0.543382 0.119173
v -0.039727 0.065763 0.029125
vn -0.755495 0.622158 0.205297
v -0.042467 0.063781 0.008111
vn -0.88304 0.467383 -0.0423481
v -0.048789 0.049376 0.008569
vn -0.931692 0.35107 -0.0932721
v -0.047893 0.052224 0.011425
vn -0.910241 0.404604 -0.0880722
v -0.047375 0.052812 0.007995
vn -0.939873 0.339344 -0.0385391
v -0.047971 0.051233 0.004433
vn -0.937694 0.329032 -0.111662
v -0.04672 0.054774 0.010522
vn -0.927771 0.373093 0.0065459
v -0.049382 0.046453 0.005104
vn -0.952215 0.271046 -0.140787
v -0.04829 0.047907 0.000457
vn -0.945126 0.268827 -0.185658
v -0.050403 0.045557 0.009715
vn -0.938051 0.309245 -0.156292
v -0.049535 0.04897 0.012741
vn -0.911485 0.392005 -0.124605
v -0.051495 0.0449 0.014696
vn -0.927025 0.33741 -0.163645
v -0.048478 0.051876 0.015551
vn -0.894716 0.437978 -0.0875129
v -0.050436 0.048355 0.017497
vn -0.898811 0.424725 -0.108384
v -0.049123 0.051435 0.020244
vn -0.883362 0.465193 -0.0571564
v -0.024699 0.067568 0.051359
vn -0.431147 0.806894 0.403776
v -0.024965 0.064634 0.056921
vn -0.401674 0.845317 0.352275
v -0.018816 0.068498 0.055196
vn -0.358957 0.831068 0.424825
v -0.019515 0.065272 0.060631
vn -0.332444 0.87883 0.342256
v -0.01284 0.068903 0.058935
vn -0.260657 0.859411 0.439852
v -0.026031 0.062339 0.062776
vn -0.356512 0.911688 0.204265
v -0.020889 0.063427 0.066523
vn -0.287018 0.940832 0.180156
v -0.013825 0.0659 0.064222
vn -0.238763 0.915784 0.323005
v -0.018396 0.071356 0.049827
vn -0.348591 0.820111 0.453764
v -0.024468 0.070528 0.045756
vn -0.45585 0.784247 0.4209
v -0.011935 0.071931 0.053485
vn -0.244045 0.868813 0.43082
v -0.030029 0.06624 0.047645
vn -0.522742 0.76604 0.374063
v -0.030054 0.069233 0.041568
vn -0.543463 0.752873 0.371256
v -0.034627 0.064308 0.044041
vn -0.621037 0.712653 0.32625
v -0.035374 0.067025 0.036819
vn -0.650717 0.688054 0.32117
v -0.030131 0.063376 0.053356
vn -0.490048 0.806083 0.331788
v -0.030797 0.061061 0.059145
vn -0.444612 0.869214 0.216301
v -0.034626 0.061583 0.050058
vn -0.580849 0.759495 0.292885
v -0.035168 0.059383 0.055862
vn -0.533596 0.820304 0.205858
v -0.000596 0.067403 0.065926
vn 0.0304244 0.90538 0.423511
v -0.00666 0.068585 0.062207
vn -0.136667 0.89174 0.431418
v -0.008225 0.065611 0.068369
vn -0.122402 0.94126 0.314718
v -0.002553 0.064593 0.073222
vn 0.04331 0.949967 0.309333
v -0.010242 0.063821 0.074536
vn -0.0813472 0.968657 0.234705
v -0.015509 0.064174 0.070182
vn -0.182674 0.961078 0.207265
v 0.004967 0.064764 0.069311
vn 0.216052 0.890199 0.401082
v 0.003652 0.062838 0.075332
vn 0.206327 0.936907 0.282196
v 0.009073 0.061687 0.074375
vn 0.293972 0.910258 0.291566
v -0.005702 0.062702 0.079651
vn -0.00550252 0.979098 0.203314
v 0.000583 0.062398 0.079628
vn 0.146081 0.97004 0.194119
v 0.006528 0.060868 0.080392
vn 0.262858 0.948708 0.175667
v 0.007527 0.067686 0.063064
vn 0.231372 0.836854 0.496128
v 0.001834 0.070741 0.059327
vn 0.0391988 0.882218 0.469206
v 0.012486 0.063123 0.067565
vn 0.35165 0.84048 0.412232
v 0.0148 0.066196 0.060544
vn 0.384274 0.765206 0.51652
v -0.005193 0.07168 0.05663
vn -0.113255 0.883994 0.453572
v -0.009636 0.061539 0.088703
vn -0.0633706 0.997017 0.0440605
v -0.006794 0.062059 0.084614
vn -0.0351628 0.995451 0.0885483
v -0.012126 0.062099 0.081732
vn -0.0682488 0.986702 0.147519
v -0.015549 0.061352 0.087163
vn -0.0924316 0.992854 0.0754853
v -0.019462 0.061471 0.081846
vn -0.157567 0.980546 0.11706
v -0.017163 0.062569 0.076412
vn -0.156202 0.972137 0.17479
v -0.012392 0.061299 0.093002
vn -0.0874685 0.994985 -0.0485192
v -0.018325 0.060801 0.091709
vn -0.111968 0.993659 -0.0102264
v -0.015303 0.061435 0.097306
vn -0.105893 0.986967 -0.121177
v -0.021886 0.060477 0.086767
vn -0.170832 0.983805 0.0542632
v -0.02462 0.059974 0.091249
vn -0.11525 0.990691 -0.0724496
v -0.006741 0.061929 0.094431
vn -0.029178 0.995657 -0.0884085
v -0.004131 0.061896 0.089954
vn 0.011896 0.999875 0.0104349
v -0.001236 0.06188 0.095979
vn 0.1122 0.990989 -0.0731627
v -0.009489 0.062483 0.098751
vn -0.0875945 0.983104 -0.160729
v -0.004031 0.062791 0.100492
vn 0.0818431 0.981517 -0.172993
v -0.001841 0.062007 0.084921
vn 0.0901366 0.993134 0.0745732
v 0.001477 0.061414 0.091077
vn 0.172853 0.984933 -0.0053583
v 0.004106 0.060866 0.08569
vn 0.234759 0.970004 0.0630936
v -0.029018 0.059824 0.07366
vn -0.32862 0.939395 0.0977093
v -0.024241 0.060959 0.077396
vn -0.255218 0.959836 0.116529
v -0.022367 0.062177 0.072149
vn -0.264118 0.954017 0.141748
v -0.027359 0.060991 0.068425
vn -0.336194 0.934294 0.118612
v -0.033691 0.058425 0.070052
vn -0.402531 0.912806 0.0689502
v -0.032119 0.05954 0.064793
vn -0.415823 0.903056 0.107617
v -0.037818 0.056432 0.066631
vn -0.494212 0.868447 0.0394259
v -0.036286 0.057707 0.061451
vn -0.504166 0.857028 0.106395
v -0.035264 0.057358 0.074931
vn -0.379186 0.923915 0.0509819
v -0.030867 0.058739 0.078431
vn -0.317916 0.94642 0.0567397
v -0.037041 0.056406 0.079469
vn -0.308319 0.949778 -0.0534875
v -0.039376 0.055487 0.071448
vn -0.437753 0.89877 -0.0241838
v -0.041003 0.054914 0.075956
vn -0.340179 0.938323 -0.0618665
v -0.026232 0.059843 0.08226
vn -0.242818 0.967827 0.0659609
v -0.032929 0.058049 0.083416
vn -0.26049 0.964225 -0.049147
v -0.028481 0.059212 0.086815
vn -0.188662 0.981242 -0.0396412
v -0.042379 0.058625 0.038265
vn -0.762045 0.601964 0.238592
v -0.045312 0.055492 0.03576
vn -0.800171 0.573097 0.17688
v -0.045446 0.053631 0.04141
vn -0.752313 0.639516 0.158254
v -0.04222 0.056579 0.044185
vn -0.719716 0.664313 0.201734
v -0.045945 0.051986 0.047283
vn -0.715456 0.687335 0.12527
v -0.047927 0.052343 0.033296
vn -0.814159 0.570279 0.109208
v -0.048375 0.050739 0.038794
vn -0.753814 0.648122 0.108172
v -0.048971 0.049254 0.044451
vn -0.715411 0.689351 0.113941
v -0.03872 0.061677 0.040962
vn -0.693377 0.660006 0.289172
v -0.038696 0.059297 0.047043
vn -0.661378 0.709216 0.244113
v -0.04271 0.054649 0.05009
vn -0.683895 0.713935 0.150281
v -0.039167 0.057235 0.052887
vn -0.621217 0.763266 0.177526
v -0.039832 0.063118 0.035564
vn -0.722881 0.633927 0.274918
v -0.042569 0.060823 0.032246
vn -0.799782 0.565754 0.200677
v -0.045302 0.057316 0.030254
vn -0.83912 0.526477 0.136744
v -0.047673 0.053782 0.02797
vn -0.850845 0.519849 0.076288
v -0.044862 0.051446 0.060687
vn -0.653704 0.756675 0.0106617
v -0.043623 0.052901 0.055628
vn -0.66536 0.741128 0.0895857
v -0.047859 0.048787 0.058158
vn -0.695634 0.718024 0.0231158
v -0.04675 0.050284 0.052916
vn -0.699459 0.709247 0.0878952
v -0.05059 0.046164 0.055635
vn -0.720807 0.691087 0.0532646
v -0.049611 0.047702 0.050166
vn -0.714208 0.693614 0.0938446
v -0.049073 0.047838 0.062784
vn -0.643384 0.753755 -0.13383
v -0.046177 0.050497 0.065364
vn -0.596033 0.794192 -0.118337
v -0.05058 0.04809 0.067432
vn -0.559191 0.782695 -0.273302
v -0.051618 0.044876 0.060332
vn -0.692641 0.712629 -0.11139
v -0.052987 0.045349 0.064947
vn -0.632093 0.726681 -0.269061
v -0.041567 0.054226 0.063449
vn -0.584896 0.810823 0.0215251
v -0.043076 0.053141 0.068142
vn -0.523888 0.845856 -0.10035
v -0.047797 0.050639 0.069815
vn -0.493477 0.829253 -0.262334
v -0.044844 0.053354 0.07316
vn -0.414802 0.895546 -0.161049
v -0.040147 0.055547 0.058389
vn -0.598942 0.795275 0.0938389
v -0.055646 0.041152 0.050402
vn -0.784158 0.614336 0.0876721
v -0.053202 0.043662 0.052922
vn -0.742791 0.664743 0.0798603
v -0.052505 0.045177 0.047504
vn -0.72909 0.676151 0.10606
v -0.055117 0.042541 0.044969
vn -0.781628 0.618064 0.0839932
v -0.051977 0.046736 0.041938
vn -0.732362 0.676109 0.0807691
v -0.057842 0.038412 0.048123
vn -0.842319 0.535457 0.0615222
v -0.057375 0.039742 0.042665
vn -0.85479 0.518536 0.0213281
v -0.054484 0.044041 0.039423
vn -0.78819 0.615362 0.0092233
v -0.056511 0.041003 0.037052
vn -0.859988 0.50482 -0.0746883
v -0.058223 0.037072 0.053061
vn -0.829811 0.557433 0.0261177
v -0.056221 0.039648 0.055366
vn -0.777687 0.628624 -0.00581054
v -0.058832 0.036644 0.057523
vn -0.802693 0.578015 -0.146914
v -0.060514 0.033557 0.055396
vn -0.864098 0.494899 -0.0917037
v -0.054031 0.042254 0.057804
vn -0.727683 0.684049 -0.0505425
v -0.057172 0.039502 0.060221
vn -0.734125 0.65115 -0.192521
v -0.055169 0.042373 0.062562
vn -0.678821 0.694979 -0.237079
v -0.052326 0.046175 0.028285
vn -0.856709 0.514871 -0.0309235
v -0.053329 0.044997 0.033821
vn -0.812643 0.581235 -0.0421486
v -0.050331 0.049258 0.030878
vn -0.828159 0.559094 0.0395838
v -0.051083 0.047899 0.036288
vn -0.77145 0.635466 0.0323751
v -0.049777 0.050591 0.025432
vn -0.864758 0.502136 0.0072895
v -0.051398 0.047469 0.022759
vn -0.884423 0.462265 -0.0640817
v -0.053959 0.042986 0.025611
vn -0.896053 0.431281 -0.105288
v -0.052676 0.044218 0.019973
vn -0.914125 0.380166 -0.140891
v -0.055153 0.041927 0.031329
vn -0.869824 0.481828 -0.106062
v 0.039465 0.012369 0.028462
vn 0.879616 -0.472525 -0.0547287
v 0.039149 0.013153 0.023025
vn 0.889655 -0.445874 -0.0985456
v 0.041792 0.019685 0.026564
vn 0.942106 -0.327591 -0.0715514
v 0.041821 0.019026 0.031691
vn 0.974853 -0.220869 0.0296439
v 0.041792 0.019685 0.026564
vn 0.964571 -0.260901 -0.0391558
v 0.043526 0.025887 0.029655
vn 0.977956 -0.206688 0.0297121
v 0.038681 0.013641 0.017765
vn 0.890253 -0.449258 -0.0749447
v 0.041612 0.020188 0.021343
vn 0.929897 -0.358896 -0.0805286
v 0.041612 0.020188 0.021343
vn 0.961267 -0.269562 -0.0574549
v 0.043656 0.026727 0.024712
vn 0.973596 -0.225739 -0.033951
v 0.041821 0.019026 0.031691
vn 0.947793 -0.31865 -0.0122623
v 0.039406 0.011931 0.033921
vn 0.868172 -0.49626 -0.00160997
v 0.041493 0.018462 0.036903
vn 0.947678 -0.318319 0.0240712
v 0.039064 0.011456 0.039431
vn 0.854108 -0.519904 0.0141152
v 0.042938 0.025251 0.034518
vn 0.98067 -0.181782 0.0724045
v 0.041493 0.018462 0.036903
vn 0.981385 -0.1873 0.0424572
v 0.042498 0.024491 0.039693
vn 0.985479 -0.16604 0.0355286
v 0.041217 0.017908 0.042374
vn 0.983667 -0.17996 -0.00372344
v 0.03488 0.006736 0.030243
vn 0.621059 -0.783753 -0.00403352
v 0.035139 0.006938 0.024753
vn 0.661904 -0.748314 -0.0436874
v 0.034652 0.006505 0.035925
vn 0.586828 -0.809315 0.025346
v 0.02817 0.003335 0.03237
vn 0.265922 -0.963868 0.0155974
v 0.035022 0.007305 0.019187
vn 0.707104 -0.703581 -0.0705556
v 0.03467 0.007677 0.013896
vn 0.729787 -0.681876 -0.0495616
v 0.043539 0.035192 0.039791
vn 0.994681 0.0167293 0.101639
v 0.043588 0.030596 0.037158
vn 0.991245 -0.100079 0.0861239
v 0.044052 0.036551 0.034976
vn 0.991447 0.0165311 0.12946
v 0.044224 0.031565 0.032379
vn 0.989501 -0.103906 0.100456
v 0.044705 0.037844 0.03051
vn 0.993649 0.0185775 0.110978
v 0.044685 0.032482 0.027664
vn 0.993594 -0.106812 0.0369188
v 0.043413 0.04089 0.037543
vn 0.97882 0.139419 0.149913
v 0.04291 0.039152 0.042197
vn 0.9786 0.146381 0.14462
v 0.042157 0.044435 0.040597
vn 0.950571 0.248639 0.185992
v 0.043882 0.042586 0.033102
vn 0.97431 0.147156 0.170485
v 0.042411 0.046329 0.036147
vn 0.946415 0.26193 0.188919
v 0.043135 0.033876 0.044741
vn 0.997166 0.0384794 0.0646425
v 0.042519 0.037514 0.04719
vn 0.971958 0.190057 0.138481
v 0.042949 0.032607 0.05027
vn 0.993196 0.0953645 0.0668426
v 0.041634 0.04264 0.045007
vn 0.945702 0.256048 0.200217
v 0.041099 0.040969 0.049773
vn 0.9413 0.286025 0.179287
v 0.041967 0.036176 0.052381
vn 0.965151 0.227343 0.129613
v 0.043119 0.029573 0.042313
vn 0.995385 -0.087894 0.0385132
v 0.042995 0.028577 0.047894
vn 0.997771 -0.066585 -0.00432155
v 0.042344 0.023708 0.045291
vn 0.988062 -0.152994 -0.0180404
v 0.045286 0.040283 0.021212
vn 0.997485 -0.0100892 0.0701587
v 0.045005 0.039089 0.025856
vn 0.998024 0.0154724 0.0609058
v 0.044852 0.033498 0.022837
vn 0.992293 -0.123897 0.00206008
v 0.044931 0.034051 0.017979
vn 0.987782 -0.15398 0.024032
v 0.0435 0.027291 0.019607
vn 0.970091 -0.239668 -0.0385108
v 0.045642 0.040911 0.01648
vn 0.990297 -0.0613484 0.12469
v 0.045248 0.034349 0.013185
vn 0.975696 -0.193039 0.1037
v 0.043418 0.027533 0.0146
vn 0.964454 -0.263833 0.0148674
v 0.043773 0.027749 0.009878
vn 0.949116 -0.305073 0.0781578
v 0.045221 0.047369 0.019594
vn 0.981353 0.0701 0.178976
v 0.044605 0.045897 0.024274
vn 0.984256 0.116753 0.132702
v 0.043705 0.052684 0.023379
vn 0.951351 0.198631 0.235537
v 0.044388 0.044286 0.028746
vn 0.980453 0.143885 0.134196
v 0.0432 0.050359 0.027787
vn 0.949711 0.233453 0.208682
v 0.042847 0.048207 0.031917
vn 0.941692 0.258115 0.215852
v 0.038409 0.013918 0.007698
vn 0.88469 -0.465677 -0.0216701
v 0.041411 0.020768 0.011176
vn 0.922548 -0.38508 -0.0248818
v 0.038614 0.013806 0.012645
vn 0.886764 -0.461039 -0.03306
v 0.041416 0.020507 0.016267
vn 0.925485 -0.377206 -0.0345418
v 0.041411 0.020768 0.011176
vn 0.952993 -0.302773 0.0114975
v 0.041416 0.020507 0.016267
vn 0.960739 -0.275501 -0.0328645
v 0.034565 0.007807 0.008851
vn 0.739364 -0.672888 -0.02372
v 0.034546 0.007956 0.003933
vn 0.750636 -0.660685 0.00639155
v 0.038461 0.014056 0.002894
vn 0.874348 -0.482666 0.0504916
v 0.034842 0.008102 -0.000851
vn 0.746395 -0.660741 0.0794716
v 0.041414 0.020858 0.006432
vn 0.911915 -0.409677 0.0240171
v 0.041414 0.020858 0.006432
vn 0.932506 -0.35569 0.0625906
v 0.041885 0.020969 0.001829
vn 0.889621 -0.440485 0.12061
v 0.038796 0.056624 0.035368
vn 0.875446 0.391978 0.282749
v 0.036487 0.058747 0.039199
vn 0.835633 0.460635 0.29922
v 0.038916 0.05412 0.039047
vn 0.880983 0.405575 0.243675
v 0.036738 0.056219 0.04256
vn 0.833797 0.471584 0.287039
v 0.038915 0.052018 0.042614
vn 0.881237 0.402826 0.247291
v 0.034018 0.060328 0.04308
vn 0.786611 0.514334 0.341618
v 0.034675 0.057514 0.045861
vn 0.784248 0.525874 0.329258
v 0.036982 0.054013 0.045549
vn 0.840236 0.461698 0.28432
v 0.040873 0.051485 0.035435
vn 0.913483 0.333978 0.232395
v 0.041162 0.053829 0.03151
vn 0.907781 0.319522 0.271733
v 0.040739 0.049453 0.039399
vn 0.919436 0.336677 0.203189
v 0.038854 0.059525 0.031682
vn 0.864651 0.387087 0.320221
v 0.041463 0.056519 0.027703
vn 0.907316 0.309516 0.284565
v 0.03614 0.061531 0.036082
vn 0.832751 0.443668 0.331187
v 0.033498 0.063165 0.040128
vn 0.790495 0.494181 0.361805
v 0.038074 0.048528 0.050171
vn 0.87202 0.403416 0.277195
v 0.038649 0.050076 0.046421
vn 0.878384 0.390351 0.275803
v 0.036779 0.052294 0.048737
vn 0.84006 0.443297 0.312708
v 0.036026 0.051412 0.051925
vn 0.819439 0.476486 0.318561
v 0.034911 0.054228 0.05037
vn 0.780137 0.511637 0.36002
v 0.035356 0.05526 0.048035
vn 0.791005 0.513628 0.33241
v 0.037405 0.04755 0.053981
vn 0.856208 0.454919 0.244859
v 0.034921 0.050881 0.055456
vn 0.794736 0.528659 0.298187
v 0.036572 0.046847 0.058561
vn 0.826498 0.503163 0.252447
v 0.033593 0.054389 0.052919
vn 0.760594 0.546031 0.351209
v 0.032043 0.054192 0.056784
vn 0.734148 0.586527 0.34207
v 0.033845 0.049958 0.060042
vn 0.76587 0.568957 0.29955
v 0.039455 0.044301 0.051953
vn 0.903794 0.375643 0.20506
v 0.039982 0.045713 0.047852
vn 0.910994 0.333227 0.243003
v 0.03899 0.043252 0.05656
vn 0.889079 0.412616 0.19821
v 0.040779 0.039646 0.0547
vn 0.938819 0.309364 0.151367
v 0.040526 0.04753 0.043492
vn 0.91655 0.326815 0.230494
v 0.028989 0.06115 0.051514
vn 0.689846 0.593831 0.414098
v 0.030472 0.0576 0.054251
vn 0.707753 0.592949 0.384054
v 0.032794 0.057456 0.050081
vn 0.739021 0.558645 0.376516
v 0.031557 0.061053 0.047224
vn 0.737053 0.554618 0.386203
v 0.027676 0.064827 0.048752
vn 0.677332 0.580582 0.451825
v 0.030632 0.064349 0.044257
vn 0.742709 0.536321 0.400929
v 0.024594 0.064666 0.053223
vn 0.605581 0.635398 0.479103
v 0.026491 0.060826 0.056224
vn 0.63139 0.645137 0.430284
v 0.021364 0.06357 0.058382
vn 0.523696 0.696929 0.489931
v 0.018444 0.068575 0.055191
vn 0.45279 0.703 0.548427
v 0.028758 0.056624 0.058747
vn 0.672218 0.633223 0.383603
v 0.024579 0.058896 0.061838
vn 0.586706 0.702641 0.402582
v 0.028001 0.055182 0.06293
vn 0.660025 0.668486 0.342773
v 0.0309 0.052945 0.061284
vn 0.708552 0.62345 0.330551
v 0.012151 0.002238 0.036822
vn 0.0634517 -0.99786 0.0157629
v 0.011106 0.002263 0.043593
vn 0.0668572 -0.997715 0.00970197
v 0.003284 0.00169 0.039191
vn 0.071 -0.997421 0.0104776
v 0.004456 0.001665 0.032393
vn 0.067885 -0.997552 0.016809
v -0.004727 0.001045 0.034767
vn 0.0760926 -0.997029 0.0119919
v 0.009953 0.00223 0.050709
vn 0.0685828 -0.997593 0.0102287
v 0.002027 0.00164 0.046298
vn 0.0729795 -0.997302 0.00797922
v -0.006127 0.000989 0.041888
vn 0.0784196 -0.996893 0.00739751
v 0.013085 0.002184 0.030322
vn 0.0635952 -0.99785 0.0158323
v 0.005551 0.001618 0.025872
vn 0.0677695 -0.997551 0.0173087
v -0.003363 0.001036 0.027999
vn 0.0734685 -0.997136 0.0179523
v -0.002119 0.001003 0.021435
vn 0.0736746 -0.997047 0.0216614
v 0.020422 0.002702 0.034601
vn 0.0727739 -0.997207 0.0167822
v 0.019577 0.002768 0.041049
vn 0.0729944 -0.997184 0.0172244
v 0.027549 0.003378 0.038479
vn 0.247099 -0.96835 0.0352111
v 0.01861 0.002797 0.047813
vn 0.0760896 -0.997027 0.0121428
v 0.026728 0.003447 0.04483
vn 0.212612 -0.977076 0.0108689
v 0.025773 0.003473 0.05157
vn 0.138411 -0.990317 -0.0106571
v 0.017517 0.002789 0.054953
vn 0.0753656 -0.997052 0.0143786
v -0.01807 -0.000216 0.018918
vn 0.0610126 -0.997914 0.0210813
v -0.011146 0.000355 0.023764
vn 0.0726857 -0.997156 0.0199026
v -0.019828 -0.000208 0.025561
vn 0.0640316 -0.997864 0.0129114
v -0.012683 0.000364 0.030526
vn 0.074696 -0.99712 0.0130898
v -0.021572 -0.000267 0.032524
vn 0.0686576 -0.997626 0.00536689
v -0.014279 0.000301 0.03759
vn 0.0769417 -0.997012 0.00684116
v -0.02642 -0.000664 0.019418
vn 0.0457814 -0.9989 0.0100935
v -0.024078 -0.000662 0.013102
vn 0.0386986 -0.999127 0.0157084
v -0.028256 -0.000707 0.026187
vn 0.0558031 -0.998442 0.000534352
v -0.016415 -0.000274 0.012763
vn 0.0630314 -0.997704 0.0247713
v -0.021409 -0.000666 0.00846
vn 0.039603 -0.998911 0.0246823
v -0.009727 0.00031 0.0172
vn 0.0729324 -0.997032 0.0246442
v -0.025309 -0.000497 0.047664
vn 0.0769627 -0.996964 -0.0118256
v -0.023405 -0.000362 0.039931
vn 0.0705744 -0.997502 0.0028474
v -0.015863 0.000219 0.044967
vn 0.0787963 -0.996879 0.00486718
v -0.017468 0.000121 0.052641
vn 0.0888874 -0.996019 -0.00668281
v -0.00759 0.000935 0.049261
vn 0.0803307 -0.996744 0.00699471
v -0.02718 -0.000901 0.056561
vn 0.073227 -0.997306 -0.00437853
v -0.019019 -0.00013 0.060651
vn 0.0913294 -0.995791 0.00775465
v -0.028698 -0.000833 0.064602
vn 0.0679707 -0.997234 0.0300684
v -0.009095 0.000848 0.056937
vn 0.0865179 -0.99625 0.00114922
v -0.010646 0.000736 0.064936
vn 0.0891132 -0.995912 0.0147587
v -0.02062 -9.8e-05 0.068648
vn 0.0780897 -0.996273 0.0366227
v -0.03564 -0.001317 0.050426
vn 0.061773 -0.998042 -0.00980704
v -0.03226 -0.000952 0.041018
vn 0.0654336 -0.997831 -0.00720066
v -0.036404 -0.001297 0.060845
vn 0.0605883 -0.998109 0.0103206
v -0.030188 -0.000838 0.03347
vn 0.0592527 -0.998243 0.000574314
v 0.00728 0.002254 0.065978
vn 0.0781293 -0.996771 0.018554
v -0.000766 0.001533 0.061469
vn 0.0809497 -0.996674 0.00937438
v 0.008676 0.002249 0.058141
vn 0.0725583 -0.997276 0.0132461
v 0.000673 0.00162 0.053678
vn 0.0755756 -0.99711 0.00769489
v 0.016281 0.002856 0.062414
vn 0.0763116 -0.996852 0.0215244
v 0.014918 0.002929 0.070267
vn 0.0802823 -0.996504 0.023113
v 0.023488 0.00355 0.066225
vn 0.0896791 -0.995583 0.0278008
v 0.0247 0.003437 0.058746
vn 0.09299 -0.995497 0.0184265
v 0.005735 0.002311 0.07404
vn 0.0756843 -0.996722 0.0285859
v 0.013294 0.002977 0.078407
vn 0.0792316 -0.996316 0.0328035
v 0.003915 0.002463 0.082239
vn 0.0654534 -0.996439 0.0531448
v 0.022079 0.003644 0.074077
vn 0.0919531 -0.995342 0.0289809
v 0.020295 0.003739 0.082339
vn 0.093016 -0.994612 0.0457753
v 0.011305 0.003194 0.086938
vn 0.0707375 -0.994235 0.0805835
v -0.002316 0.001535 0.069513
vn 0.0835228 -0.996184 0.0253278
v -0.004005 0.001699 0.077511
vn 0.0823438 -0.995481 0.0472977
v -0.012278 0.000761 0.072942
vn 0.0834719 -0.995881 0.0353996
v 0.03841 0.009625 0.051484
vn 0.812168 -0.581488 -0.0474891
v 0.041153 0.015972 0.054571
vn 0.911301 -0.4089 -0.0482731
v 0.037927 0.008653 0.05816
vn 0.766064 -0.642301 -0.0244142
v 0.04128 0.014589 0.061306
vn 0.870007 -0.488958 -0.0633134
v 0.037448 0.007801 0.06533
vn 0.681957 -0.731363 -0.00646385
v 0.041153 0.015972 0.054571
vn 0.981384 -0.189249 -0.0327125
v 0.042442 0.021945 0.057271
vn 0.988978 -0.144471 -0.0324069
v 0.04128 0.014589 0.061306
vn 0.979211 -0.197539 -0.0460988
v 0.04256 0.020185 0.064117
vn 0.993675 -0.112268 0.00257349
v 0.041076 0.013126 0.068464
vn 0.976068 -0.215597 0.0284527
v 0.032547 0.004259 0.054894
vn 0.398517 -0.916631 -0.0311744
v 0.033354 0.005544 0.048184
vn 0.475302 -0.876895 -0.0717172
v 0.031542 0.004213 0.062089
vn 0.328269 -0.944111 0.029895
v 0.038721 0.010724 0.045314
vn 0.830935 -0.554641 -0.0438263
v 0.033917 0.006425 0.041706
vn 0.544494 -0.838762 -0.00213227
v 0.041329 0.017138 0.048234
vn 0.929417 -0.366663 -0.0417467
v 0.041329 0.017138 0.048234
vn 0.984111 -0.175327 -0.0280452
v 0.042429 0.02287 0.05119
vn 0.987639 -0.15459 -0.0259022
v 0.041217 0.017908 0.042374
vn 0.94299 -0.332599 -0.0121146
v 0.034425 0.00674 0.080647
vn 0.513715 -0.852644 0.0953727
v 0.036491 0.007085 0.072819
vn 0.592107 -0.803993 0.054821
v 0.040099 0.011779 0.075711
vn 0.742885 -0.664864 0.077955
v 0.038181 0.010651 0.083444
vn 0.928364 -0.339521 0.151213
v 0.040099 0.011779 0.075711
vn 0.959734 -0.253702 0.120607
v 0.041236 0.017257 0.078349
vn 0.981357 -0.126891 0.144351
v 0.041076 0.013126 0.068464
vn 0.819678 -0.572669 -0.0133366
v 0.042178 0.018759 0.071227
vn 0.991902 -0.0945745 0.0847738
v 0.038181 0.010651 0.083444
vn 0.650019 -0.755753 0.0794491
v 0.032065 0.006307 0.089194
vn 0.413084 -0.907093 0.0808877
v 0.036142 0.009411 0.092291
vn 0.557958 -0.823464 0.102901
v 0.029347 0.006063 0.098664
vn 0.302361 -0.938419 0.167175
v 0.039775 0.015672 0.086189
vn 0.970797 -0.172928 0.166278
v 0.036142 0.009411 0.092291
vn 0.891065 -0.420588 0.170615
v 0.037982 0.014259 0.095258
vn 0.951155 -0.19148 0.242155
v 0.03346 0.009314 0.101711
vn 0.853912 -0.415493 0.313369
v 0.026626 0.004561 0.085937
vn 0.190642 -0.978792 0.0749798
v 0.028753 0.004404 0.077541
vn 0.224058 -0.972834 0.0582363
v 0.024061 0.005099 0.095297
vn 0.11089 -0.984741 0.134122
v 0.018072 0.004081 0.091498
vn 0.0776848 -0.989891 0.118662
v 0.030363 0.004311 0.069586
vn 0.262503 -0.964126 0.0394243
v 0.037346 0.026424 0.090599
vn 0.945706 0.240582 0.218543
v 0.038954 0.021137 0.088609
vn 0.968613 0.126934 0.213721
v 0.039081 0.027438 0.082538
vn 0.941805 0.252499 0.221916
v 0.040545 0.022428 0.080694
vn 0.974921 0.11828 0.188515
v 0.040446 0.028478 0.075206
vn 0.956131 0.236648 0.172658
v 0.041496 0.023771 0.073298
vn 0.982431 0.122841 0.1405
v 0.037153 0.032081 0.084146
vn 0.913796 0.347403 0.210449
v 0.035544 0.031761 0.091843
vn 0.921146 0.328042 0.209473
v 0.034897 0.036535 0.085466
vn 0.870739 0.456149 0.183687
v 0.03859 0.032776 0.076804
vn 0.905184 0.367607 0.213323
v 0.036281 0.03678 0.078222
vn 0.855589 0.473754 0.208624
v 0.035546 0.026294 0.098831
vn 0.942154 0.228259 0.245448
v 0.033552 0.032085 0.099791
vn 0.919929 0.321091 0.225015
v 0.032867 0.027573 0.107263
vn 0.933907 0.207244 0.29132
v 0.033193 0.036779 0.092732
vn 0.883897 0.428615 0.187124
v 0.031166 0.037703 0.100385
vn 0.891813 0.408936 0.193496
v 0.031004 0.033855 0.10754
vn 0.913184 0.317906 0.255011
v 0.037169 0.020253 0.09737
vn 0.958706 0.108898 0.262725
v 0.034355 0.021218 0.105883
vn 0.939282 0.0723321 0.335437
v 0.03489 0.014736 0.104258
vn 0.912442 -0.183079 0.365966
v 0.042005 0.030555 0.062109
vn 0.971413 0.189194 0.143397
v 0.041038 0.029798 0.068285
vn 0.964249 0.216232 0.15319
v 0.042303 0.025058 0.066499
vn 0.988058 0.104323 0.113397
v 0.042745 0.026551 0.059911
vn 0.998058 0.0299546 0.054614
v 0.042578 0.031573 0.056015
vn 0.983732 0.150055 0.0987716
v 0.043049 0.027564 0.05378
vn 0.999332 -0.0317956 0.0180397
v 0.041505 0.035212 0.058148
vn 0.958334 0.246385 0.144533
v 0.040671 0.034356 0.064017
vn 0.942422 0.278319 0.185416
v 0.040109 0.038787 0.060138
vn 0.920619 0.336281 0.198434
v 0.039676 0.033835 0.070111
vn 0.925086 0.329834 0.188218
v 0.038965 0.037998 0.065737
vn 0.89365 0.38373 0.232682
v 0.037576 0.037691 0.071542
vn 0.862193 0.447635 0.237162
v 0.021168 0.056602 0.071813
vn 0.541533 0.785598 0.299296
v 0.018763 0.056857 0.075793
vn 0.509597 0.826843 0.237996
v 0.022638 0.05405 0.076238
vn 0.604121 0.762593 0.231279
v 0.024455 0.054384 0.071248
vn 0.614876 0.728087 0.303012
v 0.026073 0.051049 0.076012
vn 0.683214 0.689898 0.23929
v 0.016687 0.056679 0.081658
vn 0.477194 0.864312 0.158905
v 0.020775 0.053921 0.082253
vn 0.586803 0.794789 0.15483
v 0.02438 0.050884 0.082234
vn 0.677331 0.718546 0.157843
v 0.022237 0.057857 0.067354
vn 0.54597 0.7541 0.365034
v 0.026153 0.055006 0.066757
vn 0.627338 0.698059 0.345195
v 0.027821 0.051422 0.070803
vn 0.683149 0.664241 0.303465
v 0.02949 0.051995 0.066165
vn 0.689754 0.644211 0.330501
v 0.017922 0.059408 0.069962
vn 0.458133 0.819172 0.345067
v 0.018876 0.061862 0.064019
vn 0.470337 0.771902 0.427727
v 0.014296 0.059503 0.074852
vn 0.405185 0.872985 0.27152
v 0.011932 0.059029 0.080894
vn 0.361373 0.916653 0.170756
v 0.033968 0.045022 0.068726
vn 0.781701 0.543122 0.306534
v 0.031013 0.048382 0.06975
vn 0.734422 0.605235 0.307107
v 0.032366 0.044361 0.074388
vn 0.785043 0.565441 0.25295
v 0.029338 0.04776 0.075369
vn 0.734805 0.631392 0.247801
v 0.030764 0.044128 0.080739
vn 0.783883 0.594522 0.179082
v 0.027671 0.04757 0.08165
vn 0.736916 0.654965 0.167262
v 0.035109 0.040808 0.073085
vn 0.810798 0.524437 0.259945
v 0.036648 0.041797 0.067285
vn 0.829697 0.480021 0.284925
v 0.033539 0.040507 0.079462
vn 0.819744 0.540688 0.188884
v 0.035518 0.045913 0.063408
vn 0.796646 0.52813 0.293995
v 0.038097 0.042449 0.061858
vn 0.86348 0.438116 0.249913
v 0.032579 0.049144 0.06495
vn 0.744132 0.588614 0.315912
v 0.027853 0.045474 0.094226
vn 0.805159 0.584011 0.103201
v 0.029263 0.044507 0.08745
vn 0.791977 0.599068 0.117857
v 0.026231 0.048036 0.088146
vn 0.736549 0.67061 0.088193
v 0.024708 0.049175 0.094384
vn 0.736785 0.673018 0.064759
v 0.022876 0.051358 0.088343
vn 0.664687 0.743796 0.0704169
v 0.025885 0.04683 0.100788
vn 0.805332 0.580736 0.119109
v 0.02277 0.05068 0.100687
vn 0.720049 0.690111 0.0726421
v 0.023236 0.049233 0.107078
vn 0.787696 0.604147 0.12059
v 0.021313 0.05254 0.09464
vn 0.638897 0.768467 0.0356199
v 0.019023 0.054017 0.100399
vn 0.604069 0.796359 0.0302216
v 0.019823 0.052966 0.106736
vn 0.687718 0.724717 0.0427709
v 0.028595 0.042587 0.100615
vn 0.858299 0.487017 0.161671
v 0.030524 0.041306 0.093684
vn 0.851893 0.503264 0.144929
v 0.025999 0.044818 0.107309
vn 0.852046 0.490553 0.182691
v 0.028568 0.039758 0.10763
vn 0.883683 0.411213 0.223626
v 0.032145 0.040691 0.086578
vn 0.830285 0.535967 0.152864
v 0.012445 0.057959 0.093689
vn 0.412509 0.910951 -0.00225234
v 0.017116 0.055472 0.094229
vn 0.522332 0.852592 0.0159924
v 0.014593 0.056998 0.087798
vn 0.445094 0.893216 0.0636826
v 0.019043 0.054365 0.088276
vn 0.558715 0.826921 0.0635551
v 0.009611 0.059155 0.086827
vn 0.334908 0.9404 0.0590234
v 0.007053 0.060002 0.092553
vn 0.303432 0.952764 -0.013026
v 0.009681 0.059276 0.098989
vn 0.373134 0.926381 -0.0508899
v 0.004244 0.061013 0.097722
vn 0.251144 0.966068 -0.0603178
v 0.006366 0.06093 0.104009
vn 0.328857 0.933381 -0.143711
v 0.001186 0.062179 0.102307
vn 0.213837 0.964147 -0.157148
v 0.014594 0.056907 0.099889
vn 0.496418 0.867895 -0.0180945
v 0.011433 0.058988 0.105034
vn 0.455349 0.882929 -0.114428
v 0.01586 0.056244 0.10611
vn 0.589663 0.806567 -0.0418012
v -0.02937 0.025621 0.147972
vn -0.274652 -0.447256 0.851192
v -0.034135 0.030137 0.14881
vn -0.319634 -0.465824 0.825131
v -0.03456 0.023391 0.144565
vn -0.422001 -0.55029 0.720483
v -0.039039 0.031228 0.147143
vn -0.45423 -0.501759 0.736147
v -0.043244 0.029328 0.142638
vn -0.535257 -0.525617 0.661232
v -0.034135 0.030137 0.14881
vn -0.322434 -0.226637 0.91906
v -0.037784 0.037619 0.149384
vn -0.373306 -0.0266755 0.927325
v -0.039039 0.031228 0.147143
vn -0.478141 -0.282254 0.831693
v -0.042534 0.037332 0.147101
vn -0.685768 -0.0342799 0.727012
v -0.043244 0.029328 0.142638
vn -0.793303 -0.204957 0.573291
v -0.024755 0.01838 0.14571
vn -0.160187 -0.660275 0.733741
v -0.030755 0.016011 0.139816
vn -0.259056 -0.79443 0.549337
v -0.021395 0.01596 0.140232
vn 0.00650801 -0.933919 0.357425
v -0.039379 0.020063 0.138348
vn -0.504534 -0.593231 0.627313
v -0.035888 0.014214 0.1343
vn -0.281448 -0.827748 0.485406
v -0.026872 0.014148 0.135161
vn -0.00343704 -0.948672 0.316244
v -0.024311 0.026328 0.149542
vn -0.146136 -0.424747 0.89344
v -0.018348 0.02312 0.148381
vn -0.00166357 -0.526896 0.849928
v -0.019708 0.029171 0.151587
vn -0.120018 -0.44258 0.888661
v -0.015782 0.017717 0.144234
vn 0.0481522 -0.781979 0.621442
v -0.010978 0.022238 0.147427
vn 0.0648115 -0.597856 0.798979
v -0.028996 0.031311 0.150789
vn -0.211309 -0.410884 0.886861
v -0.028996 0.031311 0.150789
vn -0.269215 -0.185159 0.945113
v -0.032936 0.037646 0.150971
vn -0.30082 -0.0378336 0.95293
v -0.024487 0.032753 0.152299
vn -0.162965 -0.389538 0.906478
v -0.024487 0.032753 0.152299
vn -0.273826 -0.151207 0.949819
v -0.028316 0.038357 0.152182
vn -0.275121 -0.0249129 0.961087
v -0.047194 0.015663 0.125904
vn -0.595713 -0.605058 0.528233
v -0.043526 0.017716 0.132034
vn -0.549222 -0.616262 0.564426
v -0.050033 0.022077 0.129318
vn -0.630548 -0.557772 0.539722
v -0.050033 0.022077 0.129318
vn -0.83604 -0.252406 0.487163
v -0.04711 0.02566 0.135882
vn -0.820184 -0.188698 0.540084
v -0.051902 0.031477 0.130633
vn -0.877609 -0.0783761 0.472926
v -0.04711 0.02566 0.135882
vn -0.591228 -0.543096 0.596234
v -0.048675 0.036392 0.136844
vn -0.859726 -0.00675487 0.510712
v -0.052538 0.019859 0.123166
vn -0.691542 -0.538902 0.480993
v -0.050383 0.014335 0.120237
vn -0.656459 -0.575232 0.488027
v -0.054782 0.01823 0.117747
vn -0.732599 -0.489427 0.473033
v -0.054438 0.028005 0.124869
vn -0.89525 -0.140674 0.422775
v -0.052538 0.019859 0.123166
vn -0.848369 -0.290278 0.442729
v -0.056388 0.025161 0.119208
vn -0.911643 -0.16383 0.376917
v -0.044677 0.010624 0.122551
vn -0.369027 -0.817959 0.441318
v -0.04863 0.010283 0.117028
vn -0.463034 -0.756025 0.462629
v -0.042589 0.008959 0.118188
vn -0.0747577 -0.944013 0.321326
v -0.053327 0.013494 0.115396
vn -0.690758 -0.523325 0.498983
v -0.052183 0.009391 0.112463
vn -0.558851 -0.667155 0.492534
v -0.046912 0.007322 0.113159
vn -0.152335 -0.904295 0.398805
v -0.04014 0.012377 0.128318
vn -0.304154 -0.828907 0.469472
v -0.037396 0.010675 0.123714
vn -0.0116696 -0.953933 0.299792
v -0.032496 0.012441 0.129652
vn -0.01041 -0.954614 0.297664
v -0.051175 0.047084 0.125506
vn -0.873913 0.327844 0.35888
v -0.051572 0.040532 0.129328
vn -0.898391 0.183303 0.399116
v -0.048689 0.047775 0.130534
vn -0.846454 0.350189 0.401102
v -0.048344 0.043692 0.134214
vn -0.853982 0.262068 0.449482
v -0.045602 0.049178 0.135159
vn -0.795596 0.390498 0.463182
v -0.045713 0.043777 0.138784
vn -0.84073 0.283237 0.461464
v -0.048143 0.052286 0.126818
vn -0.816829 0.461376 0.346299
v -0.050254 0.05131 0.123047
vn -0.839195 0.460107 0.289919
v -0.047401 0.055642 0.12301
vn -0.7605 0.614767 0.209048
v -0.045285 0.053786 0.131294
vn -0.773227 0.485747 0.40764
v -0.04462 0.057424 0.12722
vn -0.717919 0.636483 0.281924
v -0.052549 0.04818 0.120457
vn -0.891411 0.382878 0.242468
v -0.05386 0.042525 0.122353
vn -0.915947 0.239809 0.321765
v -0.054605 0.044985 0.116949
vn -0.915937 0.335606 0.220062
v -0.050042 0.053297 0.119299
vn -0.807139 0.573002 0.142112
v -0.052339 0.050431 0.115796
vn -0.854105 0.505996 0.120302
v -0.054495 0.035522 0.124086
vn -0.926302 0.098057 0.363798
v -0.05605 0.038868 0.118156
vn -0.941573 0.181187 0.283922
v -0.056478 0.03222 0.119074
vn -0.94732 0.0465614 0.316885
v -0.038848 0.049341 0.143225
vn -0.530801 0.528289 0.662693
v -0.042588 0.049647 0.139636
vn -0.695654 0.466309 0.546463
v -0.04311 0.044032 0.143729
vn -0.728869 0.363304 0.58031
v -0.039112 0.043849 0.147321
vn -0.49062 0.376008 0.786073
v -0.045239 0.03836 0.142412
vn -0.863112 0.0198423 0.504623
v -0.034664 0.049556 0.146084
vn -0.456616 0.517609 0.723591
v -0.034546 0.044103 0.149186
vn -0.376739 0.296659 0.877531
v -0.030683 0.050118 0.148342
vn -0.409961 0.479615 0.775823
v -0.030189 0.04443 0.150835
vn -0.334811 0.233102 0.912998
v -0.03402 0.05477 0.142404
vn -0.420537 0.63105 0.651862
v -0.038178 0.055043 0.139177
vn -0.508136 0.599096 0.618775
v -0.032794 0.059402 0.137862
vn -0.308848 0.762905 0.567969
v -0.02983 0.054933 0.144774
vn -0.377183 0.663704 0.645934
v -0.028428 0.059162 0.140294
vn -0.260999 0.793066 0.550387
v -0.042034 0.054627 0.135622
vn -0.665635 0.54588 0.508866
v -0.0372 0.059621 0.134985
vn -0.43595 0.737482 0.515818
v -0.041175 0.059007 0.13138
vn -0.606829 0.691407 0.392064
v -0.059145 0.032424 0.109859
vn -0.969045 0.102984 0.224381
v -0.060024 0.029191 0.106934
vn -0.972945 0.0718246 0.219587
v -0.059165 0.026516 0.110565
vn -0.960292 -0.00742285 0.278898
v -0.059984 0.024103 0.10764
vn -0.961398 -0.00573251 0.275102
v -0.058862 0.021494 0.110706
vn -0.931757 -0.121024 0.342319
v -0.060559 0.030595 0.103742
vn -0.968791 0.11797 0.218008
v -0.060692 0.026035 0.104692
vn -0.969049 0.0392843 0.243722
v -0.060481 0.021622 0.105763
vn -0.963444 -0.0344128 0.265692
v -0.058073 0.02915 0.114374
vn -0.956609 0.0127976 0.291094
v -0.057747 0.035547 0.11387
vn -0.95806 0.133531 0.253556
v -0.057784 0.023005 0.114297
vn -0.923218 -0.150685 0.3535
v -0.0582 0.038748 0.109142
vn -0.957081 0.244858 0.155049
v -0.05662 0.041869 0.113075
vn -0.937766 0.28783 0.19429
v -0.056209 0.044714 0.108375
vn -0.91222 0.403824 0.0691427
v -0.054474 0.047564 0.112068
vn -0.881061 0.457404 0.12047
v -0.059595 0.035217 0.105141
vn -0.964755 0.21567 0.150779
v -0.057619 0.041786 0.104829
vn -0.927478 0.370676 0.0488137
v -0.058748 0.039449 0.101265
vn -0.923024 0.370089 0.105168
v -0.060551 0.033966 0.101351
vn -0.955093 0.227573 0.189756
v -0.058034 0.013863 0.107513
vn -0.842299 -0.405202 0.355448
v -0.058396 0.017307 0.109801
vn -0.845769 -0.366752 0.387514
v -0.05981 0.017875 0.106779
vn -0.883303 -0.330115 0.332867
v -0.059744 0.015484 0.104416
vn -0.942205 -0.246981 0.226383
v -0.05981 0.017875 0.106779
vn -0.941506 -0.15354 0.299986
v -0.06071 0.019049 0.104295
vn -0.962132 -0.144451 0.231161
v -0.058396 0.017307 0.109801
vn -0.905998 -0.178794 0.383666
v -0.059679 0.020441 0.108169
vn -0.936665 -0.105054 0.334099
v -0.059744 0.015484 0.104416
vn -0.874818 -0.3794 0.301247
v -0.057806 0.011212 0.104371
vn -0.816458 -0.493924 0.299057
v -0.05998 0.013475 0.10127
vn -0.845996 -0.446236 0.291827
v -0.057597 0.008956 0.10085
vn -0.76242 -0.586543 0.273283
v -0.061044 0.018142 0.101911
vn -0.963961 -0.173502 0.201682
v -0.05998 0.013475 0.10127
vn -0.944601 -0.247596 0.215464
v -0.061353 0.01664 0.098826
vn -0.964537 -0.188069 0.1852
v -0.060257 0.011625 0.097745
vn -0.945527 -0.27796 0.169459
v -0.055226 0.009639 0.108217
vn -0.708832 -0.592359 0.382973
v -0.055779 0.013176 0.111302
vn -0.770936 -0.458172 0.442421
v -0.054554 0.007031 0.104537
vn -0.598893 -0.748163 0.28562
v -0.050566 0.005986 0.108806
vn -0.338807 -0.870501 0.356985
v -0.056895 0.017585 0.113423
vn -0.889845 -0.204792 0.407721
v -0.056895 0.017585 0.113423
vn -0.787195 -0.43006 0.44201
v -0.054782 0.01823 0.117747
vn -0.865914 -0.268701 0.421892
v -0.062337 0.026209 0.097725
vn -0.988513 0.0318511 0.147739
v -0.061835 0.021977 0.09993
vn -0.980878 -0.058793 0.185531
v -0.061533 0.027605 0.101257
vn -0.971532 0.0721913 0.225641
v -0.061202 0.022402 0.102966
vn -0.974803 -0.0230942 0.22187
v -0.061654 0.031897 0.09835
vn -0.969726 0.183883 0.160681
v -0.062241 0.030167 0.095221
vn -0.988809 0.131358 0.0707177
v -0.061 0.035704 0.095569
vn -0.949374 0.300392 0.0919387
v -0.060003 0.037617 0.098233
vn -0.924801 0.356226 0.133587
v -0.062686 0.024489 0.094472
vn -0.997758 0.0119792 0.0658402
v -0.062504 0.028337 0.091595
vn -0.995571 0.0932169 0.0122373
v -0.062812 0.022864 0.090699
vn -0.99918 0.00210072 0.0404299
v -0.061837 0.033694 0.092399
vn -0.975008 0.220508 0.027138
v -0.06197 0.032162 0.089115
vn -0.985948 0.16677 -0.00976433
v -0.062475 0.02861 0.087976
vn -0.992692 0.120496 0.00662848
v -0.062231 0.020497 0.096662
vn -0.985826 -0.0889661 0.142239
v -0.062557 0.018893 0.092999
vn -0.991286 -0.0956642 0.0905558
v -0.0617 0.014979 0.095186
vn -0.962664 -0.227005 0.147469
v -0.006737 0.049092 0.151725
vn 0.383987 0.494645 0.779667
v -0.010646 0.048866 0.153282
vn 0.213208 0.457319 0.863367
v -0.007097 0.045587 0.153719
vn 0.327865 0.338005 0.882189
v -0.010919 0.045554 0.154684
vn 0.161536 0.292055 0.942661
v -0.008075 0.042001 0.154966
vn 0.241237 0.141554 0.960087
v -0.014565 0.050752 0.152821
vn 0.0338464 0.498553 0.866198
v -0.01367 0.047585 0.154224
vn 0.0354017 0.368995 0.928757
v -0.014261 0.044531 0.155245
vn -0.0148674 0.200242 0.979634
v -0.00297 0.044746 0.152058
vn 0.477306 0.349056 0.806436
v -0.002563 0.048208 0.149761
vn 0.489399 0.478233 0.729234
v 0.001089 0.043425 0.149873
vn 0.55963 0.315528 0.766326
v -0.003936 0.040991 0.153778
vn 0.40283 0.14473 0.903759
v 0.000211 0.039469 0.151707
vn 0.535101 0.12572 0.835381
v -0.005993 0.052455 0.148769
vn 0.400352 0.590858 0.700432
v -0.001612 0.051284 0.146819
vn 0.48709 0.551249 0.677398
v -0.004743 0.055453 0.145209
vn 0.40768 0.649546 0.641784
v 0.001724 0.04681 0.147585
vn 0.555428 0.436678 0.707681
v 0.002458 0.049933 0.144738
vn 0.548402 0.510121 0.662595
v -5.8e-05 0.053827 0.143412
vn 0.486512 0.596031 0.638791
v -0.010461 0.052437 0.15092
vn 0.257074 0.591664 0.764098
v -0.009895 0.056401 0.147076
vn 0.246794 0.722859 0.64542
v -0.014218 0.054431 0.150187
vn 0.0710944 0.660967 0.747039
v -0.012845 0.034964 0.155012
vn -0.020371 -0.277028 0.960646
v -0.009991 0.038394 0.155563
vn 0.0663903 -0.184717 0.980547
v -0.014007 0.03984 0.155682
vn -0.0300964 -0.143103 0.98925
v -0.017128 0.037434 0.155207
vn -0.226002 -0.043491 0.973155
v -0.014007 0.03984 0.155682
vn -0.0365629 0.0486013 0.998149
v -0.016953 0.042386 0.155333
vn -0.160192 0.0827446 0.983612
v -0.009991 0.038394 0.155563
vn 0.150104 0.0538557 0.987202
v -0.011552 0.042458 0.155452
vn 0.0885458 0.122413 0.988521
v -0.017128 0.037434 0.155207
vn -0.108882 -0.25945 0.959599
v -0.015884 0.032041 0.153643
vn -0.101714 -0.412836 0.905108
v -0.020652 0.035142 0.153934
vn -0.164174 -0.361265 0.917897
v -0.020085 0.041591 0.154631
vn -0.274288 0.0513987 0.960273
v -0.020652 0.035142 0.153934
vn -0.282163 -0.102724 0.953851
v -0.023945 0.039769 0.15353
vn -0.293281 0.0024951 0.956023
v -0.010492 0.030597 0.153066
vn 0.0443481 -0.482187 0.874945
v -0.008736 0.034142 0.154506
vn 0.125695 -0.307455 0.943224
v -0.004356 0.031122 0.152582
vn 0.266627 -0.397477 0.878022
v -0.013863 0.027041 0.150856
vn -0.00475598 -0.531911 0.846787
v -0.007056 0.026336 0.149985
vn 0.124881 -0.551854 0.824537
v -0.005899 0.037032 0.154638
vn 0.309224 0.0346132 0.950359
v -0.005899 0.037032 0.154638
vn 0.248933 -0.235583 0.939432
v -0.00191 0.035948 0.152919
vn 0.457948 0.00779096 0.888945
v -0.022297 0.051039 0.151263
vn -0.261231 0.45422 0.851729
v -0.021487 0.046166 0.15331
vn -0.28714 0.254256 0.923528
v -0.018228 0.051243 0.152218
vn -0.165258 0.481194 0.860896
v -0.017345 0.046683 0.15439
vn -0.178381 0.301194 0.93673
v -0.017858 0.05534 0.149244
vn -0.10976 0.678336 0.726507
v -0.021925 0.055463 0.148145
vn -0.231987 0.679336 0.696193
v -0.017239 0.058309 0.145575
vn -0.0512597 0.822089 0.567047
v -0.014078 0.057204 0.14689
vn 0.0726187 0.790404 0.608267
v -0.026499 0.050603 0.150012
vn -0.33459 0.45307 0.826304
v -0.025898 0.055242 0.146623
vn -0.320074 0.678077 0.661638
v -0.020949 0.058745 0.144162
vn -0.170008 0.826089 0.537285
v -0.024385 0.059127 0.142286
vn -0.234637 0.821593 0.519548
v -0.025837 0.045286 0.152135
vn -0.310898 0.219151 0.924832
v -0.063395 0.026022 0.060842
vn -0.995207 0.0813744 -0.0542291
v -0.063486 0.019658 0.062278
vn -0.996859 -0.0641084 -0.0465012
v -0.063798 0.024742 0.066735
vn -0.999253 0.0287257 -0.0258699
v -0.063504 0.018346 0.06827
vn -0.995089 -0.0986204 -0.00845858
v -0.063849 0.023599 0.072707
vn -0.999683 0.00754459 0.0240397
v -0.062758 0.013026 0.063978
vn -0.971926 -0.232191 -0.0380343
v -0.062498 0.011697 0.070231
vn -0.966216 -0.257618 -0.00777954
v -0.063407 0.017484 0.073896
vn -0.993667 -0.111071 0.0169947
v -0.063197 0.029802 0.065738
vn -0.971182 0.229587 -0.0639939
v -0.062452 0.030499 0.061442
vn -0.954137 0.295725 -0.0465825
v -0.061502 0.03323 0.063785
vn -0.92549 0.369015 -0.0854186
v -0.063343 0.029511 0.07148
vn -0.984542 0.174539 0.0145728
v -0.062079 0.033479 0.068512
vn -0.933477 0.353148 -0.0625043
v -0.06255 0.030469 0.057982
vn -0.94877 0.308321 -0.0690879
v -0.063059 0.027035 0.056013
vn -0.989836 0.112825 -0.0865769
v -0.061187 0.033917 0.059847
vn -0.890278 0.442994 -0.105643
v -0.063197 0.02182 0.055818
vn -0.996275 -0.034187 -0.0791634
v -0.062687 0.014902 0.057612
vn -0.979515 -0.185538 -0.0782703
v -0.063158 0.021878 0.082741
vn -0.998212 0.00587249 0.0594803
v -0.063547 0.022508 0.077676
vn -0.99791 0.00279485 0.0645569
v -0.063185 0.016895 0.079298
vn -0.993494 -0.103478 0.0475568
v -0.062879 0.016936 0.084495
vn -0.993086 -0.103487 0.0554045
v -0.062199 0.01141 0.081315
vn -0.955322 -0.290179 0.0561831
v -0.062412 0.011313 0.075937
vn -0.95921 -0.281122 0.029777
v -0.062989 0.021799 0.086856
vn -0.999187 -0.00177473 0.040277
v -0.062715 0.017628 0.088933
vn -0.99295 -0.101867 0.0606129
v -0.06199 0.012117 0.086371
vn -0.956731 -0.279121 0.0821985
v -0.061885 0.013346 0.090973
vn -0.95784 -0.264626 0.111873
v -0.062794 0.025974 0.08549
vn -0.995753 0.0851741 0.0349489
v -0.062943 0.026769 0.081361
vn -0.992348 0.101148 0.07082
v -0.062226 0.030686 0.084955
vn -0.986862 0.159292 0.0270143
v -0.062765 0.025581 0.088695
vn -0.997612 0.0648846 0.0236886
v -0.063254 0.027844 0.076661
vn -0.989673 0.123007 0.0735965
v -0.062325 0.031438 0.080342
vn -0.979164 0.192762 0.0638793
v -0.062384 0.032608 0.07613
vn -0.96683 0.251102 0.0467649
v -0.056854 0.004761 0.091962
vn -0.671884 -0.721736 0.166339
v -0.059976 0.007922 0.088858
vn -0.761844 -0.630113 0.150172
v -0.056357 0.003356 0.086716
vn -0.618777 -0.772107 0.144796
v -0.059933 0.006709 0.083758
vn -0.742527 -0.659877 0.114958
v -0.056409 0.002385 0.081323
vn -0.597372 -0.799314 0.0651401
v -0.059976 0.007922 0.088858
vn -0.919617 -0.377761 0.107712
v -0.059933 0.006709 0.083758
vn -0.913379 -0.400879 0.0709591
v -0.059858 0.006047 0.078304
vn -0.908477 -0.414341 0.0546881
v -0.052021 0.001492 0.090103
vn -0.244795 -0.955809 0.162803
v -0.052887 0.002631 0.095501
vn -0.342611 -0.904799 0.252897
v -0.047739 0.002136 0.093473
vn 0.0455327 -0.981311 0.186964
v -0.051637 0.000393 0.084453
vn -0.196073 -0.969995 0.14375
v -0.046654 0.001319 0.087169
vn 0.0592369 -0.984246 0.166588
v -0.057283 0.006723 0.096725
vn -0.720432 -0.64962 0.242839
v -0.0537 0.004998 0.100284
vn -0.456474 -0.839401 0.295022
v -0.048297 0.003438 0.099008
vn -0.0323159 -0.965923 0.256805
v -0.049492 0.004666 0.104133
vn -0.143344 -0.959467 0.242642
v -0.06007 0.009695 0.093602
vn -0.800867 -0.566859 0.193089
v -0.06007 0.009695 0.093602
vn -0.929041 -0.345173 0.133186
v -0.060257 0.011625 0.097745
vn -0.818306 -0.518552 0.247948
v -0.055829 0.001627 0.068757
vn -0.602767 -0.79757 0.0235493
v -0.056051 0.002233 0.075276
vn -0.570636 -0.820398 0.0363644
v -0.060128 0.005539 0.072612
vn -0.678417 -0.734551 0.0136231
v -0.060492 0.006626 0.066285
vn -0.936816 -0.349081 -0.0227848
v -0.060128 0.005539 0.072612
vn -0.926314 -0.376312 0.0182405
v -0.059858 0.006047 0.078304
vn -0.713393 -0.699245 0.0461187
v -0.060492 0.006626 0.066285
vn -0.743055 -0.667875 -0.0425768
v -0.056383 0.002063 0.061409
vn -0.666829 -0.743919 -0.0438667
v -0.060668 0.007618 0.059373
vn -0.783003 -0.620404 -0.0447807
v -0.057907 0.004303 0.053269
vn -0.658279 -0.747188 -0.0915416
v -0.060668 0.007618 0.059373
vn -0.934532 -0.346786 -0.0799302
v -0.050716 -0.001701 0.063723
vn -0.300263 -0.953784 -0.0117614
v -0.050522 -0.000942 0.071237
vn -0.253843 -0.962749 0.0931519
v -0.044526 -0.001833 0.06608
vn 0.0169651 -0.998208 0.0573858
v -0.051359 -0.000252 0.078003
vn -0.222044 -0.971971 0.0772527
v -0.044964 -0.000765 0.073774
vn 0.00692348 -0.991047 0.133335
v -0.046061 0.000202 0.080729
vn 0.0378911 -0.987362 0.153887
v -0.058914 0.040547 0.069514
vn -0.8511 0.514223 -0.105845
v -0.059242 0.039987 0.073576
vn -0.886804 0.460277 -0.0415123
v -0.057226 0.043537 0.072047
vn -0.80962 0.573457 -0.125149
v -0.05778 0.042957 0.07608
vn -0.856952 0.512847 -0.0511994
v -0.055465 0.046438 0.074227
vn -0.766977 0.626859 -0.137093
v -0.059705 0.039759 0.07804
vn -0.899641 0.435054 -0.0370796
v -0.058295 0.042621 0.08079
vn -0.862613 0.505357 -0.0226459
v -0.056056 0.045791 0.078228
vn -0.804426 0.593892 -0.0138029
v -0.056335 0.043132 0.067326
vn -0.715754 0.65686 -0.237131
v -0.058097 0.04026 0.064911
vn -0.768288 0.607021 -0.203123
v -0.05436 0.045984 0.069499
vn -0.667514 0.695341 -0.26632
v -0.06042 0.037002 0.066784
vn -0.896276 0.43225 -0.0992442
v -0.059901 0.037138 0.062473
vn -0.842823 0.515813 -0.153579
v -0.060679 0.036862 0.071061
vn -0.907719 0.417961 -0.0368157
v -0.060986 0.036632 0.075142
vn -0.921712 0.387158 -0.0235611
v -0.062087 0.033817 0.072505
vn -0.942038 0.335328 -0.0109577
v -0.050615 0.051519 0.079443
vn -0.5601 0.828173 -0.0204276
v -0.053311 0.049323 0.076617
vn -0.674499 0.734022 -0.0791406
v -0.053918 0.048231 0.080707
vn -0.716646 0.695179 0.0560818
v -0.051346 0.05031 0.083544
vn -0.66577 0.745522 0.0307861
v -0.054576 0.047208 0.085754
vn -0.726275 0.685877 0.0457896
v -0.0567 0.045074 0.08312
vn -0.791483 0.610561 0.0277444
v -0.047579 0.053378 0.082272
vn -0.482181 0.87404 -0.0596281
v -0.048814 0.052712 0.086562
vn -0.609349 0.791174 -0.0523291
v -0.04443 0.055126 0.085076
vn -0.383619 0.916571 -0.112847
v -0.052342 0.049413 0.088593
vn -0.718218 0.695669 -0.0143956
v -0.05008 0.051938 0.091626
vn -0.683926 0.726596 -0.0656093
v -0.045984 0.054965 0.089898
vn -0.4964 0.860761 -0.112599
v -0.046183 0.053362 0.07736
vn -0.376914 0.918016 -0.123217
v -0.049448 0.051452 0.074597
vn -0.472459 0.858104 -0.201099
v -0.042768 0.055096 0.080718
vn -0.304157 0.943211 -0.133571
v -0.052176 0.048972 0.071957
vn -0.576692 0.769906 -0.27326
v -0.054744 0.046748 0.097179
vn -0.811502 0.584139 -0.0156879
v -0.053462 0.048335 0.09314
vn -0.766018 0.642392 -0.023436
v -0.056472 0.044484 0.09423
vn -0.816389 0.577142 0.0203741
v -0.055345 0.045985 0.090208
vn -0.775963 0.63034 0.0235017
v -0.057985 0.042369 0.091488
vn -0.837765 0.544366 0.0426141
v -0.057227 0.043867 0.087514
vn -0.806886 0.587755 0.058979
v -0.057642 0.042437 0.097903
vn -0.864581 0.498377 0.0641907
v -0.056165 0.044692 0.100921
vn -0.868913 0.494949 -0.00402421
v -0.059 0.040418 0.095069
vn -0.881905 0.467215 0.0628735
v -0.053108 0.049378 0.100352
vn -0.802815 0.591769 -0.0727889
v -0.054827 0.04733 0.104209
vn -0.858547 0.511051 -0.0415096
v -0.051325 0.052165 0.103731
vn -0.752828 0.653889 -0.0753583
v -0.053267 0.050185 0.107673
vn -0.819336 0.573313 0.000263988
v -0.051492 0.050886 0.096241
vn -0.749543 0.657943 -0.0727716
v -0.049521 0.053575 0.099541
vn -0.681531 0.724589 -0.102401
v -0.047702 0.05451 0.09489
vn -0.596546 0.795707 -0.1048
v -0.060429 0.038058 0.086037
vn -0.934224 0.356673 0.00304406
v -0.059337 0.040409 0.088934
vn -0.885919 0.46258 0.0341553
v -0.058767 0.041712 0.08504
vn -0.874839 0.483754 0.0252815
v -0.060052 0.039108 0.082339
vn -0.922963 0.38483 0.00668835
v -0.061364 0.035038 0.083261
vn -0.966138 0.256969 0.0233506
v -0.061284 0.03593 0.079248
vn -0.949966 0.311499 0.0230742
v -0.061512 0.03452 0.08652
vn -0.973156 0.230036 -0.00717945
v -0.061059 0.036393 0.089358
vn -0.950435 0.310912 0.00248725
v -0.060157 0.038451 0.092469
vn -0.912954 0.405068 0.0493494
v -0.037444 0.058587 0.091772
vn -0.228222 0.949579 -0.214973
v -0.039778 0.058941 0.097062
vn -0.338732 0.924302 -0.175862
v -0.033923 0.060162 0.095594
vn -0.156812 0.9596 -0.233619
v -0.036613 0.060726 0.100802
vn -0.272441 0.93865 -0.211453
v -0.030906 0.061573 0.099786
vn -0.0999339 0.961064 -0.257621
v -0.042121 0.058805 0.10208
vn -0.434007 0.886527 -0.160335
v -0.039197 0.060933 0.105707
vn -0.380529 0.901687 -0.205322
v -0.033667 0.062364 0.104417
vn -0.21487 0.947543 -0.236628
v -0.031171 0.059278 0.091394
vn -0.121318 0.974451 -0.189017
v -0.035111 0.057981 0.087717
vn -0.196415 0.9683 -0.154328
v -0.02776 0.06045 0.095135
vn -0.043751 0.97279 -0.227521
v -0.0409 0.056792 0.088176
vn -0.299744 0.938997 -0.168634
v -0.039003 0.05659 0.083974
vn -0.251691 0.957893 -0.138176
v -0.042951 0.056978 0.093425
vn -0.403982 0.90232 -0.15039
v -0.044967 0.056667 0.098484
vn -0.497631 0.857052 -0.133511
v -0.02458 0.06298 0.106845
vn 0.0671141 0.983837 -0.166016
v -0.029121 0.062873 0.10371
vn -0.00581355 0.974128 -0.225923
v -0.030806 0.063655 0.107871
vn -0.0485003 0.985904 -0.160127
v -0.028012 0.063888 0.111329
vn 0.0376164 0.988234 -0.14825
v -0.032834 0.064018 0.112466
vn -0.123084 0.981793 -0.144679
v -0.036008 0.062926 0.109139
vn -0.276702 0.941615 -0.191826
v -0.023444 0.064148 0.114171
vn 0.0394368 0.984947 -0.168298
v -0.017279 0.062837 0.108908
vn -0.0482364 0.98354 -0.174132
v -0.016516 0.064476 0.116298
vn -0.0758287 0.985923 -0.149014
v -0.029676 0.064715 0.115763
vn -0.0152392 0.988661 -0.149392
v -0.026842 0.065075 0.118847
vn 0.0344142 0.993303 -0.110295
v -0.022294 0.065 0.120508
vn 0.0235097 0.996982 -0.0739906
v -0.019251 0.061801 0.101663
vn -0.0183642 0.9865 -0.16273
v -0.012614 0.062606 0.102913
vn -0.142101 0.977255 -0.157414
v -0.011057 0.064379 0.110765
vn -0.169486 0.969263 -0.178337
v -0.007139 0.063849 0.10458
vn -0.0558007 0.978812 -0.19701
v -0.025305 0.061747 0.100137
vn 0.0296297 0.973646 -0.226131
v -0.02152 0.060668 0.095925
vn -0.0493726 0.9878 -0.147696
v -0.033482 0.064779 0.125525
vn -0.216636 0.963862 0.155046
v -0.031552 0.065215 0.1205
vn -0.105808 0.993758 -0.0353381
v -0.037379 0.063964 0.122033
vn -0.377641 0.923601 0.0659459
v -0.035038 0.064467 0.117347
vn -0.223926 0.969858 -0.0960888
v -0.040928 0.062337 0.118322
vn -0.515315 0.856988 -0.00468475
v -0.038585 0.062977 0.113813
vn -0.364569 0.921072 -0.136802
v -0.039431 0.062081 0.126681
vn -0.512311 0.827318 0.230396
v -0.035482 0.062841 0.130278
vn -0.336114 0.877105 0.343095
v -0.042843 0.060384 0.1228
vn -0.631962 0.76174 0.142747
v -0.029155 0.064651 0.128573
vn -0.0847418 0.967064 0.240013
v -0.03114 0.062691 0.133281
vn -0.194229 0.885493 0.42211
v -0.025196 0.064025 0.131127
vn -0.0456773 0.957859 0.283585
v -0.026723 0.062181 0.135776
vn -0.131696 0.88746 0.441668
v -0.027489 0.065367 0.12343
vn -0.00442629 0.999138 0.041281
v -0.023183 0.06501 0.126192
vn 0.00649477 0.995132 0.0983331
v -0.046753 0.057446 0.110906
vn -0.650991 0.755086 -0.0778254
v -0.043916 0.059935 0.114606
vn -0.602807 0.796578 -0.0456872
v -0.04172 0.060771 0.110231
vn -0.47654 0.863088 -0.1673
v -0.044417 0.058257 0.106627
vn -0.534618 0.832177 -0.147193
v -0.049098 0.054768 0.107286
vn -0.688587 0.722252 -0.0648007
v -0.047142 0.056085 0.102996
vn -0.59174 0.799304 -0.10467
v -0.051074 0.052771 0.111308
vn -0.782469 0.622026 0.0287167
v -0.048674 0.055488 0.115036
vn -0.743641 0.667262 0.0419561
v -0.045905 0.058017 0.118845
vn -0.697936 0.71229 0.074351
v -0.001385 0.065124 0.114078
vn 0.198303 0.972882 -0.119069
v -0.005639 0.066243 0.119854
vn 0.0476833 0.99848 -0.0276356
v -0.000818 0.065285 0.121215
vn 0.283018 0.957955 0.0471379
v 0.003483 0.063884 0.115422
vn 0.332127 0.942033 -0.0476
v 0.003633 0.063442 0.122343
vn 0.416445 0.898763 0.13711
v -0.009807 0.065834 0.125396
vn -0.0842333 0.991754 0.0965821
v -0.004947 0.065867 0.126864
vn 0.134213 0.975529 0.174156
v -0.000564 0.064129 0.127916
vn 0.365718 0.899241 0.240033
v 0.002802 0.063086 0.107974
vn 0.266909 0.947124 -0.178089
v 0.007711 0.061617 0.109355
vn 0.383924 0.91372 -0.133108
v 0.007983 0.06201 0.116437
vn 0.463628 0.885123 0.0400864
v 0.012246 0.059538 0.110443
vn 0.541562 0.839225 -0.0491118
v -0.002203 0.06373 0.106346
vn 0.14949 0.968036 -0.201392
v -0.006258 0.06552 0.112428
vn -0.0099102 0.986923 -0.160885
v -0.010524 0.065673 0.118197
vn -0.13262 0.987452 -0.0857348
v -0.016304 0.065166 0.123943
vn -0.0628792 0.997907 0.0151102
v 0.015288 0.056149 0.118159
vn 0.711208 0.673689 0.200812
v 0.011844 0.059358 0.117333
vn 0.603709 0.787069 0.126722
v 0.011325 0.05816 0.123239
vn 0.639541 0.717589 0.275777
v 0.007757 0.061043 0.122516
vn 0.536383 0.816481 0.213664
v 0.007438 0.059314 0.128053
vn 0.584017 0.740884 0.331686
v 0.00367 0.06195 0.127966
vn 0.48601 0.825637 0.286561
v 0.014436 0.054495 0.123969
vn 0.727754 0.611126 0.311284
v 0.018259 0.052046 0.118858
vn 0.779698 0.568665 0.262092
v 0.017396 0.05013 0.124807
vn 0.785773 0.529016 0.320471
v 0.010727 0.056091 0.128492
vn 0.661732 0.651954 0.370225
v 0.013839 0.052297 0.129144
vn 0.716535 0.574469 0.395682
v 0.019545 0.052808 0.11234
vn 0.754708 0.640092 0.143868
v 0.022491 0.048575 0.113116
vn 0.82294 0.52395 0.21965
v 0.021229 0.047211 0.119608
vn 0.827592 0.479138 0.292434
v 0.025121 0.043333 0.113855
vn 0.865519 0.430927 0.255301
v 0.016115 0.056413 0.111379
vn 0.665931 0.744719 0.0439238
v 0.000759 0.05919 0.13692
vn 0.461753 0.723563 0.51307
v 0.00386 0.059777 0.132679
vn 0.526263 0.751626 0.397625
v -0.000131 0.061969 0.133046
vn 0.414121 0.82489 0.384786
v -0.003436 0.061127 0.137524
vn 0.325318 0.807002 0.492866
v -0.004346 0.063724 0.132889
vn 0.222953 0.904235 0.364213
v -0.00207 0.057662 0.141034
vn 0.427764 0.681408 0.593886
v -0.006888 0.059324 0.142086
vn 0.265316 0.781496 0.564688
v -0.007877 0.062153 0.137524
vn 0.106672 0.894714 0.433715
v -0.012189 0.059861 0.142747
vn 0.0823306 0.860433 0.502868
v 0.002748 0.055414 0.139663
vn 0.524389 0.617114 0.586674
v 0.004542 0.057325 0.135778
vn 0.564338 0.656341 0.500738
v 0.007541 0.053693 0.136482
vn 0.637901 0.568957 0.519009
v 0.00333 0.052242 0.142065
vn 0.546305 0.55021 0.631521
v 0.007447 0.056868 0.132449
vn 0.624057 0.656617 0.423565
v 0.010437 0.05379 0.132348
vn 0.668009 0.587782 0.456374
v -0.018446 0.062676 0.136031
vn -0.0607173 0.940653 0.333895
v -0.013847 0.062468 0.137358
vn -0.0122174 0.929898 0.367615
v -0.015225 0.064339 0.131117
vn -0.0560265 0.973547 0.221512
v -0.008844 0.064485 0.131959
vn -0.00371099 0.955283 0.295669
v -0.02113 0.063433 0.133552
vn -0.0471073 0.945291 0.322808
v -0.019744 0.064594 0.129239
vn -0.0122254 0.984528 0.174801
v -0.022962 0.061406 0.137983
vn -0.122773 0.899419 0.41949
v -0.019276 0.061131 0.139908
vn -0.100349 0.908567 0.405507
v -0.016697 0.060312 0.142006
vn -0.0299738 0.89253 0.449991
v 0.022497 0.010626 0.118226
vn 0.26284 -0.876732 0.402809
v 0.025703 0.015081 0.121839
vn 0.480914 -0.705095 0.521117
v 0.018061 0.013287 0.12619
vn 0.295116 -0.840088 0.455147
v 0.021647 0.018454 0.128725
vn 0.537821 -0.600817 0.591412
v 0.014063 0.015342 0.132889
vn 0.377047 -0.776421 0.504982
v 0.025703 0.015081 0.121839
vn 0.822321 -0.268921 0.501467
v 0.026928 0.021328 0.122879
vn 0.859534 -0.105818 0.500004
v 0.021647 0.018454 0.128725
vn 0.768605 -0.222489 0.599788
v 0.022919 0.024941 0.129358
vn 0.81199 -0.0778995 0.57845
v 0.017311 0.02138 0.134952
vn 0.738741 -0.191774 0.646131
v 0.013396 0.011965 0.122666
vn 0.0179062 -0.952043 0.30544
v 0.017454 0.009413 0.115246
vn 0.0100805 -0.957421 0.288519
v 0.008465 0.010871 0.119079
vn 0.0166546 -0.951787 0.306308
v 0.009601 0.013863 0.129451
vn 0.047156 -0.9567 0.28723
v 0.004475 0.012632 0.125561
vn 0.0316247 -0.962501 0.269429
v 0.026156 0.007751 0.108433
vn 0.245684 -0.921444 0.300966
v 0.021037 0.006761 0.104799
vn 0.0325198 -0.975061 0.219541
v 0.012061 0.008041 0.110352
vn 0.0244327 -0.961087 0.275164
v 0.015348 0.005623 0.100405
vn 0.0483102 -0.975135 0.21628
v 0.029992 0.011349 0.111541
vn 0.470978 -0.783393 0.405556
v 0.029992 0.011349 0.111541
vn 0.841144 -0.335027 0.424539
v 0.031125 0.017249 0.113436
vn 0.889382 -0.152255 0.431065
v 0.03346 0.009314 0.101711
vn 0.493985 -0.829054 0.262006
v 0.005178 0.022217 0.14378
vn 0.367636 -0.465247 0.805226
v 0.009815 0.017326 0.138889
vn 0.409882 -0.609128 0.67894
v 0.012879 0.024938 0.140525
vn 0.511396 -0.385589 0.767981
v 0.007921 0.028888 0.145582
vn 0.638254 -0.115519 0.761109
v 0.012879 0.024938 0.140525
vn 0.689332 -0.146169 0.709546
v 0.013767 0.033024 0.141163
vn 0.724493 0.0254121 0.688814
v 0.017311 0.02138 0.134952
vn 0.585151 -0.47693 0.655848
v 0.01876 0.028218 0.135249
vn 0.774361 -0.0456314 0.631097
v 0.007921 0.028888 0.145582
vn 0.436379 -0.393118 0.80934
v 0.000464 0.026721 0.148336
vn 0.328537 -0.455096 0.827618
v 0.002702 0.033234 0.150197
vn 0.399642 -0.348029 0.848034
v 0.007885 0.035499 0.146521
vn 0.642491 0.0341153 0.765534
v 0.002702 0.033234 0.150197
vn 0.573357 -0.0211491 0.819033
v 0.003712 0.038437 0.149211
vn 0.588314 0.1216 0.799437
v -0.002847 0.021929 0.146233
vn 0.176198 -0.582401 0.793576
v 0.001506 0.017431 0.141581
vn 0.152757 -0.777939 0.609488
v -0.007174 0.017639 0.143297
vn 0.0742774 -0.802995 0.591339
v 0.005627 0.015489 0.135798
vn 0.071352 -0.942392 0.326813
v -0.003219 0.015808 0.137908
vn 0.0396353 -0.947803 0.316382
v 0.00073 0.01423 0.132031
vn 0.03778 -0.961862 0.270914
v 0.009816 0.045086 0.141144
vn 0.68755 0.377101 0.62054
v 0.009812 0.040088 0.143625
vn 0.69785 0.236676 0.67601
v 0.014047 0.040396 0.138674
vn 0.755744 0.262409 0.599994
v 0.012732 0.045659 0.137203
vn 0.732351 0.398282 0.552297
v 0.017054 0.043321 0.132752
vn 0.791695 0.34404 0.504832
v 0.018538 0.035847 0.134471
vn 0.80778 0.181817 0.560744
v 0.009267 0.049374 0.138561
vn 0.669752 0.481881 0.564998
v 0.012702 0.049622 0.133914
vn 0.710206 0.487273 0.508107
v 0.016552 0.048098 0.129771
vn 0.775648 0.459793 0.432389
v 0.006087 0.049143 0.142156
vn 0.614741 0.477344 0.627882
v 0.005907 0.045601 0.144784
vn 0.626308 0.39207 0.67381
v 0.005866 0.052089 0.139874
vn 0.600703 0.542698 0.587056
v 0.00531 0.04161 0.147308
vn 0.622404 0.266042 0.736094
v 0.025642 0.035028 0.121875
vn 0.885505 0.252175 0.390242
v 0.021682 0.038622 0.127947
vn 0.84796 0.285396 0.44667
v 0.022766 0.031801 0.128921
vn 0.851959 0.131348 0.506866
v 0.026754 0.028209 0.122685
vn 0.88866 0.106805 0.445955
v 0.029506 0.030809 0.11516
vn 0.914642 0.218967 0.339828
v 0.030738 0.024083 0.114577
vn 0.920925 0.0666011 0.384006
v 0.027574 0.037322 0.114564
vn 0.893093 0.340152 0.294418
v 0.023775 0.041506 0.120763
vn 0.866435 0.372247 0.332751
v 0.019941 0.044986 0.125986
vn 0.830548 0.406653 0.380556
v -0.031904 0.000483 0.080591
vn 0.00955495 -0.989792 0.142195
v -0.024112 0.001073 0.084797
vn 0.00966237 -0.988802 0.148921
v -0.033658 0.001703 0.088134
vn -0.00118843 -0.983449 0.18118
v -0.026132 0.002609 0.092451
vn -0.00475757 -0.979021 0.203704
v -0.034795 0.003198 0.095372
vn 0.011974 -0.977222 0.211884
v -0.016134 0.00191 0.089501
vn 0.0284772 -0.985718 0.165977
v -0.018453 0.003534 0.097366
vn 0.00577067 -0.972844 0.231391
v -0.028345 0.004304 0.100092
vn -0.000568684 -0.970358 0.24167
v -0.039934 0.001091 0.084189
vn 0.0184116 -0.98511 0.170938
v -0.038448 -0.00017 0.077006
vn 0.0240387 -0.988361 0.150213
v -0.041412 0.002223 0.090918
vn 0.0341112 -0.983562 0.177319
v -0.030247 -0.000509 0.072782
vn 0.0484734 -0.994686 0.0908259
v -0.037691 -0.001259 0.069132
vn 0.0478868 -0.995662 0.0797746
v -0.022294 0.000208 0.076781
vn 0.0462694 -0.995593 0.0815757
v -0.014082 0.000942 0.081333
vn 0.0641762 -0.994208 0.0862063
v -0.038602 0.006267 0.107845
vn 0.0414583 -0.964643 0.260277
v -0.036781 0.004751 0.102032
vn 0.0232266 -0.968612 0.24749
v -0.030709 0.006243 0.107284
vn 0.0104299 -0.96225 0.271967
v -0.032976 0.007947 0.11324
vn 0.0289379 -0.96319 0.26726
v -0.023851 0.007913 0.112654
vn 0.0050758 -0.957628 0.287963
v -0.02102 0.005672 0.105096
vn 0.000757801 -0.96287 0.269966
v -0.040537 0.007581 0.113292
vn 0.0425477 -0.962629 0.26746
v -0.035393 0.009304 0.118825
vn 0.0324368 -0.963521 0.265662
v -0.026542 0.009643 0.11876
vn 0.0270759 -0.963928 0.264783
v -0.029407 0.011051 0.124438
vn 0.0264081 -0.964097 0.264232
v -0.045218 0.005941 0.108367
vn 0.0440273 -0.963645 0.263532
v -0.043682 0.004703 0.103074
vn 0.0520584 -0.968134 0.244964
v -0.042296 0.003395 0.097384
vn 0.0494843 -0.974831 0.217384
v -0.014058 0.012826 0.129465
vn 0.0358202 -0.961713 0.271707
v -0.020155 0.011256 0.124199
vn 0.026418 -0.965466 0.259186
v -0.010626 0.011268 0.123215
vn 0.036462 -0.961932 0.270845
v -0.017077 0.009648 0.117996
vn 0.0175652 -0.956715 0.290495
v -0.007293 0.009426 0.116617
vn 0.0293733 -0.949128 0.313517
v -0.014031 0.007337 0.111193
vn 0.0085899 -0.955821 0.293824
v -0.004859 0.012749 0.127536
vn 0.045009 -0.962332 0.268125
v -0.008513 0.014311 0.133573
vn 0.0399402 -0.957583 0.285378
v -0.000938 0.011294 0.121569
vn 0.0408585 -0.954502 0.295391
v -0.017554 0.014395 0.135104
vn 0.0317745 -0.954792 0.295572
v -0.012285 0.015909 0.139214
vn 0.0347008 -0.944343 0.327128
v -0.023372 0.012712 0.129933
vn 0.0244583 -0.962103 0.271589
v -0.000861 0.004443 0.099471
vn 0.0406213 -0.973494 0.225077
v -0.003881 0.006681 0.108305
vn 0.0326252 -0.957801 0.285574
v -0.010899 0.004956 0.102279
vn 0.0147681 -0.96792 0.250823
v -0.008285 0.003096 0.094167
vn 0.0352253 -0.981849 0.186365
v 0.001703 0.002965 0.090981
vn 0.0535069 -0.990117 0.129637
v -0.005986 0.002082 0.085767
vn 0.0644245 -0.99283 0.10069
v 0.008892 0.004206 0.095679
vn 0.0605147 -0.980799 0.185393
v 0.005989 0.006227 0.104868
vn 0.0513279 -0.964233 0.26004
v 0.002434 0.008996 0.11459
vn 0.0395402 -0.949264 0.311986
v 0.060772 0.094139 -0.045897
vn 0.987593 0.152797 0.0362235
v -0.00191 0.035948 0.152919
vn 0.357593 -0.244184 0.901388
f 1//1 2//2 3//3
f 3//3 4//4 5//5
f 1//1 3//3 7//7
f 7//7 8//8 9//9
f 3//3 5//5 10//10
f 8//8 10//10 11//11
f 1//1 7//7 12//12
f 13//13 12//12 14//14
f 7//7 9//9 15//15
f 12//12 15//15 16//16
f 1//1 13//13 17//17
f 19//19 20//20 21//21
f 20//20 5//5 6//6
f 19//19 22//22 24//24
f 25//25 24//24 26//26
f 22//22 23//23 27//27
f 24//24 27//27 28//28
f 19//19 25//25 20//20
f 20//20 29//29 5//5
f 25//25 30//30 29//29
f 29//29 31//31 10//10
f 32//32 33//33 34//34
f 34//34 35//35 36//36
f 33//33 37//37 38//38
f 35//35 38//38 39//39
f 32//32 34//34 40//40
f 41//41 40//40 42//42
f 34//34 36//36 43//43
f 40//40 43//43 44//44
f 32//32 41//41 45//45
f 45//45 46//46 9//9
f 41//41 47//47 46//46
f 46//46 48//48 15//15
f 32//32 45//45 49//49
f 33//33 49//49 50//50
f 45//45 9//9 51//51
f 49//49 51//51 50//50
f 52//52 53//53 54//54
f 54//54 55//55 56//56
f 53//53 36//36 57//57
f 55//55 57//57 58//58
f 52//52 54//54 59//59
f 60//60 59//59 61//61
f 54//54 56//56 62//62
f 59//59 62//62 63//63
f 52//52 60//60 64//64
f 64//64 65//65 66//66
f 60//60 67//67 65//65
f 65//65 68//68 66//66
f 52//52 64//64 53//53
f 53//53 69//69 36//36
f 64//64 70//70 69//69
f 69//69 71//71 43//43
f 72//72 73//73 74//74
f 75//75 74//74 76//76
f 73//73 56//56 58//58
f 74//74 58//58 39//39
f 72//72 75//75 77//77
f 77//77 78//78 79//79
f 75//75 80//80 78//78
f 78//78 81//81 82//82
f 72//72 77//77 83//83
f 84//84 83//83 85//85
f 77//77 79//79 86//86
f 83//83 86//86 87//87
f 72//72 84//84 73//73
f 73//73 88//88 56//56
f 84//84 89//89 88//88
f 88//88 90//90 62//62
f 91//91 92//92 93//93
f 93//93 94//94 37//37
f 92//92 80//80 94//94
f 94//94 76//76 38//38
f 91//91 93//93 95//95
f 96//96 95//95 31//31
f 93//93 37//37 50//50
f 95//95 50//50 11//11
f 91//91 96//96 97//97
f 97//97 98//98 99//99
f 96//96 30//30 98//98
f 98//98 26//26 100//100
f 91//91 97//97 101//101
f 92//92 101//101 81//81
f 97//97 99//99 102//102
f 101//101 102//102 103//103
f 104//104 105//105 106//106
f 107//107 106//106 108//108
f 105//105 109//109 110//110
f 106//106 110//110 111//111
f 104//104 107//107 112//112
f 112//112 113//113 114//114
f 107//107 115//115 113//113
f 113//113 116//116 117//117
f 104//104 112//112 118//118
f 119//119 118//118 68//68
f 112//112 114//114 120//120
f 118//118 120//120 121//121
f 104//104 119//119 105//105
f 105//105 122//122 109//109
f 119//119 67//67 122//122
f 122//122 61//61 123//123
f 124//124 125//125 126//126
f 126//126 127//127 128//128
f 125//125 115//115 127//127
f 127//127 108//108 129//129
f 124//124 126//126 130//130
f 131//131 130//130 132//132
f 126//126 128//128 133//133
f 130//130 133//133 134//134
f 124//124 131//131 135//135
f 135//135 136//136 137//137
f 131//131 132//132 138//138
f 136//136 138//138 139//139
f 124//124 135//135 140//140
f 125//125 140//140 116//116
f 135//135 137//137 141//141
f 140//140 141//141 142//142
f 143//143 144//144 145//145
f 146//146 145//145 147//147
f 144//144 128//128 129//129
f 145//145 129//129 111//111
f 143//143 146//146 148//148
f 148//148 149//149 150//150
f 146//146 151//151 149//149
f 149//149 152//152 153//153
f 143//143 148//148 154//154
f 155//155 154//154 156//156
f 148//148 150//150 157//157
f 154//154 157//157 158//158
f 143//143 155//155 144//144
f 144//144 159//159 128//128
f 155//155 160//160 159//159
f 159//159 161//161 133//133
f 162//162 163//163 164//164
f 164//164 165//165 109//109
f 163//163 151//151 165//165
f 165//165 147//147 110//110
f 162//162 164//164 166//166
f 167//167 166//166 90//90
f 164//164 109//109 123//123
f 166//166 123//123 63//63
f 162//162 167//167 168//168
f 168//168 169//169 170//170
f 167//167 89//89 169//169
f 169//169 85//85 171//171
f 162//162 168//168 172//172
f 163//163 172//172 152//152
f 168//168 170//170 173//173
f 172//172 173//173 174//174
f 176//176 175//175 177//177
f 175//175 178//178 179//179
f 180//180 181//181 23//23
f 176//176 182//182 181//181
f 181//181 183//183 27//27
f 188//188 189//189 190//190
f 191//191 190//190 192//192
f 189//189 193//193 194//194
f 190//190 194//194 195//195
f 188//188 191//191 196//196
f 196//196 197//197 99//99
f 191//191 198//198 197//197
f 197//197 199//199 102//102
f 188//188 196//196 200//200
f 201//201 200//200 183//183
f 196//196 99//99 100//100
f 200//200 100//100 28//28
f 188//188 201//201 189//189
f 189//189 202//202 193//193
f 201//201 182//182 202//202
f 202//202 177//177 203//203
f 204//204 205//205 206//206
f 206//206 207//207 208//208
f 205//205 198//198 207//207
f 207//207 192//192 209//209
f 204//204 206//206 210//210
f 211//211 210//210 212//212
f 206//206 208//208 213//213
f 210//210 213//213 214//214
f 204//204 211//211 215//215
f 215//215 216//216 79//79
f 211//211 217//217 216//216
f 216//216 218//218 86//86
f 204//204 215//215 219//219
f 205//205 219//219 199//199
f 215//215 79//79 82//82
f 219//219 82//82 103//103
f 220//220 221//221 222//222
f 223//223 222//222 224//224
f 221//221 208//208 209//209
f 222//222 209//209 195//195
f 220//220 223//223 225//225
f 225//225 226//226 227//227
f 223//223 228//228 226//226
f 226//226 229//229 230//230
f 220//220 225//225 231//231
f 232//232 231//231 233//233
f 225//225 227//227 234//234
f 231//231 234//234 235//235
f 220//220 232//232 221//221
f 221//221 236//236 208//208
f 232//232 237//237 236//236
f 236//236 238//238 213//213
f 239//239 240//240 241//241
f 241//241 242//242 193//193
f 240//240 228//228 242//242
f 242//242 224//224 194//194
f 239//239 241//241 243//243
f 244//244 243//243 187//187
f 241//241 193//193 203//203
f 243//243 203//203 179//179
f 239//239 244//244 245//245
f 245//245 246//246 247//247
f 244//244 186//186 246//246
f 246//246 184//184 248//248
f 239//239 245//245 249//249
f 240//240 249//249 229//229
f 245//245 247//247 250//250
f 249//249 250//250 251//251
f 252//252 253//253 254//254
f 254//254 255//255 256//256
f 253//253 257//257 258//258
f 255//255 258//258 259//259
f 252//252 254//254 260//260
f 261//261 260//260 173//173
f 254//254 256//256 262//262
f 260//260 262//262 174//174
f 252//252 261//261 263//263
f 263//263 264//264 218//218
f 261//261 170//170 264//264
f 264//264 171//171 87//87
f 252//252 263//263 253//253
f 253//253 265//265 257//257
f 263//263 217//217 265//265
f 265//265 212//212 266//266
f 267//267 268//268 269//269
f 270//270 269//269 271//271
f 268//268 256//256 259//259
f 269//269 259//259 272//272
f 267//267 270//270 273//273
f 274//274 275//275 276//276
f 277//277 278//278 275//275
f 275//275 279//279 280//280
f 267//267 273//273 281//281
f 282//282 281//281 157//157
f 274//274 276//276 283//283
f 281//281 284//284 158//158
f 267//267 282//282 268//268
f 268//268 285//285 256//256
f 282//282 150//150 285//285
f 285//285 153//153 262//262
f 286//286 287//287 288//288
f 289//289 290//290 291//291
f 287//287 278//278 292//292
f 290//290 271//271 272//272
f 286//286 293//293 294//294
f 294//294 295//295 296//296
f 289//289 297//297 298//298
f 298//298 299//299 300//300
f 286//286 294//294 301//301
f 302//302 301//301 303//303
f 294//294 296//296 304//304
f 301//301 304//304 305//305
f 286//286 302//302 287//287
f 287//287 306//306 278//278
f 302//302 307//307 306//306
f 306//306 308//308 279//279
f 309//309 310//310 311//311
f 311//311 312//312 257//257
f 310//310 297//297 312//312
f 312//312 291//291 258//258
f 309//309 311//311 313//313
f 314//314 313//313 238//238
f 311//311 257//257 266//266
f 313//313 266//266 214//214
f 309//309 314//314 315//315
f 315//315 316//316 317//317
f 314//314 237//237 316//316
f 316//316 233//233 318//318
f 309//309 315//315 319//319
f 310//310 319//319 299//299
f 315//315 317//317 320//320
f 319//319 320//320 321//321
f 322//322 323//323 324//324
f 324//324 325//325 326//326
f 323//323 327//327 325//325
f 325//325 328//328 329//329
f 322//322 324//324 330//330
f 331//331 330//330 71//71
f 324//324 326//326 332//332
f 330//330 332//332 44//44
f 322//322 331//331 333//333
f 333//333 334//334 335//335
f 331//331 70//70 334//334
f 334//334 66//66 121//121
f 322//322 333//333 336//336
f 323//323 336//336 337//337
f 333//333 335//335 338//338
f 336//336 338//338 339//339
f 340//340 341//341 342//342
f 343//343 342//342 344//344
f 341//341 326//326 329//329
f 342//342 329//329 345//345
f 340//340 343//343 346//346
f 346//346 347//347 348//348
f 343//343 349//349 347//347
f 347//347 350//350 351//351
f 340//340 346//346 352//352
f 353//353 352//352 48//48
f 346//346 348//348 354//354
f 352//352 354//354 16//16
f 340//340 353//353 341//341
f 341//341 355//355 326//326
f 353//353 47//47 355//355
f 355//355 42//42 332//332
f 356//356 357//357 358//358
f 358//358 359//359 360//360
f 357//357 349//349 359//359
f 359//359 344//344 361//361
f 356//356 358//358 362//362
f 363//363 362//362 364//364
f 358//358 360//360 365//365
f 362//362 365//365 366//366
f 356//356 363//363 367//367
f 367//367 368//368 369//369
f 363//363 370//370 368//368
f 368//368 371//371 372//372
f 356//356 367//367 373//373
f 357//357 373//373 350//350
f 367//367 369//369 374//374
f 373//373 374//374 375//375
f 376//376 377//377 378//378
f 379//379 378//378 328//328
f 377//377 360//360 361//361
f 378//378 361//361 345//345
f 376//376 379//379 380//380
f 380//380 381//381 382//382
f 379//379 327//327 381//381
f 381//381 337//337 383//383
f 376//376 380//380 384//384
f 385//385 384//384 386//386
f 380//380 382//382 387//387
f 384//384 387//387 388//388
f 376//376 385//385 377//377
f 377//377 389//389 360//360
f 385//385 390//390 389//389
f 389//389 391//391 365//365
f 392//392 393//393 394//394
f 394//394 395//395 396//396
f 393//393 397//397 395//395
f 395//395 398//398 399//399
f 392//392 394//394 400//400
f 401//401 402//402 403//403
f 394//394 396//396 404//404
f 402//402 405//405 406//406
f 392//392 407//407 408//408
f 408//408 409//409 410//410
f 401//401 411//411 412//412
f 412//412 413//413 414//414
f 392//392 408//408 415//415
f 393//393 415//415 416//416
f 408//408 410//410 417//417
f 415//415 417//417 416//416
f 418//418 419//419 420//420
f 421//421 420//420 422//422
f 419//419 396//396 399//399
f 420//420 399//399 423//423
f 418//418 421//421 424//424
f 424//424 425//425 137//137
f 421//421 426//426 425//425
f 425//425 427//427 141//141
f 418//418 424//424 428//428
f 429//429 428//428 430//430
f 424//424 137//137 431//431
f 428//428 431//431 430//430
f 418//418 429//429 419//419
f 419//419 432//432 396//396
f 429//429 433//433 432//432
f 434//434 435//435 405//405
f 436//436 437//437 438//438
f 438//438 439//439 440//440
f 437//437 426//426 439//439
f 439//439 422//422 441//441
f 436//436 438//438 442//442
f 443//443 442//442 338//338
f 438//438 440//440 444//444
f 442//442 444//444 338//338
f 436//436 443//443 445//445
f 445//445 446//446 114//114
f 443//443 335//335 446//446
f 446//446 447//447 120//120
f 436//436 445//445 448//448
f 437//437 448//448 427//427
f 445//445 114//114 117//117
f 448//448 117//117 142//142
f 449//449 450//450 451//451
f 451//451 452//452 398//398
f 450//450 440//440 441//441
f 452//452 441//441 423//423
f 449//449 451//451 453//453
f 454//454 453//453 455//455
f 451//451 397//397 416//416
f 453//453 416//416 456//456
f 449//449 454//454 457//457
f 457//457 458//458 382//382
f 454//454 459//459 458//458
f 458//458 460//460 387//387
f 449//449 457//457 461//461
f 450//450 461//461 440//440
f 457//457 382//382 383//383
f 461//461 383//383 339//339
f 462//462 369//369 372//372
f 465//465 372//372 467//467
f 468//468 469//469 470//470
f 470//470 471//471 348//348
f 469//469 18//18 471//471
f 471//471 14//14 354//354
f 468//468 470//470 472//472
f 470//470 348//348 351//351
f 472//472 351//351 375//375
f 473//473 474//474 475//475
f 476//476 475//475 477//477
f 474//474 478//478 479//479
f 475//475 479//479 480//480
f 473//473 476//476 481//481
f 481//481 482//482 483//483
f 476//476 484//484 482//482
f 482//482 485//485 486//486
f 473//473 481//481 487//487
f 488//488 487//487 413//413
f 481//481 483//483 489//489
f 487//487 489//489 490//490
f 473//473 488//488 474//474
f 474//474 491//491 478//478
f 488//488 411//411 491//491
f 491//491 403//403 492//492
f 493//493 494//494 495//495
f 495//495 496//496 497//497
f 494//494 484//484 496//496
f 496//496 477//477 498//498
f 493//493 495//495 499//499
f 500//500 499//499 501//501
f 495//495 497//497 502//502
f 499//499 502//502 503//503
f 493//493 500//500 504//504
f 504//504 505//505 506//506
f 500//500 507//507 505//505
f 505//505 508//508 509//509
f 493//493 504//504 510//510
f 494//494 510//510 485//485
f 504//504 506//506 511//511
f 510//510 511//511 512//512
f 513//513 514//514 515//515
f 516//516 515//515 517//517
f 514//514 497//497 498//498
f 515//515 498//498 480//480
f 513//513 516//516 518//518
f 518//518 519//519 520//520
f 516//516 521//521 519//519
f 519//519 522//522 523//523
f 513//513 518//518 524//524
f 525//525 524//524 526//526
f 518//518 520//520 527//527
f 524//524 527//527 305//305
f 513//513 525//525 514//514
f 514//514 528//528 497//497
f 525//525 529//529 528//528
f 528//528 530//530 502//502
f 531//531 532//532 533//533
f 533//533 534//534 478//478
f 532//532 521//521 534//534
f 534//534 517//517 479//479
f 531//531 533//533 535//535
f 536//536 535//535 435//435
f 533//533 478//478 492//492
f 535//535 492//492 406//406
f 531//531 536//536 537//537
f 537//537 538//538 539//539
f 536//536 540//540 538//538
f 541//541 430//430 139//139
f 531//531 537//537 542//542
f 532//532 542//542 522//522
f 537//537 543//543 544//544
f 542//542 544//544 545//545
f 546//546 547//547 548//548
f 548//548 549//549 550//550
f 547//547 551//551 549//549
f 549//549 552//552 553//553
f 546//546 548//548 554//554
f 555//555 554//554 544//544
f 548//548 550//550 554//554
f 554//554 556//556 544//544
f 546//546 555//555 557//557
f 558//558 559//559 132//132
f 555//555 543//543 560//560
f 559//559 561//561 138//138
f 546//546 557//557 562//562
f 547//547 562//562 563//563
f 558//558 132//132 134//134
f 564//564 134//134 565//565
f 566//566 567//567 568//568
f 568//568 569//569 570//570
f 567//567 550//550 569//569
f 569//569 553//553 571//571
f 566//566 568//568 572//572
f 573//573 572//572 308//308
f 568//568 570//570 574//574
f 572//572 574//574 280//280
f 566//566 573//573 575//575
f 575//575 576//576 520//520
f 573//573 307//307 576//576
f 576//576 303//303 527//527
f 566//566 575//575 577//577
f 567//567 577//577 556//556
f 575//575 520//520 523//523
f 577//577 523//523 545//545
f 578//578 579//579 580//580
f 581//581 580//580 552//552
f 579//579 570//570 571//571
f 580//580 571//571 582//582
f 578//578 581//581 583//583
f 584//584 585//585 160//160
f 581//581 551//551 586//586
f 585//585 587//587 161//161
f 578//578 583//583 588//588
f 589//589 588//588 283//283
f 584//584 160//160 156//156
f 590//590 156//156 158//158
f 578//578 589//589 579//579
f 579//579 591//591 570//570
f 589//589 276//276 591//591
f 591//591 592//592 574//574
f 593//593 594//594 595//595
f 595//595 596//596 597//597
f 594//594 598//598 596//596
f 596//596 599//599 600//600
f 593//593 595//595 601//601
f 602//602 601//601 603//603
f 595//595 597//597 604//604
f 601//601 604//604 605//605
f 593//593 602//602 606//606
f 606//606 607//607 608//608
f 602//602 609//609 607//607
f 607//607 610//610 611//611
f 593//593 606//606 612//612
f 594//594 612//612 613//613
f 606//606 608//608 614//614
f 612//612 614//614 615//615
f 616//616 617//617 618//618
f 619//619 618//618 620//620
f 617//617 597//597 600//600
f 618//618 600//600 621//621
f 616//616 619//619 622//622
f 622//622 623//623 624//624
f 619//619 625//625 623//623
f 623//623 626//626 627//627
f 616//616 622//622 628//628
f 629//629 628//628 630//630
f 622//622 624//624 631//631
f 628//628 631//631 632//632
f 616//616 629//629 617//617
f 617//617 633//633 597//597
f 629//629 634//634 633//633
f 633//633 635//635 604//604
f 636//636 637//637 638//638
f 638//638 639//639 640//640
f 637//637 625//625 639//639
f 639//639 620//620 641//641
f 636//636 638//638 642//642
f 643//643 642//642 644//644
f 638//638 640//640 645//645
f 642//642 645//645 646//646
f 636//636 643//643 647//647
f 647//647 648//648 649//649
f 643//643 650//650 648//648
f 648//648 651//651 652//652
f 636//636 647//647 653//653
f 637//637 653//653 626//626
f 647//647 649//649 654//654
f 653//653 654//654 655//655
f 656//656 657//657 658//658
f 659//659 658//658 599//599
f 657//657 640//640 641//641
f 658//658 641//641 621//621
f 656//656 659//659 660//660
f 660//660 661//661 662//662
f 659//659 598//598 661//661
f 661//661 613//613 663//663
f 656//656 660//660 664//664
f 665//665 664//664 666//666
f 660//660 662//662 667//667
f 664//664 667//667 668//668
f 656//656 665//665 657//657
f 657//657 669//669 640//640
f 665//665 670//670 669//669
f 669//669 671//671 645//645
f 672//672 673//673 674//674
f 675//675 674//674 676//676
f 673//673 677//677 678//678
f 674//674 678//678 679//679
f 672//672 675//675 680//680
f 680//680 681//681 649//649
f 675//675 682//682 681//681
f 681//681 683//683 654//654
f 672//672 680//680 684//684
f 685//685 684//684 686//686
f 680//680 649//649 652//652
f 684//684 652//652 687//687
f 672//672 685//685 673//673
f 673//673 688//688 677//677
f 685//685 689//689 688//688
f 688//688 690//690 691//691
f 692//692 693//693 694//694
f 694//694 695//695 696//696
f 693//693 682//682 695//695
f 695//695 676//676 697//697
f 692//692 694//694 698//698
f 699//699 698//698 700//700
f 694//694 696//696 701//701
f 698//698 701//701 702//702
f 692//692 699//699 703//703
f 703//703 704//704 624//624
f 699//699 705//705 704//704
f 704//704 706//706 631//631
f 692//692 703//703 707//707
f 693//693 707//707 683//683
f 703//703 624//624 627//627
f 707//707 627//627 655//655
f 708//708 709//709 710//710
f 711//711 710//710 712//712
f 709//709 696//696 697//697
f 710//710 697//697 679//679
f 708//708 711//711 713//713
f 713//713 714//714 506//506
f 711//711 715//715 714//714
f 714//714 716//716 511//511
f 708//708 713//713 717//717
f 718//718 717//717 719//719
f 713//713 506//506 509//509
f 717//717 509//509 720//720
f 708//708 718//718 709//709
f 709//709 721//721 696//696
f 718//718 722//722 721//721
f 721//721 723//723 701//701
f 724//724 725//725 726//726
f 726//726 727//727 677//677
f 725//725 715//715 727//727
f 727//727 712//712 678//678
f 724//724 726//726 728//728
f 729//729 728//728 730//730
f 726//726 677//677 691//691
f 728//728 691//691 731//731
f 724//724 729//729 732//732
f 732//732 733//733 483//483
f 729//729 734//734 733//733
f 733//733 735//735 489//489
f 724//724 732//732 736//736
f 725//725 736//736 716//716
f 732//732 483//483 486//486
f 736//736 486//486 512//512
f 737//737 738//738 739//739
f 740//740 739//739 741//741
f 738//738 742//742 743//743
f 739//739 743//743 744//744
f 737//737 740//740 745//745
f 745//745 746//746 247//247
f 740//740 747//747 746//746
f 746//746 748//748 250//250
f 737//737 745//745 749//749
f 750//750 749//749 751//751
f 745//745 247//247 248//248
f 749//749 248//248 185//185
f 737//737 750//750 738//738
f 738//738 752//752 742//742
f 750//750 753//753 752//752
f 752//752 754//754 755//755
f 756//756 757//757 758//758
f 758//758 759//759 760//760
f 757//757 747//747 759//759
f 759//759 741//741 761//761
f 756//756 758//758 762//762
f 763//763 762//762 764//764
f 758//758 760//760 765//765
f 762//762 765//765 766//766
f 756//756 763//763 767//767
f 767//767 768//768 227//227
f 763//763 769//769 768//768
f 768//768 770//770 234//234
f 756//756 767//767 771//771
f 757//757 771//771 748//748
f 767//767 227//227 230//230
f 771//771 230//230 251//251
f 772//772 773//773 774//774
f 774//774 775//775 776//776
f 777//777 760//760 778//778
f 778//778 761//761 779//779
f 772//772 774//774 780//780
f 781//781 780//780 782//782
f 774//774 776//776 783//783
f 780//780 783//783 784//784
f 772//772 781//781 785//785
f 785//785 786//786 787//787
f 781//781 788//788 786//786
f 786//786 789//789 790//790
f 772//772 785//785 791//791
f 777//777 792//792 760//760
f 785//785 787//787 791//791
f 792//792 793//793 765//765
f 794//794 795//795 796//796
f 797//797 798//798 743//743
f 795//795 776//776 799//799
f 798//798 779//779 744//744
f 794//794 800//800 801//801
f 801//801 802//802 803//803
f 797//797 742//742 804//804
f 804//804 755//755 805//805
f 794//794 801//801 806//806
f 807//807 806//806 808//808
f 801//801 803//803 809//809
f 806//806 809//809 810//810
f 794//794 807//807 795//795
f 795//795 811//811 776//776
f 807//807 812//812 811//811
f 811//811 813//813 783//783
f 814//814 815//815 809//809
f 817//817 818//818 819//819
f 819//819 820//820 821//821
f 822//822 823//823 824//824
f 824//824 825//825 826//826
f 817//817 819//819 827//827
f 828//828 827//827 530//530
f 819//819 821//821 829//829
f 827//827 829//829 503//503
f 817//817 828//828 830//830
f 830//830 831//831 296//296
f 828//828 529//529 831//831
f 831//831 526//526 304//304
f 817//817 830//830 832//832
f 822//822 833//833 834//834
f 830//830 296//296 835//835
f 833//833 300//300 321//321
f 836//836 837//837 838//838
f 839//839 840//840 841//841
f 837//837 821//821 842//842
f 843//843 826//826 844//844
f 836//836 845//845 846//846
f 846//846 847//847 848//848
f 839//839 849//849 850//850
f 850//850 851//851 852//852
f 836//836 846//846 853//853
f 854//854 853//853 508//508
f 846//846 848//848 855//855
f 853//853 855//855 720//720
f 836//836 854//854 837//837
f 837//837 856//856 821//821
f 854//854 507//507 856//856
f 856//856 501//501 829//829
f 857//857 858//858 859//859
f 860//860 861//861 862//862
f 858//858 849//849 863//863
f 861//861 864//864 865//865
f 857//857 859//859 866//866
f 867//867 866//866 868//868
f 860//860 862//862 869//869
f 870//870 869//869 766//766
f 857//857 867//867 871//871
f 871//871 872//872 873//873
f 867//867 787//787 872//872
f 872//872 790//790 874//874
f 857//857 871//871 875//875
f 858//858 875//875 851//851
f 871//871 873//873 876//876
f 875//875 876//876 877//877
f 878//878 879//879 880//880
f 881//881 880//880 825//825
f 879//879 862//862 865//865
f 880//880 865//865 844//844
f 878//878 881//881 882//882
f 882//882 883//883 317//317
f 881//881 823//823 883//883
f 883//883 834//834 320//320
f 878//878 882//882 884//884
f 885//885 884//884 770//770
f 882//882 317//317 318//318
f 884//884 318//318 235//235
f 878//878 885//885 879//879
f 879//879 886//886 862//862
f 885//885 769//769 886//886
f 886//886 764//764 869//869
f 887//887 888//888 889//889
f 890//890 889//889 891//891
f 888//888 892//892 893//893
f 889//889 893//893 894//894
f 887//887 890//890 895//895
f 895//895 896//896 897//897
f 890//890 891//891 896//896
f 896//896 898//898 899//899
f 887//887 895//895 900//900
f 901//901 900//900 371//371
f 895//895 897//897 902//902
f 900//900 902//902 467//467
f 887//887 901//901 888//888
f 888//888 903//903 892//892
f 901//901 370//370 903//903
f 903//903 364//364 904//904
f 905//905 906//906 907//907
f 908//908 907//907 909//909
f 906//906 891//891 894//894
f 907//907 894//894 910//910
f 905//905 908//908 911//911
f 911//911 912//912 913//913
f 908//908 914//914 912//912
f 912//912 915//915 916//916
f 905//905 911//911 917//917
f 918//918 917//917 919//919
f 911//911 913//913 920//920
f 917//917 920//920 921//921
f 905//905 918//918 906//906
f 906//906 922//922 891//891
f 918//918 923//923 922//922
f 922//922 924//924 898//898
f 925//925 926//926 927//927
f 927//927 928//928 929//929
f 926//926 914//914 928//928
f 928//928 909//909 930//930
f 925//925 927//927 931//931
f 932//932 931//931 933//933
f 927//927 929//929 934//934
f 931//931 934//934 935//935
f 925//925 932//932 936//936
f 936//936 937//937 938//938
f 932//932 939//939 937//937
f 937//937 940//940 941//941
f 925//925 936//936 942//942
f 926//926 942//942 915//915
f 936//936 938//938 943//943
f 942//942 943//943 944//944
f 945//945 946//946 947//947
f 948//948 947//947 892//892
f 946//946 929//929 930//930
f 947//947 930//930 910//910
f 945//945 948//948 949//949
f 950//950 949//949 391//391
f 948//948 892//892 904//904
f 949//949 904//904 366//366
f 945//945 950//950 951//951
f 951//951 952//952 953//953
f 950//950 390//390 952//952
f 952//952 386//386 954//954
f 945//945 951//951 946//946
f 946//946 955//955 929//929
f 951//951 953//953 955//955
f 955//955 956//956 934//934
f 957//957 958//958 959//959
f 960//960 959//959 961//961
f 958//958 962//962 963//963
f 959//959 963//963 964//964
f 957//957 960//960 965//965
f 965//965 966//966 967//967
f 960//960 968//968 966//966
f 966//966 969//969 970//970
f 957//957 965//965 971//971
f 972//972 971//971 973//973
f 965//965 967//967 974//974
f 971//971 974//974 975//975
f 957//957 972//972 958//958
f 958//958 976//976 962//962
f 972//972 977//977 976//976
f 976//976 978//978 979//979
f 980//980 981//981 982//982
f 982//982 983//983 984//984
f 981//981 968//968 983//983
f 983//983 961//961 985//985
f 980//980 982//982 986//986
f 987//987 986//986 813//813
f 982//982 984//984 988//988
f 986//986 988//988 784//784
f 980//980 987//987 989//989
f 989//989 990//990 991//991
f 987//987 812//812 990//990
f 990//990 808//808 992//992
f 980//980 989//989 993//993
f 981//981 993//993 969//969
f 989//989 991//991 994//994
f 993//993 994//994 995//995
f 996//996 997//997 998//998
f 999//999 998//998 1000//1000
f 997//997 984//984 985//985
f 998//998 985//985 964//964
f 996//996 999//999 1001//1001
f 1001//1001 1002//1002 1003//1003
f 999//999 1004//1004 1002//1002
f 1002//1002 1005//1005 1006//1006
f 996//996 1001//1001 1007//1007
f 1008//1008 1007//1007 789//789
f 1001//1001 1003//1003 1009//1009
f 1007//1007 1009//1009 1010//1010
f 996//996 1008//1008 997//997
f 997//997 1011//1011 984//984
f 1008//1008 788//788 1011//1011
f 1011//1011 782//782 988//988
f 1012//1012 1013//1013 1014//1014
f 1014//1014 1015//1015 962//962
f 1013//1013 1004//1004 1015//1015
f 1015//1015 1000//1000 963//963
f 1012//1012 1014//1014 1016//1016
f 1017//1017 1016//1016 1018//1018
f 1014//1014 962//962 979//979
f 1016//1016 979//979 1019//1019
f 1012//1012 1017//1017 1020//1020
f 1020//1020 1021//1021 1022//1022
f 1017//1017 1023//1023 1021//1021
f 1021//1021 1024//1024 1025//1025
f 1012//1012 1020//1020 1026//1026
f 1013//1013 1026//1026 1005//1005
f 1020//1020 1022//1022 1027//1027
f 1026//1026 1027//1027 1028//1028
f 1029//1029 1030//1030 1031//1031
f 1031//1031 1032//1032 1033//1033
f 1034//1034 1035//1035 1036//1036
f 1036//1036 1037//1037 1038//1038
f 1029//1029 1031//1031 1039//1039
f 1040//1040 1039//1039 723//723
f 1031//1031 1033//1033 1041//1041
f 1039//1039 1041//1041 702//702
f 1029//1029 1040//1040 1042//1042
f 1042//1042 1043//1043 848//848
f 1040//1040 722//722 1043//1043
f 1043//1043 719//719 855//855
f 1029//1029 1042//1042 1044//1044
f 1034//1034 1045//1045 1046//1046
f 1042//1042 848//848 1047//1047
f 1045//1045 852//852 877//877
f 1048//1048 1049//1049 1050//1050
f 1051//1051 1052//1052 1053//1053
f 1049//1049 1033//1033 1054//1054
f 1052//1052 1038//1038 1055//1055
f 1048//1048 1056//1056 1057//1057
f 1057//1057 1058//1058 1059//1059
f 1051//1051 1060//1060 1061//1061
f 1061//1061 1062//1062 1063//1063
f 1048//1048 1057//1057 1064//1064
f 1065//1065 1064//1064 706//706
f 1057//1057 1059//1059 1066//1066
f 1064//1064 1066//1066 632//632
f 1048//1048 1065//1065 1049//1049
f 1049//1049 1067//1067 1033//1033
f 1065//1065 705//705 1067//1067
f 1067//1067 700//700 1041//1041
f 1068//1068 1069//1069 1070//1070
f 1070//1070 1071//1071 1072//1072
f 1069//1069 1060//1060 1071//1071
f 1071//1071 1053//1053 1073//1073
f 1068//1068 1070//1070 1074//1074
f 1075//1075 1074//1074 1027//1027
f 1070//1070 1072//1072 1076//1076
f 1074//1074 1076//1076 1028//1028
f 1068//1068 1075//1075 1077//1077
f 1077//1077 1078//1078 1079//1079
f 1075//1075 1022//1022 1078//1078
f 1078//1078 1025//1025 1080//1080
f 1068//1068 1077//1077 1081//1081
f 1069//1069 1081//1081 1062//1062
f 1077//1077 1079//1079 1082//1082
f 1081//1081 1082//1082 1083//1083
f 1084//1084 1085//1085 1086//1086
f 1087//1087 1086//1086 1037//1037
f 1085//1085 1072//1072 1073//1073
f 1086//1086 1073//1073 1055//1055
f 1084//1084 1087//1087 1088//1088
f 1088//1088 1089//1089 873//873
f 1087//1087 1035//1035 1089//1089
f 1089//1089 1046//1046 876//876
f 1084//1084 1088//1088 1090//1090
f 1091//1091 1090//1090 1003//1003
f 1088//1088 873//873 874//874
f 1090//1090 874//874 1009//1009
f 1084//1084 1091//1091 1085//1085
f 1085//1085 1092//1092 1072//1072
f 1091//1091 1003//1003 1006//1006
f 1092//1092 1006//1006 1076//1076
f 1093//1093 1094//1094 1095//1095
f 1095//1095 1096//1096 991//991
f 1094//1094 1097//1097 1096//1096
f 1096//1096 1098//1098 994//994
f 1093//1093 1095//1095 1099//1099
f 1095//1095 991//991 992//992
f 1099//1099 992//992 810//810
f 1100//1100 1102//1102 1103//1103
f 1103//1103 1104//1104 967//967
f 1102//1102 1105//1105 1104//1104
f 1104//1104 1106//1106 974//974
f 1100//1100 1103//1103 1107//1107
f 1101//1101 1107//1107 1098//1098
f 1103//1103 967//967 970//970
f 1107//1107 970//970 995//995
f 1108//1108 919//919 1109//1109
f 1112//1112 1113//1113 1114//1114
f 1114//1114 1115//1115 1116//1116
f 1113//1113 1117//1117 1115//1115
f 1115//1115 1118//1118 1119//1119
f 1112//1112 1114//1114 1120//1120
f 1121//1121 1122//1122 690//690
f 1114//1114 1116//1116 1123//1123
f 1122//1122 1124//1124 731//731
f 1112//1112 1125//1125 1126//1126
f 1126//1126 1127//1127 1128//1128
f 1121//1121 689//689 1129//1129
f 1129//1129 686//686 1130//1130
f 1112//1112 1126//1126 1131//1131
f 1113//1113 1131//1131 1132//1132
f 1126//1126 1128//1128 1133//1133
f 1131//1131 1133//1133 1134//1134
f 1135//1135 1136//1136 1137//1137
f 1138//1138 1137//1137 1139//1139
f 1136//1136 1116//1116 1119//1119
f 1137//1137 1119//1119 1140//1140
f 1135//1135 1138//1138 1141//1141
f 1142//1142 1141//1141 417//417
f 1138//1138 1139//1139 1143//1143
f 1141//1141 1143//1143 456//456
f 1135//1135 1142//1142 1144//1144
f 1145//1145 1146//1146 735//735
f 1142//1142 410//410 1147//1147
f 1146//1146 414//414 490//490
f 1135//1135 1148//1148 1136//1136
f 1136//1136 1149//1149 1116//1116
f 1145//1145 734//734 1150//1150
f 1150//1150 730//730 1124//1124
f 1151//1151 1152//1152 1153//1153
f 1154//1154 1153//1153 1155//1155
f 1152//1152 1139//1139 1140//1140
f 1153//1153 1140//1140 1156//1156
f 1151//1151 1154//1154 1157//1157
f 1157//1157 1158//1158 953//953
f 1154//1154 1159//1159 1158//1158
f 1158//1158 1160//1160 935//935
f 1151//1151 1157//1157 1161//1161
f 1162//1162 1161//1161 460//460
f 1157//1157 953//953 954//954
f 1161//1161 954//954 388//388
f 1151//1151 1162//1162 1152//1152
f 1152//1152 1163//1163 1139//1139
f 1162//1162 459//459 1163//1163
f 1163//1163 455//455 1143//1143
f 1164//1164 1165//1165 1166//1166
f 1167//1167 1166//1166 1118//1118
f 1165//1165 1159//1159 1155//1155
f 1166//1166 1155//1155 1118//1118
f 1164//1164 1167//1167 1168//1168
f 1168//1168 1169//1169 1170//1170
f 1167//1167 1117//1117 1169//1169
f 1169//1169 1132//1132 1170//1170
f 1164//1164 1168//1168 1171//1171
f 1172//1172 1171//1171 940//940
f 1168//1168 1173//1173 1171//1171
f 1171//1171 1174//1174 940//940
f 1164//1164 1172//1172 1165//1165
f 1165//1165 1175//1175 1159//1159
f 1172//1172 939//939 1175//1175
f 1175//1175 933//933 1160//1160
f 1176//1176 1177//1177 1178//1178
f 1178//1178 1179//1179 1180//1180
f 1177//1177 1181//1181 1179//1179
f 1179//1179 1182//1182 1183//1183
f 1176//1176 1178//1178 1184//1184
f 1185//1185 1184//1184 1186//1186
f 1178//1178 1180//1180 1187//1187
f 1184//1184 1187//1187 1188//1188
f 1176//1176 1185//1185 1189//1189
f 1189//1189 1190//1190 913//913
f 1185//1185 1191//1191 1190//1190
f 1190//1190 1192//1192 920//920
f 1176//1176 1189//1189 1193//1193
f 1177//1177 1193//1193 1194//1194
f 1189//1189 913//913 916//916
f 1193//1193 916//916 944//944
f 1195//1195 1196//1196 1197//1197
f 1198//1198 1197//1197 1199//1199
f 1196//1196 1180//1180 1183//1183
f 1197//1197 1183//1183 1200//1200
f 1195//1195 1198//1198 1201//1201
f 1201//1201 1202//1202 1203//1203
f 1198//1198 1204//1204 1202//1202
f 1202//1202 1205//1205 1206//1206
f 1195//1195 1201//1201 1207//1207
f 1208//1208 1207//1207 1209//1209
f 1201//1201 1203//1203 1210//1210
f 1207//1207 1210//1210 1211//1211
f 1195//1195 1208//1208 1196//1196
f 1196//1196 1212//1212 1180//1180
f 1208//1208 1213//1213 1212//1212
f 1212//1212 1214//1214 1187//1187
f 1215//1215 1216//1216 1217//1217
f 1217//1217 1218//1218 1219//1219
f 1216//1216 1204//1204 1218//1218
f 1218//1218 1199//1199 1220//1220
f 1215//1215 1217//1217 1221//1221
f 1222//1222 1221//1221 1223//1223
f 1217//1217 1219//1219 1224//1224
f 1221//1221 1224//1224 1225//1225
f 1215//1215 1222//1222 1226//1226
f 1226//1226 1227//1227 1228//1228
f 1222//1222 1229//1229 1227//1227
f 1227//1227 1230//1230 1231//1231
f 1215//1215 1226//1226 1232//1232
f 1216//1216 1232//1232 1205//1205
f 1226//1226 1228//1228 1233//1233
f 1232//1232 1233//1233 1234//1234
f 1235//1235 1236//1236 1237//1237
f 1238//1238 1237//1237 1182//1182
f 1236//1236 1219//1219 1220//1220
f 1237//1237 1220//1220 1200//1200
f 1235//1235 1238//1238 1239//1239
f 1239//1239 1240//1240 938//938
f 1238//1238 1181//1181 1240//1240
f 1240//1240 1194//1194 943//943
f 1235//1235 1239//1239 1241//1241
f 1242//1242 1241//1241 1243//1243
f 1239//1239 938//938 941//941
f 1241//1241 941//941 1244//1244
f 1235//1235 1242//1242 1236//1236
f 1236//1236 1245//1245 1219//1219
f 1242//1242 1246//1246 1245//1245
f 1245//1245 1247//1247 1224//1224
f 1248//1248 1249//1249 1250//1250
f 1250//1250 1251//1251 1252//1252
f 1249//1249 1253//1253 1251//1251
f 1251//1251 1254//1254 1255//1255
f 1248//1248 1250//1250 1256//1256
f 1257//1257 1256//1256 1258//1258
f 1250//1250 1252//1252 1259//1259
f 1256//1256 1259//1259 1260//1260
f 1248//1248 1257//1257 1261//1261
f 1261//1261 1262//1262 1203//1203
f 1257//1257 1263//1263 1262//1262
f 1262//1262 1264//1264 1210//1210
f 1248//1248 1261//1261 1265//1265
f 1249//1249 1265//1265 1266//1266
f 1261//1261 1203//1203 1206//1206
f 1265//1265 1206//1206 1234//1234
f 1267//1267 1268//1268 1269//1269
f 1270//1270 1269//1269 1271//1271
f 1268//1268 1252//1252 1255//1255
f 1269//1269 1255//1255 1272//1272
f 1267//1267 1270//1270 1273//1273
f 1273//1273 1274//1274 1275//1275
f 1270//1270 1276//1276 1274//1274
f 1274//1274 1277//1277 1275//1275
f 1267//1267 1273//1273 1278//1278
f 1279//1279 1278//1278 1280//1280
f 1273//1273 1281//1281 1278//1278
f 1278//1278 1282//1282 1280//1280
f 1267//1267 1279//1279 1268//1268
f 1268//1268 1283//1283 1252//1252
f 1279//1279 1284//1284 1283//1283
f 1283//1283 1285//1285 1259//1259
f 1286//1286 1287//1287 1288//1288
f 1288//1288 1289//1289 1290//1290
f 1287//1287 1276//1276 1289//1289
f 1289//1289 1271//1271 1291//1291
f 1286//1286 1288//1288 1292//1292
f 1293//1293 1292//1292 1294//1294
f 1288//1288 1290//1290 1295//1295
f 1292//1292 1295//1295 1296//1296
f 1286//1286 1293//1293 1297//1297
f 1297//1297 1298//1298 1299//1299
f 1293//1293 1300//1300 1298//1298
f 1298//1298 1301//1301 1302//1302
f 1286//1286 1297//1297 1303//1303
f 1287//1287 1303//1303 1277//1277
f 1297//1297 1299//1299 1304//1304
f 1303//1303 1304//1304 1305//1305
f 1306//1306 1307//1307 1308//1308
f 1309//1309 1308//1308 1254//1254
f 1307//1307 1290//1290 1291//1291
f 1308//1308 1291//1291 1272//1272
f 1306//1306 1309//1309 1310//1310
f 1310//1310 1311//1311 1228//1228
f 1309//1309 1253//1253 1311//1311
f 1311//1311 1266//1266 1233//1233
f 1306//1306 1310//1310 1312//1312
f 1313//1313 1312//1312 1314//1314
f 1310//1310 1228//1228 1231//1231
f 1312//1312 1231//1231 1315//1315
f 1306//1306 1313//1313 1307//1307
f 1307//1307 1316//1316 1290//1290
f 1313//1313 1317//1317 1316//1316
f 1316//1316 1318//1318 1295//1295
f 1319//1319 1320//1320 1321//1321
f 1322//1322 1321//1321 1323//1323
f 1320//1320 1324//1324 1325//1325
f 1321//1321 1325//1325 1326//1326
f 1319//1319 1322//1322 1327//1327
f 1327//1327 1328//1328 1329//1329
f 1322//1322 1330//1330 1328//1328
f 1328//1328 1331//1331 1332//1332
f 1319//1319 1327//1327 1333//1333
f 1334//1334 1333//1333 1282//1282
f 1327//1327 1329//1329 1335//1335
f 1333//1333 1335//1335 1336//1336
f 1319//1319 1334//1334 1320//1320
f 1320//1320 1337//1337 1324//1324
f 1334//1334 1281//1281 1337//1337
f 1337//1337 1275//1275 1338//1338
f 1339//1339 1340//1340 1341//1341
f 1341//1341 1342//1342 1343//1343
f 1340//1340 1330//1330 1342//1342
f 1342//1342 1323//1323 1344//1344
f 1339//1339 1341//1341 1345//1345
f 1346//1346 1345//1345 978//978
f 1341//1341 1343//1343 1347//1347
f 1345//1345 1347//1347 1019//1019
f 1339//1339 1346//1346 1348//1348
f 1348//1348 1349//1349 1350//1350
f 1346//1346 977//977 1349//1349
f 1349//1349 973//973 1351//1351
f 1339//1339 1348//1348 1352//1352
f 1340//1340 1352//1352 1331//1331
f 1348//1348 1350//1350 1353//1353
f 1352//1352 1353//1353 1354//1354
f 1355//1355 1356//1356 1357//1357
f 1358//1358 1357//1357 1359//1359
f 1356//1356 1343//1343 1344//1344
f 1357//1357 1344//1344 1326//1326
f 1355//1355 1358//1358 1360//1360
f 1360//1360 1361//1361 1362//1362
f 1358//1358 1363//1363 1361//1361
f 1361//1361 1364//1364 1365//1365
f 1355//1355 1360//1360 1366//1366
f 1367//1367 1366//1366 1024//1024
f 1360//1360 1362//1362 1368//1368
f 1366//1366 1368//1368 1369//1369
f 1355//1355 1367//1367 1356//1356
f 1356//1356 1370//1370 1343//1343
f 1367//1367 1023//1023 1370//1370
f 1370//1370 1018//1018 1347//1347
f 1371//1371 1372//1372 1373//1373
f 1373//1373 1374//1374 1324//1324
f 1372//1372 1363//1363 1374//1374
f 1374//1374 1359//1359 1325//1325
f 1371//1371 1373//1373 1375//1375
f 1376//1376 1375//1375 1304//1304
f 1373//1373 1324//1324 1338//1338
f 1375//1375 1338//1338 1305//1305
f 1371//1371 1376//1376 1377//1377
f 1377//1377 1378//1378 1379//1379
f 1376//1376 1299//1299 1378//1378
f 1378//1378 1302//1302 1380//1380
f 1371//1371 1377//1377 1381//1381
f 1372//1372 1381//1381 1364//1364
f 1377//1377 1379//1379 1382//1382
f 1381//1381 1382//1382 1383//1383
f 1384//1384 1385//1385 1387//1387
f 1388//1388 1387//1387 1214//1214
f 1385//1385 1386//1386 1389//1389
f 1387//1387 1389//1389 1188//1188
f 1384//1384 1388//1388 1390//1390
f 1390//1390 1391//1391 1392//1392
f 1388//1388 1213//1213 1391//1391
f 1391//1391 1209//1209 1393//1393
f 1396//1396 1395//1395 1192//1192
f 1395//1395 1109//1109 921//921
f 1394//1394 1397//1397 1386//1386
f 1396//1396 1191//1191 1397//1397
f 1397//1397 1186//1186 1389//1389
f 1398//1398 1399//1399 1400//1400
f 1400//1400 1401//1401 1284//1284
f 1401//1401 1402//1402 1260//1260
f 1398//1398 1400//1400 1403//1403
f 1404//1404 1403//1403 1405//1405
f 1400//1400 1284//1284 1280//1280
f 1403//1403 1280//1280 1336//1336
f 1409//1409 1408//1408 1264//1264
f 1407//1407 1392//1392 1393//1393
f 1408//1408 1393//1393 1211//1211
f 1409//1409 1263//1263 1410//1410
f 1410//1410 1258//1258 1402//1402
f 1411//1411 1412//1412 1413//1413
f 1413//1413 1414//1414 1350//1350
f 1412//1412 1415//1415 1414//1414
f 1414//1414 1416//1416 1353//1353
f 1411//1411 1413//1413 1417//1417
f 1418//1418 1417//1417 1106//1106
f 1413//1413 1350//1350 1351//1351
f 1417//1417 1351//1351 975//975
f 1419//1419 1421//1421 1422//1422
f 1422//1422 1423//1423 1329//1329
f 1421//1421 1406//1406 1423//1423
f 1423//1423 1405//1405 1335//1335
f 1419//1419 1422//1422 1424//1424
f 1420//1420 1424//1424 1416//1416
f 1422//1422 1329//1329 1332//1332
f 1424//1424 1332//1332 1354//1354
f 1425//1425 1426//1426 1427//1427
f 1428//1428 1427//1427 1429//1429
f 1426//1426 1430//1430 1431//1431
f 1427//1427 1431//1431 1432//1432
f 1433//1433 1434//1434 1435//1435
f 1435//1435 1436//1436 671//671
f 1428//1428 1437//1437 1438//1438
f 1436//1436 1439//1439 646//646
f 1433//1433 1435//1435 1440//1440
f 1441//1441 1440//1440 1442//1442
f 1435//1435 670//670 1440//1440
f 1440//1440 666//666 668//668
f 1425//1425 1443//1443 1426//1426
f 1426//1426 1444//1444 1430//1430
f 1443//1443 1445//1445 1444//1444
f 1444//1444 1446//1446 1447//1447
f 1448//1448 1449//1449 1450//1450
f 1451//1451 1450//1450 1452//1452
f 1449//1449 1437//1437 1429//1429
f 1450//1450 1429//1429 1453//1453
f 1448//1448 1451//1451 1454//1454
f 1454//1454 1455//1455 1128//1128
f 1451//1451 1452//1452 1455//1455
f 1455//1455 1456//1456 1133//1133
f 1448//1448 1454//1454 1457//1457
f 1458//1458 1459//1459 651//651
f 1454//1454 1128//1128 1460//1460
f 1459//1459 1130//1130 687//687
f 1448//1448 1461//1461 1449//1449
f 1449//1449 1462//1462 1437//1437
f 1458//1458 650//650 1463//1463
f 1463//1463 644//644 1439//1439
f 1464//1464 1465//1465 1466//1466
f 1467//1467 1466//1466 1468//1468
f 1465//1465 1452//1452 1453//1453
f 1466//1466 1453//1453 1432//1432
f 1464//1464 1467//1467 1469//1469
f 1469//1469 1470//1470 1471//1471
f 1467//1467 1472//1472 1470//1470
f 1470//1470 1473//1473 1474//1474
f 1464//1464 1469//1469 1475//1475
f 1476//1476 1475//1475 1174//1174
f 1469//1469 1471//1471 1477//1477
f 1475//1475 1477//1477 1244//1244
f 1464//1464 1476//1476 1465//1465
f 1465//1465 1478//1478 1452//1452
f 1476//1476 1173//1173 1478//1478
f 1478//1478 1170//1170 1134//1134
f 1479//1479 1480//1480 1481//1481
f 1481//1481 1482//1482 1430//1430
f 1480//1480 1472//1472 1482//1482
f 1482//1482 1468//1468 1431//1431
f 1479//1479 1481//1481 1483//1483
f 1484//1484 1483//1483 1485//1485
f 1481//1481 1430//1430 1447//1447
f 1483//1483 1447//1447 1486//1486
f 1479//1479 1484//1484 1487//1487
f 1487//1487 1488//1488 1489//1489
f 1484//1484 1490//1490 1488//1488
f 1488//1488 1491//1491 1492//1492
f 1479//1479 1487//1487 1493//1493
f 1480//1480 1493//1493 1473//1473
f 1487//1487 1489//1489 1494//1494
f 1493//1493 1494//1494 1495//1495
f 1496//1496 1497//1497 1498//1498
f 1498//1498 1499//1499 1500//1500
f 1497//1497 1501//1501 1499//1499
f 1499//1499 1502//1502 1503//1503
f 1496//1496 1498//1498 1504//1504
f 1505//1505 1504//1504 1446//1446
f 1498//1498 1500//1500 1506//1506
f 1504//1504 1506//1506 1486//1486
f 1507//1507 1508//1508 1509//1509
f 1509//1509 1510//1510 1511//1511
f 1508//1508 1512//1512 1510//1510
f 1510//1510 1442//1442 1513//1513
f 1507//1507 1509//1509 1514//1514
f 1515//1515 1514//1514 1516//1516
f 1509//1509 1511//1511 1517//1517
f 1514//1514 1517//1517 1518//1518
f 1519//1519 1520//1520 1521//1521
f 1522//1522 1521//1521 1523//1523
f 1520//1520 1500//1500 1503//1503
f 1521//1521 1503//1503 1524//1524
f 1519//1519 1522//1522 1525//1525
f 1525//1525 1526//1526 1527//1527
f 1522//1522 1528//1528 1526//1526
f 1526//1526 1529//1529 1530//1530
f 1519//1519 1525//1525 1531//1531
f 1532//1532 1531//1531 1491//1491
f 1525//1525 1527//1527 1533//1533
f 1531//1531 1533//1533 1534//1534
f 1519//1519 1532//1532 1520//1520
f 1520//1520 1535//1535 1500//1500
f 1532//1532 1490//1490 1535//1535
f 1535//1535 1485//1485 1506//1506
f 1536//1536 1537//1537 1538//1538
f 1538//1538 1539//1539 1540//1540
f 1537//1537 1528//1528 1539//1539
f 1539//1539 1523//1523 1541//1541
f 1536//1536 1538//1538 1542//1542
f 1543//1543 1542//1542 1544//1544
f 1538//1538 1540//1540 1545//1545
f 1542//1542 1545//1545 1546//1546
f 1536//1536 1543//1543 1547//1547
f 1547//1547 1548//1548 1549//1549
f 1543//1543 1550//1550 1548//1548
f 1548//1548 1551//1551 1552//1552
f 1536//1536 1547//1547 1553//1553
f 1537//1537 1553//1553 1529//1529
f 1547//1547 1549//1549 1554//1554
f 1553//1553 1554//1554 1555//1555
f 1556//1556 1557//1557 1558//1558
f 1559//1559 1558//1558 1502//1502
f 1557//1557 1540//1540 1541//1541
f 1558//1558 1541//1541 1524//1524
f 1560//1560 1561//1561 1562//1562
f 1562//1562 1563//1563 1564//1564
f 1561//1561 1565//1565 1563//1563
f 1563//1563 1516//1516 1566//1566
f 1560//1560 1562//1562 1567//1567
f 1568//1568 1567//1567 1569//1569
f 1562//1562 1564//1564 1570//1570
f 1567//1567 1570//1570 1571//1571
f 1556//1556 1572//1572 1557//1557
f 1557//1557 1573//1573 1540//1540
f 1572//1572 1574//1574 1573//1573
f 1573//1573 1575//1575 1545//1545
f 1576//1576 1577//1577 1578//1578
f 1578//1578 1579//1579 1580//1580
f 1577//1577 1581//1581 1579//1579
f 1579//1579 1582//1582 1583//1583
f 1576//1576 1578//1578 1584//1584
f 1585//1585 1584//1584 1247//1247
f 1578//1578 1580//1580 1586//1586
f 1584//1584 1586//1586 1225//1225
f 1576//1576 1585//1585 1587//1587
f 1587//1587 1588//1588 1471//1471
f 1585//1585 1246//1246 1588//1588
f 1588//1588 1243//1243 1477//1477
f 1576//1576 1587//1587 1589//1589
f 1577//1577 1589//1589 1590//1590
f 1587//1587 1471//1471 1474//1474
f 1589//1589 1474//1474 1495//1495
f 1591//1591 1592//1592 1593//1593
f 1594//1594 1593//1593 1595//1595
f 1592//1592 1580//1580 1583//1583
f 1593//1593 1583//1583 1596//1596
f 1591//1591 1594//1594 1597//1597
f 1597//1597 1598//1598 1599//1599
f 1594//1594 1595//1595 1600//1600
f 1598//1598 1600//1600 1601//1601
f 1591//1591 1597//1597 1602//1602
f 1603//1603 1602//1602 1230//1230
f 1597//1597 1604//1604 1602//1602
f 1602//1602 1605//1605 1230//1230
f 1591//1591 1603//1603 1592//1592
f 1592//1592 1606//1606 1580//1580
f 1603//1603 1229//1229 1606//1606
f 1606//1606 1223//1223 1586//1586
f 1607//1607 1608//1608 1609//1609
f 1610//1610 1609//1609 1582//1582
f 1608//1608 1595//1595 1611//1611
f 1609//1609 1611//1611 1596//1596
f 1607//1607 1610//1610 1612//1612
f 1612//1612 1613//1613 1489//1489
f 1610//1610 1581//1581 1613//1613
f 1613//1613 1590//1590 1494//1494
f 1607//1607 1612//1612 1614//1614
f 1615//1615 1614//1614 1616//1616
f 1612//1612 1489//1489 1492//1492
f 1614//1614 1492//1492 1534//1534
f 1607//1607 1615//1615 1608//1608
f 1608//1608 1617//1617 1595//1595
f 1615//1615 1618//1618 1617//1617
f 1617//1617 1619//1619 1600//1600
f 1620//1620 1621//1621 1622//1622
f 1622//1622 1623//1623 1624//1624
f 1621//1621 1625//1625 1623//1623
f 1623//1623 1626//1626 1627//1627
f 1620//1620 1622//1622 1628//1628
f 1629//1629 1628//1628 1318//1318
f 1622//1622 1624//1624 1630//1630
f 1628//1628 1630//1630 1296//1296
f 1620//1620 1629//1629 1631//1631
f 1631//1631 1632//1632 1633//1633
f 1629//1629 1317//1317 1632//1632
f 1632//1632 1314//1314 1634//1634
f 1620//1620 1631//1631 1635//1635
f 1621//1621 1635//1635 1636//1636
f 1631//1631 1633//1633 1637//1637
f 1635//1635 1637//1637 1638//1638
f 1639//1639 1640//1640 1641//1641
f 1642//1642 1641//1641 1643//1643
f 1640//1640 1624//1624 1627//1627
f 1641//1641 1627//1627 1644//1644
f 1639//1639 1642//1642 1645//1645
f 1645//1645 1646//1646 1647//1647
f 1642//1642 1648//1648 1649//1649
f 1646//1646 1649//1649 1650//1650
f 1639//1639 1645//1645 1651//1651
f 1652//1652 1651//1651 1301//1301
f 1645//1645 1653//1653 1651//1651
f 1651//1651 1654//1654 1301//1301
f 1639//1639 1652//1652 1640//1640
f 1640//1640 1655//1655 1624//1624
f 1652//1652 1300//1300 1655//1655
f 1655//1655 1294//1294 1630//1630
f 1656//1656 1657//1657 1658//1658
f 1659//1659 1658//1658 1660//1660
f 1657//1657 1648//1648 1658//1658
f 1658//1658 1643//1643 1661//1661
f 1656//1656 1659//1659 1662//1662
f 1662//1662 1663//1663 1664//1664
f 1659//1659 1660//1660 1665//1665
f 1663//1663 1665//1665 1666//1666
f 1656//1656 1662//1662 1667//1667
f 1668//1668 1667//1667 1669//1669
f 1662//1662 1664//1664 1670//1670
f 1667//1667 1670//1670 1671//1671
f 1656//1656 1668//1668 1657//1657
f 1657//1657 1672//1672 1648//1648
f 1668//1668 1673//1673 1672//1672
f 1672//1672 1674//1674 1649//1649
f 1675//1675 1676//1676 1677//1677
f 1678//1678 1677//1677 1626//1626
f 1676//1676 1660//1660 1661//1661
f 1677//1677 1661//1661 1644//1644
f 1675//1675 1678//1678 1679//1679
f 1679//1679 1680//1680 1681//1681
f 1678//1678 1625//1625 1680//1680
f 1680//1680 1636//1636 1682//1682
f 1675//1675 1679//1679 1683//1683
f 1684//1684 1683//1683 1685//1685
f 1679//1679 1681//1681 1686//1686
f 1683//1683 1686//1686 1687//1687
f 1675//1675 1684//1684 1676//1676
f 1676//1676 1688//1688 1660//1660
f 1684//1684 1689//1689 1688//1688
f 1688//1688 1690//1690 1665//1665
f 1691//1691 1692//1692 1693//1693
f 1694//1694 1693//1693 1695//1695
f 1692//1692 1696//1696 1697//1697
f 1693//1693 1697//1697 1698//1698
f 1691//1691 1694//1694 1699//1699
f 1699//1699 1700//1700 1633//1633
f 1694//1694 1701//1701 1700//1700
f 1700//1700 1702//1702 1637//1637
f 1691//1691 1699//1699 1703//1703
f 1704//1704 1703//1703 1605//1605
f 1699//1699 1633//1633 1634//1634
f 1703//1703 1634//1634 1605//1605
f 1691//1691 1704//1704 1692//1692
f 1692//1692 1705//1705 1696//1696
f 1704//1704 1604//1604 1705//1705
f 1705//1705 1599//1599 1706//1706
f 1707//1707 1708//1708 1709//1709
f 1709//1709 1710//1710 1711//1711
f 1708//1708 1701//1701 1710//1710
f 1710//1710 1695//1695 1712//1712
f 1707//1707 1709//1709 1713//1713
f 1714//1714 1713//1713 1715//1715
f 1709//1709 1711//1711 1716//1716
f 1713//1713 1716//1716 1717//1717
f 1707//1707 1714//1714 1718//1718
f 1718//1718 1719//1719 1681//1681
f 1714//1714 1720//1720 1719//1719
f 1719//1719 1721//1721 1686//1686
f 1707//1707 1718//1718 1722//1722
f 1708//1708 1722//1722 1702//1702
f 1718//1718 1681//1681 1682//1682
f 1722//1722 1682//1682 1638//1638
f 1723//1723 1724//1724 1725//1725
f 1726//1726 1725//1725 1727//1727
f 1724//1724 1711//1711 1712//1712
f 1725//1725 1712//1712 1698//1698
f 1723//1723 1726//1726 1728//1728
f 1728//1728 1729//1729 1549//1549
f 1726//1726 1730//1730 1729//1729
f 1729//1729 1731//1731 1554//1554
f 1723//1723 1728//1728 1732//1732
f 1733//1733 1732//1732 1734//1734
f 1728//1728 1549//1549 1552//1552
f 1732//1732 1552//1552 1735//1735
f 1723//1723 1733//1733 1724//1724
f 1724//1724 1736//1736 1711//1711
f 1733//1733 1737//1737 1736//1736
f 1736//1736 1738//1738 1716//1716
f 1739//1739 1740//1740 1741//1741
f 1741//1741 1742//1742 1696//1696
f 1740//1740 1730//1730 1742//1742
f 1742//1742 1727//1727 1697//1697
f 1739//1739 1741//1741 1743//1743
f 1744//1744 1743//1743 1619//1619
f 1741//1741 1696//1696 1706//1706
f 1743//1743 1706//1706 1601//1601
f 1739//1739 1744//1744 1745//1745
f 1745//1745 1746//1746 1527//1527
f 1744//1744 1618//1618 1746//1746
f 1746//1746 1616//1616 1533//1533
f 1739//1739 1745//1745 1747//1747
f 1740//1740 1747//1747 1731//1731
f 1745//1745 1527//1527 1530//1530
f 1747//1747 1530//1530 1555//1555
f 1748//1748 1749//1749 1750//1750
f 1751//1751 1752//1752 1753//1753
f 1749//1749 1754//1754 1755//1755
f 1752//1752 1756//1756 1757//1757
f 1748//1748 1758//1758 1759//1759
f 1759//1759 1760//1760 1761//1761
f 1751//1751 1762//1762 1763//1763
f 1763//1763 1764//1764 1765//1765
f 1748//1748 1759//1759 1766//1766
f 1767//1767 1766//1766 610//610
f 1759//1759 1761//1761 1768//1768
f 1766//1766 1768//1768 1769//1769
f 1748//1748 1767//1767 1749//1749
f 1749//1749 1770//1770 1754//1754
f 1767//1767 609//609 1770//1770
f 1770//1770 603//603 1771//1771
f 1772//1772 1773//1773 1774//1774
f 1774//1774 1775//1775 1776//1776
f 1773//1773 1762//1762 1775//1775
f 1775//1775 1753//1753 1777//1777
f 1772//1772 1774//1774 1778//1778
f 1779//1779 1778//1778 1780//1780
f 1774//1774 1776//1776 1781//1781
f 1778//1778 1781//1781 1782//1782
f 1772//1772 1779//1779 1783//1783
f 1783//1783 1784//1784 1785//1785
f 1779//1779 1786//1786 1784//1784
f 1784//1784 1787//1787 1788//1788
f 1772//1772 1783//1783 1789//1789
f 1773//1773 1789//1789 1764//1764
f 1783//1783 1785//1785 1790//1790
f 1789//1789 1790//1790 1791//1791
f 1792//1792 1793//1793 1794//1794
f 1795//1795 1794//1794 1796//1796
f 1793//1793 1776//1776 1777//1777
f 1794//1794 1777//1777 1757//1757
f 1792//1792 1795//1795 1797//1797
f 1797//1797 1798//1798 1079//1079
f 1795//1795 1799//1799 1798//1798
f 1798//1798 1800//1800 1082//1082
f 1792//1792 1797//1797 1801//1801
f 1802//1802 1801//1801 1803//1803
f 1797//1797 1079//1079 1080//1080
f 1801//1801 1080//1080 1369//1369
f 1792//1792 1802//1802 1793//1793
f 1793//1793 1804//1804 1776//1776
f 1802//1802 1805//1805 1804//1804
f 1804//1804 1806//1806 1781//1781
f 1807//1807 1808//1808 1809//1809
f 1809//1809 1810//1810 1754//1754
f 1811//1811 1799//1799 1812//1812
f 1812//1812 1796//1796 1756//1756
f 1807//1807 1809//1809 1813//1813
f 1814//1814 1813//1813 635//635
f 1809//1809 1754//1754 1771//1771
f 1813//1813 1771//1771 605//605
f 1807//1807 1814//1814 1815//1815
f 1815//1815 1816//1816 1059//1059
f 1814//1814 634//634 1816//1816
f 1816//1816 630//630 1066//1066
f 1807//1807 1815//1815 1817//1817
f 1811//1811 1818//1818 1800//1800
f 1815//1815 1059//1059 1819//1819
f 1818//1818 1063//1063 1083//1083
f 1820//1820 1821//1821 1822//1822
f 1822//1822 1823//1823 1824//1824
f 1821//1821 1825//1825 1823//1823
f 1823//1823 1826//1826 1827//1827
f 1820//1820 1822//1822 1828//1828
f 1829//1829 1828//1828 1806//1806
f 1822//1822 1824//1824 1830//1830
f 1828//1828 1830//1830 1782//1782
f 1820//1820 1829//1829 1831//1831
f 1831//1831 1832//1832 1362//1362
f 1829//1829 1805//1805 1832//1832
f 1832//1832 1803//1803 1368//1368
f 1820//1820 1831//1831 1833//1833
f 1821//1821 1833//1833 1834//1834
f 1831//1831 1362//1362 1365//1365
f 1833//1833 1365//1365 1383//1383
f 1835//1835 1836//1836 1837//1837
f 1838//1838 1837//1837 1839//1839
f 1836//1836 1824//1824 1827//1827
f 1837//1837 1827//1827 1840//1840
f 1835//1835 1838//1838 1841//1841
f 1841//1841 1842//1842 1843//1843
f 1838//1838 1844//1844 1842//1842
f 1842//1842 1845//1845 1846//1846
f 1835//1835 1841//1841 1847//1847
f 1848//1848 1847//1847 1787//1787
f 1841//1841 1843//1843 1849//1849
f 1847//1847 1849//1849 1850//1850
f 1835//1835 1848//1848 1836//1836
f 1836//1836 1851//1851 1824//1824
f 1848//1848 1786//1786 1851//1851
f 1851//1851 1780//1780 1830//1830
f 1852//1852 1853//1853 1854//1854
f 1855//1855 1854//1854 1826//1826
f 1853//1853 1844//1844 1854//1854
f 1854//1854 1839//1839 1840//1840
f 1852//1852 1855//1855 1856//1856
f 1856//1856 1857//1857 1379//1379
f 1855//1855 1825//1825 1857//1857
f 1857//1857 1834//1834 1382//1382
f 1852//1852 1856//1856 1858//1858
f 1859//1859 1858//1858 1860//1860
f 1856//1856 1379//1379 1380//1380
f 1858//1858 1380//1380 1861//1861
f 1852//1852 1859//1859 1853//1853
f 1853//1853 1862//1862 1845//1845
f 1859//1859 1863//1863 1862//1862
f 1862//1862 1864//1864 1865//1865
f 1866//1866 1867//1867 1868//1868
f 1869//1869 1868//1868 1870//1870
f 1867//1867 1871//1871 1872//1872
f 1868//1868 1872//1872 1873//1873
f 1866//1866 1869//1869 1874//1874
f 1874//1874 1875//1875 608//608
f 1869//1869 1876//1876 1875//1875
f 1875//1875 1877//1877 614//614
f 1866//1866 1874//1874 1878//1878
f 1879//1879 1878//1878 1880//1880
f 1874//1874 608//608 611//611
f 1878//1878 611//611 1769//1769
f 1866//1866 1879//1879 1867//1867
f 1867//1867 1881//1881 1871//1871
f 1879//1879 1882//1882 1881//1881
f 1881//1881 1883//1883 1884//1884
f 1885//1885 1886//1886 1887//1887
f 1887//1887 1888//1888 1889//1889
f 1886//1886 1876//1876 1888//1888
f 1888//1888 1870//1870 1890//1890
f 1885//1885 1887//1887 1891//1891
f 1892//1892 1891//1891 1511//1511
f 1887//1887 1889//1889 1893//1893
f 1891//1891 1893//1893 1517//1517
f 1885//1885 1892//1892 1894//1894
f 1894//1894 1895//1895 662//662
f 1892//1892 1511//1511 1513//1513
f 1895//1895 1513//1513 667//667
f 1885//1885 1894//1894 1896//1896
f 1886//1886 1896//1896 1877//1877
f 1894//1894 662//662 663//663
f 1896//1896 663//663 615//615
f 1897//1897 1898//1898 1899//1899
f 1900//1900 1899//1899 1901//1901
f 1898//1898 1889//1889 1890//1890
f 1899//1899 1890//1890 1873//1873
f 1897//1897 1900//1900 1902//1902
f 1902//1902 1903//1903 1904//1904
f 1900//1900 1905//1905 1903//1903
f 1903//1903 1906//1906 1907//1907
f 1897//1897 1902//1902 1908//1908
f 1909//1909 1908//1908 1564//1564
f 1902//1902 1904//1904 1910//1910
f 1908//1908 1910//1910 1571//1571
f 1897//1897 1909//1909 1898//1898
f 1898//1898 1911//1911 1889//1889
f 1909//1909 1564//1564 1566//1566
f 1911//1911 1566//1566 1518//1518
f 1912//1912 1913//1913 1914//1914
f 1914//1914 1915//1915 1871//1871
f 1913//1913 1905//1905 1915//1915
f 1915//1915 1901//1901 1872//1872
f 1912//1912 1914//1914 1916//1916
f 1917//1917 1916//1916 1918//1918
f 1914//1914 1871//1871 1884//1884
f 1916//1916 1884//1884 1919//1919
f 1912//1912 1917//1917 1920//1920
f 1920//1920 1921//1921 1922//1922
f 1917//1917 1923//1923 1921//1921
f 1921//1921 1924//1924 1925//1925
f 1912//1912 1920//1920 1926//1926
f 1913//1913 1926//1926 1906//1906
f 1920//1920 1922//1922 1927//1927
f 1926//1926 1927//1927 1928//1928
f 1929//1929 1930//1930 1931//1931
f 1931//1931 1932//1932 1933//1933
f 1934//1934 1935//1935 1936//1936
f 1936//1936 1937//1937 1938//1938
f 1929//1929 1931//1931 1939//1939
f 1940//1940 1939//1939 1883//1883
f 1931//1931 1933//1933 1941//1941
f 1939//1939 1941//1941 1919//1919
f 1929//1929 1940//1940 1942//1942
f 1942//1942 1943//1943 1761//1761
f 1940//1940 1882//1882 1943//1943
f 1943//1943 1880//1880 1768//1768
f 1929//1929 1942//1942 1944//1944
f 1934//1934 1945//1945 1946//1946
f 1942//1942 1761//1761 1947//1947
f 1945//1945 1765//1765 1791//1791
f 1948//1948 1949//1949 1950//1950
f 1951//1951 1952//1952 1953//1953
f 1949//1949 1933//1933 1954//1954
f 1952//1952 1938//1938 1955//1955
f 1948//1948 1956//1956 1957//1957
f 1957//1957 1958//1958 1959//1959
f 1951//1951 1960//1960 1961//1961
f 1961//1961 1962//1962 1963//1963
f 1948//1948 1957//1957 1964//1964
f 1965//1965 1964//1964 1924//1924
f 1957//1957 1959//1959 1966//1966
f 1964//1964 1966//1966 1967//1967
f 1948//1948 1965//1965 1949//1949
f 1949//1949 1968//1968 1933//1933
f 1965//1965 1923//1923 1968//1968
f 1968//1968 1918//1918 1941//1941
f 1969//1969 1970//1970 1971//1971
f 1971//1971 1972//1972 1973//1973
f 1970//1970 1960//1960 1972//1972
f 1972//1972 1953//1953 1974//1974
f 1969//1969 1971//1971 1975//1975
f 1976//1976 1975//1975 1977//1977
f 1971//1971 1973//1973 1978//1978
f 1975//1975 1978//1978 1979//1979
f 1969//1969 1976//1976 1980//1980
f 1980//1980 1981//1981 1982//1982
f 1976//1976 1983//1983 1981//1981
f 1981//1981 1984//1984 1985//1985
f 1969//1969 1980//1980 1986//1986
f 1970//1970 1986//1986 1962//1962
f 1980//1980 1982//1982 1987//1987
f 1986//1986 1987//1987 1988//1988
f 1989//1989 1990//1990 1991//1991
f 1992//1992 1991//1991 1937//1937
f 1990//1990 1973//1973 1974//1974
f 1991//1991 1974//1974 1955//1955
f 1989//1989 1992//1992 1993//1993
f 1993//1993 1994//1994 1785//1785
f 1992//1992 1935//1935 1994//1994
f 1994//1994 1946//1946 1790//1790
f 1989//1989 1993//1993 1995//1995
f 1996//1996 1995//1995 1997//1997
f 1993//1993 1785//1785 1788//1788
f 1995//1995 1788//1788 1850//1850
f 1989//1989 1996//1996 1990//1990
f 1990//1990 1998//1998 1973//1973
f 1996//1996 1999//1999 1998//1998
f 1998//1998 2000//2000 1978//1978
f 2001//2001 2002//2002 2003//2003
f 2004//2004 2003//2003 2005//2005
f 2002//2002 2006//2006 2007//2007
f 2003//2003 2007//2007 2008//2008
f 2001//2001 2004//2004 2009//2009
f 2009//2009 2010//2010 1863//1863
f 2004//2004 2011//2011 2010//2010
f 2010//2010 2012//2012 1864//1864
f 2001//2001 2009//2009 2013//2013
f 2013//2013 2014//2014 1653//1653
f 2009//2009 1863//1863 2014//2014
f 2014//2014 1860//1860 1654//1654
f 2001//2001 2013//2013 2002//2002
f 2002//2002 2015//2015 2006//2006
f 2013//2013 1653//1653 2015//2015
f 2015//2015 1647//1647 2016//2016
f 2017//2017 2018//2018 2019//2019
f 2019//2019 2020//2020 2021//2021
f 2018//2018 2011//2011 2020//2020
f 2020//2020 2005//2005 2022//2022
f 2017//2017 2019//2019 2023//2023
f 2024//2024 2023//2023 2000//2000
f 2019//2019 2021//2021 2025//2025
f 2023//2023 2025//2025 1979//1979
f 2017//2017 2024//2024 2026//2026
f 2026//2026 2027//2027 1843//1843
f 2024//2024 1999//1999 2027//2027
f 2027//2027 1997//1997 1849//1849
f 2017//2017 2026//2026 2028//2028
f 2018//2018 2028//2028 2012//2012
f 2026//2026 1843//1843 1846//1846
f 2028//2028 1846//1846 1865//1865
f 2029//2029 2030//2030 2031//2031
f 2032//2032 2031//2031 2033//2033
f 2030//2030 2021//2021 2022//2022
f 2031//2031 2022//2022 2008//2008
f 2029//2029 2032//2032 2034//2034
f 2034//2034 2035//2035 2036//2036
f 2032//2032 2037//2037 2035//2035
f 2035//2035 2038//2038 2039//2039
f 2029//2029 2034//2034 2040//2040
f 2041//2041 2040//2040 1984//1984
f 2034//2034 2036//2036 2042//2042
f 2040//2040 2042//2042 2043//2043
f 2029//2029 2041//2041 2030//2030
f 2030//2030 2044//2044 2021//2021
f 2041//2041 1983//1983 2044//2044
f 2044//2044 1977//1977 2025//2025
f 2045//2045 2046//2046 2047//2047
f 2047//2047 2048//2048 2006//2006
f 2046//2046 2037//2037 2048//2048
f 2048//2048 2033//2033 2007//2007
f 2045//2045 2047//2047 2049//2049
f 2050//2050 2049//2049 1674//1674
f 2047//2047 2006//2006 2016//2016
f 2049//2049 2016//2016 1650//1650
f 2045//2045 2050//2050 2051//2051
f 2051//2051 2052//2052 2053//2053
f 2050//2050 1673//1673 2052//2052
f 2052//2052 1669//1669 2054//2054
f 2045//2045 2051//2051 2055//2055
f 2046//2046 2055//2055 2038//2038
f 2051//2051 2053//2053 2056//2056
f 2055//2055 2056//2056 2057//2057
f 2058//2058 2059//2059 2060//2060
f 2060//2060 2061//2061 2062//2062
f 2063//2063 2064//2064 2065//2065
f 2065//2065 2066//2066 2067//2067
f 2058//2058 2060//2060 2068//2068
f 2068//2068 2069//2069 2070//2070
f 2060//2060 2071//2071 2069//2069
f 2069//2069 2072//2072 2073//2073
f 2058//2058 2068//2068 2074//2074
f 2074//2074 2075//2075 2076//2076
f 2068//2068 2070//2070 2077//2077
f 2075//2075 2077//2077 2078//2078
f 2058//2058 2074//2074 2079//2079
f 2063//2063 2080//2080 2081//2081
f 2074//2074 2076//2076 2082//2082
f 2080//2080 2083//2083 2084//2084
f 2085//2085 2086//2086 2087//2087
f 2088//2088 2089//2089 2090//2090
f 2086//2086 2071//2071 2091//2091
f 2089//2089 2067//2067 2092//2092
f 2085//2085 2087//2087 2093//2093
f 2094//2094 2093//2093 2095//2095
f 2088//2088 2090//2090 2096//2096
f 2097//2097 2096//2096 2098//2098
f 2085//2085 2094//2094 2099//2099
f 2099//2099 2100//2100 2101//2101
f 2094//2094 2102//2102 2100//2100
f 2100//2100 2103//2103 2104//2104
f 2085//2085 2099//2099 2105//2105
f 2086//2086 2105//2105 2072//2072
f 2099//2099 2101//2101 2106//2106
f 2105//2105 2106//2106 2107//2107
f 2108//2108 2109//2109 2110//2110
f 2110//2110 2111//2111 2112//2112
f 2109//2109 2090//2090 2092//2092
f 2111//2111 2092//2092 2113//2113
f 2108//2108 2110//2110 2114//2114
f 2115//2115 2114//2114 2116//2116
f 2110//2110 2112//2112 2117//2117
f 2114//2114 2117//2117 2118//2118
f 2108//2108 2115//2115 2119//2119
f 2120//2120 2119//2119 2121//2121
f 2115//2115 2122//2122 2119//2119
f 2119//2119 2123//2123 2121//2121
f 2108//2108 2120//2120 2109//2109
f 2109//2109 2124//2124 2090//2090
f 2120//2120 2125//2125 2124//2124
f 2124//2124 2126//2126 2096//2096
f 2127//2127 2128//2128 2129//2129
f 2130//2130 2129//2129 2066//2066
f 2128//2128 2112//2112 2113//2113
f 2129//2129 2113//2113 2131//2131
f 2127//2127 2130//2130 2132//2132
f 2132//2132 2133//2133 2134//2134
f 2130//2130 2064//2064 2133//2133
f 2133//2133 2081//2081 2135//2135
f 2127//2127 2132//2132 2136//2136
f 2137//2137 2136//2136 2138//2138
f 2132//2132 2134//2134 2139//2139
f 2136//2136 2139//2139 2140//2140
f 2127//2127 2137//2137 2128//2128
f 2128//2128 2141//2141 2112//2112
f 2137//2137 2142//2142 2141//2141
f 2141//2141 2143//2143 2117//2117
f 2144//2144 2145//2145 2146//2146
f 2146//2146 2147//2147 2148//2148
f 2145//2145 2149//2149 2150//2150
f 2147//2147 2150//2150 2151//2151
f 2144//2144 2146//2146 2152//2152
f 2153//2153 2152//2152 2126//2126
f 2146//2146 2148//2148 2154//2154
f 2152//2152 2154//2154 2098//2098
f 2144//2144 2153//2153 2155//2155
f 2155//2155 2156//2156 2157//2157
f 2153//2153 2125//2125 2156//2156
f 2156//2156 2121//2121 2158//2158
f 2144//2144 2155//2155 2159//2159
f 2145//2145 2159//2159 2149//2149
f 2155//2155 2160//2160 2159//2159
f 2159//2159 2161//2161 2162//2162
f 2163//2163 2164//2164 2165//2165
f 2166//2166 2167//2167 2168//2168
f 2169//2169 2148//2148 2170//2170
f 2167//2167 2170//2170 2151//2151
f 2163//2163 2171//2171 2172//2172
f 2172//2172 2173//2173 2174//2174
f 2166//2166 2175//2175 2176//2176
f 2176//2176 2177//2177 2178//2178
f 2163//2163 2172//2172 2179//2179
f 2180//2180 2179//2179 2103//2103
f 2172//2172 2174//2174 2181//2181
f 2179//2179 2181//2181 2182//2182
f 2163//2163 2180//2180 2164//2164
f 2169//2169 2183//2183 2148//2148
f 2180//2180 2102//2102 2184//2184
f 2183//2183 2185//2185 2154//2154
f 2186//2186 2187//2187 2188//2188
f 2188//2188 2189//2189 2150//2150
f 2187//2187 2175//2175 2189//2189
f 2189//2189 2168//2168 2151//2151
f 2186//2186 2188//2188 2190//2190
f 2191//2191 2190//2190 2192//2192
f 2188//2188 2149//2149 2162//2162
f 2190//2190 2162//2162 2193//2193
f 2186//2186 2191//2191 2194//2194
f 2194//2194 2195//2195 2196//2196
f 2191//2191 2197//2197 2195//2195
f 2195//2195 2198//2198 2199//2199
f 2186//2186 2194//2194 2200//2200
f 2187//2187 2200//2200 2177//2177
f 2194//2194 2196//2196 2201//2201
f 2200//2200 2201//2201 2202//2202
f 2203//2203 2204//2204 2205//2205
f 2205//2205 2206//2206 2207//2207
f 2204//2204 2208//2208 2209//2209
f 2206//2206 2209//2209 2210//2210
f 2203//2203 2205//2205 2211//2211
f 2212//2212 2211//2211 2213//2213
f 2205//2205 2207//2207 2214//2214
f 2211//2211 2214//2214 2215//2215
f 2203//2203 2212//2212 2216//2216
f 2216//2216 2217//2217 2218//2218
f 2212//2212 2219//2219 2217//2217
f 2217//2217 2220//2220 2221//2221
f 2203//2203 2216//2216 2222//2222
f 2204//2204 2222//2222 2208//2208
f 2216//2216 2218//2218 2223//2223
f 2222//2222 2223//2223 2224//2224
f 2225//2225 2226//2226 2227//2227
f 2228//2228 2229//2229 2230//2230
f 2231//2231 2207//2207 2232//2232
f 2229//2229 2232//2232 2210//2210
f 2225//2225 2233//2233 2234//2234
f 2234//2234 2235//2235 2076//2076
f 2228//2228 2236//2236 2237//2237
f 2237//2237 2238//2238 2083//2083
f 2225//2225 2234//2234 2239//2239
f 2240//2240 2239//2239 2241//2241
f 2234//2234 2076//2076 2242//2242
f 2239//2239 2242//2242 2243//2243
f 2225//2225 2240//2240 2226//2226
f 2231//2231 2244//2244 2207//2207
f 2240//2240 2241//2241 2245//2245
f 2244//2244 2246//2246 2214//2214
f 2247//2247 2248//2248 2249//2249
f 2249//2249 2250//2250 2208//2208
f 2248//2248 2236//2236 2250//2250
f 2250//2250 2230//2230 2210//2210
f 2247//2247 2249//2249 2251//2251
f 2252//2252 2251//2251 2253//2253
f 2249//2249 2208//2208 2224//2224
f 2251//2251 2224//2224 2254//2254
f 2247//2247 2252//2252 2255//2255
f 2255//2255 2256//2256 2134//2134
f 2252//2252 2257//2257 2256//2256
f 2256//2256 2258//2258 2139//2139
f 2247//2247 2255//2255 2259//2259
f 2248//2248 2259//2259 2238//2238
f 2255//2255 2134//2134 2135//2135
f 2259//2259 2135//2135 2084//2084
f 2260//2260 2261//2261 2262//2262
f 2262//2262 2263//2263 2264//2264
f 2261//2261 2265//2265 2263//2263
f 2263//2263 2266//2266 2267//2267
f 2260//2260 2262//2262 2268//2268
f 2269//2269 2268//2268 2270//2270
f 2262//2262 2264//2264 2271//2271
f 2268//2268 2271//2271 2272//2272
f 2260//2260 2269//2269 2273//2273
f 2274//2274 2273//2273 1551//1551
f 2269//2269 2270//2270 2275//2275
f 2273//2273 2275//2275 1735//1735
f 2260//2260 2274//2274 2276//2276
f 2261//2261 2276//2276 2277//2277
f 2274//2274 1550//1550 2276//2276
f 2276//2276 1544//1544 1546//1546
f 2278//2278 2279//2279 2280//2280
f 2281//2281 2280//2280 2282//2282
f 2279//2279 2264//2264 2267//2267
f 2280//2280 2267//2267 2283//2283
f 2278//2278 2281//2281 2284//2284
f 2284//2284 2285//2285 2196//2196
f 2281//2281 2286//2286 2285//2285
f 2285//2285 2287//2287 2201//2201
f 2278//2278 2284//2284 2288//2288
f 2289//2289 2288//2288 2290//2290
f 2284//2284 2196//2196 2291//2291
f 2288//2288 2291//2291 2199//2199
f 2278//2278 2289//2289 2279//2279
f 2279//2279 2292//2292 2264//2264
f 2289//2289 2293//2293 2292//2292
f 2292//2292 2294//2294 2271//2271
f 2295//2295 2296//2296 2297//2297
f 2297//2297 2298//2298 2299//2299
f 2300//2300 2286//2286 2301//2301
f 2301//2301 2282//2282 2302//2302
f 2295//2295 2297//2297 2303//2303
f 2304//2304 2303//2303 2305//2305
f 2297//2297 2299//2299 2306//2306
f 2303//2303 2306//2306 2307//2307
f 2295//2295 2304//2304 2308//2308
f 2308//2308 2309//2309 2174//2174
f 2304//2304 2310//2310 2309//2309
f 2309//2309 2311//2311 2181//2181
f 2295//2295 2308//2308 2312//2312
f 2300//2300 2313//2313 2287//2287
f 2308//2308 2174//2174 2314//2314
f 2313//2313 2178//2178 2202//2202
f 2315//2315 2316//2316 2317//2317
f 2318//2318 2319//2319 2266//2266
f 2316//2316 2299//2299 2320//2320
f 2319//2319 2302//2302 2283//2283
f 2315//2315 2321//2321 2322//2322
f 2322//2322 2323//2323 2324//2324
f 2318//2318 2265//2265 2325//2325
f 2325//2325 2277//2277 1575//1575
f 2315//2315 2322//2322 2326//2326
f 2327//2327 2326//2326 2328//2328
f 2322//2322 2324//2324 1569//1569
f 2326//2326 1569//1569 1571//1571
f 2315//2315 2327//2327 2316//2316
f 2316//2316 2329//2329 2299//2299
f 2327//2327 2330//2330 2329//2329
f 2329//2329 2331//2331 2306//2306
f 2332//2332 2333//2333 2334//2334
f 2334//2334 2335//2335 2336//2336
f 2333//2333 2337//2337 2335//2335
f 2335//2335 2338//2338 2339//2339
f 2332//2332 2334//2334 2340//2340
f 2341//2341 2340//2340 1738//1738
f 2334//2334 2336//2336 2342//2342
f 2340//2340 2342//2342 1717//1717
f 2332//2332 2341//2341 2343//2343
f 2343//2343 2344//2344 2270//2270
f 2341//2341 1737//1737 2344//2344
f 2344//2344 1734//1734 2275//2275
f 2332//2332 2343//2343 2345//2345
f 2333//2333 2345//2345 2346//2346
f 2343//2343 2270//2270 2272//2272
f 2345//2345 2272//2272 2347//2347
f 2348//2348 2349//2349 2350//2350
f 2351//2351 2350//2350 2352//2352
f 2349//2349 2336//2336 2339//2339
f 2350//2350 2339//2339 2353//2353
f 2348//2348 2351//2351 2354//2354
f 2354//2354 2355//2355 2356//2356
f 2351//2351 2357//2357 2355//2355
f 2355//2355 2358//2358 2359//2359
f 2348//2348 2354//2354 2360//2360
f 2361//2361 2360//2360 1721//1721
f 2354//2354 2356//2356 2362//2362
f 2360//2360 2362//2362 1687//1687
f 2348//2348 2361//2361 2349//2349
f 2349//2349 2363//2363 2336//2336
f 2361//2361 1720//1720 2363//2363
f 2363//2363 1715//1715 2342//2342
f 2364//2364 2365//2365 2366//2366
f 2366//2366 2367//2367 2368//2368
f 2365//2365 2357//2357 2367//2367
f 2367//2367 2352//2352 2369//2369
f 2364//2364 2366//2366 2370//2370
f 2371//2371 2370//2370 2161//2161
f 2366//2366 2368//2368 2372//2372
f 2370//2370 2372//2372 2193//2193
f 2364//2364 2371//2371 2373//2373
f 2373//2373 2374//2374 2375//2375
f 2371//2371 2160//2160 2374//2374
f 2374//2374 2157//2157 2376//2376
f 2364//2364 2373//2373 2377//2377
f 2365//2365 2377//2377 2358//2358
f 2373//2373 2375//2375 2378//2378
f 2377//2377 2378//2378 2379//2379
f 2380//2380 2381//2381 2382//2382
f 2383//2383 2382//2382 2338//2338
f 2381//2381 2368//2368 2369//2369
f 2382//2382 2369//2369 2353//2353
f 2380//2380 2383//2383 2384//2384
f 2384//2384 2385//2385 2293//2293
f 2383//2383 2337//2337 2385//2385
f 2385//2385 2346//2346 2294//2294
f 2380//2380 2384//2384 2386//2386
f 2387//2387 2386//2386 2198//2198
f 2384//2384 2293//2293 2290//2290
f 2386//2386 2290//2290 2198//2198
f 2380//2380 2387//2387 2381//2381
f 2381//2381 2388//2388 2368//2368
f 2387//2387 2197//2197 2388//2388
f 2388//2388 2192//2192 2372//2372
f 2389//2389 2390//2390 2391//2391
f 2391//2391 2392//2392 2393//2393
f 2390//2390 2394//2394 2392//2392
f 2392//2392 2395//2395 2396//2396
f 2389//2389 2391//2391 2397//2397
f 2398//2398 2397//2397 1690//1690
f 2391//2391 2393//2393 2399//2399
f 2397//2397 2399//2399 1666//1666
f 2389//2389 2398//2398 2400//2400
f 2400//2400 2401//2401 2356//2356
f 2398//2398 1689//1689 2401//2401
f 2401//2401 1685//1685 2362//2362
f 2389//2389 2400//2400 2402//2402
f 2390//2390 2402//2402 2403//2403
f 2400//2400 2356//2356 2359//2359
f 2402//2402 2359//2359 2379//2379
f 2404//2404 2405//2405 2406//2406
f 2407//2407 2406//2406 2408//2408
f 2405//2405 2393//2393 2396//2396
f 2406//2406 2396//2396 2409//2409
f 2404//2404 2407//2407 2410//2410
f 2411//2411 2410//2410 2412//2412
f 2407//2407 2413//2413 2410//2410
f 2410//2410 2414//2414 2415//2415
f 2404//2404 2411//2411 2416//2416
f 2416//2416 2417//2417 1664//1664
f 2411//2411 2418//2418 2417//2417
f 2417//2417 2419//2419 1670//1670
f 2404//2404 2416//2416 2420//2420
f 2405//2405 2420//2420 2393//2393
f 2416//2416 1664//1664 2421//2421
f 2420//2420 2421//2421 2399//2399
f 2422//2422 2423//2423 2424//2424
f 2424//2424 2425//2425 2426//2426
f 2423//2423 2413//2413 2425//2425
f 2425//2425 2408//2408 2427//2427
f 2422//2422 2424//2424 2428//2428
f 2429//2429 2428//2428 2143//2143
f 2424//2424 2426//2426 2430//2430
f 2428//2428 2430//2430 2118//2118
f 2422//2422 2429//2429 2431//2431
f 2431//2431 2432//2432 2433//2433
f 2429//2429 2142//2142 2432//2432
f 2432//2432 2138//2138 2434//2434
f 2422//2422 2431//2431 2435//2435
f 2423//2423 2435//2435 2414//2414
f 2431//2431 2433//2433 2436//2436
f 2435//2435 2436//2436 2415//2415
f 2437//2437 2438//2438 2439//2439
f 2440//2440 2439//2439 2395//2395
f 2438//2438 2426//2426 2427//2427
f 2439//2439 2427//2427 2409//2409
f 2437//2437 2440//2440 2441//2441
f 2441//2441 2442//2442 2375//2375
f 2440//2440 2394//2394 2442//2442
f 2442//2442 2403//2403 2378//2378
f 2437//2437 2441//2441 2443//2443
f 2444//2444 2443//2443 2123//2123
f 2441//2441 2375//2375 2376//2376
f 2443//2443 2376//2376 2158//2158
f 2437//2437 2444//2444 2438//2438
f 2438//2438 2445//2445 2426//2426
f 2444//2444 2122//2122 2445//2445
f 2445//2445 2116//2116 2430//2430
f 2446//2446 2447//2447 2448//2448
f 2449//2449 2448//2448 2450//2450
f 2447//2447 2451//2451 2452//2452
f 2448//2448 2452//2452 2453//2453
f 2446//2446 2449//2449 2454//2454
f 2454//2454 2455//2455 2053//2053
f 2449//2449 2456//2456 2455//2455
f 2455//2455 2457//2457 2056//2056
f 2446//2446 2454//2454 2458//2458
f 2459//2459 2458//2458 2419//2419
f 2454//2454 2053//2053 2054//2054
f 2458//2458 2054//2054 1671//1671
f 2446//2446 2459//2459 2447//2447
f 2447//2447 2460//2460 2451//2451
f 2459//2459 2418//2418 2460//2460
f 2460//2460 2412//2412 2461//2461
f 2462//2462 2463//2463 2464//2464
f 2464//2464 2465//2465 2466//2466
f 2463//2463 2456//2456 2465//2465
f 2465//2465 2450//2450 2467//2467
f 2462//2462 2464//2464 2468//2468
f 2469//2469 2468//2468 2470//2470
f 2464//2464 2466//2466 2471//2471
f 2468//2468 2471//2471 2472//2472
f 2462//2462 2469//2469 2473//2473
f 2473//2473 2474//2474 2036//2036
f 2469//2469 2475//2475 2474//2474
f 2474//2474 2476//2476 2042//2042
f 2462//2462 2473//2473 2477//2477
f 2463//2463 2477//2477 2457//2457
f 2473//2473 2036//2036 2039//2039
f 2477//2477 2039//2039 2057//2057
f 2478//2478 2479//2479 2480//2480
f 2481//2481 2480//2480 2482//2482
f 2479//2479 2466//2466 2467//2467
f 2480//2480 2467//2467 2453//2453
f 2478//2478 2481//2481 2483//2483
f 2483//2483 2484//2484 2218//2218
f 2481//2481 2485//2485 2484//2484
f 2484//2484 2486//2486 2223//2223
f 2478//2478 2483//2483 2487//2487
f 2488//2488 2487//2487 2489//2489
f 2483//2483 2218//2218 2221//2221
f 2487//2487 2221//2221 2490//2490
f 2478//2478 2488//2488 2479//2479
f 2479//2479 2491//2491 2466//2466
f 2488//2488 2489//2489 2491//2491
f 2491//2491 2492//2492 2471//2471
f 2493//2493 2494//2494 2495//2495
f 2495//2495 2496//2496 2451//2451
f 2494//2494 2485//2485 2496//2496
f 2496//2496 2482//2482 2452//2452
f 2493//2493 2495//2495 2497//2497
f 2497//2497 2498//2498 2433//2433
f 2495//2495 2451//2451 2461//2461
f 2498//2498 2461//2461 2436//2436
f 2493//2493 2497//2497 2499//2499
f 2500//2500 2499//2499 2258//2258
f 2497//2497 2433//2433 2434//2434
f 2499//2499 2434//2434 2140//2140
f 2493//2493 2500//2500 2494//2494
f 2494//2494 2501//2501 2486//2486
f 2500//2500 2257//2257 2501//2501
f 2501//2501 2253//2253 2486//2486
f 2502//2502 2503//2503 2504//2504
f 2504//2504 2505//2505 2506//2506
f 2507//2507 2508//2508 2509//2509
f 2509//2509 2510//2510 2511//2511
f 2502//2502 2504//2504 2512//2512
f 2513//2513 2512//2512 2514//2514
f 2504//2504 2506//2506 2515//2515
f 2512//2512 2515//2515 2516//2516
f 2502//2502 2513//2513 2517//2517
f 2517//2517 2518//2518 1959//1959
f 2513//2513 2519//2519 2518//2518
f 2518//2518 2520//2520 1966//1966
f 2502//2502 2517//2517 2521//2521
f 2507//2507 2522//2522 2523//2523
f 2517//2517 1959//1959 2524//2524
f 2522//2522 1963//1963 1988//1988
f 2525//2525 2526//2526 2527//2527
f 2528//2528 2529//2529 2530//2530
f 2526//2526 2506//2506 2531//2531
f 2529//2529 2511//2511 2532//2532
f 2525//2525 2533//2533 2534//2534
f 2534//2534 2535//2535 2241//2241
f 2528//2528 2536//2536 2537//2537
f 2537//2537 2538//2538 2215//2215
f 2525//2525 2534//2534 2539//2539
f 2540//2540 2539//2539 2541//2541
f 2534//2534 2241//2241 2243//2243
f 2539//2539 2243//2243 2078//2078
f 2525//2525 2540//2540 2526//2526
f 2526//2526 2542//2542 2506//2506
f 2540//2540 2543//2543 2542//2542
f 2542//2542 2544//2544 2515//2515
f 2545//2545 2546//2546 2547//2547
f 2548//2548 2547//2547 2549//2549
f 2546//2546 2536//2536 2530//2530
f 2547//2547 2530//2530 2550//2550
f 2545//2545 2548//2548 2551//2551
f 2551//2551 2552//2552 2489//2489
f 2548//2548 2549//2549 2552//2552
f 2552//2552 2553//2553 2472//2472
f 2545//2545 2551//2551 2554//2554
f 2555//2555 2554//2554 2220//2220
f 2551//2551 2489//2489 2556//2556
f 2554//2554 2556//2556 2490//2490
f 2545//2545 2555//2555 2546//2546
f 2546//2546 2557//2557 2536//2536
f 2555//2555 2219//2219 2557//2557
f 2557//2557 2213//2213 2538//2538
f 2558//2558 2559//2559 2560//2560
f 2561//2561 2560//2560 2510//2510
f 2559//2559 2549//2549 2550//2550
f 2560//2560 2550//2550 2532//2532
f 2558//2558 2561//2561 2562//2562
f 2562//2562 2563//2563 1982//1982
f 2561//2561 2508//2508 2563//2563
f 2563//2563 2523//2523 1987//1987
f 2558//2558 2562//2562 2564//2564
f 2565//2565 2564//2564 2476//2476
f 2562//2562 1982//1982 1985//1985
f 2564//2564 1985//1985 2043//2043
f 2558//2558 2565//2565 2559//2559
f 2559//2559 2566//2566 2549//2549
f 2565//2565 2475//2475 2566//2566
f 2566//2566 2470//2470 2553//2553
f 2567//2567 2568//2568 2569//2569
f 2569//2569 2570//2570 2571//2571
f 2568//2568 2572//2572 2570//2570
f 2570//2570 2573//2573 2574//2574
f 2567//2567 2569//2569 2575//2575
f 2576//2576 2575//2575 2331//2331
f 2569//2569 2571//2571 2577//2577
f 2575//2575 2577//2577 2307//2307
f 2567//2567 2576//2576 2578//2578
f 2578//2578 2579//2579 1904//1904
f 2576//2576 2330//2330 2579//2579
f 2579//2579 2328//2328 1910//1910
f 2567//2567 2578//2578 2580//2580
f 2568//2568 2580//2580 2581//2581
f 2578//2578 1904//1904 1907//1907
f 2580//2580 1907//1907 1928//1928
f 2582//2582 2583//2583 2584//2584
f 2585//2585 2584//2584 2586//2586
f 2583//2583 2571//2571 2574//2574
f 2584//2584 2574//2574 2587//2587
f 2582//2582 2585//2585 2588//2588
f 2588//2588 2589//2589 2101//2101
f 2585//2585 2590//2590 2589//2589
f 2589//2589 2591//2591 2106//2106
f 2582//2582 2588//2588 2592//2592
f 2593//2593 2592//2592 2311//2311
f 2588//2588 2101//2101 2104//2104
f 2592//2592 2104//2104 2182//2182
f 2582//2582 2593//2593 2583//2583
f 2583//2583 2594//2594 2571//2571
f 2593//2593 2310//2310 2594//2594
f 2594//2594 2305//2305 2577//2577
f 2595//2595 2596//2596 2597//2597
f 2597//2597 2598//2598 2599//2599
f 2596//2596 2590//2590 2598//2598
f 2598//2598 2586//2586 2600//2600
f 2595//2595 2597//2597 2601//2601
f 2602//2602 2601//2601 2544//2544
f 2597//2597 2599//2599 2603//2603
f 2601//2601 2603//2603 2516//2516
f 2595//2595 2602//2602 2604//2604
f 2604//2604 2605//2605 2070//2070
f 2602//2602 2543//2543 2605//2605
f 2605//2605 2541//2541 2077//2077
f 2595//2595 2604//2604 2606//2606
f 2596//2596 2606//2606 2591//2591
f 2604//2604 2070//2070 2073//2073
f 2606//2606 2073//2073 2107//2107
f 2607//2607 2608//2608 2609//2609
f 2610//2610 2609//2609 2573//2573
f 2608//2608 2599//2599 2600//2600
f 2609//2609 2600//2600 2587//2587
f 2607//2607 2610//2610 2611//2611
f 2611//2611 2612//2612 1922//1922
f 2610//2610 2572//2572 2612//2612
f 2612//2612 2581//2581 1927//1927
f 2607//2607 2611//2611 2613//2613
f 2614//2614 2613//2613 2520//2520
f 2611//2611 1922//1922 1925//1925
f 2613//2613 1925//1925 1967//1967
f 2607//2607 2614//2614 2608//2608
f 2608//2608 2615//2615 2599//2599
f 2614//2614 2519//2519 2615//2615
f 2615//2615 2514//2514 2603//2603
f 2//2 4//4 3//3
f 4//4 6//6 5//5
f 3//3 8//8 7//7
f 8//8 51//51 9//9
f 8//8 3//3 10//10
f 51//51 8//8 11//11
f 13//13 1//1 12//12
f 18//18 13//13 14//14
f 12//12 7//7 15//15
f 14//14 12//12 16//16
f 2//2 1//1 17//17
f 21//21 20//20 6//6
f 25//25 19//19 24//24
f 30//30 25//25 26//26
f 24//24 22//22 27//27
f 26//26 24//24 28//28
f 25//25 29//29 20//20
f 29//29 10//10 5//5
f 30//30 31//31 29//29
f 31//31 11//11 10//10
f 33//33 35//35 34//34
f 35//35 57//57 36//36
f 35//35 33//33 38//38
f 57//57 35//35 39//39
f 41//41 32//32 40//40
f 47//47 41//41 42//42
f 40//40 34//34 43//43
f 42//42 40//40 44//44
f 41//41 46//46 45//45
f 46//46 15//15 9//9
f 47//47 48//48 46//46
f 48//48 16//16 15//15
f 33//33 32//32 49//49
f 37//37 33//33 50//50
f 49//49 45//45 51//51
f 51//51 11//11 50//50
f 53//53 55//55 54//54
f 55//55 58//58 56//56
f 55//55 53//53 57//57
f 57//57 39//39 58//58
f 60//60 52//52 59//59
f 67//67 60//60 61//61
f 59//59 54//54 62//62
f 61//61 59//59 63//63
f 60//60 65//65 64//64
f 70//70 64//64 66//66
f 67//67 68//68 65//65
f 68//68 121//121 66//66
f 64//64 69//69 53//53
f 69//69 43//43 36//36
f 70//70 71//71 69//69
f 71//71 44//44 43//43
f 75//75 72//72 74//74
f 80//80 75//75 76//76
f 74//74 73//73 58//58
f 76//76 74//74 39//39
f 75//75 78//78 77//77
f 78//78 82//82 79//79
f 80//80 81//81 78//78
f 81//81 103//103 82//82
f 84//84 72//72 83//83
f 89//89 84//84 85//85
f 83//83 77//77 86//86
f 85//85 83//83 87//87
f 84//84 88//88 73//73
f 88//88 62//62 56//56
f 89//89 90//90 88//88
f 90//90 63//63 62//62
f 92//92 94//94 93//93
f 94//94 38//38 37//37
f 80//80 76//76 94//94
f 76//76 39//39 38//38
f 96//96 91//91 95//95
f 30//30 96//96 31//31
f 95//95 93//93 50//50
f 31//31 95//95 11//11
f 96//96 98//98 97//97
f 98//98 100//100 99//99
f 30//30 26//26 98//98
f 26//26 28//28 100//100
f 92//92 91//91 101//101
f 80//80 92//92 81//81
f 101//101 97//97 102//102
f 81//81 101//101 103//103
f 107//107 104//104 106//106
f 115//115 107//107 108//108
f 106//106 105//105 110//110
f 108//108 106//106 111//111
f 107//107 113//113 112//112
f 113//113 117//117 114//114
f 115//115 116//116 113//113
f 116//116 142//142 117//117
f 119//119 104//104 118//118
f 67//67 119//119 68//68
f 118//118 112//112 120//120
f 68//68 118//118 121//121
f 119//119 122//122 105//105
f 122//122 123//123 109//109
f 67//67 61//61 122//122
f 61//61 63//63 123//123
f 125//125 127//127 126//126
f 127//127 129//129 128//128
f 115//115 108//108 127//127
f 108//108 111//111 129//129
f 131//131 124//124 130//130
f 130//130 134//134 132//132
f 130//130 126//126 133//133
f 133//133 565//565 134//134
f 131//131 136//136 135//135
f 136//136 431//431 137//137
f 136//136 131//131 138//138
f 431//431 136//136 139//139
f 125//125 124//124 140//140
f 115//115 125//125 116//116
f 140//140 135//135 141//141
f 116//116 140//140 142//142
f 146//146 143//143 145//145
f 151//151 146//146 147//147
f 145//145 144//144 129//129
f 147//147 145//145 111//111
f 146//146 149//149 148//148
f 149//149 153//153 150//150
f 151//151 152//152 149//149
f 152//152 174//174 153//153
f 155//155 143//143 154//154
f 160//160 155//155 156//156
f 154//154 148//148 157//157
f 156//156 154//154 158//158
f 155//155 159//159 144//144
f 159//159 133//133 128//128
f 160//160 161//161 159//159
f 161//161 565//565 133//133
f 163//163 165//165 164//164
f 165//165 110//110 109//109
f 151//151 147//147 165//165
f 147//147 111//111 110//110
f 167//167 162//162 166//166
f 89//89 167//167 90//90
f 166//166 164//164 123//123
f 90//90 166//166 63//63
f 167//167 169//169 168//168
f 169//169 171//171 170//170
f 89//89 85//85 169//169
f 85//85 87//87 171//171
f 163//163 162//162 172//172
f 151//151 163//163 152//152
f 172//172 168//168 173//173
f 152//152 172//172 174//174
f 182//182 176//176 177//177
f 177//177 175//175 179//179
f 176//176 181//181 180//180
f 181//181 27//27 23//23
f 182//182 183//183 181//181
f 183//183 28//28 27//27
f 187//187 179//179 178//178
f 191//191 188//188 190//190
f 198//198 191//191 192//192
f 190//190 189//189 194//194
f 192//192 190//190 195//195
f 191//191 197//197 196//196
f 197//197 102//102 99//99
f 198//198 199//199 197//197
f 199//199 103//103 102//102
f 201//201 188//188 200//200
f 182//182 201//201 183//183
f 200//200 196//196 100//100
f 183//183 200//200 28//28
f 201//201 202//202 189//189
f 202//202 203//203 193//193
f 182//182 177//177 202//202
f 177//177 179//179 203//203
f 205//205 207//207 206//206
f 207//207 209//209 208//208
f 198//198 192//192 207//207
f 192//192 195//195 209//209
f 211//211 204//204 210//210
f 217//217 211//211 212//212
f 210//210 206//206 213//213
f 212//212 210//210 214//214
f 211//211 216//216 215//215
f 216//216 86//86 79//79
f 217//217 218//218 216//216
f 218//218 87//87 86//86
f 205//205 204//204 219//219
f 198//198 205//205 199//199
f 219//219 215//215 82//82
f 199//199 219//219 103//103
f 223//223 220//220 222//222
f 228//228 223//223 224//224
f 222//222 221//221 209//209
f 224//224 222//222 195//195
f 223//223 226//226 225//225
f 226//226 230//230 227//227
f 228//228 229//229 226//226
f 229//229 251//251 230//230
f 232//232 220//220 231//231
f 237//237 232//232 233//233
f 231//231 225//225 234//234
f 233//233 231//231 235//235
f 232//232 236//236 221//221
f 236//236 213//213 208//208
f 237//237 238//238 236//236
f 238//238 214//214 213//213
f 240//240 242//242 241//241
f 242//242 194//194 193//193
f 228//228 224//224 242//242
f 224//224 195//195 194//194
f 244//244 239//239 243//243
f 186//186 244//244 187//187
f 243//243 241//241 203//203
f 187//187 243//243 179//179
f 244//244 246//246 245//245
f 246//246 248//248 247//247
f 186//186 184//184 246//246
f 184//184 185//185 248//248
f 240//240 239//239 249//249
f 228//228 240//240 229//229
f 249//249 245//245 250//250
f 229//229 249//249 251//251
f 253//253 255//255 254//254
f 255//255 259//259 256//256
f 255//255 253//253 258//258
f 258//258 272//272 259//259
f 261//261 252//252 260//260
f 170//170 261//261 173//173
f 260//260 254//254 262//262
f 173//173 260//260 174//174
f 261//261 264//264 263//263
f 217//217 263//263 218//218
f 170//170 171//171 264//264
f 218//218 264//264 87//87
f 263//263 265//265 253//253
f 265//265 266//266 257//257
f 217//217 212//212 265//265
f 212//212 214//214 266//266
f 270//270 267//267 269//269
f 278//278 277//277 292//292
f 269//269 268//268 259//259
f 271//271 269//269 272//272
f 277//277 275//275 274//274
f 275//275 592//592 276//276
f 278//278 279//279 275//275
f 592//592 275//275 280//280
f 282//282 267//267 281//281
f 150//150 282//282 157//157
f 281//281 273//273 284//284
f 157//157 281//281 158//158
f 282//282 285//285 268//268
f 285//285 262//262 256//256
f 150//150 153//153 285//285
f 153//153 174//174 262//262
f 293//293 286//286 288//288
f 297//297 289//289 291//291
f 288//288 287//287 292//292
f 291//291 290//290 272//272
f 293//293 295//295 294//294
f 295//295 835//835 296//296
f 297//297 299//299 298//298
f 299//299 321//321 300//300
f 302//302 286//286 301//301
f 307//307 302//302 303//303
f 301//301 294//294 304//304
f 303//303 301//301 305//305
f 302//302 306//306 287//287
f 306//306 279//279 278//278
f 307//307 308//308 306//306
f 308//308 280//280 279//279
f 310//310 312//312 311//311
f 312//312 258//258 257//257
f 297//297 291//291 312//312
f 291//291 272//272 258//258
f 314//314 309//309 313//313
f 237//237 314//314 238//238
f 313//313 311//311 266//266
f 238//238 313//313 214//214
f 314//314 316//316 315//315
f 316//316 318//318 317//317
f 237//237 233//233 316//316
f 233//233 235//235 318//318
f 310//310 309//309 319//319
f 297//297 310//310 299//299
f 319//319 315//315 320//320
f 299//299 319//319 321//321
f 323//323 325//325 324//324
f 325//325 329//329 326//326
f 327//327 328//328 325//325
f 328//328 345//345 329//329
f 331//331 322//322 330//330
f 70//70 331//331 71//71
f 330//330 324//324 332//332
f 71//71 330//330 44//44
f 331//331 334//334 333//333
f 334//334 447//447 335//335
f 70//70 66//66 334//334
f 447//447 334//334 121//121
f 323//323 322//322 336//336
f 327//327 323//323 337//337
f 336//336 333//333 338//338
f 337//337 336//336 339//339
f 343//343 340//340 342//342
f 349//349 343//343 344//344
f 342//342 341//341 329//329
f 344//344 342//342 345//345
f 343//343 347//347 346//346
f 347//347 351//351 348//348
f 349//349 350//350 347//347
f 350//350 375//375 351//351
f 353//353 340//340 352//352
f 47//47 353//353 48//48
f 352//352 346//346 354//354
f 48//48 352//352 16//16
f 353//353 355//355 341//341
f 355//355 332//332 326//326
f 47//47 42//42 355//355
f 42//42 44//44 332//332
f 357//357 359//359 358//358
f 359//359 361//361 360//360
f 349//349 344//344 359//359
f 344//344 345//345 361//361
f 363//363 356//356 362//362
f 370//370 363//363 364//364
f 362//362 358//358 365//365
f 364//364 362//362 366//366
f 363//363 368//368 367//367
f 368//368 372//372 369//369
f 370//370 371//371 368//368
f 371//371 467//467 372//372
f 357//357 356//356 373//373
f 349//349 357//357 350//350
f 373//373 367//367 374//374
f 350//350 373//373 375//375
f 379//379 376//376 378//378
f 327//327 379//379 328//328
f 378//378 377//377 361//361
f 328//328 378//378 345//345
f 379//379 381//381 380//380
f 381//381 383//383 382//382
f 327//327 337//337 381//381
f 337//337 339//339 383//383
f 385//385 376//376 384//384
f 390//390 385//385 386//386
f 384//384 380//380 387//387
f 386//386 384//384 388//388
f 385//385 389//389 377//377
f 389//389 365//365 360//360
f 390//390 391//391 389//389
f 391//391 366//366 365//365
f 393//393 395//395 394//394
f 395//395 399//399 396//396
f 397//397 398//398 395//395
f 398//398 423//423 399//399
f 407//407 392//392 400//400
f 411//411 401//401 403//403
f 400//400 394//394 404//404
f 403//403 402//402 406//406
f 407//407 409//409 408//408
f 409//409 1147//1147 410//410
f 411//411 413//413 412//412
f 413//413 490//490 414//414
f 393//393 392//392 415//415
f 397//397 393//393 416//416
f 415//415 408//408 417//417
f 417//417 456//456 416//416
f 421//421 418//418 420//420
f 426//426 421//421 422//422
f 420//420 419//419 399//399
f 422//422 420//420 423//423
f 421//421 425//425 424//424
f 425//425 141//141 137//137
f 426//426 427//427 425//425
f 427//427 142//142 141//141
f 429//429 418//418 428//428
f 433//433 429//429 430//430
f 428//428 424//424 431//431
f 431//431 139//139 430//430
f 429//429 432//432 419//419
f 432//432 404//404 396//396
f 540//540 435//435 434//434
f 435//435 406//406 405//405
f 437//437 439//439 438//438
f 439//439 441//441 440//440
f 426//426 422//422 439//439
f 422//422 423//423 441//441
f 443//443 436//436 442//442
f 335//335 443//443 338//338
f 442//442 438//438 444//444
f 444//444 339//339 338//338
f 443//443 446//446 445//445
f 446//446 120//120 114//114
f 335//335 447//447 446//446
f 447//447 121//121 120//120
f 437//437 436//436 448//448
f 426//426 437//437 427//427
f 448//448 445//445 117//117
f 427//427 448//448 142//142
f 450//450 452//452 451//451
f 397//397 451//451 398//398
f 452//452 450//450 441//441
f 398//398 452//452 423//423
f 454//454 449//449 453//453
f 459//459 454//454 455//455
f 453//453 451//451 416//416
f 455//455 453//453 456//456
f 454//454 458//458 457//457
f 458//458 387//387 382//382
f 459//459 460//460 458//458
f 460//460 388//388 387//387
f 450//450 449//449 461//461
f 461//461 444//444 440//440
f 461//461 457//457 383//383
f 444//444 461//461 339//339
f 463//463 374//374 369//369
f 464//464 375//375 374//374
f 469//469 471//471 470//470
f 471//471 354//354 348//348
f 18//18 14//14 471//471
f 14//14 16//16 354//354
f 472//472 470//470 351//351
f 464//464 472//472 375//375
f 476//476 473//473 475//475
f 484//484 476//476 477//477
f 475//475 474//474 479//479
f 477//477 475//475 480//480
f 476//476 482//482 481//481
f 482//482 486//486 483//483
f 484//484 485//485 482//482
f 485//485 512//512 486//486
f 488//488 473//473 487//487
f 411//411 488//488 413//413
f 487//487 481//481 489//489
f 413//413 487//487 490//490
f 488//488 491//491 474//474
f 491//491 492//492 478//478
f 411//411 403//403 491//491
f 403//403 406//406 492//492
f 494//494 496//496 495//495
f 496//496 498//498 497//497
f 484//484 477//477 496//496
f 477//477 480//480 498//498
f 500//500 493//493 499//499
f 507//507 500//500 501//501
f 499//499 495//495 502//502
f 501//501 499//499 503//503
f 500//500 505//505 504//504
f 505//505 509//509 506//506
f 507//507 508//508 505//505
f 508//508 720//720 509//509
f 494//494 493//493 510//510
f 484//484 494//494 485//485
f 510//510 504//504 511//511
f 485//485 510//510 512//512
f 516//516 513//513 515//515
f 521//521 516//516 517//517
f 515//515 514//514 498//498
f 517//517 515//515 480//480
f 516//516 519//519 518//518
f 519//519 523//523 520//520
f 521//521 522//522 519//519
f 522//522 545//545 523//523
f 525//525 513//513 524//524
f 529//529 525//525 526//526
f 524//524 518//518 527//527
f 526//526 524//524 305//305
f 525//525 528//528 514//514
f 528//528 502//502 497//497
f 529//529 530//530 528//528
f 530//530 503//503 502//502
f 532//532 534//534 533//533
f 534//534 479//479 478//478
f 521//521 517//517 534//534
f 517//517 480//480 479//479
f 536//536 531//531 535//535
f 540//540 536//536 435//435
f 535//535 533//533 492//492
f 435//435 535//535 406//406
f 536//536 538//538 537//537
f 543//543 537//537 539//539
f 433//433 430//430 541//541
f 561//561 541//541 139//139
f 532//532 531//531 542//542
f 521//521 532//532 522//522
f 542//542 537//537 544//544
f 522//522 542//542 545//545
f 547//547 549//549 548//548
f 549//549 553//553 550//550
f 551//551 552//552 549//549
f 552//552 582//582 553//553
f 555//555 546//546 554//554
f 543//543 555//555 544//544
f 550//550 556//556 554//554
f 556//556 545//545 544//544
f 555//555 560//560 557//557
f 559//559 138//138 132//132
f 543//543 539//539 560//560
f 561//561 139//139 138//138
f 547//547 546//546 562//562
f 551//551 547//547 563//563
f 564//564 558//558 134//134
f 587//587 564//564 565//565
f 567//567 569//569 568//568
f 569//569 571//571 570//570
f 550//550 553//553 569//569
f 553//553 582//582 571//571
f 573//573 566//566 572//572
f 307//307 573//573 308//308
f 572//572 568//568 574//574
f 308//308 572//572 280//280
f 573//573 576//576 575//575
f 576//576 527//527 520//520
f 307//307 303//303 576//576
f 303//303 305//305 527//527
f 567//567 566//566 577//577
f 550//550 567//567 556//556
f 577//577 575//575 523//523
f 556//556 577//577 545//545
f 581//581 578//578 580//580
f 551//551 581//581 552//552
f 580//580 579//579 571//571
f 552//552 580//580 582//582
f 581//581 586//586 583//583
f 585//585 161//161 160//160
f 551//551 563//563 586//586
f 587//587 565//565 161//161
f 589//589 578//578 588//588
f 276//276 589//589 283//283
f 590//590 584//584 156//156
f 284//284 590//590 158//158
f 589//589 591//591 579//579
f 591//591 574//574 570//570
f 276//276 592//592 591//591
f 592//592 280//280 574//574
f 594//594 596//596 595//595
f 596//596 600//600 597//597
f 598//598 599//599 596//596
f 599//599 621//621 600//600
f 602//602 593//593 601//601
f 609//609 602//602 603//603
f 601//601 595//595 604//604
f 603//603 601//601 605//605
f 602//602 607//607 606//606
f 607//607 611//611 608//608
f 609//609 610//610 607//607
f 610//610 1769//1769 611//611
f 594//594 593//593 612//612
f 598//598 594//594 613//613
f 612//612 606//606 614//614
f 613//613 612//612 615//615
f 619//619 616//616 618//618
f 625//625 619//619 620//620
f 618//618 617//617 600//600
f 620//620 618//618 621//621
f 619//619 623//623 622//622
f 623//623 627//627 624//624
f 625//625 626//626 623//623
f 626//626 655//655 627//627
f 629//629 616//616 628//628
f 634//634 629//629 630//630
f 628//628 622//622 631//631
f 630//630 628//628 632//632
f 629//629 633//633 617//617
f 633//633 604//604 597//597
f 634//634 635//635 633//633
f 635//635 605//605 604//604
f 637//637 639//639 638//638
f 639//639 641//641 640//640
f 625//625 620//620 639//639
f 620//620 621//621 641//641
f 643//643 636//636 642//642
f 650//650 643//643 644//644
f 642//642 638//638 645//645
f 644//644 642//642 646//646
f 643//643 648//648 647//647
f 648//648 652//652 649//649
f 650//650 651//651 648//648
f 651//651 687//687 652//652
f 637//637 636//636 653//653
f 625//625 637//637 626//626
f 653//653 647//647 654//654
f 626//626 653//653 655//655
f 659//659 656//656 658//658
f 598//598 659//659 599//599
f 658//658 657//657 641//641
f 599//599 658//658 621//621
f 659//659 661//661 660//660
f 661//661 663//663 662//662
f 598//598 613//613 661//661
f 613//613 615//615 663//663
f 665//665 656//656 664//664
f 670//670 665//665 666//666
f 664//664 660//660 667//667
f 666//666 664//664 668//668
f 665//665 669//669 657//657
f 669//669 645//645 640//640
f 670//670 671//671 669//669
f 671//671 646//646 645//645
f 675//675 672//672 674//674
f 682//682 675//675 676//676
f 674//674 673//673 678//678
f 676//676 674//674 679//679
f 675//675 681//681 680//680
f 681//681 654//654 649//649
f 682//682 683//683 681//681
f 683//683 655//655 654//654
f 685//685 672//672 684//684
f 689//689 685//685 686//686
f 684//684 680//680 652//652
f 686//686 684//684 687//687
f 685//685 688//688 673//673
f 688//688 691//691 677//677
f 689//689 690//690 688//688
f 690//690 731//731 691//691
f 693//693 695//695 694//694
f 695//695 697//697 696//696
f 682//682 676//676 695//695
f 676//676 679//679 697//697
f 699//699 692//692 698//698
f 705//705 699//699 700//700
f 698//698 694//694 701//701
f 700//700 698//698 702//702
f 699//699 704//704 703//703
f 704//704 631//631 624//624
f 705//705 706//706 704//704
f 706//706 632//632 631//631
f 693//693 692//692 707//707
f 682//682 693//693 683//683
f 707//707 703//703 627//627
f 683//683 707//707 655//655
f 711//711 708//708 710//710
f 715//715 711//711 712//712
f 710//710 709//709 697//697
f 712//712 710//710 679//679
f 711//711 714//714 713//713
f 714//714 511//511 506//506
f 715//715 716//716 714//714
f 716//716 512//512 511//511
f 718//718 708//708 717//717
f 722//722 718//718 719//719
f 717//717 713//713 509//509
f 719//719 717//717 720//720
f 718//718 721//721 709//709
f 721//721 701//701 696//696
f 722//722 723//723 721//721
f 723//723 702//702 701//701
f 725//725 727//727 726//726
f 727//727 678//678 677//677
f 715//715 712//712 727//727
f 712//712 679//679 678//678
f 729//729 724//724 728//728
f 734//734 729//729 730//730
f 728//728 726//726 691//691
f 730//730 728//728 731//731
f 729//729 733//733 732//732
f 733//733 489//489 483//483
f 734//734 735//735 733//733
f 735//735 490//490 489//489
f 725//725 724//724 736//736
f 715//715 725//725 716//716
f 736//736 732//732 486//486
f 716//716 736//736 512//512
f 740//740 737//737 739//739
f 747//747 740//740 741//741
f 739//739 738//738 743//743
f 741//741 739//739 744//744
f 740//740 746//746 745//745
f 746//746 250//250 247//247
f 747//747 748//748 746//746
f 748//748 251//251 250//250
f 750//750 737//737 749//749
f 753//753 750//750 751//751
f 749//749 745//745 248//248
f 751//751 749//749 185//185
f 750//750 752//752 738//738
f 752//752 755//755 742//742
f 753//753 754//754 752//752
f 754//754 805//805 755//755
f 757//757 759//759 758//758
f 759//759 761//761 760//760
f 747//747 741//741 759//759
f 741//741 744//744 761//761
f 763//763 756//756 762//762
f 769//769 763//763 764//764
f 762//762 758//758 765//765
f 764//764 762//762 766//766
f 763//763 768//768 767//767
f 768//768 234//234 227//227
f 769//769 770//770 768//768
f 770//770 235//235 234//234
f 757//757 756//756 771//771
f 747//747 757//757 748//748
f 771//771 767//767 230//230
f 748//748 771//771 251//251
f 773//773 775//775 774//774
f 775//775 799//799 776//776
f 760//760 761//761 778//778
f 761//761 744//744 779//779
f 781//781 772//772 780//780
f 788//788 781//781 782//782
f 780//780 774//774 783//783
f 782//782 780//780 784//784
f 781//781 786//786 785//785
f 786//786 790//790 787//787
f 788//788 789//789 786//786
f 789//789 1010//1010 790//790
f 773//773 772//772 791//791
f 792//792 765//765 760//760
f 787//787 868//868 791//791
f 793//793 766//766 765//765
f 800//800 794//794 796//796
f 742//742 797//797 743//743
f 796//796 795//795 799//799
f 743//743 798//798 744//744
f 800//800 802//802 801//801
f 802//802 2616//2616 803//803
f 742//742 755//755 804//804
f 816//816 804//804 805//805
f 807//807 794//794 806//806
f 812//812 807//807 808//808
f 806//806 801//801 809//809
f 808//808 806//806 810//810
f 807//807 811//811 795//795
f 811//811 783//783 776//776
f 812//812 813//813 811//811
f 813//813 784//784 783//783
f 814//814 809//809 803//803
f 815//815 810//810 809//809
f 818//818 820//820 819//819
f 820//820 842//842 821//821
f 823//823 825//825 824//824
f 825//825 844//844 826//826
f 828//828 817//817 827//827
f 529//529 828//828 530//530
f 827//827 819//819 829//829
f 530//530 827//827 503//503
f 828//828 831//831 830//830
f 831//831 304//304 296//296
f 529//529 526//526 831//831
f 526//526 305//305 304//304
f 818//818 817//817 832//832
f 823//823 822//822 834//834
f 832//832 830//830 835//835
f 834//834 833//833 321//321
f 845//845 836//836 838//838
f 849//849 839//839 841//841
f 838//838 837//837 842//842
f 864//864 843//843 844//844
f 845//845 847//847 846//846
f 847//847 1047//1047 848//848
f 849//849 851//851 850//850
f 851//851 877//877 852//852
f 854//854 836//836 853//853
f 507//507 854//854 508//508
f 853//853 846//846 855//855
f 508//508 853//853 720//720
f 854//854 856//856 837//837
f 856//856 829//829 821//821
f 507//507 501//501 856//856
f 501//501 503//503 829//829
f 858//858 863//863 859//859
f 861//861 865//865 862//862
f 849//849 841//841 863//863
f 864//864 844//844 865//865
f 867//867 857//857 866//866
f 787//787 867//867 868//868
f 870//870 860//860 869//869
f 793//793 870//870 766//766
f 867//867 872//872 871//871
f 872//872 874//874 873//873
f 787//787 790//790 872//872
f 790//790 1010//1010 874//874
f 858//858 857//857 875//875
f 849//849 858//858 851//851
f 875//875 871//871 876//876
f 851//851 875//875 877//877
f 881//881 878//878 880//880
f 823//823 881//881 825//825
f 880//880 879//879 865//865
f 825//825 880//880 844//844
f 881//881 883//883 882//882
f 883//883 320//320 317//317
f 823//823 834//834 883//883
f 834//834 321//321 320//320
f 885//885 878//878 884//884
f 769//769 885//885 770//770
f 884//884 882//882 318//318
f 770//770 884//884 235//235
f 885//885 886//886 879//879
f 886//886 869//869 862//862
f 769//769 764//764 886//886
f 764//764 766//766 869//869
f 890//890 887//887 889//889
f 889//889 894//894 891//891
f 889//889 888//888 893//893
f 893//893 910//910 894//894
f 890//890 896//896 895//895
f 896//896 899//899 897//897
f 891//891 898//898 896//896
f 898//898 1111//1111 899//899
f 901//901 887//887 900//900
f 370//370 901//901 371//371
f 900//900 895//895 902//902
f 371//371 900//900 467//467
f 901//901 903//903 888//888
f 903//903 904//904 892//892
f 370//370 364//364 903//903
f 364//364 366//366 904//904
f 908//908 905//905 907//907
f 914//914 908//908 909//909
f 907//907 906//906 894//894
f 909//909 907//907 910//910
f 908//908 912//912 911//911
f 912//912 916//916 913//913
f 914//914 915//915 912//912
f 915//915 944//944 916//916
f 918//918 905//905 917//917
f 923//923 918//918 919//919
f 917//917 911//911 920//920
f 919//919 917//917 921//921
f 918//918 922//922 906//906
f 922//922 898//898 891//891
f 923//923 924//924 922//922
f 924//924 1111//1111 898//898
f 926//926 928//928 927//927
f 928//928 930//930 929//929
f 914//914 909//909 928//928
f 909//909 910//910 930//930
f 932//932 925//925 931//931
f 939//939 932//932 933//933
f 931//931 927//927 934//934
f 933//933 931//931 935//935
f 932//932 937//937 936//936
f 937//937 941//941 938//938
f 939//939 940//940 937//937
f 940//940 1244//1244 941//941
f 926//926 925//925 942//942
f 914//914 926//926 915//915
f 942//942 936//936 943//943
f 915//915 942//942 944//944
f 948//948 945//945 947//947
f 947//947 893//893 892//892
f 947//947 946//946 930//930
f 893//893 947//947 910//910
f 950//950 945//945 949//949
f 390//390 950//950 391//391
f 949//949 948//948 904//904
f 391//391 949//949 366//366
f 950//950 952//952 951//951
f 952//952 954//954 953//953
f 390//390 386//386 952//952
f 386//386 388//388 954//954
f 951//951 955//955 946//946
f 955//955 934//934 929//929
f 953//953 956//956 955//955
f 956//956 935//935 934//934
f 960//960 957//957 959//959
f 968//968 960//960 961//961
f 959//959 958//958 963//963
f 961//961 959//959 964//964
f 960//960 966//966 965//965
f 966//966 970//970 967//967
f 968//968 969//969 966//966
f 969//969 995//995 970//970
f 972//972 957//957 971//971
f 977//977 972//972 973//973
f 971//971 965//965 974//974
f 973//973 971//971 975//975
f 972//972 976//976 958//958
f 976//976 979//979 962//962
f 977//977 978//978 976//976
f 978//978 1019//1019 979//979
f 981//981 983//983 982//982
f 983//983 985//985 984//984
f 968//968 961//961 983//983
f 961//961 964//964 985//985
f 987//987 980//980 986//986
f 812//812 987//987 813//813
f 986//986 982//982 988//988
f 813//813 986//986 784//784
f 987//987 990//990 989//989
f 990//990 992//992 991//991
f 812//812 808//808 990//990
f 808//808 810//810 992//992
f 981//981 980//980 993//993
f 968//968 981//981 969//969
f 993//993 989//989 994//994
f 969//969 993//993 995//995
f 999//999 996//996 998//998
f 1004//1004 999//999 1000//1000
f 998//998 997//997 985//985
f 1000//1000 998//998 964//964
f 999//999 1002//1002 1001//1001
f 1002//1002 1006//1006 1003//1003
f 1004//1004 1005//1005 1002//1002
f 1005//1005 1028//1028 1006//1006
f 1008//1008 996//996 1007//1007
f 788//788 1008//1008 789//789
f 1007//1007 1001//1001 1009//1009
f 789//789 1007//1007 1010//1010
f 1008//1008 1011//1011 997//997
f 1011//1011 988//988 984//984
f 788//788 782//782 1011//1011
f 782//782 784//784 988//988
f 1013//1013 1015//1015 1014//1014
f 1015//1015 963//963 962//962
f 1004//1004 1000//1000 1015//1015
f 1000//1000 964//964 963//963
f 1017//1017 1012//1012 1016//1016
f 1023//1023 1017//1017 1018//1018
f 1016//1016 1014//1014 979//979
f 1018//1018 1016//1016 1019//1019
f 1017//1017 1021//1021 1020//1020
f 1021//1021 1025//1025 1022//1022
f 1023//1023 1024//1024 1021//1021
f 1024//1024 1369//1369 1025//1025
f 1013//1013 1012//1012 1026//1026
f 1004//1004 1013//1013 1005//1005
f 1026//1026 1020//1020 1027//1027
f 1005//1005 1026//1026 1028//1028
f 1030//1030 1032//1032 1031//1031
f 1032//1032 1054//1054 1033//1033
f 1035//1035 1037//1037 1036//1036
f 1037//1037 1055//1055 1038//1038
f 1040//1040 1029//1029 1039//1039
f 722//722 1040//1040 723//723
f 1039//1039 1031//1031 1041//1041
f 723//723 1039//1039 702//702
f 1040//1040 1043//1043 1042//1042
f 1043//1043 855//855 848//848
f 722//722 719//719 1043//1043
f 719//719 720//720 855//855
f 1030//1030 1029//1029 1044//1044
f 1035//1035 1034//1034 1046//1046
f 1044//1044 1042//1042 1047//1047
f 1046//1046 1045//1045 877//877
f 1056//1056 1048//1048 1050//1050
f 1060//1060 1051//1051 1053//1053
f 1050//1050 1049//1049 1054//1054
f 1053//1053 1052//1052 1055//1055
f 1056//1056 1058//1058 1057//1057
f 1058//1058 1819//1819 1059//1059
f 1060//1060 1062//1062 1061//1061
f 1062//1062 1083//1083 1063//1063
f 1065//1065 1048//1048 1064//1064
f 705//705 1065//1065 706//706
f 1064//1064 1057//1057 1066//1066
f 706//706 1064//1064 632//632
f 1065//1065 1067//1067 1049//1049
f 1067//1067 1041//1041 1033//1033
f 705//705 700//700 1067//1067
f 700//700 702//702 1041//1041
f 1069//1069 1071//1071 1070//1070
f 1071//1071 1073//1073 1072//1072
f 1060//1060 1053//1053 1071//1071
f 1053//1053 1055//1055 1073//1073
f 1075//1075 1068//1068 1074//1074
f 1022//1022 1075//1075 1027//1027
f 1074//1074 1070//1070 1076//1076
f 1027//1027 1074//1074 1028//1028
f 1075//1075 1078//1078 1077//1077
f 1078//1078 1080//1080 1079//1079
f 1022//1022 1025//1025 1078//1078
f 1025//1025 1369//1369 1080//1080
f 1069//1069 1068//1068 1081//1081
f 1060//1060 1069//1069 1062//1062
f 1081//1081 1077//1077 1082//1082
f 1062//1062 1081//1081 1083//1083
f 1087//1087 1084//1084 1086//1086
f 1035//1035 1087//1087 1037//1037
f 1086//1086 1085//1085 1073//1073
f 1037//1037 1086//1086 1055//1055
f 1087//1087 1089//1089 1088//1088
f 1089//1089 876//876 873//873
f 1035//1035 1046//1046 1089//1089
f 1046//1046 877//877 876//876
f 1091//1091 1084//1084 1090//1090
f 1090//1090 1009//1009 1003//1003
f 1090//1090 1088//1088 874//874
f 874//874 1010//1010 1009//1009
f 1091//1091 1092//1092 1085//1085
f 1092//1092 1076//1076 1072//1072
f 1092//1092 1091//1091 1006//1006
f 1006//1006 1028//1028 1076//1076
f 1094//1094 1096//1096 1095//1095
f 1096//1096 994//994 991//991
f 1097//1097 1098//1098 1096//1096
f 1098//1098 995//995 994//994
f 1099//1099 1095//1095 992//992
f 815//815 1099//1099 810//810
f 1102//1102 1104//1104 1103//1103
f 1104//1104 974//974 967//967
f 1105//1105 1106//1106 1104//1104
f 1106//1106 975//975 974//974
f 1101//1101 1100//1100 1107//1107
f 1097//1097 1101//1101 1098//1098
f 1107//1107 1103//1103 970//970
f 1098//1098 1107//1107 995//995
f 923//923 919//919 1108//1108
f 919//919 921//921 1109//1109
f 1110//1110 902//902 897//897
f 466//466 467//467 902//902
f 1113//1113 1115//1115 1114//1114
f 1115//1115 1119//1119 1116//1116
f 1117//1117 1118//1118 1115//1115
f 1118//1118 1156//1156 1119//1119
f 1125//1125 1112//1112 1120//1120
f 689//689 1121//1121 690//690
f 1120//1120 1114//1114 1123//1123
f 690//690 1122//1122 731//731
f 1125//1125 1127//1127 1126//1126
f 1127//1127 1460//1460 1128//1128
f 689//689 686//686 1129//1129
f 686//686 687//687 1130//1130
f 1113//1113 1112//1112 1131//1131
f 1117//1117 1113//1113 1132//1132
f 1131//1131 1126//1126 1133//1133
f 1132//1132 1131//1131 1134//1134
f 1138//1138 1135//1135 1137//1137
f 1137//1137 1140//1140 1139//1139
f 1137//1137 1136//1136 1119//1119
f 1119//1119 1156//1156 1140//1140
f 1142//1142 1135//1135 1141//1141
f 410//410 1142//1142 417//417
f 1141//1141 1138//1138 1143//1143
f 417//417 1141//1141 456//456
f 1148//1148 1135//1135 1144//1144
f 734//734 1145//1145 735//735
f 1144//1144 1142//1142 1147//1147
f 735//735 1146//1146 490//490
f 1148//1148 1149//1149 1136//1136
f 1149//1149 1123//1123 1116//1116
f 734//734 730//730 1150//1150
f 730//730 731//731 1124//1124
f 1154//1154 1151//1151 1153//1153
f 1159//1159 1154//1154 1155//1155
f 1153//1153 1152//1152 1140//1140
f 1155//1155 1153//1153 1156//1156
f 1154//1154 1158//1158 1157//1157
f 1158//1158 956//956 953//953
f 1159//1159 1160//1160 1158//1158
f 956//956 1158//1158 935//935
f 1162//1162 1151//1151 1161//1161
f 459//459 1162//1162 460//460
f 1161//1161 1157//1157 954//954
f 460//460 1161//1161 388//388
f 1162//1162 1163//1163 1152//1152
f 1163//1163 1143//1143 1139//1139
f 459//459 455//455 1163//1163
f 455//455 456//456 1143//1143
f 1167//1167 1164//1164 1166//1166
f 1117//1117 1167//1167 1118//1118
f 1166//1166 1165//1165 1155//1155
f 1155//1155 1156//1156 1118//1118
f 1167//1167 1169//1169 1168//1168
f 1173//1173 1168//1168 1170//1170
f 1117//1117 1132//1132 1169//1169
f 1132//1132 1134//1134 1170//1170
f 1172//1172 1164//1164 1171//1171
f 939//939 1172//1172 940//940
f 1173//1173 1174//1174 1171//1171
f 1174//1174 1244//1244 940//940
f 1172//1172 1175//1175 1165//1165
f 1175//1175 1160//1160 1159//1159
f 939//939 933//933 1175//1175
f 933//933 935//935 1160//1160
f 1177//1177 1179//1179 1178//1178
f 1179//1179 1183//1183 1180//1180
f 1181//1181 1182//1182 1179//1179
f 1182//1182 1200//1200 1183//1183
f 1185//1185 1176//1176 1184//1184
f 1191//1191 1185//1185 1186//1186
f 1184//1184 1178//1178 1187//1187
f 1186//1186 1184//1184 1188//1188
f 1185//1185 1190//1190 1189//1189
f 1190//1190 920//920 913//913
f 1191//1191 1192//1192 1190//1190
f 1192//1192 921//921 920//920
f 1177//1177 1176//1176 1193//1193
f 1181//1181 1177//1177 1194//1194
f 1193//1193 1189//1189 916//916
f 1194//1194 1193//1193 944//944
f 1198//1198 1195//1195 1197//1197
f 1204//1204 1198//1198 1199//1199
f 1197//1197 1196//1196 1183//1183
f 1199//1199 1197//1197 1200//1200
f 1198//1198 1202//1202 1201//1201
f 1202//1202 1206//1206 1203//1203
f 1204//1204 1205//1205 1202//1202
f 1205//1205 1234//1234 1206//1206
f 1208//1208 1195//1195 1207//1207
f 1213//1213 1208//1208 1209//1209
f 1207//1207 1201//1201 1210//1210
f 1209//1209 1207//1207 1211//1211
f 1208//1208 1212//1212 1196//1196
f 1212//1212 1187//1187 1180//1180
f 1213//1213 1214//1214 1212//1212
f 1214//1214 1188//1188 1187//1187
f 1216//1216 1218//1218 1217//1217
f 1218//1218 1220//1220 1219//1219
f 1204//1204 1199//1199 1218//1218
f 1199//1199 1200//1200 1220//1220
f 1222//1222 1215//1215 1221//1221
f 1229//1229 1222//1222 1223//1223
f 1221//1221 1217//1217 1224//1224
f 1223//1223 1221//1221 1225//1225
f 1222//1222 1227//1227 1226//1226
f 1227//1227 1231//1231 1228//1228
f 1229//1229 1230//1230 1227//1227
f 1230//1230 1315//1315 1231//1231
f 1216//1216 1215//1215 1232//1232
f 1204//1204 1216//1216 1205//1205
f 1232//1232 1226//1226 1233//1233
f 1205//1205 1232//1232 1234//1234
f 1238//1238 1235//1235 1237//1237
f 1181//1181 1238//1238 1182//1182
f 1237//1237 1236//1236 1220//1220
f 1182//1182 1237//1237 1200//1200
f 1238//1238 1240//1240 1239//1239
f 1240//1240 943//943 938//938
f 1181//1181 1194//1194 1240//1240
f 1194//1194 944//944 943//943
f 1242//1242 1235//1235 1241//1241
f 1246//1246 1242//1242 1243//1243
f 1241//1241 1239//1239 941//941
f 1243//1243 1241//1241 1244//1244
f 1242//1242 1245//1245 1236//1236
f 1245//1245 1224//1224 1219//1219
f 1246//1246 1247//1247 1245//1245
f 1247//1247 1225//1225 1224//1224
f 1249//1249 1251//1251 1250//1250
f 1251//1251 1255//1255 1252//1252
f 1253//1253 1254//1254 1251//1251
f 1254//1254 1272//1272 1255//1255
f 1257//1257 1248//1248 1256//1256
f 1263//1263 1257//1257 1258//1258
f 1256//1256 1250//1250 1259//1259
f 1258//1258 1256//1256 1260//1260
f 1257//1257 1262//1262 1261//1261
f 1262//1262 1210//1210 1203//1203
f 1263//1263 1264//1264 1262//1262
f 1264//1264 1211//1211 1210//1210
f 1249//1249 1248//1248 1265//1265
f 1253//1253 1249//1249 1266//1266
f 1265//1265 1261//1261 1206//1206
f 1266//1266 1265//1265 1234//1234
f 1270//1270 1267//1267 1269//1269
f 1276//1276 1270//1270 1271//1271
f 1269//1269 1268//1268 1255//1255
f 1271//1271 1269//1269 1272//1272
f 1270//1270 1274//1274 1273//1273
f 1281//1281 1273//1273 1275//1275
f 1276//1276 1277//1277 1274//1274
f 1277//1277 1305//1305 1275//1275
f 1279//1279 1267//1267 1278//1278
f 1284//1284 1279//1279 1280//1280
f 1281//1281 1282//1282 1278//1278
f 1282//1282 1336//1336 1280//1280
f 1279//1279 1283//1283 1268//1268
f 1283//1283 1259//1259 1252//1252
f 1284//1284 1285//1285 1283//1283
f 1285//1285 1260//1260 1259//1259
f 1287//1287 1289//1289 1288//1288
f 1289//1289 1291//1291 1290//1290
f 1276//1276 1271//1271 1289//1289
f 1271//1271 1272//1272 1291//1291
f 1293//1293 1286//1286 1292//1292
f 1300//1300 1293//1293 1294//1294
f 1292//1292 1288//1288 1295//1295
f 1294//1294 1292//1292 1296//1296
f 1293//1293 1298//1298 1297//1297
f 1298//1298 1302//1302 1299//1299
f 1300//1300 1301//1301 1298//1298
f 1301//1301 1861//1861 1302//1302
f 1287//1287 1286//1286 1303//1303
f 1276//1276 1287//1287 1277//1277
f 1303//1303 1297//1297 1304//1304
f 1277//1277 1303//1303 1305//1305
f 1309//1309 1306//1306 1308//1308
f 1253//1253 1309//1309 1254//1254
f 1308//1308 1307//1307 1291//1291
f 1254//1254 1308//1308 1272//1272
f 1309//1309 1311//1311 1310//1310
f 1311//1311 1233//1233 1228//1228
f 1253//1253 1266//1266 1311//1311
f 1266//1266 1234//1234 1233//1233
f 1313//1313 1306//1306 1312//1312
f 1317//1317 1313//1313 1314//1314
f 1312//1312 1310//1310 1231//1231
f 1314//1314 1312//1312 1315//1315
f 1313//1313 1316//1316 1307//1307
f 1316//1316 1295//1295 1290//1290
f 1317//1317 1318//1318 1316//1316
f 1318//1318 1296//1296 1295//1295
f 1322//1322 1319//1319 1321//1321
f 1330//1330 1322//1322 1323//1323
f 1321//1321 1320//1320 1325//1325
f 1323//1323 1321//1321 1326//1326
f 1322//1322 1328//1328 1327//1327
f 1328//1328 1332//1332 1329//1329
f 1330//1330 1331//1331 1328//1328
f 1331//1331 1354//1354 1332//1332
f 1334//1334 1319//1319 1333//1333
f 1281//1281 1334//1334 1282//1282
f 1333//1333 1327//1327 1335//1335
f 1282//1282 1333//1333 1336//1336
f 1334//1334 1337//1337 1320//1320
f 1337//1337 1338//1338 1324//1324
f 1281//1281 1275//1275 1337//1337
f 1275//1275 1305//1305 1338//1338
f 1340//1340 1342//1342 1341//1341
f 1342//1342 1344//1344 1343//1343
f 1330//1330 1323//1323 1342//1342
f 1323//1323 1326//1326 1344//1344
f 1346//1346 1339//1339 1345//1345
f 977//977 1346//1346 978//978
f 1345//1345 1341//1341 1347//1347
f 978//978 1345//1345 1019//1019
f 1346//1346 1349//1349 1348//1348
f 1349//1349 1351//1351 1350//1350
f 977//977 973//973 1349//1349
f 973//973 975//975 1351//1351
f 1340//1340 1339//1339 1352//1352
f 1330//1330 1340//1340 1331//1331
f 1352//1352 1348//1348 1353//1353
f 1331//1331 1352//1352 1354//1354
f 1358//1358 1355//1355 1357//1357
f 1363//1363 1358//1358 1359//1359
f 1357//1357 1356//1356 1344//1344
f 1359//1359 1357//1357 1326//1326
f 1358//1358 1361//1361 1360//1360
f 1361//1361 1365//1365 1362//1362
f 1363//1363 1364//1364 1361//1361
f 1364//1364 1383//1383 1365//1365
f 1367//1367 1355//1355 1366//1366
f 1023//1023 1367//1367 1024//1024
f 1366//1366 1360//1360 1368//1368
f 1024//1024 1366//1366 1369//1369
f 1367//1367 1370//1370 1356//1356
f 1370//1370 1347//1347 1343//1343
f 1023//1023 1018//1018 1370//1370
f 1018//1018 1019//1019 1347//1347
f 1372//1372 1374//1374 1373//1373
f 1374//1374 1325//1325 1324//1324
f 1363//1363 1359//1359 1374//1374
f 1359//1359 1326//1326 1325//1325
f 1376//1376 1371//1371 1375//1375
f 1299//1299 1376//1376 1304//1304
f 1375//1375 1373//1373 1338//1338
f 1304//1304 1375//1375 1305//1305
f 1376//1376 1378//1378 1377//1377
f 1378//1378 1380//1380 1379//1379
f 1299//1299 1302//1302 1378//1378
f 1302//1302 1861//1861 1380//1380
f 1372//1372 1371//1371 1381//1381
f 1363//1363 1372//1372 1364//1364
f 1381//1381 1377//1377 1382//1382
f 1364//1364 1381//1381 1383//1383
f 1388//1388 1384//1384 1387//1387
f 1213//1213 1388//1388 1214//1214
f 1387//1387 1385//1385 1389//1389
f 1214//1214 1387//1387 1188//1188
f 1388//1388 1391//1391 1390//1390
f 1391//1391 1393//1393 1392//1392
f 1213//1213 1209//1209 1391//1391
f 1209//1209 1211//1211 1393//1393
f 1191//1191 1396//1396 1192//1192
f 1192//1192 1395//1395 921//921
f 1396//1396 1397//1397 1394//1394
f 1397//1397 1389//1389 1386//1386
f 1191//1191 1186//1186 1397//1397
f 1186//1186 1188//1188 1389//1389
f 1399//1399 1401//1401 1400//1400
f 1401//1401 1285//1285 1284//1284
f 1285//1285 1401//1401 1260//1260
f 1404//1404 1398//1398 1403//1403
f 1406//1406 1404//1404 1405//1405
f 1403//1403 1400//1400 1280//1280
f 1405//1405 1403//1403 1336//1336
f 1263//1263 1409//1409 1264//1264
f 1408//1408 1407//1407 1393//1393
f 1264//1264 1408//1408 1211//1211
f 1263//1263 1258//1258 1410//1410
f 1258//1258 1260//1260 1402//1402
f 1412//1412 1414//1414 1413//1413
f 1414//1414 1353//1353 1350//1350
f 1415//1415 1416//1416 1414//1414
f 1416//1416 1354//1354 1353//1353
f 1418//1418 1411//1411 1417//1417
f 1105//1105 1418//1418 1106//1106
f 1417//1417 1413//1413 1351//1351
f 1106//1106 1417//1417 975//975
f 1421//1421 1423//1423 1422//1422
f 1423//1423 1335//1335 1329//1329
f 1406//1406 1405//1405 1423//1423
f 1405//1405 1336//1336 1335//1335
f 1420//1420 1419//1419 1424//1424
f 1415//1415 1420//1420 1416//1416
f 1424//1424 1422//1422 1332//1332
f 1416//1416 1424//1424 1354//1354
f 1428//1428 1425//1425 1427//1427
f 1437//1437 1428//1428 1429//1429
f 1427//1427 1426//1426 1431//1431
f 1429//1429 1427//1427 1432//1432
f 1434//1434 1436//1436 1435//1435
f 670//670 1435//1435 671//671
f 1436//1436 1434//1434 1439//1439
f 671//671 1436//1436 646//646
f 1441//1441 1433//1433 1440//1440
f 1512//1512 1441//1441 1442//1442
f 670//670 666//666 1440//1440
f 1442//1442 1440//1440 668//668
f 1443//1443 1444//1444 1426//1426
f 1444//1444 1447//1447 1430//1430
f 1445//1445 1446//1446 1444//1444
f 1446//1446 1486//1486 1447//1447
f 1451//1451 1448//1448 1450//1450
f 1450//1450 1453//1453 1452//1452
f 1450//1450 1449//1449 1429//1429
f 1429//1429 1432//1432 1453//1453
f 1451//1451 1455//1455 1454//1454
f 1455//1455 1133//1133 1128//1128
f 1452//1452 1456//1456 1455//1455
f 1456//1456 1134//1134 1133//1133
f 1461//1461 1448//1448 1457//1457
f 650//650 1458//1458 651//651
f 1457//1457 1454//1454 1460//1460
f 651//651 1459//1459 687//687
f 1461//1461 1462//1462 1449//1449
f 1462//1462 1438//1438 1437//1437
f 650//650 644//644 1463//1463
f 644//644 646//646 1439//1439
f 1467//1467 1464//1464 1466//1466
f 1472//1472 1467//1467 1468//1468
f 1466//1466 1465//1465 1453//1453
f 1468//1468 1466//1466 1432//1432
f 1467//1467 1470//1470 1469//1469
f 1470//1470 1474//1474 1471//1471
f 1472//1472 1473//1473 1470//1470
f 1473//1473 1495//1495 1474//1474
f 1476//1476 1464//1464 1475//1475
f 1173//1173 1476//1476 1174//1174
f 1475//1475 1469//1469 1477//1477
f 1174//1174 1475//1475 1244//1244
f 1476//1476 1478//1478 1465//1465
f 1478//1478 1456//1456 1452//1452
f 1173//1173 1170//1170 1478//1478
f 1456//1456 1478//1478 1134//1134
f 1480//1480 1482//1482 1481//1481
f 1482//1482 1431//1431 1430//1430
f 1472//1472 1468//1468 1482//1482
f 1468//1468 1432//1432 1431//1431
f 1484//1484 1479//1479 1483//1483
f 1490//1490 1484//1484 1485//1485
f 1483//1483 1481//1481 1447//1447
f 1485//1485 1483//1483 1486//1486
f 1484//1484 1488//1488 1487//1487
f 1488//1488 1492//1492 1489//1489
f 1490//1490 1491//1491 1488//1488
f 1491//1491 1534//1534 1492//1492
f 1480//1480 1479//1479 1493//1493
f 1472//1472 1480//1480 1473//1473
f 1493//1493 1487//1487 1494//1494
f 1473//1473 1493//1493 1495//1495
f 1497//1497 1499//1499 1498//1498
f 1499//1499 1503//1503 1500//1500
f 1501//1501 1502//1502 1499//1499
f 1502//1502 1524//1524 1503//1503
f 1505//1505 1496//1496 1504//1504
f 1445//1445 1505//1505 1446//1446
f 1504//1504 1498//1498 1506//1506
f 1446//1446 1504//1504 1486//1486
f 1508//1508 1510//1510 1509//1509
f 1510//1510 1513//1513 1511//1511
f 1512//1512 1442//1442 1510//1510
f 1442//1442 668//668 1513//1513
f 1515//1515 1507//1507 1514//1514
f 1565//1565 1515//1515 1516//1516
f 1514//1514 1509//1509 1517//1517
f 1516//1516 1514//1514 1518//1518
f 1522//1522 1519//1519 1521//1521
f 1528//1528 1522//1522 1523//1523
f 1521//1521 1520//1520 1503//1503
f 1523//1523 1521//1521 1524//1524
f 1522//1522 1526//1526 1525//1525
f 1526//1526 1530//1530 1527//1527
f 1528//1528 1529//1529 1526//1526
f 1529//1529 1555//1555 1530//1530
f 1532//1532 1519//1519 1531//1531
f 1490//1490 1532//1532 1491//1491
f 1531//1531 1525//1525 1533//1533
f 1491//1491 1531//1531 1534//1534
f 1532//1532 1535//1535 1520//1520
f 1535//1535 1506//1506 1500//1500
f 1490//1490 1485//1485 1535//1535
f 1485//1485 1486//1486 1506//1506
f 1537//1537 1539//1539 1538//1538
f 1539//1539 1541//1541 1540//1540
f 1528//1528 1523//1523 1539//1539
f 1523//1523 1524//1524 1541//1541
f 1543//1543 1536//1536 1542//1542
f 1550//1550 1543//1543 1544//1544
f 1542//1542 1538//1538 1545//1545
f 1544//1544 1542//1542 1546//1546
f 1543//1543 1548//1548 1547//1547
f 1548//1548 1552//1552 1549//1549
f 1550//1550 1551//1551 1548//1548
f 1551//1551 1735//1735 1552//1552
f 1537//1537 1536//1536 1553//1553
f 1528//1528 1537//1537 1529//1529
f 1553//1553 1547//1547 1554//1554
f 1529//1529 1553//1553 1555//1555
f 1559//1559 1556//1556 1558//1558
f 1501//1501 1559//1559 1502//1502
f 1558//1558 1557//1557 1541//1541
f 1502//1502 1558//1558 1524//1524
f 1561//1561 1563//1563 1562//1562
f 1563//1563 1566//1566 1564//1564
f 1565//1565 1516//1516 1563//1563
f 1516//1516 1518//1518 1566//1566
f 1568//1568 1560//1560 1567//1567
f 2324//2324 1568//1568 1569//1569
f 1567//1567 1562//1562 1570//1570
f 1569//1569 1567//1567 1571//1571
f 1572//1572 1573//1573 1557//1557
f 1573//1573 1545//1545 1540//1540
f 1574//1574 1575//1575 1573//1573
f 1575//1575 1546//1546 1545//1545
f 1577//1577 1579//1579 1578//1578
f 1579//1579 1583//1583 1580//1580
f 1581//1581 1582//1582 1579//1579
f 1582//1582 1596//1596 1583//1583
f 1585//1585 1576//1576 1584//1584
f 1246//1246 1585//1585 1247//1247
f 1584//1584 1578//1578 1586//1586
f 1247//1247 1584//1584 1225//1225
f 1585//1585 1588//1588 1587//1587
f 1588//1588 1477//1477 1471//1471
f 1246//1246 1243//1243 1588//1588
f 1243//1243 1244//1244 1477//1477
f 1577//1577 1576//1576 1589//1589
f 1581//1581 1577//1577 1590//1590
f 1589//1589 1587//1587 1474//1474
f 1590//1590 1589//1589 1495//1495
f 1594//1594 1591//1591 1593//1593
f 1593//1593 1611//1611 1595//1595
f 1593//1593 1592//1592 1583//1583
f 1611//1611 1593//1593 1596//1596
f 1594//1594 1598//1598 1597//1597
f 1604//1604 1597//1597 1599//1599
f 1598//1598 1594//1594 1600//1600
f 1599//1599 1598//1598 1601//1601
f 1603//1603 1591//1591 1602//1602
f 1229//1229 1603//1603 1230//1230
f 1604//1604 1605//1605 1602//1602
f 1605//1605 1315//1315 1230//1230
f 1603//1603 1606//1606 1592//1592
f 1606//1606 1586//1586 1580//1580
f 1229//1229 1223//1223 1606//1606
f 1223//1223 1225//1225 1586//1586
f 1610//1610 1607//1607 1609//1609
f 1581//1581 1610//1610 1582//1582
f 1609//1609 1608//1608 1611//1611
f 1582//1582 1609//1609 1596//1596
f 1610//1610 1613//1613 1612//1612
f 1613//1613 1494//1494 1489//1489
f 1581//1581 1590//1590 1613//1613
f 1590//1590 1495//1495 1494//1494
f 1615//1615 1607//1607 1614//1614
f 1618//1618 1615//1615 1616//1616
f 1614//1614 1612//1612 1492//1492
f 1616//1616 1614//1614 1534//1534
f 1615//1615 1617//1617 1608//1608
f 1617//1617 1600//1600 1595//1595
f 1618//1618 1619//1619 1617//1617
f 1619//1619 1601//1601 1600//1600
f 1621//1621 1623//1623 1622//1622
f 1623//1623 1627//1627 1624//1624
f 1625//1625 1626//1626 1623//1623
f 1626//1626 1644//1644 1627//1627
f 1629//1629 1620//1620 1628//1628
f 1317//1317 1629//1629 1318//1318
f 1628//1628 1622//1622 1630//1630
f 1318//1318 1628//1628 1296//1296
f 1629//1629 1632//1632 1631//1631
f 1632//1632 1634//1634 1633//1633
f 1317//1317 1314//1314 1632//1632
f 1314//1314 1315//1315 1634//1634
f 1621//1621 1620//1620 1635//1635
f 1625//1625 1621//1621 1636//1636
f 1635//1635 1631//1631 1637//1637
f 1636//1636 1635//1635 1638//1638
f 1642//1642 1639//1639 1641//1641
f 1648//1648 1642//1642 1643//1643
f 1641//1641 1640//1640 1627//1627
f 1643//1643 1641//1641 1644//1644
f 1642//1642 1646//1646 1645//1645
f 1653//1653 1645//1645 1647//1647
f 1646//1646 1642//1642 1649//1649
f 1647//1647 1646//1646 1650//1650
f 1652//1652 1639//1639 1651//1651
f 1300//1300 1652//1652 1301//1301
f 1653//1653 1654//1654 1651//1651
f 1654//1654 1861//1861 1301//1301
f 1652//1652 1655//1655 1640//1640
f 1655//1655 1630//1630 1624//1624
f 1300//1300 1294//1294 1655//1655
f 1294//1294 1296//1296 1630//1630
f 1659//1659 1656//1656 1658//1658
f 1658//1658 1661//1661 1660//1660
f 1648//1648 1643//1643 1658//1658
f 1643//1643 1644//1644 1661//1661
f 1659//1659 1663//1663 1662//1662
f 1663//1663 2421//2421 1664//1664
f 1663//1663 1659//1659 1665//1665
f 2421//2421 1663//1663 1666//1666
f 1668//1668 1656//1656 1667//1667
f 1673//1673 1668//1668 1669//1669
f 1667//1667 1662//1662 1670//1670
f 1669//1669 1667//1667 1671//1671
f 1668//1668 1672//1672 1657//1657
f 1672//1672 1649//1649 1648//1648
f 1673//1673 1674//1674 1672//1672
f 1674//1674 1650//1650 1649//1649
f 1678//1678 1675//1675 1677//1677
f 1625//1625 1678//1678 1626//1626
f 1677//1677 1676//1676 1661//1661
f 1626//1626 1677//1677 1644//1644
f 1678//1678 1680//1680 1679//1679
f 1680//1680 1682//1682 1681//1681
f 1625//1625 1636//1636 1680//1680
f 1636//1636 1638//1638 1682//1682
f 1684//1684 1675//1675 1683//1683
f 1689//1689 1684//1684 1685//1685
f 1683//1683 1679//1679 1686//1686
f 1685//1685 1683//1683 1687//1687
f 1684//1684 1688//1688 1676//1676
f 1688//1688 1665//1665 1660//1660
f 1689//1689 1690//1690 1688//1688
f 1690//1690 1666//1666 1665//1665
f 1694//1694 1691//1691 1693//1693
f 1701//1701 1694//1694 1695//1695
f 1693//1693 1692//1692 1697//1697
f 1695//1695 1693//1693 1698//1698
f 1694//1694 1700//1700 1699//1699
f 1700//1700 1637//1637 1633//1633
f 1701//1701 1702//1702 1700//1700
f 1702//1702 1638//1638 1637//1637
f 1704//1704 1691//1691 1703//1703
f 1604//1604 1704//1704 1605//1605
f 1703//1703 1699//1699 1634//1634
f 1634//1634 1315//1315 1605//1605
f 1704//1704 1705//1705 1692//1692
f 1705//1705 1706//1706 1696//1696
f 1604//1604 1599//1599 1705//1705
f 1599//1599 1601//1601 1706//1706
f 1708//1708 1710//1710 1709//1709
f 1710//1710 1712//1712 1711//1711
f 1701//1701 1695//1695 1710//1710
f 1695//1695 1698//1698 1712//1712
f 1714//1714 1707//1707 1713//1713
f 1720//1720 1714//1714 1715//1715
f 1713//1713 1709//1709 1716//1716
f 1715//1715 1713//1713 1717//1717
f 1714//1714 1719//1719 1718//1718
f 1719//1719 1686//1686 1681//1681
f 1720//1720 1721//1721 1719//1719
f 1721//1721 1687//1687 1686//1686
f 1708//1708 1707//1707 1722//1722
f 1701//1701 1708//1708 1702//1702
f 1722//1722 1718//1718 1682//1682
f 1702//1702 1722//1722 1638//1638
f 1726//1726 1723//1723 1725//1725
f 1730//1730 1726//1726 1727//1727
f 1725//1725 1724//1724 1712//1712
f 1727//1727 1725//1725 1698//1698
f 1726//1726 1729//1729 1728//1728
f 1729//1729 1554//1554 1549//1549
f 1730//1730 1731//1731 1729//1729
f 1731//1731 1555//1555 1554//1554
f 1733//1733 1723//1723 1732//1732
f 1737//1737 1733//1733 1734//1734
f 1732//1732 1728//1728 1552//1552
f 1734//1734 1732//1732 1735//1735
f 1733//1733 1736//1736 1724//1724
f 1736//1736 1716//1716 1711//1711
f 1737//1737 1738//1738 1736//1736
f 1738//1738 1717//1717 1716//1716
f 1740//1740 1742//1742 1741//1741
f 1742//1742 1697//1697 1696//1696
f 1730//1730 1727//1727 1742//1742
f 1727//1727 1698//1698 1697//1697
f 1744//1744 1739//1739 1743//1743
f 1618//1618 1744//1744 1619//1619
f 1743//1743 1741//1741 1706//1706
f 1619//1619 1743//1743 1601//1601
f 1744//1744 1746//1746 1745//1745
f 1746//1746 1533//1533 1527//1527
f 1618//1618 1616//1616 1746//1746
f 1616//1616 1534//1534 1533//1533
f 1740//1740 1739//1739 1747//1747
f 1730//1730 1740//1740 1731//1731
f 1747//1747 1745//1745 1530//1530
f 1731//1731 1747//1747 1555//1555
f 1758//1758 1748//1748 1750//1750
f 1762//1762 1751//1751 1753//1753
f 1750//1750 1749//1749 1755//1755
f 1753//1753 1752//1752 1757//1757
f 1758//1758 1760//1760 1759//1759
f 1760//1760 1947//1947 1761//1761
f 1762//1762 1764//1764 1763//1763
f 1764//1764 1791//1791 1765//1765
f 1767//1767 1748//1748 1766//1766
f 609//609 1767//1767 610//610
f 1766//1766 1759//1759 1768//1768
f 610//610 1766//1766 1769//1769
f 1767//1767 1770//1770 1749//1749
f 1770//1770 1771//1771 1754//1754
f 609//609 603//603 1770//1770
f 603//603 605//605 1771//1771
f 1773//1773 1775//1775 1774//1774
f 1775//1775 1777//1777 1776//1776
f 1762//1762 1753//1753 1775//1775
f 1753//1753 1757//1757 1777//1777
f 1779//1779 1772//1772 1778//1778
f 1786//1786 1779//1779 1780//1780
f 1778//1778 1774//1774 1781//1781
f 1780//1780 1778//1778 1782//1782
f 1779//1779 1784//1784 1783//1783
f 1784//1784 1788//1788 1785//1785
f 1786//1786 1787//1787 1784//1784
f 1787//1787 1850//1850 1788//1788
f 1773//1773 1772//1772 1789//1789
f 1762//1762 1773//1773 1764//1764
f 1789//1789 1783//1783 1790//1790
f 1764//1764 1789//1789 1791//1791
f 1795//1795 1792//1792 1794//1794
f 1799//1799 1795//1795 1796//1796
f 1794//1794 1793//1793 1777//1777
f 1796//1796 1794//1794 1757//1757
f 1795//1795 1798//1798 1797//1797
f 1798//1798 1082//1082 1079//1079
f 1799//1799 1800//1800 1798//1798
f 1800//1800 1083//1083 1082//1082
f 1802//1802 1792//1792 1801//1801
f 1805//1805 1802//1802 1803//1803
f 1801//1801 1797//1797 1080//1080
f 1803//1803 1801//1801 1369//1369
f 1802//1802 1804//1804 1793//1793
f 1804//1804 1781//1781 1776//1776
f 1805//1805 1806//1806 1804//1804
f 1806//1806 1782//1782 1781//1781
f 1808//1808 1810//1810 1809//1809
f 1810//1810 1755//1755 1754//1754
f 1799//1799 1796//1796 1812//1812
f 1796//1796 1757//1757 1756//1756
f 1814//1814 1807//1807 1813//1813
f 634//634 1814//1814 635//635
f 1813//1813 1809//1809 1771//1771
f 635//635 1813//1813 605//605
f 1814//1814 1816//1816 1815//1815
f 1816//1816 1066//1066 1059//1059
f 634//634 630//630 1816//1816
f 630//630 632//632 1066//1066
f 1808//1808 1807//1807 1817//1817
f 1799//1799 1811//1811 1800//1800
f 1817//1817 1815//1815 1819//1819
f 1800//1800 1818//1818 1083//1083
f 1821//1821 1823//1823 1822//1822
f 1823//1823 1827//1827 1824//1824
f 1825//1825 1826//1826 1823//1823
f 1826//1826 1840//1840 1827//1827
f 1829//1829 1820//1820 1828//1828
f 1805//1805 1829//1829 1806//1806
f 1828//1828 1822//1822 1830//1830
f 1806//1806 1828//1828 1782//1782
f 1829//1829 1832//1832 1831//1831
f 1832//1832 1368//1368 1362//1362
f 1805//1805 1803//1803 1832//1832
f 1803//1803 1369//1369 1368//1368
f 1821//1821 1820//1820 1833//1833
f 1825//1825 1821//1821 1834//1834
f 1833//1833 1831//1831 1365//1365
f 1834//1834 1833//1833 1383//1383
f 1838//1838 1835//1835 1837//1837
f 1844//1844 1838//1838 1839//1839
f 1837//1837 1836//1836 1827//1827
f 1839//1839 1837//1837 1840//1840
f 1838//1838 1842//1842 1841//1841
f 1842//1842 1846//1846 1843//1843
f 1844//1844 1845//1845 1842//1842
f 1845//1845 1865//1865 1846//1846
f 1848//1848 1835//1835 1847//1847
f 1786//1786 1848//1848 1787//1787
f 1847//1847 1841//1841 1849//1849
f 1787//1787 1847//1847 1850//1850
f 1848//1848 1851//1851 1836//1836
f 1851//1851 1830//1830 1824//1824
f 1786//1786 1780//1780 1851//1851
f 1780//1780 1782//1782 1830//1830
f 1855//1855 1852//1852 1854//1854
f 1825//1825 1855//1855 1826//1826
f 1844//1844 1839//1839 1854//1854
f 1826//1826 1854//1854 1840//1840
f 1855//1855 1857//1857 1856//1856
f 1857//1857 1382//1382 1379//1379
f 1825//1825 1834//1834 1857//1857
f 1834//1834 1383//1383 1382//1382
f 1859//1859 1852//1852 1858//1858
f 1863//1863 1859//1859 1860//1860
f 1858//1858 1856//1856 1380//1380
f 1860//1860 1858//1858 1861//1861
f 1859//1859 1862//1862 1853//1853
f 1844//1844 1853//1853 1845//1845
f 1863//1863 1864//1864 1862//1862
f 1845//1845 1862//1862 1865//1865
f 1869//1869 1866//1866 1868//1868
f 1876//1876 1869//1869 1870//1870
f 1868//1868 1867//1867 1872//1872
f 1870//1870 1868//1868 1873//1873
f 1869//1869 1875//1875 1874//1874
f 1875//1875 614//614 608//608
f 1876//1876 1877//1877 1875//1875
f 1877//1877 615//615 614//614
f 1879//1879 1866//1866 1878//1878
f 1882//1882 1879//1879 1880//1880
f 1878//1878 1874//1874 611//611
f 1880//1880 1878//1878 1769//1769
f 1879//1879 1881//1881 1867//1867
f 1881//1881 1884//1884 1871//1871
f 1882//1882 1883//1883 1881//1881
f 1883//1883 1919//1919 1884//1884
f 1886//1886 1888//1888 1887//1887
f 1888//1888 1890//1890 1889//1889
f 1876//1876 1870//1870 1888//1888
f 1870//1870 1873//1873 1890//1890
f 1892//1892 1885//1885 1891//1891
f 1891//1891 1517//1517 1511//1511
f 1891//1891 1887//1887 1893//1893
f 1893//1893 1518//1518 1517//1517
f 1892//1892 1895//1895 1894//1894
f 1895//1895 667//667 662//662
f 1895//1895 1892//1892 1513//1513
f 1513//1513 668//668 667//667
f 1886//1886 1885//1885 1896//1896
f 1876//1876 1886//1886 1877//1877
f 1896//1896 1894//1894 663//663
f 1877//1877 1896//1896 615//615
f 1900//1900 1897//1897 1899//1899
f 1905//1905 1900//1900 1901//1901
f 1899//1899 1898//1898 1890//1890
f 1901//1901 1899//1899 1873//1873
f 1900//1900 1903//1903 1902//1902
f 1903//1903 1907//1907 1904//1904
f 1905//1905 1906//1906 1903//1903
f 1906//1906 1928//1928 1907//1907
f 1909//1909 1897//1897 1908//1908
f 1908//1908 1570//1570 1564//1564
f 1908//1908 1902//1902 1910//1910
f 1570//1570 1908//1908 1571//1571
f 1909//1909 1911//1911 1898//1898
f 1911//1911 1893//1893 1889//1889
f 1911//1911 1909//1909 1566//1566
f 1893//1893 1911//1911 1518//1518
f 1913//1913 1915//1915 1914//1914
f 1915//1915 1872//1872 1871//1871
f 1905//1905 1901//1901 1915//1915
f 1901//1901 1873//1873 1872//1872
f 1917//1917 1912//1912 1916//1916
f 1923//1923 1917//1917 1918//1918
f 1916//1916 1914//1914 1884//1884
f 1918//1918 1916//1916 1919//1919
f 1917//1917 1921//1921 1920//1920
f 1921//1921 1925//1925 1922//1922
f 1923//1923 1924//1924 1921//1921
f 1924//1924 1967//1967 1925//1925
f 1913//1913 1912//1912 1926//1926
f 1905//1905 1913//1913 1906//1906
f 1926//1926 1920//1920 1927//1927
f 1906//1906 1926//1926 1928//1928
f 1930//1930 1932//1932 1931//1931
f 1932//1932 1954//1954 1933//1933
f 1935//1935 1937//1937 1936//1936
f 1937//1937 1955//1955 1938//1938
f 1940//1940 1929//1929 1939//1939
f 1882//1882 1940//1940 1883//1883
f 1939//1939 1931//1931 1941//1941
f 1883//1883 1939//1939 1919//1919
f 1940//1940 1943//1943 1942//1942
f 1943//1943 1768//1768 1761//1761
f 1882//1882 1880//1880 1943//1943
f 1880//1880 1769//1769 1768//1768
f 1930//1930 1929//1929 1944//1944
f 1935//1935 1934//1934 1946//1946
f 1944//1944 1942//1942 1947//1947
f 1946//1946 1945//1945 1791//1791
f 1956//1956 1948//1948 1950//1950
f 1960//1960 1951//1951 1953//1953
f 1950//1950 1949//1949 1954//1954
f 1953//1953 1952//1952 1955//1955
f 1956//1956 1958//1958 1957//1957
f 1958//1958 2524//2524 1959//1959
f 1960//1960 1962//1962 1961//1961
f 1962//1962 1988//1988 1963//1963
f 1965//1965 1948//1948 1964//1964
f 1923//1923 1965//1965 1924//1924
f 1964//1964 1957//1957 1966//1966
f 1924//1924 1964//1964 1967//1967
f 1965//1965 1968//1968 1949//1949
f 1968//1968 1941//1941 1933//1933
f 1923//1923 1918//1918 1968//1968
f 1918//1918 1919//1919 1941//1941
f 1970//1970 1972//1972 1971//1971
f 1972//1972 1974//1974 1973//1973
f 1960//1960 1953//1953 1972//1972
f 1953//1953 1955//1955 1974//1974
f 1976//1976 1969//1969 1975//1975
f 1983//1983 1976//1976 1977//1977
f 1975//1975 1971//1971 1978//1978
f 1977//1977 1975//1975 1979//1979
f 1976//1976 1981//1981 1980//1980
f 1981//1981 1985//1985 1982//1982
f 1983//1983 1984//1984 1981//1981
f 1984//1984 2043//2043 1985//1985
f 1970//1970 1969//1969 1986//1986
f 1960//1960 1970//1970 1962//1962
f 1986//1986 1980//1980 1987//1987
f 1962//1962 1986//1986 1988//1988
f 1992//1992 1989//1989 1991//1991
f 1935//1935 1992//1992 1937//1937
f 1991//1991 1990//1990 1974//1974
f 1937//1937 1991//1991 1955//1955
f 1992//1992 1994//1994 1993//1993
f 1994//1994 1790//1790 1785//1785
f 1935//1935 1946//1946 1994//1994
f 1946//1946 1791//1791 1790//1790
f 1996//1996 1989//1989 1995//1995
f 1999//1999 1996//1996 1997//1997
f 1995//1995 1993//1993 1788//1788
f 1997//1997 1995//1995 1850//1850
f 1996//1996 1998//1998 1990//1990
f 1998//1998 1978//1978 1973//1973
f 1999//1999 2000//2000 1998//1998
f 2000//2000 1979//1979 1978//1978
f 2004//2004 2001//2001 2003//2003
f 2011//2011 2004//2004 2005//2005
f 2003//2003 2002//2002 2007//2007
f 2005//2005 2003//2003 2008//2008
f 2004//2004 2010//2010 2009//2009
f 2010//2010 1864//1864 1863//1863
f 2011//2011 2012//2012 2010//2010
f 2012//2012 1865//1865 1864//1864
f 2009//2009 2014//2014 2013//2013
f 2014//2014 1654//1654 1653//1653
f 1863//1863 1860//1860 2014//2014
f 1860//1860 1861//1861 1654//1654
f 2013//2013 2015//2015 2002//2002
f 2015//2015 2016//2016 2006//2006
f 1653//1653 1647//1647 2015//2015
f 1647//1647 1650//1650 2016//2016
f 2018//2018 2020//2020 2019//2019
f 2020//2020 2022//2022 2021//2021
f 2011//2011 2005//2005 2020//2020
f 2005//2005 2008//2008 2022//2022
f 2024//2024 2017//2017 2023//2023
f 1999//1999 2024//2024 2000//2000
f 2023//2023 2019//2019 2025//2025
f 2000//2000 2023//2023 1979//1979
f 2024//2024 2027//2027 2026//2026
f 2027//2027 1849//1849 1843//1843
f 1999//1999 1997//1997 2027//2027
f 1997//1997 1850//1850 1849//1849
f 2018//2018 2017//2017 2028//2028
f 2011//2011 2018//2018 2012//2012
f 2028//2028 2026//2026 1846//1846
f 2012//2012 2028//2028 1865//1865
f 2032//2032 2029//2029 2031//2031
f 2037//2037 2032//2032 2033//2033
f 2031//2031 2030//2030 2022//2022
f 2033//2033 2031//2031 2008//2008
f 2032//2032 2035//2035 2034//2034
f 2035//2035 2039//2039 2036//2036
f 2037//2037 2038//2038 2035//2035
f 2038//2038 2057//2057 2039//2039
f 2041//2041 2029//2029 2040//2040
f 1983//1983 2041//2041 1984//1984
f 2040//2040 2034//2034 2042//2042
f 1984//1984 2040//2040 2043//2043
f 2041//2041 2044//2044 2030//2030
f 2044//2044 2025//2025 2021//2021
f 1983//1983 1977//1977 2044//2044
f 1977//1977 1979//1979 2025//2025
f 2046//2046 2048//2048 2047//2047
f 2048//2048 2007//2007 2006//2006
f 2037//2037 2033//2033 2048//2048
f 2033//2033 2008//2008 2007//2007
f 2050//2050 2045//2045 2049//2049
f 1673//1673 2050//2050 1674//1674
f 2049//2049 2047//2047 2016//2016
f 1674//1674 2049//2049 1650//1650
f 2050//2050 2052//2052 2051//2051
f 2052//2052 2054//2054 2053//2053
f 1673//1673 1669//1669 2052//2052
f 1669//1669 1671//1671 2054//2054
f 2046//2046 2045//2045 2055//2055
f 2037//2037 2046//2046 2038//2038
f 2055//2055 2051//2051 2056//2056
f 2038//2038 2055//2055 2057//2057
f 2059//2059 2061//2061 2060//2060
f 2071//2071 2060//2060 2062//2062
f 2064//2064 2066//2066 2065//2065
f 2066//2066 2131//2131 2067//2067
f 2060//2060 2069//2069 2068//2068
f 2069//2069 2073//2073 2070//2070
f 2071//2071 2072//2072 2069//2069
f 2072//2072 2107//2107 2073//2073
f 2068//2068 2075//2075 2074//2074
f 2075//2075 2242//2242 2076//2076
f 2075//2075 2068//2068 2077//2077
f 2242//2242 2075//2075 2078//2078
f 2059//2059 2058//2058 2079//2079
f 2064//2064 2063//2063 2081//2081
f 2079//2079 2074//2074 2082//2082
f 2081//2081 2080//2080 2084//2084
f 2086//2086 2091//2091 2087//2087
f 2089//2089 2092//2092 2090//2090
f 2071//2071 2062//2062 2091//2091
f 2067//2067 2131//2131 2092//2092
f 2094//2094 2085//2085 2093//2093
f 2102//2102 2094//2094 2095//2095
f 2097//2097 2088//2088 2096//2096
f 2185//2185 2097//2097 2098//2098
f 2094//2094 2100//2100 2099//2099
f 2100//2100 2104//2104 2101//2101
f 2102//2102 2103//2103 2100//2100
f 2103//2103 2182//2182 2104//2104
f 2086//2086 2085//2085 2105//2105
f 2071//2071 2086//2086 2072//2072
f 2105//2105 2099//2099 2106//2106
f 2072//2072 2105//2105 2107//2107
f 2109//2109 2111//2111 2110//2110
f 2111//2111 2113//2113 2112//2112
f 2111//2111 2109//2109 2092//2092
f 2092//2092 2131//2131 2113//2113
f 2115//2115 2108//2108 2114//2114
f 2122//2122 2115//2115 2116//2116
f 2114//2114 2110//2110 2117//2117
f 2116//2116 2114//2114 2118//2118
f 2120//2120 2108//2108 2119//2119
f 2125//2125 2120//2120 2121//2121
f 2122//2122 2123//2123 2119//2119
f 2123//2123 2158//2158 2121//2121
f 2120//2120 2124//2124 2109//2109
f 2124//2124 2096//2096 2090//2090
f 2125//2125 2126//2126 2124//2124
f 2126//2126 2098//2098 2096//2096
f 2130//2130 2127//2127 2129//2129
f 2064//2064 2130//2130 2066//2066
f 2129//2129 2128//2128 2113//2113
f 2066//2066 2129//2129 2131//2131
f 2130//2130 2133//2133 2132//2132
f 2133//2133 2135//2135 2134//2134
f 2064//2064 2081//2081 2133//2133
f 2081//2081 2084//2084 2135//2135
f 2137//2137 2127//2127 2136//2136
f 2142//2142 2137//2137 2138//2138
f 2136//2136 2132//2132 2139//2139
f 2138//2138 2136//2136 2140//2140
f 2137//2137 2141//2141 2128//2128
f 2141//2141 2117//2117 2112//2112
f 2142//2142 2143//2143 2141//2141
f 2143//2143 2118//2118 2117//2117
f 2145//2145 2147//2147 2146//2146
f 2147//2147 2170//2170 2148//2148
f 2147//2147 2145//2145 2150//2150
f 2170//2170 2147//2147 2151//2151
f 2153//2153 2144//2144 2152//2152
f 2125//2125 2153//2153 2126//2126
f 2152//2152 2146//2146 2154//2154
f 2126//2126 2152//2152 2098//2098
f 2153//2153 2156//2156 2155//2155
f 2160//2160 2155//2155 2157//2157
f 2125//2125 2121//2121 2156//2156
f 2157//2157 2156//2156 2158//2158
f 2145//2145 2144//2144 2159//2159
f 2159//2159 2162//2162 2149//2149
f 2160//2160 2161//2161 2159//2159
f 2161//2161 2193//2193 2162//2162
f 2171//2171 2163//2163 2165//2165
f 2175//2175 2166//2166 2168//2168
f 2167//2167 2169//2169 2170//2170
f 2168//2168 2167//2167 2151//2151
f 2171//2171 2173//2173 2172//2172
f 2173//2173 2314//2314 2174//2174
f 2175//2175 2177//2177 2176//2176
f 2177//2177 2202//2202 2178//2178
f 2180//2180 2163//2163 2179//2179
f 2102//2102 2180//2180 2103//2103
f 2179//2179 2172//2172 2181//2181
f 2103//2103 2179//2179 2182//2182
f 2180//2180 2184//2184 2164//2164
f 2183//2183 2154//2154 2148//2148
f 2102//2102 2095//2095 2184//2184
f 2185//2185 2098//2098 2154//2154
f 2187//2187 2189//2189 2188//2188
f 2149//2149 2188//2188 2150//2150
f 2175//2175 2168//2168 2189//2189
f 2150//2150 2189//2189 2151//2151
f 2191//2191 2186//2186 2190//2190
f 2197//2197 2191//2191 2192//2192
f 2190//2190 2188//2188 2162//2162
f 2192//2192 2190//2190 2193//2193
f 2191//2191 2195//2195 2194//2194
f 2195//2195 2291//2291 2196//2196
f 2197//2197 2198//2198 2195//2195
f 2291//2291 2195//2195 2199//2199
f 2187//2187 2186//2186 2200//2200
f 2175//2175 2187//2187 2177//2177
f 2200//2200 2194//2194 2201//2201
f 2177//2177 2200//2200 2202//2202
f 2204//2204 2206//2206 2205//2205
f 2206//2206 2232//2232 2207//2207
f 2206//2206 2204//2204 2209//2209
f 2232//2232 2206//2206 2210//2210
f 2212//2212 2203//2203 2211//2211
f 2219//2219 2212//2212 2213//2213
f 2211//2211 2205//2205 2214//2214
f 2213//2213 2211//2211 2215//2215
f 2212//2212 2217//2217 2216//2216
f 2217//2217 2221//2221 2218//2218
f 2219//2219 2220//2220 2217//2217
f 2220//2220 2490//2490 2221//2221
f 2204//2204 2203//2203 2222//2222
f 2222//2222 2224//2224 2208//2208
f 2222//2222 2216//2216 2223//2223
f 2223//2223 2254//2254 2224//2224
f 2233//2233 2225//2225 2227//2227
f 2236//2236 2228//2228 2230//2230
f 2229//2229 2231//2231 2232//2232
f 2230//2230 2229//2229 2210//2210
f 2233//2233 2235//2235 2234//2234
f 2235//2235 2082//2082 2076//2076
f 2236//2236 2238//2238 2237//2237
f 2238//2238 2084//2084 2083//2083
f 2240//2240 2225//2225 2239//2239
f 2239//2239 2243//2243 2241//2241
f 2239//2239 2234//2234 2242//2242
f 2242//2242 2078//2078 2243//2243
f 2240//2240 2245//2245 2226//2226
f 2244//2244 2214//2214 2207//2207
f 2241//2241 2617//2617 2245//2245
f 2246//2246 2215//2215 2214//2214
f 2248//2248 2250//2250 2249//2249
f 2250//2250 2209//2209 2208//2208
f 2236//2236 2230//2230 2250//2250
f 2209//2209 2250//2250 2210//2210
f 2252//2252 2247//2247 2251//2251
f 2257//2257 2252//2252 2253//2253
f 2251//2251 2249//2249 2224//2224
f 2253//2253 2251//2251 2254//2254
f 2252//2252 2256//2256 2255//2255
f 2256//2256 2139//2139 2134//2134
f 2257//2257 2258//2258 2256//2256
f 2258//2258 2140//2140 2139//2139
f 2248//2248 2247//2247 2259//2259
f 2236//2236 2248//2248 2238//2238
f 2259//2259 2255//2255 2135//2135
f 2238//2238 2259//2259 2084//2084
f 2261//2261 2263//2263 2262//2262
f 2263//2263 2267//2267 2264//2264
f 2265//2265 2266//2266 2263//2263
f 2266//2266 2283//2283 2267//2267
f 2269//2269 2260//2260 2268//2268
f 2268//2268 2272//2272 2270//2270
f 2268//2268 2262//2262 2271//2271
f 2271//2271 2347//2347 2272//2272
f 2274//2274 2260//2260 2273//2273
f 1550//1550 2274//2274 1551//1551
f 2273//2273 2269//2269 2275//2275
f 1551//1551 2273//2273 1735//1735
f 2261//2261 2260//2260 2276//2276
f 2265//2265 2261//2261 2277//2277
f 1550//1550 1544//1544 2276//2276
f 2277//2277 2276//2276 1546//1546
f 2281//2281 2278//2278 2280//2280
f 2286//2286 2281//2281 2282//2282
f 2280//2280 2279//2279 2267//2267
f 2282//2282 2280//2280 2283//2283
f 2281//2281 2285//2285 2284//2284
f 2285//2285 2201//2201 2196//2196
f 2286//2286 2287//2287 2285//2285
f 2287//2287 2202//2202 2201//2201
f 2289//2289 2278//2278 2288//2288
f 2293//2293 2289//2289 2290//2290
f 2288//2288 2284//2284 2291//2291
f 2290//2290 2288//2288 2199//2199
f 2289//2289 2292//2292 2279//2279
f 2292//2292 2271//2271 2264//2264
f 2293//2293 2294//2294 2292//2292
f 2294//2294 2347//2347 2271//2271
f 2296//2296 2298//2298 2297//2297
f 2298//2298 2320//2320 2299//2299
f 2286//2286 2282//2282 2301//2301
f 2282//2282 2283//2283 2302//2302
f 2304//2304 2295//2295 2303//2303
f 2310//2310 2304//2304 2305//2305
f 2303//2303 2297//2297 2306//2306
f 2305//2305 2303//2303 2307//2307
f 2304//2304 2309//2309 2308//2308
f 2309//2309 2181//2181 2174//2174
f 2310//2310 2311//2311 2309//2309
f 2311//2311 2182//2182 2181//2181
f 2296//2296 2295//2295 2312//2312
f 2286//2286 2300//2300 2287//2287
f 2312//2312 2308//2308 2314//2314
f 2287//2287 2313//2313 2202//2202
f 2321//2321 2315//2315 2317//2317
f 2265//2265 2318//2318 2266//2266
f 2317//2317 2316//2316 2320//2320
f 2266//2266 2319//2319 2283//2283
f 2321//2321 2323//2323 2322//2322
f 2325//2325 1575//1575 1574//1574
f 2265//2265 2277//2277 2325//2325
f 2277//2277 1546//1546 1575//1575
f 2327//2327 2315//2315 2326//2326
f 2330//2330 2327//2327 2328//2328
f 2326//2326 2322//2322 1569//1569
f 2328//2328 2326//2326 1571//1571
f 2327//2327 2329//2329 2316//2316
f 2329//2329 2306//2306 2299//2299
f 2330//2330 2331//2331 2329//2329
f 2331//2331 2307//2307 2306//2306
f 2333//2333 2335//2335 2334//2334
f 2335//2335 2339//2339 2336//2336
f 2337//2337 2338//2338 2335//2335
f 2338//2338 2353//2353 2339//2339
f 2341//2341 2332//2332 2340//2340
f 1737//1737 2341//2341 1738//1738
f 2340//2340 2334//2334 2342//2342
f 1738//1738 2340//2340 1717//1717
f 2341//2341 2344//2344 2343//2343
f 2344//2344 2275//2275 2270//2270
f 1737//1737 1734//1734 2344//2344
f 1734//1734 1735//1735 2275//2275
f 2333//2333 2332//2332 2345//2345
f 2337//2337 2333//2333 2346//2346
f 2345//2345 2343//2343 2272//2272
f 2346//2346 2345//2345 2347//2347
f 2351//2351 2348//2348 2350//2350
f 2357//2357 2351//2351 2352//2352
f 2350//2350 2349//2349 2339//2339
f 2352//2352 2350//2350 2353//2353
f 2351//2351 2355//2355 2354//2354
f 2355//2355 2359//2359 2356//2356
f 2357//2357 2358//2358 2355//2355
f 2358//2358 2379//2379 2359//2359
f 2361//2361 2348//2348 2360//2360
f 1720//1720 2361//2361 1721//1721
f 2360//2360 2354//2354 2362//2362
f 1721//1721 2360//2360 1687//1687
f 2361//2361 2363//2363 2349//2349
f 2363//2363 2342//2342 2336//2336
f 1720//1720 1715//1715 2363//2363
f 1715//1715 1717//1717 2342//2342
f 2365//2365 2367//2367 2366//2366
f 2367//2367 2369//2369 2368//2368
f 2357//2357 2352//2352 2367//2367
f 2352//2352 2353//2353 2369//2369
f 2371//2371 2364//2364 2370//2370
f 2160//2160 2371//2371 2161//2161
f 2370//2370 2366//2366 2372//2372
f 2161//2161 2370//2370 2193//2193
f 2371//2371 2374//2374 2373//2373
f 2374//2374 2376//2376 2375//2375
f 2160//2160 2157//2157 2374//2374
f 2157//2157 2158//2158 2376//2376
f 2365//2365 2364//2364 2377//2377
f 2357//2357 2365//2365 2358//2358
f 2377//2377 2373//2373 2378//2378
f 2358//2358 2377//2377 2379//2379
f 2383//2383 2380//2380 2382//2382
f 2337//2337 2383//2383 2338//2338
f 2382//2382 2381//2381 2369//2369
f 2338//2338 2382//2382 2353//2353
f 2383//2383 2385//2385 2384//2384
f 2385//2385 2294//2294 2293//2293
f 2337//2337 2346//2346 2385//2385
f 2346//2346 2347//2347 2294//2294
f 2387//2387 2380//2380 2386//2386
f 2197//2197 2387//2387 2198//2198
f 2386//2386 2384//2384 2290//2290
f 2290//2290 2199//2199 2198//2198
f 2387//2387 2388//2388 2381//2381
f 2388//2388 2372//2372 2368//2368
f 2197//2197 2192//2192 2388//2388
f 2192//2192 2193//2193 2372//2372
f 2390//2390 2392//2392 2391//2391
f 2392//2392 2396//2396 2393//2393
f 2394//2394 2395//2395 2392//2392
f 2395//2395 2409//2409 2396//2396
f 2398//2398 2389//2389 2397//2397
f 1689//1689 2398//2398 1690//1690
f 2397//2397 2391//2391 2399//2399
f 1690//1690 2397//2397 1666//1666
f 2398//2398 2401//2401 2400//2400
f 2401//2401 2362//2362 2356//2356
f 1689//1689 1685//1685 2401//2401
f 1685//1685 1687//1687 2362//2362
f 2390//2390 2389//2389 2402//2402
f 2394//2394 2390//2390 2403//2403
f 2402//2402 2400//2400 2359//2359
f 2403//2403 2402//2402 2379//2379
f 2407//2407 2404//2404 2406//2406
f 2413//2413 2407//2407 2408//2408
f 2406//2406 2405//2405 2396//2396
f 2408//2408 2406//2406 2409//2409
f 2411//2411 2404//2404 2410//2410
f 2418//2418 2411//2411 2412//2412
f 2413//2413 2414//2414 2410//2410
f 2412//2412 2410//2410 2415//2415
f 2411//2411 2417//2417 2416//2416
f 2417//2417 1670//1670 1664//1664
f 2418//2418 2419//2419 2417//2417
f 2419//2419 1671//1671 1670//1670
f 2405//2405 2404//2404 2420//2420
f 2420//2420 2399//2399 2393//2393
f 2420//2420 2416//2416 2421//2421
f 2421//2421 1666//1666 2399//2399
f 2423//2423 2425//2425 2424//2424
f 2425//2425 2427//2427 2426//2426
f 2413//2413 2408//2408 2425//2425
f 2408//2408 2409//2409 2427//2427
f 2429//2429 2422//2422 2428//2428
f 2142//2142 2429//2429 2143//2143
f 2428//2428 2424//2424 2430//2430
f 2143//2143 2428//2428 2118//2118
f 2429//2429 2432//2432 2431//2431
f 2432//2432 2434//2434 2433//2433
f 2142//2142 2138//2138 2432//2432
f 2138//2138 2140//2140 2434//2434
f 2423//2423 2422//2422 2435//2435
f 2413//2413 2423//2423 2414//2414
f 2435//2435 2431//2431 2436//2436
f 2414//2414 2435//2435 2415//2415
f 2440//2440 2437//2437 2439//2439
f 2394//2394 2440//2440 2395//2395
f 2439//2439 2438//2438 2427//2427
f 2395//2395 2439//2439 2409//2409
f 2440//2440 2442//2442 2441//2441
f 2442//2442 2378//2378 2375//2375
f 2394//2394 2403//2403 2442//2442
f 2403//2403 2379//2379 2378//2378
f 2444//2444 2437//2437 2443//2443
f 2122//2122 2444//2444 2123//2123
f 2443//2443 2441//2441 2376//2376
f 2123//2123 2443//2443 2158//2158
f 2444//2444 2445//2445 2438//2438
f 2445//2445 2430//2430 2426//2426
f 2122//2122 2116//2116 2445//2445
f 2116//2116 2118//2118 2430//2430
f 2449//2449 2446//2446 2448//2448
f 2456//2456 2449//2449 2450//2450
f 2448//2448 2447//2447 2452//2452
f 2450//2450 2448//2448 2453//2453
f 2449//2449 2455//2455 2454//2454
f 2455//2455 2056//2056 2053//2053
f 2456//2456 2457//2457 2455//2455
f 2457//2457 2057//2057 2056//2056
f 2459//2459 2446//2446 2458//2458
f 2418//2418 2459//2459 2419//2419
f 2458//2458 2454//2454 2054//2054
f 2419//2419 2458//2458 1671//1671
f 2459//2459 2460//2460 2447//2447
f 2460//2460 2461//2461 2451//2451
f 2418//2418 2412//2412 2460//2460
f 2412//2412 2415//2415 2461//2461
f 2463//2463 2465//2465 2464//2464
f 2465//2465 2467//2467 2466//2466
f 2456//2456 2450//2450 2465//2465
f 2450//2450 2453//2453 2467//2467
f 2469//2469 2462//2462 2468//2468
f 2475//2475 2469//2469 2470//2470
f 2468//2468 2464//2464 2471//2471
f 2470//2470 2468//2468 2472//2472
f 2469//2469 2474//2474 2473//2473
f 2474//2474 2042//2042 2036//2036
f 2475//2475 2476//2476 2474//2474
f 2476//2476 2043//2043 2042//2042
f 2463//2463 2462//2462 2477//2477
f 2456//2456 2463//2463 2457//2457
f 2477//2477 2473//2473 2039//2039
f 2457//2457 2477//2477 2057//2057
f 2481//2481 2478//2478 2480//2480
f 2485//2485 2481//2481 2482//2482
f 2480//2480 2479//2479 2467//2467
f 2482//2482 2480//2480 2453//2453
f 2481//2481 2484//2484 2483//2483
f 2484//2484 2223//2223 2218//2218
f 2485//2485 2486//2486 2484//2484
f 2486//2486 2254//2254 2223//2223
f 2488//2488 2478//2478 2487//2487
f 2487//2487 2556//2556 2489//2489
f 2487//2487 2483//2483 2221//2221
f 2556//2556 2487//2487 2490//2490
f 2488//2488 2491//2491 2479//2479
f 2491//2491 2471//2471 2466//2466
f 2489//2489 2492//2492 2491//2491
f 2492//2492 2472//2472 2471//2471
f 2494//2494 2496//2496 2495//2495
f 2496//2496 2452//2452 2451//2451
f 2485//2485 2482//2482 2496//2496
f 2482//2482 2453//2453 2452//2452
f 2495//2495 2498//2498 2497//2497
f 2498//2498 2436//2436 2433//2433
f 2498//2498 2495//2495 2461//2461
f 2461//2461 2415//2415 2436//2436
f 2500//2500 2493//2493 2499//2499
f 2257//2257 2500//2500 2258//2258
f 2499//2499 2497//2497 2434//2434
f 2258//2258 2499//2499 2140//2140
f 2500//2500 2501//2501 2494//2494
f 2485//2485 2494//2494 2486//2486
f 2257//2257 2253//2253 2501//2501
f 2253//2253 2254//2254 2486//2486
f 2503//2503 2505//2505 2504//2504
f 2505//2505 2531//2531 2506//2506
f 2508//2508 2510//2510 2509//2509
f 2510//2510 2532//2532 2511//2511
f 2513//2513 2502//2502 2512//2512
f 2519//2519 2513//2513 2514//2514
f 2512//2512 2504//2504 2515//2515
f 2514//2514 2512//2512 2516//2516
f 2513//2513 2518//2518 2517//2517
f 2518//2518 1966//1966 1959//1959
f 2519//2519 2520//2520 2518//2518
f 2520//2520 1967//1967 1966//1966
f 2503//2503 2502//2502 2521//2521
f 2508//2508 2507//2507 2523//2523
f 2521//2521 2517//2517 2524//2524
f 2523//2523 2522//2522 1988//1988
f 2533//2533 2525//2525 2527//2527
f 2536//2536 2528//2528 2530//2530
f 2527//2527 2526//2526 2531//2531
f 2530//2530 2529//2529 2532//2532
f 2533//2533 2535//2535 2534//2534
f 2535//2535 2617//2617 2241//2241
f 2536//2536 2538//2538 2537//2537
f 2246//2246 2537//2537 2215//2215
f 2540//2540 2525//2525 2539//2539
f 2543//2543 2540//2540 2541//2541
f 2539//2539 2534//2534 2243//2243
f 2541//2541 2539//2539 2078//2078
f 2540//2540 2542//2542 2526//2526
f 2542//2542 2515//2515 2506//2506
f 2543//2543 2544//2544 2542//2542
f 2544//2544 2516//2516 2515//2515
f 2548//2548 2545//2545 2547//2547
f 2547//2547 2550//2550 2549//2549
f 2547//2547 2546//2546 2530//2530
f 2530//2530 2532//2532 2550//2550
f 2548//2548 2552//2552 2551//2551
f 2552//2552 2492//2492 2489//2489
f 2549//2549 2553//2553 2552//2552
f 2492//2492 2552//2552 2472//2472
f 2555//2555 2545//2545 2554//2554
f 2219//2219 2555//2555 2220//2220
f 2554//2554 2551//2551 2556//2556
f 2220//2220 2554//2554 2490//2490
f 2555//2555 2557//2557 2546//2546
f 2557//2557 2538//2538 2536//2536
f 2219//2219 2213//2213 2557//2557
f 2213//2213 2215//2215 2538//2538
f 2561//2561 2558//2558 2560//2560
f 2508//2508 2561//2561 2510//2510
f 2560//2560 2559//2559 2550//2550
f 2510//2510 2560//2560 2532//2532
f 2561//2561 2563//2563 2562//2562
f 2563//2563 1987//1987 1982//1982
f 2508//2508 2523//2523 2563//2563
f 2523//2523 1988//1988 1987//1987
f 2565//2565 2558//2558 2564//2564
f 2475//2475 2565//2565 2476//2476
f 2564//2564 2562//2562 1985//1985
f 2476//2476 2564//2564 2043//2043
f 2565//2565 2566//2566 2559//2559
f 2566//2566 2553//2553 2549//2549
f 2475//2475 2470//2470 2566//2566
f 2470//2470 2472//2472 2553//2553
f 2568//2568 2570//2570 2569//2569
f 2570//2570 2574//2574 2571//2571
f 2572//2572 2573//2573 2570//2570
f 2573//2573 2587//2587 2574//2574
f 2576//2576 2567//2567 2575//2575
f 2330//2330 2576//2576 2331//2331
f 2575//2575 2569//2569 2577//2577
f 2331//2331 2575//2575 2307//2307
f 2576//2576 2579//2579 2578//2578
f 2579//2579 1910//1910 1904//1904
f 2330//2330 2328//2328 2579//2579
f 2328//2328 1571//1571 1910//1910
f 2568//2568 2567//2567 2580//2580
f 2572//2572 2568//2568 2581//2581
f 2580//2580 2578//2578 1907//1907
f 2581//2581 2580//2580 1928//1928
f 2585//2585 2582//2582 2584//2584
f 2590//2590 2585//2585 2586//2586
f 2584//2584 2583//2583 2574//2574
f 2586//2586 2584//2584 2587//2587
f 2585//2585 2589//2589 2588//2588
f 2589//2589 2106//2106 2101//2101
f 2590//2590 2591//2591 2589//2589
f 2591//2591 2107//2107 2106//2106
f 2593//2593 2582//2582 2592//2592
f 2310//2310 2593//2593 2311//2311
f 2592//2592 2588//2588 2104//2104
f 2311//2311 2592//2592 2182//2182
f 2593//2593 2594//2594 2583//2583
f 2594//2594 2577//2577 2571//2571
f 2310//2310 2305//2305 2594//2594
f 2305//2305 2307//2307 2577//2577
f 2596//2596 2598//2598 2597//2597
f 2598//2598 2600//2600 2599//2599
f 2590//2590 2586//2586 2598//2598
f 2586//2586 2587//2587 2600//2600
f 2602//2602 2595//2595 2601//2601
f 2543//2543 2602//2602 2544//2544
f 2601//2601 2597//2597 2603//2603
f 2544//2544 2601//2601 2516//2516
f 2602//2602 2605//2605 2604//2604
f 2605//2605 2077//2077 2070//2070
f 2543//2543 2541//2541 2605//2605
f 2541//2541 2078//2078 2077//2077
f 2596//2596 2595//2595 2606//2606
f 2590//2590 2596//2596 2591//2591
f 2606//2606 2604//2604 2073//2073
f 2591//2591 2606//2606 2107//2107
f 2610//2610 2607//2607 2609//2609
f 2572//2572 2610//2610 2573//2573
f 2609//2609 2608//2608 2600//2600
f 2573//2573 2609//2609 2587//2587
f 2610//2610 2612//2612 2611//2611
f 2612//2612 1927//1927 1922//1922
f 2572//2572 2581//2581 2612//2612
f 2581//2581 1928//1928 1927//1927
f 2614//2614 2607//2607 2613//2613
f 2519//2519 2614//2614 2520//2520
f 2613//2613 2611//2611 1925//1925
f 2520//2520 2613//2613 1967//1967
f 2614//2614 2615//2615 2608//2608
f 2615//2615 2603//2603 2599//2599
f 2519//2519 2514//2514 2615//2615
f 2514//2514 2516//2516 2603//2603
